ts,bucket_id,O,C,M,P,L1_high,L1_low,L2,L3,L4_OC,L4_OM,L4_OP,L4_CM,L4_CP,L4_MP
1782644682.706,9686,71.7,71.72,71.7,71.7,high_C,TIE,TIE,TIE,F,TIE,TIE,T,T,TIE
1782644707.909,9687,71.72,71.61,71.7,71.72,TIE,low_C,TIE,TIE,T,T,TIE,F,F,F
1782644747.652,9688,71.61,71.59,71.59,71.59,high_O,TIE,TIE,TIE,T,T,T,TIE,TIE,TIE
1782644778.327,9689,71.59,71.57,71.59,71.59,TIE,low_C,TIE,TIE,T,TIE,TIE,F,F,TIE
1782644851.325,9691,71.63,71.63,71.62,71.62,TIE,TIE,TIE,TIE,TIE,T,T,T,T,TIE
1782644885.318,9692,71.63,71.6,71.62,71.61,high_O,low_C,O>C,O>M>P>C,T,T,T,F,F,T
1782644907.741,9693,71.6,71.5,71.55,71.57,high_O,low_C,O>C,O>P>M>C,T,T,T,F,F,F
1782644959.042,9694,71.5,71.53,71.5,71.5,high_C,TIE,TIE,TIE,F,TIE,TIE,T,T,TIE
1782644985.908,9695,71.53,71.44,71.47,71.48,high_O,low_C,O>C,O>P>M>C,T,T,T,F,F,F
1782645035.337,9696,71.44,71.47,71.45,71.45,high_C,low_O,C>O,TIE,F,F,F,T,T,TIE
1782645121.001,9697,71.47,71.48,71.47,71.47,high_C,TIE,TIE,TIE,F,TIE,TIE,T,T,TIE
1782645222.405,9698,71.48,71.47,71.48,71.48,TIE,low_C,TIE,TIE,T,TIE,TIE,F,F,TIE
1782645387.69,9699,71.47,71.51,71.49,71.49,high_C,low_O,C>O,TIE,F,F,F,T,T,TIE
1782645427.764,9700,71.51,71.39,71.5,71.51,TIE,low_C,TIE,TIE,T,T,TIE,F,F,F
1782645444.673,9701,71.39,71.43,71.39,71.39,high_C,TIE,TIE,TIE,F,TIE,TIE,T,T,TIE
1782645466.191,9702,71.43,71.41,71.41,71.4,high_O,low_P,O>P,TIE,T,T,T,TIE,T,T
1782645523.304,9703,71.41,71.42,71.43,71.43,TIE,low_O,TIE,TIE,F,F,F,F,F,TIE
1782645602.094,9704,71.42,71.55,71.44,71.41,high_C,low_P,C>P,C>M>O>P,F,F,T,T,T,T
1782645626.256,9705,71.55,71.58,71.59,71.6,high_P,low_O,P>O,P>M>C>O,F,F,F,F,F,F
1782645661.474,9706,71.58,71.63,71.56,71.56,high_C,TIE,TIE,TIE,F,T,T,T,T,TIE
1782645690.462,9707,71.63,71.67,71.66,71.67,TIE,low_O,TIE,TIE,F,F,F,T,TIE,F
1782645723.518,9708,71.67,71.72,71.67,71.66,high_C,low_P,C>P,TIE,F,TIE,T,T,T,T
1782645756.574,9709,71.72,71.73,71.73,71.73,TIE,low_O,TIE,TIE,F,F,F,TIE,TIE,TIE
1782645760.668,9710,71.73,71.74,71.73,71.73,high_C,TIE,TIE,TIE,F,TIE,TIE,T,T,TIE
1782645767.628,9711,71.74,71.8,71.77,71.77,high_C,low_O,C>O,TIE,F,F,F,T,T,TIE
1782645768.224,9712,71.8,71.88,71.85,71.88,TIE,low_O,TIE,TIE,F,F,F,T,TIE,F
1782645768.996,9713,71.88,71.86,71.91,71.91,TIE,low_C,TIE,TIE,T,F,F,F,F,TIE
1782645780.836,9714,71.86,71.82,71.83,71.82,high_O,TIE,TIE,TIE,T,T,T,F,TIE,T
1782645792.438,9715,71.82,71.81,71.81,71.81,high_O,TIE,TIE,TIE,T,T,T,TIE,TIE,TIE
1782645802.52,9716,71.81,71.8,71.81,71.8,TIE,TIE,TIE,TIE,T,TIE,T,F,TIE,T
1782645842.44,9717,71.8,71.84,71.82,71.83,high_C,low_O,C>O,C>P>M>O,F,F,F,T,T,F
1782645853.528,9718,71.84,71.82,71.82,71.82,high_O,TIE,TIE,TIE,T,T,T,TIE,TIE,TIE
1782645903.306,9719,71.82,71.8,71.8,71.8,high_O,TIE,TIE,TIE,T,T,T,TIE,TIE,TIE
1782645964.454,9720,71.8,71.79,71.79,71.79,high_O,TIE,TIE,TIE,T,T,T,TIE,TIE,TIE
1782646006.755,9721,71.79,71.88,71.84,71.87,high_C,low_O,C>O,C>P>M>O,F,F,F,T,T,F
1782646035.931,9722,71.88,71.85,71.86,71.86,high_O,low_C,O>C,TIE,T,T,T,F,F,TIE
1782646148.001,9724,71.86,71.86,71.86,71.86,TIE,TIE,TIE,TIE,TIE,TIE,TIE,TIE,TIE,TIE
1782646226.63,9725,71.86,71.82,71.84,71.84,high_O,low_C,O>C,TIE,T,T,T,F,F,TIE
1782646306.249,9726,71.82,71.84,71.82,71.82,high_C,TIE,TIE,TIE,F,TIE,TIE,T,T,TIE
1782646401.693,9727,71.84,71.78,71.83,71.84,TIE,low_C,TIE,TIE,T,T,TIE,F,F,F
1782646438.598,9728,71.78,71.76,71.74,71.73,high_O,low_P,O>P,O>C>M>P,T,T,T,T,T,T
1782646543.321,9729,71.76,71.72,71.72,71.72,high_O,TIE,TIE,TIE,T,T,T,TIE,TIE,TIE
1782646627.587,9730,71.72,71.63,71.69,71.66,high_O,low_C,O>C,O>M>P>C,T,T,T,F,F,T
1782646645.158,9731,71.63,71.59,71.59,71.59,high_O,TIE,TIE,TIE,T,T,T,TIE,TIE,TIE
1782646699.902,9732,71.59,71.69,71.69,71.7,high_P,low_O,P>O,TIE,F,F,F,TIE,F,F
1782646778.096,9733,71.69,71.75,71.68,71.68,high_C,TIE,TIE,TIE,F,T,T,T,T,TIE
1782646847.185,9734,71.75,71.83,71.81,71.82,high_C,low_O,C>O,C>P>M>O,F,F,F,T,T,F
1782646907.289,9735,71.83,71.82,71.81,71.81,high_O,TIE,TIE,TIE,T,T,T,T,T,TIE
1782646944.438,9736,71.82,71.84,71.82,71.82,high_C,TIE,TIE,TIE,F,TIE,TIE,T,T,TIE
1782647087.982,9739,71.89,71.89,71.88,71.88,TIE,TIE,TIE,TIE,TIE,T,T,T,T,TIE
1782647106.65,9740,71.89,71.92,71.9,71.9,high_C,low_O,C>O,TIE,F,F,F,T,T,TIE
1782647128.437,9741,71.92,71.94,71.91,71.9,high_C,low_P,C>P,C>O>M>P,F,T,T,T,T,T
1782647151.792,9742,71.94,71.91,71.91,71.91,high_O,TIE,TIE,TIE,T,T,T,TIE,TIE,TIE
1782647187.817,9743,71.91,71.81,71.84,71.82,high_O,low_C,O>C,O>M>P>C,T,T,T,F,F,T
1782647248.754,9744,71.81,71.79,71.81,71.81,TIE,low_C,TIE,TIE,T,TIE,TIE,F,F,TIE
1782647321.514,9745,71.79,71.8,71.83,71.84,high_P,low_O,P>O,P>M>C>O,F,F,F,F,F,F
1782647402.69,9746,71.8,71.83,71.83,71.83,TIE,low_O,TIE,TIE,F,F,F,TIE,TIE,TIE
1782647472.691,9747,71.83,71.82,71.8,71.8,high_O,TIE,TIE,TIE,T,T,T,T,T,TIE
1782647609.206,9748,71.82,71.89,71.83,71.83,high_C,low_O,C>O,TIE,F,F,F,T,T,TIE
1782647618.709,9749,71.89,71.91,71.91,71.91,TIE,low_O,TIE,TIE,F,F,F,TIE,TIE,TIE
1782647655.146,9750,71.91,71.96,71.95,71.96,TIE,low_O,TIE,TIE,F,F,F,T,TIE,F
1782647667.149,9751,71.96,71.99,71.97,71.98,high_C,low_O,C>O,C>P>M>O,F,F,F,T,T,F
1782647667.967,9752,71.99,71.98,71.99,71.99,TIE,low_C,TIE,TIE,T,TIE,TIE,F,F,TIE
1782647668.126,9753,71.98,71.93,71.96,71.97,high_O,low_C,O>C,O>P>M>C,T,T,T,F,F,F
1782647700.631,9754,71.93,71.94,71.94,71.94,TIE,low_O,TIE,TIE,F,F,F,TIE,TIE,TIE
1782647722.428,9755,71.94,71.91,71.93,71.92,high_O,low_C,O>C,O>M>P>C,T,T,T,F,F,T
1782647782.066,9756,71.91,71.98,71.95,71.98,TIE,low_O,TIE,TIE,F,F,F,T,TIE,F
1782647821.217,9757,71.98,71.9,71.93,71.93,high_O,low_C,O>C,TIE,T,T,T,F,F,TIE
1782647934.735,9759,71.88,71.88,71.88,71.87,TIE,low_P,TIE,TIE,TIE,TIE,T,TIE,T,T
1782648038.772,9760,71.88,71.85,71.86,71.87,high_O,low_C,O>C,O>P>M>C,T,T,T,F,F,F
1782648112.55,9761,71.85,71.86,71.86,71.86,TIE,low_O,TIE,TIE,F,F,F,TIE,TIE,TIE
1782648167.511,9762,71.86,71.84,71.85,71.85,high_O,low_C,O>C,TIE,T,T,T,F,F,TIE
1782648186.214,9763,71.84,71.79,71.8,71.8,high_O,low_C,O>C,TIE,T,T,T,F,F,TIE
1782648201.972,9764,71.79,71.76,71.77,71.76,high_O,TIE,TIE,TIE,T,T,T,F,TIE,T
1782648260.512,9765,71.76,71.82,71.78,71.78,high_C,low_O,C>O,TIE,F,F,F,T,T,TIE
1782648372.681,9766,71.82,71.87,71.82,71.81,high_C,low_P,C>P,TIE,F,TIE,T,T,T,T
1782648372.715,9767,71.87,71.91,71.91,71.91,TIE,low_O,TIE,TIE,F,F,F,TIE,TIE,TIE
1782648429.113,9768,71.91,71.9,71.91,71.91,TIE,low_C,TIE,TIE,T,TIE,TIE,F,F,TIE
1782648448.1,9769,71.9,71.93,71.88,71.87,high_C,low_P,C>P,C>O>M>P,F,T,T,T,T,T
1782648506.219,9770,71.93,71.9,71.93,71.93,TIE,low_C,TIE,TIE,T,TIE,TIE,F,F,TIE
1782648589.477,9771,71.9,71.81,71.82,71.82,high_O,low_C,O>C,TIE,T,T,T,F,F,TIE
1782648648.98,9772,71.81,71.82,71.8,71.8,high_C,TIE,TIE,TIE,F,T,T,T,T,TIE
1782648721.657,9773,71.82,71.81,71.84,71.85,high_P,low_C,P>C,P>M>O>C,T,F,F,F,F,F
1782648773.208,9774,71.81,71.73,71.76,71.73,high_O,TIE,TIE,TIE,T,T,T,F,TIE,T
1782648806.976,9775,71.73,71.78,71.77,71.77,high_C,low_O,C>O,TIE,F,F,F,T,T,TIE
1782648913.83,9776,71.78,71.77,71.82,71.81,high_M,low_C,M>C,M>P>O>C,T,F,F,F,F,T
1782648941.048,9777,71.77,71.86,71.83,71.77,high_C,TIE,TIE,TIE,F,F,TIE,T,T,T
1782649014.992,9778,71.86,71.72,71.79,71.85,high_O,low_C,O>C,O>P>M>C,T,T,T,F,F,F
1782649021.091,9779,71.72,71.7,71.73,71.72,high_M,low_C,M>C,TIE,T,F,TIE,F,F,T
1782649054.885,9781,71.65,71.65,71.66,71.66,TIE,TIE,TIE,TIE,TIE,F,F,F,F,TIE
1782649080.858,9782,71.65,71.62,71.62,71.61,high_O,low_P,O>P,TIE,T,T,T,TIE,T,T
1782649160.326,9783,71.62,71.69,71.66,71.7,high_P,low_O,P>O,P>C>M>O,F,F,F,T,F,F
1782649199.039,9784,71.69,71.6,71.65,71.62,high_O,low_C,O>C,O>M>P>C,T,T,T,F,F,T
1782649236.114,9785,71.6,71.64,71.63,71.65,high_P,low_O,P>O,P>C>M>O,F,F,F,T,F,F
1782649293.64,9786,71.64,71.69,71.65,71.65,high_C,low_O,C>O,TIE,F,F,F,T,T,TIE
1782649528.07,9788,71.68,71.68,71.69,71.7,high_P,TIE,TIE,TIE,TIE,F,F,F,F,F
1782649705.171,9789,71.68,71.75,71.69,71.68,high_C,TIE,TIE,TIE,F,F,TIE,T,T,T
1782649733.174,9790,71.75,71.89,71.82,71.83,high_C,low_O,C>O,C>P>M>O,F,F,F,T,T,F
1782649743.191,9791,71.89,71.93,71.88,71.88,high_C,TIE,TIE,TIE,F,T,T,T,T,TIE
1782649744.812,9792,71.93,71.95,71.94,71.94,high_C,low_O,C>O,TIE,F,F,F,T,T,TIE
1782649752.44,9793,71.95,72.0,71.97,72.0,TIE,low_O,TIE,TIE,F,F,F,T,TIE,F
1782649755.269,9794,72.0,72.04,72.04,72.05,high_P,low_O,P>O,TIE,F,F,F,TIE,F,F
1782649763.956,9795,72.04,72.01,72.03,72.03,high_O,low_C,O>C,TIE,T,T,T,F,F,TIE
1782649777.09,9796,72.01,72.05,72.03,72.02,high_C,low_O,C>O,C>M>P>O,F,F,F,T,T,T
1782649788.17,9797,72.05,72.06,72.07,72.08,high_P,low_O,P>O,P>M>C>O,F,F,F,F,F,F
1782649801.587,9798,72.06,72.03,72.07,72.07,TIE,low_C,TIE,TIE,T,F,F,F,F,TIE
1782649813.473,9799,72.03,72.07,72.06,72.07,TIE,low_O,TIE,TIE,F,F,F,T,TIE,F
1782649830.311,9802,72.13,72.13,72.14,72.15,high_P,TIE,TIE,TIE,TIE,F,F,F,F,F
1782649834.669,9803,72.13,72.17,72.17,72.18,high_P,low_O,P>O,TIE,F,F,F,TIE,F,F
1782649836.553,9804,72.17,72.25,72.17,72.17,high_C,TIE,TIE,TIE,F,TIE,TIE,T,T,TIE
1782649836.725,9805,72.25,72.27,72.3,72.3,TIE,low_O,TIE,TIE,F,F,F,F,F,TIE
1782649837.074,9806,72.27,72.31,72.27,72.26,high_C,low_P,C>P,TIE,F,TIE,T,T,T,T
1782649837.588,9807,72.31,72.3,72.33,72.32,high_M,low_C,M>C,M>P>O>C,T,F,F,F,F,T
1782649838.06,9808,72.3,72.27,72.28,72.28,high_O,low_C,O>C,TIE,T,T,T,F,F,TIE
1782649838.699,9809,72.27,72.25,72.28,72.27,high_M,low_C,M>C,TIE,T,F,TIE,F,F,T
1782649843.934,9810,72.25,72.22,72.25,72.24,TIE,low_C,TIE,TIE,T,TIE,T,F,F,T
1782649854.907,9811,72.22,72.18,72.21,72.21,high_O,low_C,O>C,TIE,T,T,T,F,F,TIE
1782649865.074,9812,72.18,72.19,72.2,72.21,high_P,low_O,P>O,P>M>C>O,F,F,F,F,F,F
1782649879.247,9813,72.19,72.16,72.15,72.15,high_O,TIE,TIE,TIE,T,T,T,T,T,TIE
1782649904.582,9814,72.16,72.05,72.11,72.06,high_O,low_C,O>C,O>M>P>C,T,T,T,F,F,T
1782649918.495,9815,72.05,72.1,72.09,72.08,high_C,low_O,C>O,C>M>P>O,F,F,F,T,T,T
1782649948.616,9816,72.1,72.02,72.02,72.02,high_O,TIE,TIE,TIE,T,T,T,TIE,TIE,TIE
1782649966.775,9817,72.02,72.05,72.04,72.06,high_P,low_O,P>O,P>C>M>O,F,F,F,T,F,F
1782649986.432,9818,72.05,72.0,72.01,72.0,high_O,TIE,TIE,TIE,T,T,T,F,TIE,T
1782650011.44,9819,72.0,71.97,72.0,72.0,TIE,low_C,TIE,TIE,T,TIE,TIE,F,F,TIE
1782650074.834,9820,71.97,72.03,72.03,72.03,TIE,low_O,TIE,TIE,F,F,F,TIE,TIE,TIE
1782650107.532,9821,72.03,71.89,71.96,72.0,high_O,low_C,O>C,O>P>M>C,T,T,T,F,F,F
1782650118.909,9822,71.89,71.87,71.87,71.87,high_O,TIE,TIE,TIE,T,T,T,TIE,TIE,TIE
1782650157.876,9823,71.87,71.96,71.95,71.98,high_P,low_O,P>O,P>C>M>O,F,F,F,T,F,F
1782650196.904,9824,71.96,71.91,71.91,71.91,high_O,TIE,TIE,TIE,T,T,T,TIE,TIE,TIE
1782650253.522,9825,71.91,71.87,71.86,71.86,high_O,TIE,TIE,TIE,T,T,T,T,T,TIE
1782650292.581,9826,71.87,71.81,71.84,71.84,high_O,low_C,O>C,TIE,T,T,T,F,F,TIE
1782650391.347,9828,71.8,71.8,71.8,71.8,TIE,TIE,TIE,TIE,TIE,TIE,TIE,TIE,TIE,TIE
1782650477.476,9829,71.8,71.84,71.84,71.82,TIE,low_O,TIE,TIE,F,F,F,TIE,T,T
1782650513.506,9830,71.84,71.77,71.84,71.84,TIE,low_C,TIE,TIE,T,TIE,TIE,F,F,TIE
1782650528.093,9831,71.77,71.71,71.73,71.73,high_O,low_C,O>C,TIE,T,T,T,F,F,TIE
1782650572.411,9832,71.71,71.74,71.75,71.75,TIE,low_O,TIE,TIE,F,F,F,F,F,TIE
1782650706.927,9833,71.74,71.78,71.77,71.77,high_C,low_O,C>O,TIE,F,F,F,T,T,TIE
1782650741.73,9834,71.78,71.81,71.8,71.8,high_C,low_O,C>O,TIE,F,F,F,T,T,TIE
1782650772.575,9835,71.81,71.8,71.81,71.82,high_P,low_C,P>C,TIE,T,TIE,F,F,F,F
1782650829.356,9836,71.8,71.82,71.78,71.77,high_C,low_P,C>P,C>O>M>P,F,T,T,T,T,T
1782650867.062,9837,71.82,71.78,71.82,71.82,TIE,low_C,TIE,TIE,T,TIE,TIE,F,F,TIE
1782650895.989,9839,71.8,71.8,71.8,71.8,TIE,TIE,TIE,TIE,TIE,TIE,TIE,TIE,TIE,TIE
1782651000.898,9840,71.8,71.82,71.82,71.82,TIE,low_O,TIE,TIE,F,F,F,TIE,TIE,TIE
1782651163.677,9841,71.82,71.89,71.84,71.86,high_C,low_O,C>O,C>P>M>O,F,F,F,T,T,F
1782651234.539,9842,71.89,71.91,71.9,71.89,high_C,TIE,TIE,TIE,F,F,TIE,T,T,T
1782651383.145,9843,71.91,71.86,71.87,71.86,high_O,TIE,TIE,TIE,T,T,T,F,TIE,T
1782651435.386,9844,71.86,71.88,71.84,71.81,high_C,low_P,C>P,C>O>M>P,F,T,T,T,T,T
1782651585.59,9845,71.88,71.85,71.86,71.86,high_O,low_C,O>C,TIE,T,T,T,F,F,TIE
1782651660.658,9846,71.85,71.76,71.81,71.82,high_O,low_C,O>C,O>P>M>C,T,T,T,F,F,F
1782651683.652,9847,71.76,71.68,71.7,71.69,high_O,low_C,O>C,O>M>P>C,T,T,T,F,F,T
1782651687.351,9848,71.68,71.61,71.65,71.65,high_O,low_C,O>C,TIE,T,T,T,F,F,TIE
1782651694.512,9849,71.61,71.59,71.61,71.61,TIE,low_C,TIE,TIE,T,TIE,TIE,F,F,TIE
1782651702.041,9850,71.59,71.55,71.55,71.54,high_O,low_P,O>P,TIE,T,T,T,TIE,T,T
1782651723.007,9851,71.55,71.52,71.54,71.52,high_O,TIE,TIE,TIE,T,T,T,F,TIE,T
1782651727.668,9852,71.52,71.51,71.51,71.5,high_O,low_P,O>P,TIE,T,T,T,TIE,T,T
1782651742.011,9853,71.51,71.57,71.51,71.51,high_C,TIE,TIE,TIE,F,TIE,TIE,T,T,TIE
1782651751.208,9854,71.57,71.6,71.58,71.57,high_C,TIE,TIE,TIE,F,F,TIE,T,T,T
1782651770.639,9855,71.6,71.48,71.54,71.54,high_O,low_C,O>C,TIE,T,T,T,F,F,TIE
1782651777.195,9856,71.48,71.47,71.47,71.47,high_O,TIE,TIE,TIE,T,T,T,TIE,TIE,TIE
1782651777.864,9857,71.47,71.46,71.46,71.46,high_O,TIE,TIE,TIE,T,T,T,TIE,TIE,TIE
1782651779.546,9858,71.46,71.44,71.45,71.45,high_O,low_C,O>C,TIE,T,T,T,F,F,TIE
1782651783.75,9859,71.44,71.37,71.39,71.39,high_O,low_C,O>C,TIE,T,T,T,F,F,TIE
1782651785.661,9860,71.37,71.4,71.4,71.4,TIE,low_O,TIE,TIE,F,F,F,TIE,TIE,TIE
1782651785.703,9861,71.4,71.41,71.4,71.4,high_C,TIE,TIE,TIE,F,TIE,TIE,T,T,TIE
1782651789.047,9862,71.41,71.39,71.41,71.41,TIE,low_C,TIE,TIE,T,TIE,TIE,F,F,TIE
1782651796.992,9863,71.39,71.35,71.39,71.35,TIE,TIE,TIE,TIE,T,TIE,T,F,TIE,T
1782651806.912,9864,71.35,71.45,71.37,71.34,high_C,low_P,C>P,C>M>O>P,F,F,T,T,T,T
1782651824.047,9865,71.45,71.32,71.42,71.35,high_O,low_C,O>C,O>M>P>C,T,T,T,F,F,T
1782651848.879,9866,71.32,71.37,71.36,71.36,high_C,low_O,C>O,TIE,F,F,F,T,T,TIE
1782651860.801,9867,71.37,71.38,71.38,71.38,TIE,low_O,TIE,TIE,F,F,F,TIE,TIE,TIE
1782651879.278,9868,71.38,71.39,71.35,71.34,high_C,low_P,C>P,C>O>M>P,F,T,T,T,T,T
1782651900.68,9869,71.39,71.3,71.35,71.35,high_O,low_C,O>C,TIE,T,T,T,F,F,TIE
1782651914.192,9870,71.3,71.31,71.3,71.3,high_C,TIE,TIE,TIE,F,TIE,TIE,T,T,TIE
1782651971.01,9872,71.34,71.34,71.33,71.34,TIE,low_M,TIE,TIE,TIE,T,TIE,T,TIE,F
1782651984.861,9873,71.34,71.37,71.37,71.37,TIE,low_O,TIE,TIE,F,F,F,TIE,TIE,TIE
1782651987.646,9874,71.37,71.38,71.36,71.36,high_C,TIE,TIE,TIE,F,T,T,T,T,TIE
1782652003.644,9875,71.38,71.41,71.4,71.4,high_C,low_O,C>O,TIE,F,F,F,T,T,TIE
1782652025.081,9876,71.41,71.45,71.43,71.43,high_C,low_O,C>O,TIE,F,F,F,T,T,TIE
1782652060.223,9877,71.45,71.48,71.47,71.48,TIE,low_O,TIE,TIE,F,F,F,T,TIE,F
1782652078.978,9878,71.48,71.4,71.47,71.48,TIE,low_C,TIE,TIE,T,T,TIE,F,F,F
1782652102.079,9879,71.4,71.38,71.39,71.39,high_O,low_C,O>C,TIE,T,T,T,F,F,TIE
1782652120.994,9880,71.38,71.37,71.35,71.35,high_O,TIE,TIE,TIE,T,T,T,T,T,TIE
1782652166.001,9881,71.37,71.39,71.38,71.39,TIE,low_O,TIE,TIE,F,F,F,T,TIE,F
1782652236.698,9882,71.39,71.38,71.38,71.38,high_O,TIE,TIE,TIE,T,T,T,TIE,TIE,TIE
1782652286.167,9883,71.38,71.42,71.39,71.39,high_C,low_O,C>O,TIE,F,F,F,T,T,TIE
1782652359.093,9884,71.42,71.49,71.47,71.49,TIE,low_O,TIE,TIE,F,F,F,T,TIE,F
1782652414.503,9885,71.49,71.55,71.51,71.5,high_C,low_O,C>O,C>M>P>O,F,F,F,T,T,T
1782652448.938,9886,71.55,71.59,71.57,71.58,high_C,low_O,C>O,C>P>M>O,F,F,F,T,T,F
1782652469.307,9887,71.59,71.6,71.59,71.6,TIE,TIE,TIE,TIE,F,TIE,F,T,TIE,F
1782652510.237,9888,71.6,71.57,71.58,71.57,high_O,TIE,TIE,TIE,T,T,T,F,TIE,T
1782652529.22,9889,71.57,71.53,71.56,71.56,high_O,low_C,O>C,TIE,T,T,T,F,F,TIE
1782652561.913,9890,71.53,71.52,71.52,71.52,high_O,TIE,TIE,TIE,T,T,T,TIE,TIE,TIE
1782652688.26,9891,71.52,71.5,71.51,71.51,high_O,low_C,O>C,TIE,T,T,T,F,F,TIE
1782652754.761,9892,71.5,71.46,71.49,71.47,high_O,low_C,O>C,O>M>P>C,T,T,T,F,F,T
1782652827.125,9893,71.46,71.5,71.5,71.5,TIE,low_O,TIE,TIE,F,F,F,TIE,TIE,TIE
1782652861.874,9894,71.5,71.55,71.51,71.51,high_C,low_O,C>O,TIE,F,F,F,T,T,TIE
1782652957.584,9895,71.55,71.57,71.56,71.56,high_C,low_O,C>O,TIE,F,F,F,T,T,TIE
1782652995.4,9896,71.57,71.6,71.56,71.56,high_C,TIE,TIE,TIE,F,T,T,T,T,TIE
1782652996.554,9897,71.6,71.64,71.64,71.64,TIE,low_O,TIE,TIE,F,F,F,TIE,TIE,TIE
1782653032.071,9898,71.64,71.62,71.63,71.64,TIE,low_C,TIE,TIE,T,T,TIE,F,F,F
1782653101.862,9899,71.62,71.64,71.62,71.62,high_C,TIE,TIE,TIE,F,TIE,TIE,T,T,TIE
1782653133.849,9900,71.64,71.67,71.68,71.69,high_P,low_O,P>O,P>M>C>O,F,F,F,F,F,F
1782653156.337,9901,71.67,71.66,71.68,71.68,TIE,low_C,TIE,TIE,T,F,F,F,F,TIE
1782653156.341,9902,71.66,71.65,71.66,71.66,TIE,low_C,TIE,TIE,T,TIE,TIE,F,F,TIE
1782653187.315,9903,71.65,71.61,71.65,71.65,TIE,low_C,TIE,TIE,T,TIE,TIE,F,F,TIE
1782653314.897,9904,71.61,71.62,71.61,71.62,TIE,TIE,TIE,TIE,F,TIE,F,T,TIE,F
1782653422.235,9905,71.62,71.58,71.6,71.6,high_O,low_C,O>C,TIE,T,T,T,F,F,TIE
1782653457.282,9906,71.58,71.68,71.63,71.67,high_C,low_O,C>O,C>P>M>O,F,F,F,T,T,F
1782653481.458,9907,71.68,71.8,71.73,71.73,high_C,low_O,C>O,TIE,F,F,F,T,T,TIE
1782653483.245,9908,71.8,71.83,71.79,71.79,high_C,TIE,TIE,TIE,F,T,T,T,T,TIE
1782653484.328,9909,71.83,71.84,71.86,71.87,high_P,low_O,P>O,P>M>C>O,F,F,F,F,F,F
1782653497.647,9910,71.84,71.79,71.78,71.78,high_O,TIE,TIE,TIE,T,T,T,T,T,TIE
1782653557.549,9911,71.79,71.78,71.78,71.79,TIE,TIE,TIE,TIE,T,T,TIE,TIE,F,F
1782653606.019,9912,71.78,71.84,71.78,71.78,high_C,TIE,TIE,TIE,F,TIE,TIE,T,T,TIE
1782653702.682,9913,71.84,71.76,71.8,71.8,high_O,low_C,O>C,TIE,T,T,T,F,F,TIE
1782653735.554,9914,71.76,71.75,71.77,71.77,TIE,low_C,TIE,TIE,T,F,F,F,F,TIE
1782653845.643,9915,71.75,71.84,71.76,71.76,high_C,low_O,C>O,TIE,F,F,F,T,T,TIE
1782653926.706,9916,71.84,71.87,71.85,71.87,TIE,low_O,TIE,TIE,F,F,F,T,TIE,F
1782653982.415,9917,71.87,71.89,71.86,71.83,high_C,low_P,C>P,C>O>M>P,F,T,T,T,T,T
1782654008.863,9918,71.89,71.82,71.87,71.89,TIE,low_C,TIE,TIE,T,T,TIE,F,F,F
1782654034.353,9919,71.82,71.76,71.76,71.76,high_O,TIE,TIE,TIE,T,T,T,TIE,TIE,TIE
1782654089.113,9920,71.76,71.79,71.76,71.76,high_C,TIE,TIE,TIE,F,TIE,TIE,T,T,TIE
1782654127.856,9921,71.79,71.92,71.85,71.79,high_C,TIE,TIE,TIE,F,F,TIE,T,T,T
1782654142.255,9922,71.92,71.88,71.89,71.88,high_O,TIE,TIE,TIE,T,T,T,F,TIE,T
1782654142.635,9923,71.88,71.87,71.86,71.85,high_O,low_P,O>P,O>C>M>P,T,T,T,T,T,T
1782654167.758,9924,71.87,71.94,71.93,71.93,high_C,low_O,C>O,TIE,F,F,F,T,T,TIE
1782654180.792,9925,71.94,72.0,71.95,71.94,high_C,TIE,TIE,TIE,F,F,TIE,T,T,T
1782654181.415,9926,72.0,72.01,72.0,72.0,high_C,TIE,TIE,TIE,F,TIE,TIE,T,T,TIE
1782654202.095,9927,72.01,72.0,72.01,72.01,TIE,low_C,TIE,TIE,T,TIE,TIE,F,F,TIE
1782654239.304,9928,72.0,72.02,72.02,72.02,TIE,low_O,TIE,TIE,F,F,F,TIE,TIE,TIE
1782654313.86,9930,72.05,72.05,72.06,72.07,high_P,TIE,TIE,TIE,TIE,F,F,F,F,F
1782654334.333,9931,72.05,71.99,72.0,71.99,high_O,TIE,TIE,TIE,T,T,T,F,TIE,T
1782654403.127,9933,71.98,71.98,71.96,71.95,TIE,low_P,TIE,TIE,TIE,T,T,T,T,T
1782654417.986,9934,71.98,72.01,71.99,71.99,high_C,low_O,C>O,TIE,F,F,F,T,T,TIE
1782654461.363,9935,72.01,72.02,72.02,72.02,TIE,low_O,TIE,TIE,F,F,F,TIE,TIE,TIE
1782654492.321,9936,72.02,72.01,72.02,72.02,TIE,low_C,TIE,TIE,T,TIE,TIE,F,F,TIE
1782654533.791,9939,71.97,71.97,71.96,71.97,TIE,low_M,TIE,TIE,TIE,T,TIE,T,TIE,F
1782654584.743,9941,71.91,71.91,71.9,71.9,TIE,TIE,TIE,TIE,TIE,T,T,T,T,TIE
1782654644.78,9942,71.91,71.89,71.91,71.91,TIE,low_C,TIE,TIE,T,TIE,TIE,F,F,TIE
1782654697.579,9943,71.89,71.9,71.88,71.88,high_C,TIE,TIE,TIE,F,T,T,T,T,TIE
1782654759.744,9944,71.9,71.84,71.9,71.9,TIE,low_C,TIE,TIE,T,TIE,TIE,F,F,TIE
1782654800.156,9945,71.84,71.83,71.82,71.81,high_O,low_P,O>P,O>C>M>P,T,T,T,T,T,T
1782654833.424,9946,71.83,71.87,71.82,71.82,high_C,TIE,TIE,TIE,F,T,T,T,T,TIE
1782654916.424,9947,71.87,71.84,71.85,71.85,high_O,low_C,O>C,TIE,T,T,T,F,F,TIE
1782654952.735,9948,71.84,71.76,71.76,71.76,high_O,TIE,TIE,TIE,T,T,T,TIE,TIE,TIE
1782654987.695,9949,71.76,71.77,71.77,71.77,TIE,low_O,TIE,TIE,F,F,F,TIE,TIE,TIE
1782655029.991,9950,71.77,71.71,71.75,71.75,high_O,low_C,O>C,TIE,T,T,T,F,F,TIE
1782655032.464,9951,71.71,71.67,71.7,71.7,high_O,low_C,O>C,TIE,T,T,T,F,F,TIE
1782655070.059,9952,71.67,71.72,71.68,71.68,high_C,low_O,C>O,TIE,F,F,F,T,T,TIE
1782655087.655,9953,71.72,71.69,71.69,71.69,high_O,TIE,TIE,TIE,T,T,T,TIE,TIE,TIE
1782655166.471,9954,71.69,71.72,71.7,71.71,high_C,low_O,C>O,C>P>M>O,F,F,F,T,T,F
1782655217.11,9955,71.72,71.75,71.72,71.72,high_C,TIE,TIE,TIE,F,TIE,TIE,T,T,TIE
1782655281.482,9956,71.75,71.78,71.75,71.75,high_C,TIE,TIE,TIE,F,TIE,TIE,T,T,TIE
1782655354.201,9957,71.78,71.75,71.76,71.76,high_O,low_C,O>C,TIE,T,T,T,F,F,TIE
1782655425.233,9958,71.75,71.86,71.83,71.85,high_C,low_O,C>O,C>P>M>O,F,F,F,T,T,F
1782655528.453,9959,71.86,71.66,71.77,71.77,high_O,low_C,O>C,TIE,T,T,T,F,F,TIE
1782655601.41,9960,71.66,71.77,71.72,71.72,high_C,low_O,C>O,TIE,F,F,F,T,T,TIE
1782655661.297,9961,71.77,71.81,71.86,71.81,high_M,low_O,M>O,TIE,F,F,F,F,TIE,T
1782655758.381,9962,71.81,71.92,71.82,71.82,high_C,low_O,C>O,TIE,F,F,F,T,T,TIE
1782655815.419,9963,71.92,71.96,71.91,71.91,high_C,TIE,TIE,TIE,F,T,T,T,T,TIE
1782655879.67,9964,71.96,71.95,71.92,71.91,high_O,low_P,O>P,O>C>M>P,T,T,T,T,T,T
1782655908.944,9965,71.95,71.92,71.93,71.93,high_O,low_C,O>C,TIE,T,T,T,F,F,TIE
1782655986.738,9966,71.92,71.9,71.91,71.91,high_O,low_C,O>C,TIE,T,T,T,F,F,TIE
1782656068.576,9967,71.9,71.89,71.87,71.87,high_O,TIE,TIE,TIE,T,T,T,T,T,TIE
1782656238.175,9968,71.89,71.86,71.89,71.9,high_P,low_C,P>C,TIE,T,TIE,F,F,F,F
1782656286.757,9969,71.86,71.8,71.83,71.84,high_O,low_C,O>C,O>P>M>C,T,T,T,F,F,F
1782656369.964,9970,71.8,71.95,71.85,71.93,high_C,low_O,C>O,C>P>M>O,F,F,F,T,T,F
1782656383.402,9971,71.95,72.05,72.0,72.0,high_C,low_O,C>O,TIE,F,F,F,T,T,TIE
1782656387.818,9972,72.05,72.13,72.08,72.06,high_C,low_O,C>O,C>M>P>O,F,F,F,T,T,T
1782656408.974,9974,72.14,72.14,72.14,72.14,TIE,TIE,TIE,TIE,TIE,TIE,TIE,TIE,TIE,TIE
1782656414.864,9975,72.14,72.08,72.11,72.13,high_O,low_C,O>C,O>P>M>C,T,T,T,F,F,F
1782656419.632,9976,72.08,72.09,72.08,72.08,high_C,TIE,TIE,TIE,F,TIE,TIE,T,T,TIE
1782656434.761,9977,72.09,72.02,72.02,72.02,high_O,TIE,TIE,TIE,T,T,T,TIE,TIE,TIE
1782656460.86,9978,72.02,72.01,72.0,72.0,high_O,TIE,TIE,TIE,T,T,T,T,T,TIE
1782656507.181,9979,72.01,71.99,72.0,71.99,high_O,TIE,TIE,TIE,T,T,T,F,TIE,T
1782656551.218,9980,71.99,71.92,71.99,72.0,high_P,low_C,P>C,TIE,T,TIE,F,F,F,F
1782656605.369,9981,71.92,71.83,71.85,71.81,high_O,low_P,O>P,O>M>C>P,T,T,T,F,T,T
1782656698.674,9982,71.83,71.82,71.85,71.81,high_M,low_P,M>P,M>O>C>P,T,F,T,F,T,T
1782656787.944,9983,71.82,71.76,71.76,71.77,high_O,TIE,TIE,TIE,T,T,T,TIE,F,F
1782656843.634,9984,71.76,71.82,71.76,71.76,high_C,TIE,TIE,TIE,F,TIE,TIE,T,T,TIE
1782656932.202,9985,71.82,71.83,71.84,71.84,TIE,low_O,TIE,TIE,F,F,F,F,F,TIE
1782657045.383,9986,71.83,71.84,71.83,71.78,high_C,low_P,C>P,TIE,F,TIE,T,T,T,T
1782657102.516,9987,71.84,71.86,71.85,71.86,TIE,low_O,TIE,TIE,F,F,F,T,TIE,F
1782657183.8,9988,71.86,71.85,71.83,71.83,high_O,TIE,TIE,TIE,T,T,T,T,T,TIE
1782657247.625,9989,71.85,71.92,71.92,71.94,high_P,low_O,P>O,TIE,F,F,F,TIE,F,F
1782657350.58,9990,71.92,71.81,71.83,71.82,high_O,low_C,O>C,O>M>P>C,T,T,T,F,F,T
1782657407.079,9991,71.81,71.84,71.83,71.83,high_C,low_O,C>O,TIE,F,F,F,T,T,TIE
1782657432.717,9992,71.84,71.81,71.82,71.84,TIE,low_C,TIE,TIE,T,T,TIE,F,F,F
1782657433.704,9993,71.81,71.79,71.78,71.79,high_O,low_M,O>M,TIE,T,T,T,T,TIE,F
1782657453.91,9994,71.79,71.85,71.81,71.81,high_C,low_O,C>O,TIE,F,F,F,T,T,TIE
1782657464.336,9995,71.85,71.8,71.82,71.81,high_O,low_C,O>C,O>M>P>C,T,T,T,F,F,T
1782657499.158,9996,71.8,71.75,71.79,71.81,high_P,low_C,P>C,P>O>M>C,T,T,F,F,F,F
1782657566.283,9997,71.75,71.76,71.75,71.76,TIE,TIE,TIE,TIE,F,TIE,F,T,TIE,F
1782657665.715,9998,71.76,71.83,71.81,71.83,TIE,low_O,TIE,TIE,F,F,F,T,TIE,F
1782657748.804,9999,71.83,71.77,71.79,71.79,high_O,low_C,O>C,TIE,T,T,T,F,F,TIE
1782657802.209,10000,71.77,71.75,71.75,71.74,high_O,low_P,O>P,TIE,T,T,T,TIE,T,T
1782657957.904,10001,71.75,71.76,71.79,71.78,high_M,low_O,M>O,M>P>C>O,F,F,F,F,F,T
1782657992.928,10002,71.76,71.8,71.77,71.76,high_C,TIE,TIE,TIE,F,F,TIE,T,T,T
1782658081.608,10003,71.8,71.9,71.82,71.8,high_C,TIE,TIE,TIE,F,F,TIE,T,T,T
1782658085.24,10004,71.9,71.96,71.94,71.95,high_C,low_O,C>O,C>P>M>O,F,F,F,T,T,F
1782658094.868,10005,71.96,72.0,71.96,71.96,high_C,TIE,TIE,TIE,F,TIE,TIE,T,T,TIE
1782658132.871,10006,72.0,71.87,71.98,72.0,TIE,low_C,TIE,TIE,T,T,TIE,F,F,F
1782658234.761,10007,71.87,71.77,71.8,71.79,high_O,low_C,O>C,O>M>P>C,T,T,T,F,F,T
1782658353.212,10008,71.77,71.8,71.83,71.84,high_P,low_O,P>O,P>M>C>O,F,F,F,F,F,F
1782658462.815,10009,71.8,71.72,71.76,71.77,high_O,low_C,O>C,O>P>M>C,T,T,T,F,F,F
1782658492.602,10010,71.72,71.68,71.69,71.69,high_O,low_C,O>C,TIE,T,T,T,F,F,TIE
1782658539.572,10011,71.68,71.71,71.68,71.69,high_C,TIE,TIE,TIE,F,TIE,F,T,T,F
1782658751.541,10013,71.67,71.67,71.65,71.65,TIE,TIE,TIE,TIE,TIE,T,T,T,T,TIE
1782658760.901,10014,71.67,71.66,71.67,71.67,TIE,low_C,TIE,TIE,T,TIE,TIE,F,F,TIE
1782658794.947,10015,71.66,71.6,71.65,71.65,high_O,low_C,O>C,TIE,T,T,T,F,F,TIE
1782658866.72,10016,71.6,71.67,71.65,71.6,high_C,TIE,TIE,TIE,F,F,TIE,T,T,T
1782658908.031,10017,71.67,71.62,71.66,71.67,TIE,low_C,TIE,TIE,T,T,TIE,F,F,F
1782658962.159,10018,71.62,71.72,71.73,71.74,high_P,low_O,P>O,P>M>C>O,F,F,F,F,F,F
1782659139.912,10020,71.83,71.83,71.83,71.82,TIE,low_P,TIE,TIE,TIE,TIE,T,TIE,T,T
1782659192.778,10021,71.83,71.78,71.81,71.81,high_O,low_C,O>C,TIE,T,T,T,F,F,TIE
1782659272.539,10022,71.78,71.82,71.83,71.82,high_M,low_O,M>O,TIE,F,F,F,F,TIE,T
1782659276.278,10023,71.82,71.81,71.82,71.82,TIE,low_C,TIE,TIE,T,TIE,TIE,F,F,TIE
1782659276.305,10024,71.81,71.8,71.81,71.81,TIE,low_C,TIE,TIE,T,TIE,TIE,F,F,TIE
1782659286.078,10025,71.8,71.81,71.8,71.8,high_C,TIE,TIE,TIE,F,TIE,TIE,T,T,TIE
1782659310.9,10026,71.81,71.74,71.78,71.74,high_O,TIE,TIE,TIE,T,T,T,F,TIE,T
1782659334.679,10027,71.74,71.62,71.7,71.7,high_O,low_C,O>C,TIE,T,T,T,F,F,TIE
1782659340.843,10028,71.62,71.52,71.52,71.52,high_O,TIE,TIE,TIE,T,T,T,TIE,TIE,TIE
1782659349.669,10029,71.52,71.51,71.52,71.53,high_P,low_C,P>C,TIE,T,TIE,F,F,F,F
1782659403.14,10032,71.52,71.52,71.53,71.53,TIE,TIE,TIE,TIE,TIE,F,F,F,F,TIE
1782659429.038,10033,71.52,71.43,71.49,71.49,high_O,low_C,O>C,TIE,T,T,T,F,F,TIE
1782659435.637,10034,71.43,71.4,71.42,71.42,high_O,low_C,O>C,TIE,T,T,T,F,F,TIE
1782659485.618,10035,71.4,71.54,71.51,71.53,high_C,low_O,C>O,C>P>M>O,F,F,F,T,T,F
1782659502.069,10036,71.54,71.56,71.55,71.54,high_C,TIE,TIE,TIE,F,F,TIE,T,T,T
1782659527.461,10037,71.56,71.6,71.56,71.56,high_C,TIE,TIE,TIE,F,TIE,TIE,T,T,TIE
1782659599.262,10038,71.6,71.7,71.59,71.58,high_C,low_P,C>P,C>O>M>P,F,T,T,T,T,T
1782659651.375,10039,71.7,71.75,71.74,71.74,high_C,low_O,C>O,TIE,F,F,F,T,T,TIE
1782659671.596,10040,71.75,71.71,71.72,71.75,TIE,low_C,TIE,TIE,T,T,TIE,F,F,F
1782659710.759,10041,71.71,71.75,71.75,71.75,TIE,low_O,TIE,TIE,F,F,F,TIE,TIE,TIE
1782659739.104,10042,71.75,71.72,71.77,71.77,TIE,low_C,TIE,TIE,T,F,F,F,F,TIE
1782659807.538,10043,71.72,71.65,71.66,71.65,high_O,TIE,TIE,TIE,T,T,T,F,TIE,T
1782659881.742,10044,71.65,71.78,71.74,71.74,high_C,low_O,C>O,TIE,F,F,F,T,T,TIE
1782659892.779,10045,71.78,71.87,71.83,71.86,high_C,low_O,C>O,C>P>M>O,F,F,F,T,T,F
1782659897.419,10046,71.87,71.94,71.92,71.92,high_C,low_O,C>O,TIE,F,F,F,T,T,TIE
1782659904.691,10047,71.94,71.95,71.94,71.94,high_C,TIE,TIE,TIE,F,TIE,TIE,T,T,TIE
1782659910.958,10048,71.95,71.9,71.93,71.93,high_O,low_C,O>C,TIE,T,T,T,F,F,TIE
1782659941.535,10049,71.9,71.85,71.86,71.86,high_O,low_C,O>C,TIE,T,T,T,F,F,TIE
1782660045.228,10051,71.78,71.78,71.76,71.76,TIE,TIE,TIE,TIE,TIE,T,T,T,T,TIE
1782660091.069,10052,71.78,71.79,71.8,71.78,high_M,TIE,TIE,TIE,F,F,TIE,F,T,T
1782660169.675,10053,71.79,71.8,71.79,71.78,high_C,low_P,C>P,TIE,F,TIE,T,T,T,T
1782660301.261,10054,71.8,71.79,71.79,71.77,high_O,low_P,O>P,TIE,T,T,T,TIE,T,T
1782660335.01,10055,71.79,71.83,71.83,71.83,TIE,low_O,TIE,TIE,F,F,F,TIE,TIE,TIE
1782660354.481,10056,71.83,71.87,71.83,71.82,high_C,low_P,C>P,TIE,F,TIE,T,T,T,T
1782660402.29,10057,71.87,71.85,71.88,71.89,high_P,low_C,P>C,P>M>O>C,T,F,F,F,F,F
1782660593.744,10059,71.8,71.8,71.78,71.78,TIE,TIE,TIE,TIE,TIE,T,T,T,T,TIE
1782660609.249,10060,71.8,71.76,71.78,71.78,high_O,low_C,O>C,TIE,T,T,T,F,F,TIE
1782660662.589,10061,71.76,71.79,71.76,71.79,TIE,TIE,TIE,TIE,F,TIE,F,T,TIE,F
1782660699.364,10062,71.79,71.86,71.81,71.8,high_C,low_O,C>O,C>M>P>O,F,F,F,T,T,T
1782660798.287,10063,71.86,71.92,71.85,71.84,high_C,low_P,C>P,C>O>M>P,F,T,T,T,T,T
1782660806.048,10064,71.92,71.98,71.94,71.93,high_C,low_O,C>O,C>M>P>O,F,F,F,T,T,T
1782660806.049,10065,71.98,72.01,72.0,72.0,high_C,low_O,C>O,TIE,F,F,F,T,T,TIE
1782660806.108,10066,72.01,72.02,72.01,72.01,high_C,TIE,TIE,TIE,F,TIE,TIE,T,T,TIE
1782660810.53,10067,72.02,72.07,72.08,72.09,high_P,low_O,P>O,P>M>C>O,F,F,F,F,F,F
1782660811.196,10068,72.07,72.05,72.07,72.07,TIE,low_C,TIE,TIE,T,TIE,TIE,F,F,TIE
1782660832.648,10069,72.05,71.92,72.02,72.03,high_O,low_C,O>C,O>P>M>C,T,T,T,F,F,F
1782660849.888,10070,71.92,71.97,71.94,71.94,high_C,low_O,C>O,TIE,F,F,F,T,T,TIE
1782660873.761,10071,71.97,72.04,72.01,71.97,high_C,TIE,TIE,TIE,F,F,TIE,T,T,T
1782660894.833,10072,72.04,72.03,71.99,71.99,high_O,TIE,TIE,TIE,T,T,T,T,T,TIE
1782660907.073,10073,72.03,71.94,71.99,71.99,high_O,low_C,O>C,TIE,T,T,T,F,F,TIE
1782660923.4,10074,71.94,71.97,71.95,71.94,high_C,TIE,TIE,TIE,F,F,TIE,T,T,T
1782660935.779,10075,71.97,71.95,71.98,71.97,high_M,low_C,M>C,TIE,T,F,TIE,F,F,T
1782660961.52,10076,71.95,71.86,71.94,71.95,TIE,low_C,TIE,TIE,T,T,TIE,F,F,F
1782660987.091,10077,71.86,71.8,71.86,71.86,TIE,low_C,TIE,TIE,T,TIE,TIE,F,F,TIE
1782661001.667,10078,71.8,71.79,71.79,71.79,high_O,TIE,TIE,TIE,T,T,T,TIE,TIE,TIE
1782661004.02,10079,71.79,71.78,71.78,71.78,high_O,TIE,TIE,TIE,T,T,T,TIE,TIE,TIE
1782661022.301,10080,71.78,71.74,71.73,71.73,high_O,TIE,TIE,TIE,T,T,T,T,T,TIE
1782661125.765,10082,71.72,71.72,71.73,71.73,TIE,TIE,TIE,TIE,TIE,F,F,F,F,TIE
1782661224.045,10083,71.72,71.79,71.78,71.79,TIE,low_O,TIE,TIE,F,F,F,T,TIE,F
1782661309.038,10084,71.79,71.71,71.74,71.72,high_O,low_C,O>C,O>M>P>C,T,T,T,F,F,T
1782661346.751,10085,71.71,71.82,71.79,71.81,high_C,low_O,C>O,C>P>M>O,F,F,F,T,T,F
1782661386.023,10086,71.82,71.8,71.82,71.82,TIE,low_C,TIE,TIE,T,TIE,TIE,F,F,TIE
1782661490.298,10087,71.8,71.86,71.87,71.88,high_P,low_O,P>O,P>M>C>O,F,F,F,F,F,F
1782661594.643,10088,71.86,71.79,71.82,71.85,high_O,low_C,O>C,O>P>M>C,T,T,T,F,F,F
1782661693.997,10089,71.79,71.72,71.74,71.74,high_O,low_C,O>C,TIE,T,T,T,F,F,TIE
1782661782.872,10090,71.72,71.7,71.72,71.72,TIE,low_C,TIE,TIE,T,TIE,TIE,F,F,TIE
1782661824.954,10091,71.7,71.76,71.74,71.75,high_C,low_O,C>O,C>P>M>O,F,F,F,T,T,F
1782661843.116,10092,71.76,71.78,71.76,71.78,TIE,TIE,TIE,TIE,F,TIE,F,T,TIE,F
1782661860.774,10093,71.78,71.86,71.8,71.79,high_C,low_O,C>O,C>M>P>O,F,F,F,T,T,T
1782661884.489,10094,71.86,71.92,71.9,71.87,high_C,low_O,C>O,C>M>P>O,F,F,F,T,T,T
1782661909.328,10095,71.92,71.89,71.9,71.91,high_O,low_C,O>C,O>P>M>C,T,T,T,F,F,F
1782661953.26,10097,71.95,71.95,71.96,71.97,high_P,TIE,TIE,TIE,TIE,F,F,F,F,F
1782661965.041,10098,71.95,71.98,71.97,71.95,high_C,TIE,TIE,TIE,F,F,TIE,T,T,T
1782661973.584,10099,71.98,71.92,71.98,71.98,TIE,low_C,TIE,TIE,T,TIE,TIE,F,F,TIE
1782662025.233,10100,71.92,71.88,71.89,71.89,high_O,low_C,O>C,TIE,T,T,T,F,F,TIE
1782662025.459,10101,71.88,71.81,71.86,71.87,high_O,low_C,O>C,O>P>M>C,T,T,T,F,F,F
1782662027.34,10102,71.81,71.75,71.74,71.72,high_O,low_P,O>P,O>C>M>P,T,T,T,T,T,T
1782662037.722,10103,71.75,71.71,71.72,71.72,high_O,low_C,O>C,TIE,T,T,T,F,F,TIE
1782662058.123,10104,71.71,71.69,71.71,71.69,TIE,TIE,TIE,TIE,T,TIE,T,F,TIE,T
1782662081.893,10105,71.69,71.73,71.7,71.69,high_C,TIE,TIE,TIE,F,F,TIE,T,T,T
1782662098.519,10106,71.73,71.81,71.73,71.73,high_C,TIE,TIE,TIE,F,TIE,TIE,T,T,TIE
1782662144.586,10107,71.81,71.76,71.81,71.82,high_P,low_C,P>C,TIE,T,TIE,F,F,F,F
1782662199.93,10108,71.76,71.85,71.82,71.85,TIE,low_O,TIE,TIE,F,F,F,T,TIE,F
1782662281.472,10109,71.85,71.89,71.87,71.87,high_C,low_O,C>O,TIE,F,F,F,T,T,TIE
1782662302.427,10110,71.89,71.94,71.93,71.93,high_C,low_O,C>O,TIE,F,F,F,T,T,TIE
1782662340.573,10111,71.94,71.96,71.96,71.96,TIE,low_O,TIE,TIE,F,F,F,TIE,TIE,TIE
1782662383.903,10112,71.96,71.98,71.97,71.97,high_C,low_O,C>O,TIE,F,F,F,T,T,TIE
1782662391.481,10113,71.98,72.0,71.98,71.97,high_C,low_P,C>P,TIE,F,TIE,T,T,T,T
1782662398.476,10114,72.0,71.99,72.0,72.0,TIE,low_C,TIE,TIE,T,TIE,TIE,F,F,TIE
1782662400.69,10115,71.99,72.08,72.03,72.05,high_C,low_O,C>O,C>P>M>O,F,F,F,T,T,F
1782662401.917,10117,72.04,72.04,72.03,72.03,TIE,TIE,TIE,TIE,TIE,T,T,T,T,TIE
1782662417.253,10118,72.04,71.97,72.0,71.98,high_O,low_C,O>C,O>M>P>C,T,T,T,F,F,T
1782662418.527,10119,71.97,71.98,71.97,71.97,high_C,TIE,TIE,TIE,F,TIE,TIE,T,T,TIE
1782662442.741,10120,71.98,72.01,72.0,72.01,TIE,low_O,TIE,TIE,F,F,F,T,TIE,F
1782662451.093,10121,72.01,72.04,72.02,72.04,TIE,low_O,TIE,TIE,F,F,F,T,TIE,F
1782662487.385,10122,72.04,72.0,72.0,72.0,high_O,TIE,TIE,TIE,T,T,T,TIE,TIE,TIE
1782662505.789,10123,72.0,72.01,71.94,72.01,TIE,low_M,TIE,TIE,F,T,F,T,TIE,F
1782662525.86,10124,72.01,71.93,71.97,71.93,high_O,TIE,TIE,TIE,T,T,T,F,TIE,T
1782662559.975,10125,71.93,72.02,71.95,71.94,high_C,low_O,C>O,C>M>P>O,F,F,F,T,T,T
1782662594.885,10126,72.02,72.0,72.02,72.02,TIE,low_C,TIE,TIE,T,TIE,TIE,F,F,TIE
1782662662.843,10127,72.0,72.01,71.97,71.99,high_C,low_M,C>M,C>O>P>M,F,T,T,T,T,F
1782662716.949,10128,72.01,71.98,72.01,72.02,high_P,low_C,P>C,TIE,T,TIE,F,F,F,F
1782662764.488,10129,71.98,72.06,72.03,72.03,high_C,low_O,C>O,TIE,F,F,F,T,T,TIE
1782662789.654,10130,72.06,72.02,72.01,72.0,high_O,low_P,O>P,O>C>M>P,T,T,T,T,T,T
1782662827.209,10131,72.02,72.05,72.05,72.06,high_P,low_O,P>O,TIE,F,F,F,TIE,F,F
1782662854.535,10132,72.05,72.02,72.02,72.04,high_O,TIE,TIE,TIE,T,T,T,TIE,F,F
1782662945.936,10133,72.02,71.94,72.0,72.01,high_O,low_C,O>C,O>P>M>C,T,T,T,F,F,F
1782662959.365,10134,71.94,71.88,71.9,71.9,high_O,low_C,O>C,TIE,T,T,T,F,F,TIE
1782662959.366,10135,71.88,71.85,71.87,71.87,high_O,low_C,O>C,TIE,T,T,T,F,F,TIE
1782662965.42,10136,71.85,71.87,71.87,71.88,high_P,low_O,P>O,TIE,F,F,F,TIE,F,F
1782663017.229,10138,71.83,71.83,71.82,71.82,TIE,TIE,TIE,TIE,TIE,T,T,T,T,TIE
1782663027.069,10139,71.83,71.81,71.82,71.81,high_O,TIE,TIE,TIE,T,T,T,F,TIE,T
1782663046.558,10140,71.81,71.79,71.78,71.78,high_O,TIE,TIE,TIE,T,T,T,T,T,TIE
1782663078.456,10141,71.79,71.84,71.81,71.79,high_C,TIE,TIE,TIE,F,F,TIE,T,T,T
1782663134.391,10142,71.84,71.87,71.87,71.87,TIE,low_O,TIE,TIE,F,F,F,TIE,TIE,TIE
1782663200.85,10143,71.87,71.88,71.89,71.89,TIE,low_O,TIE,TIE,F,F,F,F,F,TIE
1782663311.334,10144,71.88,71.77,71.85,71.85,high_O,low_C,O>C,TIE,T,T,T,F,F,TIE
1782663345.019,10145,71.77,71.78,71.79,71.83,high_P,low_O,P>O,P>M>C>O,F,F,F,F,F,F
1782663358.017,10146,71.78,71.79,71.78,71.78,high_C,TIE,TIE,TIE,F,TIE,TIE,T,T,TIE
1782663422.67,10147,71.79,71.9,71.84,71.89,high_C,low_O,C>O,C>P>M>O,F,F,F,T,T,F
1782663485.301,10148,71.9,71.94,71.92,71.94,TIE,low_O,TIE,TIE,F,F,F,T,TIE,F
1782663540.87,10149,71.94,71.95,71.95,71.95,TIE,low_O,TIE,TIE,F,F,F,TIE,TIE,TIE
1782663649.33,10150,71.95,71.85,71.91,71.91,high_O,low_C,O>C,TIE,T,T,T,F,F,TIE
1782663736.395,10151,71.85,71.92,71.89,71.89,high_C,low_O,C>O,TIE,F,F,F,T,T,TIE
1782663791.12,10152,71.92,71.79,71.81,71.79,high_O,TIE,TIE,TIE,T,T,T,F,TIE,T
1782663818.987,10153,71.79,71.77,71.78,71.78,high_O,low_C,O>C,TIE,T,T,T,F,F,TIE
1782663855.473,10154,71.77,71.73,71.74,71.73,high_O,TIE,TIE,TIE,T,T,T,F,TIE,T
1782663891.094,10155,71.73,71.7,71.72,71.71,high_O,low_C,O>C,O>M>P>C,T,T,T,F,F,T
1782663912.015,10156,71.7,71.68,71.68,71.67,high_O,low_P,O>P,TIE,T,T,T,TIE,T,T
1782663926.522,10157,71.68,71.67,71.66,71.66,high_O,TIE,TIE,TIE,T,T,T,T,T,TIE
1782663945.844,10158,71.67,71.58,71.64,71.62,high_O,low_C,O>C,O>M>P>C,T,T,T,F,F,T
1782663948.171,10160,71.52,71.52,71.5,71.49,TIE,low_P,TIE,TIE,TIE,T,T,T,T,T
1782663951.529,10161,71.52,71.49,71.48,71.48,high_O,TIE,TIE,TIE,T,T,T,T,T,TIE
1782663953.454,10162,71.49,71.46,71.45,71.45,high_O,TIE,TIE,TIE,T,T,T,T,T,TIE
1782663955.529,10163,71.46,71.41,71.44,71.44,high_O,low_C,O>C,TIE,T,T,T,F,F,TIE
1782663955.618,10164,71.41,71.39,71.4,71.4,high_O,low_C,O>C,TIE,T,T,T,F,F,TIE
1782663961.351,10165,71.39,71.44,71.4,71.4,high_C,low_O,C>O,TIE,F,F,F,T,T,TIE
1782663969.565,10166,71.44,71.48,71.49,71.5,high_P,low_O,P>O,P>M>C>O,F,F,F,F,F,F
1782663989.048,10167,71.48,71.4,71.46,71.46,high_O,low_C,O>C,TIE,T,T,T,F,F,TIE
1782664002.447,10168,71.4,71.41,71.42,71.42,TIE,low_O,TIE,TIE,F,F,F,F,F,TIE
1782664022.558,10169,71.41,71.4,71.43,71.41,high_M,low_C,M>C,TIE,T,F,TIE,F,F,T
1782664047.156,10170,71.4,71.5,71.43,71.42,high_C,low_O,C>O,C>M>P>O,F,F,F,T,T,T
1782664074.353,10171,71.5,71.37,71.45,71.48,high_O,low_C,O>C,O>P>M>C,T,T,T,F,F,F
1782664079.615,10172,71.37,71.41,71.37,71.37,high_C,TIE,TIE,TIE,F,TIE,TIE,T,T,TIE
1782664096.812,10173,71.41,71.42,71.39,71.38,high_C,low_P,C>P,C>O>M>P,F,T,T,T,T,T
1782664126.248,10174,71.42,71.43,71.43,71.43,TIE,low_O,TIE,TIE,F,F,F,TIE,TIE,TIE
1782664170.429,10175,71.43,71.48,71.46,71.46,high_C,low_O,C>O,TIE,F,F,F,T,T,TIE
1782664199.527,10176,71.48,71.55,71.5,71.51,high_C,low_O,C>O,C>P>M>O,F,F,F,T,T,F
1782664217.251,10177,71.55,71.54,71.56,71.55,high_M,low_C,M>C,TIE,T,F,TIE,F,F,T
1782664230.105,10178,71.54,71.48,71.49,71.49,high_O,low_C,O>C,TIE,T,T,T,F,F,TIE
1782664270.654,10181,71.4,71.4,71.4,71.4,TIE,TIE,TIE,TIE,TIE,TIE,TIE,TIE,TIE,TIE
1782664281.67,10182,71.4,71.31,71.35,71.36,high_O,low_C,O>C,O>P>M>C,T,T,T,F,F,F
1782664282.415,10183,71.31,71.28,71.3,71.31,TIE,low_C,TIE,TIE,T,T,TIE,F,F,F
1782664297.836,10186,71.3,71.3,71.31,71.31,TIE,TIE,TIE,TIE,TIE,F,F,F,F,TIE
1782664308.269,10187,71.3,71.29,71.3,71.29,TIE,TIE,TIE,TIE,T,TIE,T,F,TIE,T
1782664346.586,10188,71.29,71.31,71.32,71.32,TIE,low_O,TIE,TIE,F,F,F,F,F,TIE
1782664357.859,10189,71.31,71.25,71.27,71.26,high_O,low_C,O>C,O>M>P>C,T,T,T,F,F,T
1782664375.856,10190,71.25,71.32,71.29,71.27,high_C,low_O,C>O,C>M>P>O,F,F,F,T,T,T
1782664394.008,10191,71.32,71.22,71.31,71.23,high_O,low_C,O>C,O>M>P>C,T,T,T,F,F,T
1782664399.652,10192,71.22,71.21,71.22,71.22,TIE,low_C,TIE,TIE,T,TIE,TIE,F,F,TIE
1782664400.257,10193,71.21,71.17,71.18,71.15,high_O,low_P,O>P,O>M>C>P,T,T,T,F,T,T
1782664401.927,10194,71.17,71.18,71.18,71.19,high_P,low_O,P>O,TIE,F,F,F,TIE,F,F
1782664414.541,10195,71.18,71.25,71.21,71.19,high_C,low_O,C>O,C>M>P>O,F,F,F,T,T,T
1782664435.335,10196,71.25,71.26,71.24,71.23,high_C,low_P,C>P,C>O>M>P,F,T,T,T,T,T
1782664449.646,10197,71.26,71.16,71.2,71.26,TIE,low_C,TIE,TIE,T,T,TIE,F,F,F
1782664461.612,10198,71.16,71.19,71.17,71.17,high_C,low_O,C>O,TIE,F,F,F,T,T,TIE
1782664467.993,10199,71.19,71.2,71.17,71.15,high_C,low_P,C>P,C>O>M>P,F,T,T,T,T,T
1782664476.928,10200,71.2,71.14,71.14,71.13,high_O,low_P,O>P,TIE,T,T,T,TIE,T,T
1782664490.23,10201,71.14,71.15,71.15,71.15,TIE,low_O,TIE,TIE,F,F,F,TIE,TIE,TIE
1782664509.148,10202,71.15,71.34,71.22,71.33,high_C,low_O,C>O,C>P>M>O,F,F,F,T,T,F
1782664538.98,10203,71.34,71.22,71.22,71.22,high_O,TIE,TIE,TIE,T,T,T,TIE,TIE,TIE
1782664564.737,10204,71.22,71.19,71.22,71.22,TIE,low_C,TIE,TIE,T,TIE,TIE,F,F,TIE
1782664593.536,10205,71.19,71.22,71.22,71.23,high_P,low_O,P>O,TIE,F,F,F,TIE,F,F
1782664622.636,10206,71.22,71.21,71.22,71.22,TIE,low_C,TIE,TIE,T,TIE,TIE,F,F,TIE
1782664662.592,10207,71.21,71.27,71.23,71.22,high_C,low_O,C>O,C>M>P>O,F,F,F,T,T,T
1782664684.634,10208,71.27,71.26,71.25,71.27,TIE,low_M,TIE,TIE,T,T,TIE,T,F,F
1782664723.075,10209,71.26,71.23,71.23,71.23,high_O,TIE,TIE,TIE,T,T,T,TIE,TIE,TIE
1782664740.743,10210,71.23,71.19,71.2,71.2,high_O,low_C,O>C,TIE,T,T,T,F,F,TIE
1782664770.403,10211,71.19,71.25,71.19,71.18,high_C,low_P,C>P,TIE,F,TIE,T,T,T,T
1782664813.796,10212,71.25,71.2,71.22,71.22,high_O,low_C,O>C,TIE,T,T,T,F,F,TIE
1782664872.843,10213,71.2,71.27,71.23,71.23,high_C,low_O,C>O,TIE,F,F,F,T,T,TIE
1782664899.557,10214,71.27,71.34,71.32,71.33,high_C,low_O,C>O,C>P>M>O,F,F,F,T,T,F
1782664899.558,10215,71.34,71.36,71.35,71.34,high_C,TIE,TIE,TIE,F,F,TIE,T,T,T
1782664914.779,10216,71.36,71.41,71.37,71.41,TIE,low_O,TIE,TIE,F,F,F,T,TIE,F
1782664926.849,10217,71.41,71.43,71.42,71.42,high_C,low_O,C>O,TIE,F,F,F,T,T,TIE
1782664951.501,10218,71.43,71.37,71.4,71.37,high_O,TIE,TIE,TIE,T,T,T,F,TIE,T
1782664959.131,10219,71.37,71.32,71.31,71.31,high_O,TIE,TIE,TIE,T,T,T,T,T,TIE
1782665021.027,10220,71.32,71.25,71.33,71.34,high_P,low_C,P>C,P>M>O>C,T,F,F,F,F,F
1782665050.346,10222,71.2,71.2,71.2,71.2,TIE,TIE,TIE,TIE,TIE,TIE,TIE,TIE,TIE,TIE
1782665101.575,10223,71.2,71.22,71.22,71.21,TIE,low_O,TIE,TIE,F,F,F,TIE,T,T
1782665122.916,10224,71.22,71.16,71.17,71.17,high_O,low_C,O>C,TIE,T,T,T,F,F,TIE
1782665140.131,10225,71.16,71.14,71.15,71.15,high_O,low_C,O>C,TIE,T,T,T,F,F,TIE
1782665155.208,10226,71.14,71.19,71.15,71.14,high_C,TIE,TIE,TIE,F,F,TIE,T,T,T
1782665180.846,10227,71.19,71.2,71.19,71.2,TIE,TIE,TIE,TIE,F,TIE,F,T,TIE,F
1782665225.832,10228,71.2,71.28,71.21,71.2,high_C,TIE,TIE,TIE,F,F,TIE,T,T,T
1782665247.801,10229,71.28,71.24,71.24,71.24,high_O,TIE,TIE,TIE,T,T,T,TIE,TIE,TIE
1782665258.101,10230,71.24,71.34,71.32,71.33,high_C,low_O,C>O,C>P>M>O,F,F,F,T,T,F
1782665281.959,10231,71.34,71.33,71.34,71.35,high_P,low_C,P>C,TIE,T,TIE,F,F,F,F
1782665344.759,10233,71.38,71.38,71.39,71.39,TIE,TIE,TIE,TIE,TIE,F,F,F,F,TIE
1782665363.135,10234,71.38,71.46,71.45,71.46,TIE,low_O,TIE,TIE,F,F,F,T,TIE,F
1782665393.685,10235,71.46,71.38,71.43,71.39,high_O,low_C,O>C,O>M>P>C,T,T,T,F,F,T
1782665401.352,10236,71.38,71.37,71.37,71.37,high_O,TIE,TIE,TIE,T,T,T,TIE,TIE,TIE
1782665466.039,10237,71.37,71.42,71.38,71.37,high_C,TIE,TIE,TIE,F,F,TIE,T,T,T
1782665528.72,10238,71.42,71.39,71.4,71.4,high_O,low_C,O>C,TIE,T,T,T,F,F,TIE
1782665564.655,10239,71.39,71.37,71.4,71.39,high_M,low_C,M>C,TIE,T,F,TIE,F,F,T
1782665687.415,10240,71.37,71.44,71.39,71.37,high_C,TIE,TIE,TIE,F,F,TIE,T,T,T
1782665843.485,10241,71.44,71.5,71.45,71.47,high_C,low_O,C>O,C>P>M>O,F,F,F,T,T,F
1782665867.072,10242,71.5,71.55,71.53,71.54,high_C,low_O,C>O,C>P>M>O,F,F,F,T,T,F
1782665915.665,10243,71.55,71.53,71.52,71.49,high_O,low_P,O>P,O>C>M>P,T,T,T,T,T,T
1782666014.143,10244,71.53,71.54,71.54,71.55,high_P,low_O,P>O,TIE,F,F,F,TIE,F,F
1782666053.055,10245,71.54,71.57,71.54,71.53,high_C,low_P,C>P,TIE,F,TIE,T,T,T,T
1782666069.647,10246,71.57,71.61,71.61,71.62,high_P,low_O,P>O,TIE,F,F,F,TIE,F,F
1782666114.625,10247,71.61,71.56,71.57,71.57,high_O,low_C,O>C,TIE,T,T,T,F,F,TIE
1782666171.759,10248,71.56,71.58,71.58,71.56,TIE,TIE,TIE,TIE,F,F,TIE,TIE,T,T
1782666261.466,10249,71.58,71.6,71.59,71.61,high_P,low_O,P>O,P>C>M>O,F,F,F,T,F,F
1782666304.604,10250,71.6,71.53,71.59,71.6,TIE,low_C,TIE,TIE,T,T,TIE,F,F,F
1782666386.103,10251,71.53,71.68,71.56,71.55,high_C,low_O,C>O,C>M>P>O,F,F,F,T,T,T
1782666395.86,10252,71.68,71.78,71.7,71.68,high_C,TIE,TIE,TIE,F,F,TIE,T,T,T
1782666398.637,10253,71.78,71.8,71.8,71.8,TIE,low_O,TIE,TIE,F,F,F,TIE,TIE,TIE
1782666426.261,10254,71.8,71.82,71.79,71.79,high_C,TIE,TIE,TIE,F,T,T,T,T,TIE
1782666426.263,10255,71.82,71.86,71.84,71.83,high_C,low_O,C>O,C>M>P>O,F,F,F,T,T,T
1782666426.266,10256,71.86,71.9,71.87,71.86,high_C,TIE,TIE,TIE,F,F,TIE,T,T,T
1782666426.569,10257,71.9,71.89,71.88,71.87,high_O,low_P,O>P,O>C>M>P,T,T,T,T,T,T
1782666428.556,10258,71.89,71.95,71.94,71.95,TIE,low_O,TIE,TIE,F,F,F,T,TIE,F
1782666436.303,10259,71.95,71.88,71.9,71.9,high_O,low_C,O>C,TIE,T,T,T,F,F,TIE
1782666479.977,10261,71.82,71.82,71.83,71.83,TIE,TIE,TIE,TIE,TIE,F,F,F,F,TIE
1782666519.096,10263,71.8,71.8,71.8,71.8,TIE,TIE,TIE,TIE,TIE,TIE,TIE,TIE,TIE,TIE
1782666559.341,10264,71.8,71.76,71.76,71.75,high_O,low_P,O>P,TIE,T,T,T,TIE,T,T
1782666617.218,10265,71.76,71.7,71.74,71.76,TIE,low_C,TIE,TIE,T,T,TIE,F,F,F
1782666658.433,10266,71.7,71.68,71.68,71.68,high_O,TIE,TIE,TIE,T,T,T,TIE,TIE,TIE
1782666661.655,10267,71.68,71.65,71.66,71.66,high_O,low_C,O>C,TIE,T,T,T,F,F,TIE
1782666666.525,10268,71.65,71.59,71.6,71.59,high_O,TIE,TIE,TIE,T,T,T,F,TIE,T
1782666670.047,10269,71.59,71.51,71.58,71.58,high_O,low_C,O>C,TIE,T,T,T,F,F,TIE
1782666681.509,10270,71.51,71.53,71.52,71.52,high_C,low_O,C>O,TIE,F,F,F,T,T,TIE
1782666762.849,10272,71.5,71.5,71.52,71.5,high_M,TIE,TIE,TIE,TIE,F,TIE,F,TIE,T
1782666815.16,10273,71.5,71.58,71.48,71.45,high_C,low_P,C>P,C>O>M>P,F,T,T,T,T,T
1782666906.283,10274,71.58,71.59,71.59,71.6,high_P,low_O,P>O,TIE,F,F,F,TIE,F,F
1782666952.008,10275,71.59,71.6,71.6,71.6,TIE,low_O,TIE,TIE,F,F,F,TIE,TIE,TIE
1782667066.782,10276,71.6,71.57,71.62,71.62,TIE,low_C,TIE,TIE,T,F,F,F,F,TIE
1782667138.03,10277,71.57,71.48,71.5,71.5,high_O,low_C,O>C,TIE,T,T,T,F,F,TIE
1782667176.162,10278,71.48,71.44,71.46,71.42,high_O,low_P,O>P,O>M>C>P,T,T,T,F,T,T
1782667209.15,10279,71.44,71.49,71.46,71.46,high_C,low_O,C>O,TIE,F,F,F,T,T,TIE
1782667268.028,10280,71.49,71.48,71.52,71.52,TIE,low_C,TIE,TIE,T,F,F,F,F,TIE
1782667298.458,10281,71.48,71.39,71.41,71.38,high_O,low_P,O>P,O>M>C>P,T,T,T,F,T,T
1782667395.04,10283,71.49,71.49,71.48,71.48,TIE,TIE,TIE,TIE,TIE,T,T,T,T,TIE
1782667483.278,10284,71.49,71.5,71.51,71.52,high_P,low_O,P>O,P>M>C>O,F,F,F,F,F,F
1782667554.723,10285,71.5,71.4,71.46,71.46,high_O,low_C,O>C,TIE,T,T,T,F,F,TIE
1782667579.545,10286,71.4,71.33,71.34,71.33,high_O,TIE,TIE,TIE,T,T,T,F,TIE,T
1782667597.254,10287,71.33,71.36,71.34,71.36,TIE,low_O,TIE,TIE,F,F,F,T,TIE,F
1782667652.024,10288,71.36,71.39,71.38,71.36,high_C,TIE,TIE,TIE,F,F,TIE,T,T,T
1782667708.538,10289,71.39,71.35,71.38,71.39,TIE,low_C,TIE,TIE,T,T,TIE,F,F,F
1782667792.375,10290,71.35,71.31,71.32,71.31,high_O,TIE,TIE,TIE,T,T,T,F,TIE,T
1782667831.433,10291,71.31,71.3,71.3,71.31,TIE,TIE,TIE,TIE,T,T,TIE,TIE,F,F
1782667849.355,10292,71.3,71.34,71.31,71.31,high_C,low_O,C>O,TIE,F,F,F,T,T,TIE
1782667911.824,10293,71.34,71.29,71.33,71.34,TIE,low_C,TIE,TIE,T,T,TIE,F,F,F
1782667943.897,10294,71.29,71.3,71.29,71.29,high_C,TIE,TIE,TIE,F,TIE,TIE,T,T,TIE
1782667978.343,10295,71.3,71.43,71.37,71.38,high_C,low_O,C>O,C>P>M>O,F,F,F,T,T,F
1782668086.308,10296,71.43,71.28,71.36,71.36,high_O,low_C,O>C,TIE,T,T,T,F,F,TIE
1782668103.67,10297,71.28,71.22,71.28,71.24,TIE,low_C,TIE,TIE,T,TIE,T,F,F,T
1782668103.903,10298,71.22,71.17,71.2,71.21,high_O,low_C,O>C,O>P>M>C,T,T,T,F,F,F
1782668104.044,10299,71.17,71.15,71.17,71.17,TIE,low_C,TIE,TIE,T,TIE,TIE,F,F,TIE
1782668104.114,10300,71.15,71.11,71.15,71.15,TIE,low_C,TIE,TIE,T,TIE,TIE,F,F,TIE
1782668104.294,10301,71.11,71.06,71.08,71.08,high_O,low_C,O>C,TIE,T,T,T,F,F,TIE
1782668104.562,10302,71.06,71.1,71.06,71.06,high_C,TIE,TIE,TIE,F,TIE,TIE,T,T,TIE
1782668105.106,10303,71.1,71.06,71.07,71.07,high_O,low_C,O>C,TIE,T,T,T,F,F,TIE
1782668106.5,10304,71.06,71.09,71.06,71.06,high_C,TIE,TIE,TIE,F,TIE,TIE,T,T,TIE
1782668111.537,10305,71.09,71.08,71.08,71.08,high_O,TIE,TIE,TIE,T,T,T,TIE,TIE,TIE
1782668115.754,10306,71.08,71.02,71.04,71.03,high_O,low_C,O>C,O>M>P>C,T,T,T,F,F,T
1782668117.157,10309,71.0,70.95,70.97,70.97,high_O,low_C,O>C,TIE,T,T,T,F,F,TIE
1782668117.159,10310,70.95,70.91,70.92,70.92,high_O,low_C,O>C,TIE,T,T,T,F,F,TIE
1782668117.245,10311,70.91,70.95,70.96,70.96,TIE,low_O,TIE,TIE,F,F,F,F,F,TIE
1782668133.328,10314,70.98,70.98,71.0,71.0,TIE,TIE,TIE,TIE,TIE,F,F,F,F,TIE
1782668195.555,10317,71.0,71.0,71.0,70.97,TIE,low_P,TIE,TIE,TIE,TIE,T,TIE,T,T
1782668219.845,10318,71.0,70.95,70.96,70.95,high_O,TIE,TIE,TIE,T,T,T,F,TIE,T
1782668240.735,10319,70.95,70.99,70.95,70.94,high_C,low_P,C>P,TIE,F,TIE,T,T,T,T
1782668255.159,10320,70.99,70.95,70.95,70.95,high_O,TIE,TIE,TIE,T,T,T,TIE,TIE,TIE
1782668284.322,10321,70.95,70.97,70.95,70.93,high_C,low_P,C>P,TIE,F,TIE,T,T,T,T
1782668325.618,10322,70.97,71.02,71.0,71.01,high_C,low_O,C>O,C>P>M>O,F,F,F,T,T,F
1782668353.944,10323,71.02,71.0,71.01,71.01,high_O,low_C,O>C,TIE,T,T,T,F,F,TIE
1782668371.239,10324,71.0,71.04,71.03,71.01,high_C,low_O,C>O,C>M>P>O,F,F,F,T,T,T
1782668421.064,10325,71.04,71.1,71.06,71.05,high_C,low_O,C>O,C>M>P>O,F,F,F,T,T,T
1782668435.016,10326,71.1,71.11,71.12,71.12,TIE,low_O,TIE,TIE,F,F,F,F,F,TIE
1782668463.893,10328,71.2,71.2,71.19,71.18,TIE,low_P,TIE,TIE,TIE,T,T,T,T,T
1782668512.777,10329,71.2,71.22,71.2,71.2,high_C,TIE,TIE,TIE,F,TIE,TIE,T,T,TIE
1782668552.364,10330,71.22,71.21,71.21,71.21,high_O,TIE,TIE,TIE,T,T,T,TIE,TIE,TIE
1782668586.811,10331,71.21,71.27,71.24,71.24,high_C,low_O,C>O,TIE,F,F,F,T,T,TIE
1782668646.056,10332,71.27,71.32,71.27,71.27,high_C,TIE,TIE,TIE,F,TIE,TIE,T,T,TIE
1782668688.002,10333,71.32,71.25,71.31,71.31,high_O,low_C,O>C,TIE,T,T,T,F,F,TIE
1782668722.841,10334,71.25,71.29,71.29,71.29,TIE,low_O,TIE,TIE,F,F,F,TIE,TIE,TIE
1782668803.075,10335,71.29,71.32,71.3,71.3,high_C,low_O,C>O,TIE,F,F,F,T,T,TIE
1782668819.554,10336,71.32,71.38,71.38,71.38,TIE,low_O,TIE,TIE,F,F,F,TIE,TIE,TIE
1782668847.156,10337,71.38,71.42,71.37,71.4,high_C,low_M,C>M,C>P>O>M,F,T,F,T,T,F
1782668927.306,10338,71.42,71.34,71.39,71.4,high_O,low_C,O>C,O>P>M>C,T,T,T,F,F,F
1782668974.42,10339,71.34,71.35,71.34,71.34,high_C,TIE,TIE,TIE,F,TIE,TIE,T,T,TIE
1782669052.835,10340,71.35,71.39,71.39,71.39,TIE,low_O,TIE,TIE,F,F,F,TIE,TIE,TIE
1782669133.929,10342,71.47,71.47,71.47,71.47,TIE,TIE,TIE,TIE,TIE,TIE,TIE,TIE,TIE,TIE
1782669181.001,10343,71.47,71.51,71.5,71.51,TIE,low_O,TIE,TIE,F,F,F,T,TIE,F
1782669187.15,10344,71.51,71.56,71.55,71.56,TIE,low_O,TIE,TIE,F,F,F,T,TIE,F
1782669253.519,10345,71.56,71.49,71.53,71.55,high_O,low_C,O>C,O>P>M>C,T,T,T,F,F,F
1782669330.954,10346,71.49,71.57,71.5,71.49,high_C,TIE,TIE,TIE,F,F,TIE,T,T,T
1782669471.757,10348,71.58,71.58,71.61,71.61,TIE,TIE,TIE,TIE,TIE,F,F,F,F,TIE
1782669543.991,10349,71.58,71.55,71.57,71.59,high_P,low_C,P>C,P>O>M>C,T,T,F,F,F,F
1782669611.061,10350,71.55,71.5,71.5,71.49,high_O,low_P,O>P,TIE,T,T,T,TIE,T,T
1782669631.545,10351,71.5,71.49,71.5,71.5,TIE,low_C,TIE,TIE,T,TIE,TIE,F,F,TIE
1782669676.624,10352,71.49,71.54,71.53,71.54,TIE,low_O,TIE,TIE,F,F,F,T,TIE,F
1782669738.256,10353,71.54,71.58,71.55,71.55,high_C,low_O,C>O,TIE,F,F,F,T,T,TIE
1782669748.495,10354,71.58,71.63,71.6,71.6,high_C,low_O,C>O,TIE,F,F,F,T,T,TIE
1782669785.066,10355,71.63,71.66,71.63,71.63,high_C,TIE,TIE,TIE,F,TIE,TIE,T,T,TIE
1782669819.161,10356,71.66,71.62,71.66,71.66,TIE,low_C,TIE,TIE,T,TIE,TIE,F,F,TIE
1782669871.401,10357,71.62,71.55,71.6,71.6,high_O,low_C,O>C,TIE,T,T,T,F,F,TIE
1782669971.462,10358,71.55,71.5,71.54,71.55,TIE,low_C,TIE,TIE,T,T,TIE,F,F,F
1782670137.4,10360,71.56,71.56,71.53,71.48,TIE,low_P,TIE,TIE,TIE,T,T,T,T,T
1782670194.082,10361,71.56,71.51,71.52,71.52,high_O,low_C,O>C,TIE,T,T,T,F,F,TIE
1782670253.219,10362,71.51,71.45,71.45,71.45,high_O,TIE,TIE,TIE,T,T,T,TIE,TIE,TIE
1782670331.726,10363,71.45,71.42,71.41,71.39,high_O,low_P,O>P,O>C>M>P,T,T,T,T,T,T
1782670442.175,10364,71.42,71.34,71.38,71.37,high_O,low_C,O>C,O>M>P>C,T,T,T,F,F,T
1782670564.307,10365,71.34,71.36,71.33,71.33,high_C,TIE,TIE,TIE,F,T,T,T,T,TIE
1782670636.922,10366,71.36,71.29,71.28,71.28,high_O,TIE,TIE,TIE,T,T,T,T,T,TIE
1782670738.487,10367,71.29,71.33,71.27,71.26,high_C,low_P,C>P,C>O>M>P,F,T,T,T,T,T
1782670795.1,10368,71.33,71.32,71.31,71.31,high_O,TIE,TIE,TIE,T,T,T,T,T,TIE
1782670814.352,10369,71.32,71.28,71.33,71.32,high_M,low_C,M>C,TIE,T,F,TIE,F,F,T
1782670962.19,10370,71.28,71.3,71.28,71.27,high_C,low_P,C>P,TIE,F,TIE,T,T,T,T
1782671047.936,10371,71.3,71.29,71.28,71.28,high_O,TIE,TIE,TIE,T,T,T,T,T,TIE
1782671159.747,10372,71.29,71.32,71.31,71.33,high_P,low_O,P>O,P>C>M>O,F,F,F,T,F,F
1782671212.466,10373,71.32,71.2,71.23,71.23,high_O,low_C,O>C,TIE,T,T,T,F,F,TIE
1782671255.009,10374,71.2,71.19,71.14,71.11,high_O,low_P,O>P,O>C>M>P,T,T,T,T,T,T
1782671337.35,10375,71.19,71.17,71.17,71.15,high_O,low_P,O>P,TIE,T,T,T,TIE,T,T
1782671413.283,10376,71.17,71.19,71.17,71.17,high_C,TIE,TIE,TIE,F,TIE,TIE,T,T,TIE
1782671449.351,10377,71.19,71.18,71.19,71.21,high_P,low_C,P>C,TIE,T,TIE,F,F,F,F
1782671499.523,10378,71.18,71.15,71.16,71.16,high_O,low_C,O>C,TIE,T,T,T,F,F,TIE
1782671602.806,10379,71.15,71.09,71.17,71.18,high_P,low_C,P>C,P>M>O>C,T,F,F,F,F,F
1782671602.821,10380,71.09,71.08,71.07,71.07,high_O,TIE,TIE,TIE,T,T,T,T,T,TIE
1782671637.433,10381,71.08,71.02,71.07,71.06,high_O,low_C,O>C,O>M>P>C,T,T,T,F,F,T
1782671665.591,10382,71.02,71.03,71.01,71.0,high_C,low_P,C>P,C>O>M>P,F,T,T,T,T,T
1782671763.107,10384,71.0,71.0,71.01,71.01,TIE,TIE,TIE,TIE,TIE,F,F,F,F,TIE
1782671807.599,10385,71.0,70.97,70.98,70.97,high_O,TIE,TIE,TIE,T,T,T,F,TIE,T
1782671863.018,10386,70.97,71.05,71.01,70.97,high_C,TIE,TIE,TIE,F,F,TIE,T,T,T
1782672010.496,10387,71.05,71.03,71.05,71.02,TIE,low_P,TIE,TIE,T,TIE,T,F,T,T
1782672085.192,10388,71.03,71.1,71.05,71.1,TIE,low_O,TIE,TIE,F,F,F,T,TIE,F
1782672139.967,10389,71.1,71.12,71.13,71.13,TIE,low_O,TIE,TIE,F,F,F,F,F,TIE
1782672286.891,10390,71.12,71.11,71.1,71.1,high_O,TIE,TIE,TIE,T,T,T,T,T,TIE
1782672303.603,10391,71.11,71.07,71.11,71.11,TIE,low_C,TIE,TIE,T,TIE,TIE,F,F,TIE
1782672470.367,10392,71.07,71.08,71.09,71.1,high_P,low_O,P>O,P>M>C>O,F,F,F,F,F,F
1782672557.765,10393,71.08,70.98,71.02,71.0,high_O,low_C,O>C,O>M>P>C,T,T,T,F,F,T
1782672559.263,10394,70.98,70.95,70.97,70.97,high_O,low_C,O>C,TIE,T,T,T,F,F,TIE
1782672628.842,10395,70.95,71.02,70.96,70.96,high_C,low_O,C>O,TIE,F,F,F,T,T,TIE
1782672761.368,10397,71.04,71.04,71.0,71.0,TIE,TIE,TIE,TIE,TIE,T,T,T,T,TIE
1782672892.434,10399,71.1,71.1,71.11,71.11,TIE,TIE,TIE,TIE,TIE,F,F,F,F,TIE
1782672938.905,10400,71.1,71.03,71.05,71.04,high_O,low_C,O>C,O>M>P>C,T,T,T,F,F,T
1782672998.538,10401,71.03,71.15,71.14,71.15,TIE,low_O,TIE,TIE,F,F,F,T,TIE,F
1782673088.935,10403,71.23,71.23,71.24,71.24,TIE,TIE,TIE,TIE,TIE,F,F,F,F,TIE
1782673145.54,10404,71.23,71.14,71.16,71.16,high_O,low_C,O>C,TIE,T,T,T,F,F,TIE
1782673246.316,10405,71.14,71.11,71.12,71.11,high_O,TIE,TIE,TIE,T,T,T,F,TIE,T
1782673330.386,10406,71.11,71.0,71.06,71.03,high_O,low_C,O>C,O>M>P>C,T,T,T,F,F,T
1782673378.446,10407,71.0,70.94,70.97,70.98,high_O,low_C,O>C,O>P>M>C,T,T,T,F,F,F
1782673379.244,10408,70.94,70.88,70.9,70.9,high_O,low_C,O>C,TIE,T,T,T,F,F,TIE
1782673379.263,10409,70.88,70.84,70.85,70.85,high_O,low_C,O>C,TIE,T,T,T,F,F,TIE
1782673379.307,10410,70.84,70.83,70.84,70.84,TIE,low_C,TIE,TIE,T,TIE,TIE,F,F,TIE
1782673380.683,10411,70.83,70.88,70.87,70.87,high_C,low_O,C>O,TIE,F,F,F,T,T,TIE
1782673382.055,10412,70.88,70.82,70.84,70.84,high_O,low_C,O>C,TIE,T,T,T,F,F,TIE
1782673382.072,10413,70.82,70.79,70.81,70.81,high_O,low_C,O>C,TIE,T,T,T,F,F,TIE
1782673383.971,10414,70.79,70.82,70.8,70.79,high_C,TIE,TIE,TIE,F,F,TIE,T,T,T
1782673384.073,10415,70.82,70.81,70.8,70.79,high_O,low_P,O>P,O>C>M>P,T,T,T,T,T,T
1782673402.074,10416,70.81,70.89,70.85,70.85,high_C,low_O,C>O,TIE,F,F,F,T,T,TIE
1782673446.863,10417,70.89,70.86,70.86,70.85,high_O,low_P,O>P,TIE,T,T,T,TIE,T,T
1782673539.972,10418,70.86,70.92,70.88,70.86,high_C,TIE,TIE,TIE,F,F,TIE,T,T,T
1782673810.073,10420,71.0,71.0,71.0,71.0,TIE,TIE,TIE,TIE,TIE,TIE,TIE,TIE,TIE,TIE
1782674015.852,10422,71.05,71.05,71.04,71.01,TIE,low_P,TIE,TIE,TIE,T,T,T,T,T
1782674196.655,10423,71.05,70.97,71.02,71.01,high_O,low_C,O>C,O>M>P>C,T,T,T,F,F,T
1782674308.49,10424,70.97,70.98,70.95,70.93,high_C,low_P,C>P,C>O>M>P,F,T,T,T,T,T
1782674433.073,10425,70.98,70.91,70.94,70.91,high_O,TIE,TIE,TIE,T,T,T,F,TIE,T
1782674474.314,10426,70.91,70.96,70.9,70.9,high_C,TIE,TIE,TIE,F,T,T,T,T,TIE
1782674520.711,10427,70.96,70.99,70.97,70.96,high_C,TIE,TIE,TIE,F,F,TIE,T,T,T
1782674558.811,10428,70.99,70.92,70.91,70.9,high_O,low_P,O>P,O>C>M>P,T,T,T,T,T,T
1782674709.842,10429,70.92,70.93,70.94,70.93,high_M,low_O,M>O,TIE,F,F,F,F,TIE,T
1782674816.95,10430,70.93,70.98,70.99,70.99,TIE,low_O,TIE,TIE,F,F,F,F,F,TIE
1782674961.591,10431,70.98,70.94,70.95,70.93,high_O,low_P,O>P,O>M>C>P,T,T,T,F,T,T
1782675073.624,10434,71.07,71.07,71.07,71.07,TIE,TIE,TIE,TIE,TIE,TIE,TIE,TIE,TIE,TIE
1782675107.834,10435,71.07,71.13,71.09,71.07,high_C,TIE,TIE,TIE,F,F,TIE,T,T,T
1782675121.227,10436,71.13,71.23,71.22,71.23,TIE,low_O,TIE,TIE,F,F,F,T,TIE,F
1782675144.676,10437,71.23,71.28,71.23,71.23,high_C,TIE,TIE,TIE,F,TIE,TIE,T,T,TIE
1782675209.999,10438,71.28,71.21,71.23,71.24,high_O,low_C,O>C,O>P>M>C,T,T,T,F,F,F
1782675272.406,10439,71.21,71.15,71.17,71.17,high_O,low_C,O>C,TIE,T,T,T,F,F,TIE
1782675330.285,10440,71.15,71.02,71.1,71.09,high_O,low_C,O>C,O>M>P>C,T,T,T,F,F,T
1782675372.974,10441,71.02,71.03,71.01,71.0,high_C,low_P,C>P,C>O>M>P,F,T,T,T,T,T
1782675439.749,10442,71.03,70.95,70.99,70.99,high_O,low_C,O>C,TIE,T,T,T,F,F,TIE
1782675439.75,10443,70.95,70.93,70.94,70.93,high_O,TIE,TIE,TIE,T,T,T,F,TIE,T
1782675439.751,10444,70.93,70.9,70.92,70.92,high_O,low_C,O>C,TIE,T,T,T,F,F,TIE
1782675442.743,10445,70.9,70.92,70.9,70.9,high_C,TIE,TIE,TIE,F,TIE,TIE,T,T,TIE
1782675501.786,10446,70.92,70.88,70.92,70.92,TIE,low_C,TIE,TIE,T,TIE,TIE,F,F,TIE
1782675558.517,10447,70.88,70.92,70.88,70.88,high_C,TIE,TIE,TIE,F,TIE,TIE,T,T,TIE
1782675562.052,10448,70.92,70.87,70.88,70.88,high_O,low_C,O>C,TIE,T,T,T,F,F,TIE
1782675562.131,10449,70.87,70.86,70.86,70.87,TIE,TIE,TIE,TIE,T,T,TIE,TIE,F,F
1782675653.903,10450,70.86,70.9,70.89,70.89,high_C,low_O,C>O,TIE,F,F,F,T,T,TIE
1782675694.359,10451,70.9,70.88,70.88,70.88,high_O,TIE,TIE,TIE,T,T,T,TIE,TIE,TIE
1782675730.514,10452,70.88,70.82,70.86,70.86,high_O,low_C,O>C,TIE,T,T,T,F,F,TIE
1782675746.159,10453,70.82,70.8,70.82,70.82,TIE,low_C,TIE,TIE,T,TIE,TIE,F,F,TIE
1782675779.959,10454,70.8,70.78,70.8,70.78,TIE,TIE,TIE,TIE,T,TIE,T,F,TIE,T
1782675826.458,10455,70.78,70.75,70.77,70.78,TIE,low_C,TIE,TIE,T,T,TIE,F,F,F
1782675847.529,10456,70.75,70.78,70.75,70.75,high_C,TIE,TIE,TIE,F,TIE,TIE,T,T,TIE
1782675920.882,10457,70.78,70.7,70.76,70.76,high_O,low_C,O>C,TIE,T,T,T,F,F,TIE
1782675925.284,10458,70.7,70.71,70.7,70.71,TIE,TIE,TIE,TIE,F,TIE,F,T,TIE,F
1782675944.594,10459,70.71,70.67,70.67,70.67,high_O,TIE,TIE,TIE,T,T,T,TIE,TIE,TIE
1782675952.158,10460,70.67,70.65,70.67,70.67,TIE,low_C,TIE,TIE,T,TIE,TIE,F,F,TIE
1782675958.84,10461,70.65,70.64,70.65,70.65,TIE,low_C,TIE,TIE,T,TIE,TIE,F,F,TIE
1782675973.157,10462,70.64,70.61,70.63,70.62,high_O,low_C,O>C,O>M>P>C,T,T,T,F,F,T
1782675973.295,10463,70.61,70.59,70.61,70.61,TIE,low_C,TIE,TIE,T,TIE,TIE,F,F,TIE
1782676007.245,10465,70.58,70.58,70.61,70.62,high_P,TIE,TIE,TIE,TIE,F,F,F,F,F
1782676021.544,10466,70.58,70.54,70.55,70.55,high_O,low_C,O>C,TIE,T,T,T,F,F,TIE
1782676026.626,10467,70.54,70.52,70.53,70.53,high_O,low_C,O>C,TIE,T,T,T,F,F,TIE
1782676027.571,10468,70.52,70.49,70.5,70.5,high_O,low_C,O>C,TIE,T,T,T,F,F,TIE
1782676028.609,10469,70.49,70.52,70.48,70.46,high_C,low_P,C>P,C>O>M>P,F,T,T,T,T,T
1782676029.91,10470,70.52,70.49,70.5,70.49,high_O,TIE,TIE,TIE,T,T,T,F,TIE,T
1782676032.44,10471,70.49,70.47,70.48,70.48,high_O,low_C,O>C,TIE,T,T,T,F,F,TIE
1782676034.35,10472,70.47,70.46,70.47,70.47,TIE,low_C,TIE,TIE,T,TIE,TIE,F,F,TIE
1782676052.363,10473,70.46,70.5,70.46,70.45,high_C,low_P,C>P,TIE,F,TIE,T,T,T,T
1782676054.863,10474,70.5,70.44,70.48,70.49,high_O,low_C,O>C,O>P>M>C,T,T,T,F,F,F
1782676056.061,10475,70.44,70.42,70.42,70.42,high_O,TIE,TIE,TIE,T,T,T,TIE,TIE,TIE
1782676057.519,10476,70.42,70.41,70.43,70.43,TIE,low_C,TIE,TIE,T,F,F,F,F,TIE
1782676062.821,10477,70.41,70.42,70.42,70.41,TIE,TIE,TIE,TIE,F,F,TIE,TIE,T,T
1782676063.535,10478,70.42,70.32,70.37,70.35,high_O,low_C,O>C,O>M>P>C,T,T,T,F,F,T
1782676063.835,10479,70.32,70.34,70.32,70.3,high_C,low_P,C>P,TIE,F,TIE,T,T,T,T
1782676063.946,10480,70.34,70.3,70.34,70.34,TIE,low_C,TIE,TIE,T,TIE,TIE,F,F,TIE
1782676064.219,10481,70.3,70.28,70.3,70.3,TIE,low_C,TIE,TIE,T,TIE,TIE,F,F,TIE
1782676066.819,10483,70.31,70.31,70.32,70.31,high_M,TIE,TIE,TIE,TIE,F,TIE,F,TIE,T
1782676070.094,10484,70.31,70.24,70.26,70.26,high_O,low_C,O>C,TIE,T,T,T,F,F,TIE
1782676071.379,10485,70.24,70.22,70.23,70.24,TIE,low_C,TIE,TIE,T,T,TIE,F,F,F
1782676072.054,10486,70.22,70.21,70.21,70.21,high_O,TIE,TIE,TIE,T,T,T,TIE,TIE,TIE
1782676075.19,10487,70.21,70.25,70.22,70.2,high_C,low_P,C>P,C>M>O>P,F,F,T,T,T,T
1782676080.637,10488,70.25,70.33,70.28,70.28,high_C,low_O,C>O,TIE,F,F,F,T,T,TIE
1782676100.74,10489,70.33,70.38,70.39,70.38,high_M,low_O,M>O,TIE,F,F,F,F,TIE,T
1782676127.094,10490,70.38,70.37,70.39,70.4,high_P,low_C,P>C,P>M>O>C,T,F,F,F,F,F
1782676135.619,10491,70.37,70.46,70.44,70.45,high_C,low_O,C>O,C>P>M>O,F,F,F,T,T,F
1782676139.764,10492,70.46,70.45,70.47,70.48,high_P,low_C,P>C,P>M>O>C,T,F,F,F,F,F
1782676162.125,10493,70.45,70.49,70.5,70.51,high_P,low_O,P>O,P>M>C>O,F,F,F,F,F,F
1782676188.561,10494,70.49,70.51,70.53,70.51,high_M,low_O,M>O,TIE,F,F,F,F,TIE,T
1782676230.624,10495,70.51,70.45,70.49,70.49,high_O,low_C,O>C,TIE,T,T,T,F,F,TIE
1782676271.02,10496,70.45,70.46,70.47,70.46,high_M,low_O,M>O,TIE,F,F,F,F,TIE,T
1782676298.743,10497,70.46,70.47,70.45,70.44,high_C,low_P,C>P,C>O>M>P,F,T,T,T,T,T
1782676351.642,10498,70.47,70.51,70.51,70.51,TIE,low_O,TIE,TIE,F,F,F,TIE,TIE,TIE
1782676361.508,10499,70.51,70.47,70.49,70.49,high_O,low_C,O>C,TIE,T,T,T,F,F,TIE
1782676384.826,10500,70.47,70.41,70.43,70.41,high_O,TIE,TIE,TIE,T,T,T,F,TIE,T
1782676384.827,10501,70.41,70.38,70.4,70.41,TIE,low_C,TIE,TIE,T,T,TIE,F,F,F
1782676400.758,10502,70.38,70.4,70.39,70.39,high_C,low_O,C>O,TIE,F,F,F,T,T,TIE
1782676445.945,10503,70.4,70.56,70.48,70.47,high_C,low_O,C>O,C>M>P>O,F,F,F,T,T,T
1782676472.869,10504,70.56,70.62,70.59,70.59,high_C,low_O,C>O,TIE,F,F,F,T,T,TIE
1782676504.636,10505,70.62,70.64,70.63,70.62,high_C,TIE,TIE,TIE,F,F,TIE,T,T,T
1782676548.864,10506,70.63,70.6,70.59,70.58,high_O,low_P,O>P,O>C>M>P,T,T,T,T,T,T
1782676611.152,10507,70.6,70.62,70.61,70.61,high_C,low_O,C>O,TIE,F,F,F,T,T,TIE
1782676686.795,10508,70.62,70.64,70.6,70.58,high_C,low_P,C>P,C>O>M>P,F,T,T,T,T,T
1782676759.624,10509,70.64,70.71,70.67,70.64,high_C,TIE,TIE,TIE,F,F,TIE,T,T,T
1782676877.742,10511,70.68,70.68,70.69,70.7,high_P,TIE,TIE,TIE,TIE,F,F,F,F,F
1782676911.65,10512,70.68,70.72,70.7,70.7,high_C,low_O,C>O,TIE,F,F,F,T,T,TIE
1782676928.786,10513,70.72,70.68,70.73,70.72,high_M,low_C,M>C,TIE,T,F,TIE,F,F,T
1782677095.99,10515,70.75,70.75,70.75,70.75,TIE,TIE,TIE,TIE,TIE,TIE,TIE,TIE,TIE,TIE
1782677180.376,10516,70.75,70.77,70.77,70.77,TIE,low_O,TIE,TIE,F,F,F,TIE,TIE,TIE
1782677294.546,10517,70.77,70.74,70.76,70.76,high_O,low_C,O>C,TIE,T,T,T,F,F,TIE
1782677396.736,10518,70.74,70.68,70.7,70.74,TIE,low_C,TIE,TIE,T,T,TIE,F,F,F
1782677482.424,10519,70.68,70.76,70.72,70.69,high_C,low_O,C>O,C>M>P>O,F,F,F,T,T,T
1782677582.346,10520,70.76,70.81,70.76,70.76,high_C,TIE,TIE,TIE,F,TIE,TIE,T,T,TIE
1782677582.346,10521,70.81,70.83,70.82,70.82,high_C,low_O,C>O,TIE,F,F,F,T,T,TIE
1782677603.458,10522,70.83,70.88,70.83,70.83,high_C,TIE,TIE,TIE,F,TIE,TIE,T,T,TIE
1782677607.733,10523,70.88,70.92,70.9,70.88,high_C,TIE,TIE,TIE,F,F,TIE,T,T,T
1782677616.607,10524,70.92,70.98,70.99,71.0,high_P,low_O,P>O,P>M>C>O,F,F,F,F,F,F
1782677641.518,10525,70.98,70.97,70.96,70.96,high_O,TIE,TIE,TIE,T,T,T,T,T,TIE
1782677641.52,10526,70.97,71.0,70.98,70.98,high_C,low_O,C>O,TIE,F,F,F,T,T,TIE
1782677641.739,10527,71.0,71.02,71.0,71.0,high_C,TIE,TIE,TIE,F,TIE,TIE,T,T,TIE
1782677662.914,10529,71.07,71.07,71.09,71.09,TIE,TIE,TIE,TIE,TIE,F,F,F,F,TIE
1782677706.953,10530,71.07,71.01,71.05,71.04,high_O,low_C,O>C,O>M>P>C,T,T,T,F,F,T
1782677719.268,10531,71.01,71.1,71.09,71.1,TIE,low_O,TIE,TIE,F,F,F,T,TIE,F
1782677724.612,10532,71.1,71.19,71.14,71.1,high_C,TIE,TIE,TIE,F,F,TIE,T,T,T
1782677727.952,10533,71.19,71.25,71.2,71.2,high_C,low_O,C>O,TIE,F,F,F,T,T,TIE
1782677747.617,10534,71.25,71.09,71.14,71.1,high_O,low_C,O>C,O>M>P>C,T,T,T,F,F,T
1782677770.802,10535,71.09,71.08,71.07,71.07,high_O,TIE,TIE,TIE,T,T,T,T,T,TIE
1782677813.642,10536,71.08,71.04,71.06,71.04,high_O,TIE,TIE,TIE,T,T,T,F,TIE,T
1782677850.62,10537,71.04,71.07,71.07,71.04,TIE,TIE,TIE,TIE,F,F,TIE,TIE,T,T
1782677897.769,10538,71.07,71.09,71.09,71.07,TIE,TIE,TIE,TIE,F,F,TIE,TIE,T,T
1782677976.487,10539,71.09,71.08,71.1,71.1,TIE,low_C,TIE,TIE,T,F,F,F,F,TIE
1782678040.519,10540,71.08,71.1,71.08,71.08,high_C,TIE,TIE,TIE,F,TIE,TIE,T,T,TIE
1782678129.785,10541,71.1,71.01,71.08,71.08,high_O,low_C,O>C,TIE,T,T,T,F,F,TIE
1782678129.822,10542,71.01,71.0,71.0,71.0,high_O,TIE,TIE,TIE,T,T,T,TIE,TIE,TIE
1782678164.595,10543,71.0,71.01,71.0,71.0,high_C,TIE,TIE,TIE,F,TIE,TIE,T,T,TIE
1782678232.205,10544,71.01,71.08,71.07,71.07,high_C,low_O,C>O,TIE,F,F,F,T,T,TIE
1782678307.869,10545,71.08,71.12,71.1,71.12,TIE,low_O,TIE,TIE,F,F,F,T,TIE,F
1782678339.007,10546,71.12,71.11,71.14,71.14,TIE,low_C,TIE,TIE,T,F,F,F,F,TIE
1782678431.876,10547,71.11,70.99,71.04,70.99,high_O,TIE,TIE,TIE,T,T,T,F,TIE,T
1782678462.605,10548,70.99,71.02,71.01,71.02,TIE,low_O,TIE,TIE,F,F,F,T,TIE,F
1782678549.707,10549,71.02,71.01,71.02,71.02,TIE,low_C,TIE,TIE,T,TIE,TIE,F,F,TIE
1782678636.107,10550,71.01,70.98,70.98,70.98,high_O,TIE,TIE,TIE,T,T,T,TIE,TIE,TIE
1782678654.374,10551,70.98,70.96,70.97,70.96,high_O,TIE,TIE,TIE,T,T,T,F,TIE,T
1782678894.331,10554,70.92,70.92,70.91,70.91,TIE,TIE,TIE,TIE,TIE,T,T,T,T,TIE
1782678926.29,10555,70.92,70.94,70.94,70.93,TIE,low_O,TIE,TIE,F,F,F,TIE,T,T
1782678943.771,10556,70.94,70.84,70.9,70.9,high_O,low_C,O>C,TIE,T,T,T,F,F,TIE
1782678948.724,10557,70.84,70.8,70.84,70.84,TIE,low_C,TIE,TIE,T,TIE,TIE,F,F,TIE
1782678953.492,10558,70.8,70.79,70.78,70.78,high_O,TIE,TIE,TIE,T,T,T,T,T,TIE
1782678956.349,10559,70.79,70.75,70.77,70.77,high_O,low_C,O>C,TIE,T,T,T,F,F,TIE
1782678964.671,10560,70.75,70.73,70.74,70.73,high_O,TIE,TIE,TIE,T,T,T,F,TIE,T
1782678966.226,10561,70.73,70.78,70.76,70.75,high_C,low_O,C>O,C>M>P>O,F,F,F,T,T,T
1782678969.261,10562,70.78,70.87,70.86,70.87,TIE,low_O,TIE,TIE,F,F,F,T,TIE,F
1782678973.199,10563,70.87,70.82,70.83,70.82,high_O,TIE,TIE,TIE,T,T,T,F,TIE,T
1782678993.31,10564,70.82,70.78,70.78,70.8,high_O,TIE,TIE,TIE,T,T,T,TIE,F,F
1782679058.732,10565,70.78,70.76,70.79,70.76,high_M,TIE,TIE,TIE,T,F,T,F,TIE,T
1782679154.097,10567,70.75,70.75,70.74,70.75,TIE,low_M,TIE,TIE,TIE,T,TIE,T,TIE,F
1782679284.467,10568,70.75,70.72,70.72,70.72,high_O,TIE,TIE,TIE,T,T,T,TIE,TIE,TIE
1782679371.29,10569,70.72,70.75,70.72,70.72,high_C,TIE,TIE,TIE,F,TIE,TIE,T,T,TIE
1782679492.988,10570,70.75,70.71,70.7,70.69,high_O,low_P,O>P,O>C>M>P,T,T,T,T,T,T
1782679571.645,10571,70.71,70.67,70.71,70.71,TIE,low_C,TIE,TIE,T,TIE,TIE,F,F,TIE
1782679621.377,10572,70.67,70.72,70.66,70.63,high_C,low_P,C>P,C>O>M>P,F,T,T,T,T,T
1782679715.328,10573,70.72,70.78,70.75,70.74,high_C,low_O,C>O,C>M>P>O,F,F,F,T,T,T
1782679726.108,10574,70.78,70.85,70.8,70.8,high_C,low_O,C>O,TIE,F,F,F,T,T,TIE
1782679834.016,10575,70.85,70.76,70.83,70.81,high_O,low_C,O>C,O>M>P>C,T,T,T,F,F,T
1782679907.648,10576,70.76,70.72,70.77,70.77,TIE,low_C,TIE,TIE,T,F,F,F,F,TIE
1782680038.318,10577,70.72,70.82,70.74,70.81,high_C,low_O,C>O,C>P>M>O,F,F,F,T,T,F
1782680218.944,10578,70.82,70.88,70.83,70.82,high_C,TIE,TIE,TIE,F,F,TIE,T,T,T
1782680328.479,10579,70.88,70.9,70.89,70.89,high_C,low_O,C>O,TIE,F,F,F,T,T,TIE
1782680428.175,10580,70.9,70.83,70.87,70.87,high_O,low_C,O>C,TIE,T,T,T,F,F,TIE
1782680595.197,10581,70.83,70.78,70.83,70.83,TIE,low_C,TIE,TIE,T,TIE,TIE,F,F,TIE
1782680710.939,10582,70.78,70.77,70.79,70.79,TIE,low_C,TIE,TIE,T,F,F,F,F,TIE
1782680827.051,10583,70.77,70.83,70.83,70.85,high_P,low_O,P>O,TIE,F,F,F,TIE,F,F
1782681036.005,10584,70.83,70.89,70.88,70.88,high_C,low_O,C>O,TIE,F,F,F,T,T,TIE
1782681083.058,10585,70.89,70.83,70.87,70.87,high_O,low_C,O>C,TIE,T,T,T,F,F,TIE
1782681181.075,10586,70.83,70.76,70.81,70.81,high_O,low_C,O>C,TIE,T,T,T,F,F,TIE
1782681200.399,10587,70.76,70.7,70.71,70.71,high_O,low_C,O>C,TIE,T,T,T,F,F,TIE
1782681206.853,10588,70.7,70.6,70.62,70.62,high_O,low_C,O>C,TIE,T,T,T,F,F,TIE
1782681212.429,10589,70.6,70.67,70.63,70.63,high_C,low_O,C>O,TIE,F,F,F,T,T,TIE
1782681292.678,10590,70.67,70.78,70.73,70.73,high_C,low_O,C>O,TIE,F,F,F,T,T,TIE
1782681437.478,10591,70.78,70.72,70.72,70.71,high_O,low_P,O>P,TIE,T,T,T,TIE,T,T
1782681504.734,10592,70.72,70.71,70.67,70.68,high_O,low_M,O>M,O>C>P>M,T,T,T,T,T,F
1782681696.925,10593,70.71,70.75,70.73,70.71,high_C,TIE,TIE,TIE,F,F,TIE,T,T,T
1782681742.993,10594,70.75,70.64,70.7,70.7,high_O,low_C,O>C,TIE,T,T,T,F,F,TIE
1782681866.898,10595,70.64,70.74,70.73,70.73,high_C,low_O,C>O,TIE,F,F,F,T,T,TIE
1782681941.53,10596,70.74,70.73,70.74,70.72,TIE,low_P,TIE,TIE,T,TIE,T,F,T,T
1782681954.904,10597,70.73,70.78,70.76,70.78,TIE,low_O,TIE,TIE,F,F,F,T,TIE,F
1782682105.583,10599,70.8,70.8,70.8,70.8,TIE,TIE,TIE,TIE,TIE,TIE,TIE,TIE,TIE,TIE
1782682245.67,10600,70.8,70.82,70.8,70.8,high_C,TIE,TIE,TIE,F,TIE,TIE,T,T,TIE
1782682311.225,10601,70.82,70.88,70.84,70.83,high_C,low_O,C>O,C>M>P>O,F,F,F,T,T,T
1782682374.68,10602,70.88,70.89,70.89,70.9,high_P,low_O,P>O,TIE,F,F,F,TIE,F,F
1782682446.035,10603,70.89,70.93,70.92,70.93,TIE,low_O,TIE,TIE,F,F,F,T,TIE,F
1782682516.048,10604,70.93,70.94,70.95,70.96,high_P,low_O,P>O,P>M>C>O,F,F,F,F,F,F
1782682612.923,10605,70.94,70.99,70.99,70.99,TIE,low_O,TIE,TIE,F,F,F,TIE,TIE,TIE
1782682639.204,10606,70.99,70.94,70.99,70.99,TIE,low_C,TIE,TIE,T,TIE,TIE,F,F,TIE
1782682803.487,10608,70.81,70.81,70.84,70.85,high_P,TIE,TIE,TIE,TIE,F,F,F,F,F
1782682834.294,10609,70.81,70.8,70.81,70.8,TIE,TIE,TIE,TIE,T,TIE,T,F,TIE,T
1782682958.279,10610,70.8,70.82,70.81,70.81,high_C,low_O,C>O,TIE,F,F,F,T,T,TIE
1782683065.457,10611,70.82,70.71,70.71,70.71,high_O,TIE,TIE,TIE,T,T,T,TIE,TIE,TIE
1782683155.125,10612,70.71,70.74,70.73,70.71,high_C,TIE,TIE,TIE,F,F,TIE,T,T,T
1782683204.177,10613,70.74,70.57,70.66,70.66,high_O,low_C,O>C,TIE,T,T,T,F,F,TIE
1782683211.282,10614,70.57,70.46,70.53,70.56,high_O,low_C,O>C,O>P>M>C,T,T,T,F,F,F
1782683220.618,10615,70.46,70.5,70.49,70.46,high_C,TIE,TIE,TIE,F,F,TIE,T,T,T
1782683224.88,10616,70.5,70.41,70.45,70.43,high_O,low_C,O>C,O>M>P>C,T,T,T,F,F,T
1782683240.691,10617,70.41,70.49,70.44,70.44,high_C,low_O,C>O,TIE,F,F,F,T,T,TIE
1782683257.247,10618,70.49,70.44,70.44,70.41,high_O,low_P,O>P,TIE,T,T,T,TIE,T,T
1782683267.725,10619,70.44,70.49,70.47,70.47,high_C,low_O,C>O,TIE,F,F,F,T,T,TIE
1782683308.324,10620,70.49,70.43,70.46,70.43,high_O,TIE,TIE,TIE,T,T,T,F,TIE,T
1782683374.422,10621,70.43,70.41,70.43,70.41,TIE,TIE,TIE,TIE,T,TIE,T,F,TIE,T
1782683385.882,10622,70.41,70.31,70.38,70.41,TIE,low_C,TIE,TIE,T,T,TIE,F,F,F
1782683408.328,10624,70.24,70.24,70.23,70.23,TIE,TIE,TIE,TIE,TIE,T,T,T,T,TIE
1782683423.15,10625,70.24,70.41,70.36,70.38,high_C,low_O,C>O,C>P>M>O,F,F,F,T,T,F
1782683423.165,10626,70.41,70.47,70.43,70.42,high_C,low_O,C>O,C>M>P>O,F,F,F,T,T,T
1782683436.584,10627,70.47,70.35,70.41,70.33,high_O,low_P,O>P,O>M>C>P,T,T,T,F,T,T
1782683465.689,10628,70.35,70.4,70.37,70.37,high_C,low_O,C>O,TIE,F,F,F,T,T,TIE
1782683515.537,10629,70.4,70.31,70.37,70.38,high_O,low_C,O>C,O>P>M>C,T,T,T,F,F,F
1782683564.923,10630,70.31,70.43,70.42,70.42,high_C,low_O,C>O,TIE,F,F,F,T,T,TIE
1782683638.556,10632,70.27,70.27,70.26,70.26,TIE,TIE,TIE,TIE,TIE,T,T,T,T,TIE
1782683657.348,10633,70.27,70.35,70.29,70.29,high_C,low_O,C>O,TIE,F,F,F,T,T,TIE
1782683669.764,10634,70.35,70.3,70.33,70.33,high_O,low_C,O>C,TIE,T,T,T,F,F,TIE
1782683701.489,10635,70.3,70.34,70.34,70.34,TIE,low_O,TIE,TIE,F,F,F,TIE,TIE,TIE
1782683747.69,10636,70.34,70.35,70.35,70.32,TIE,low_P,TIE,TIE,F,F,T,TIE,T,T
1782683795.633,10637,70.35,70.32,70.31,70.31,high_O,TIE,TIE,TIE,T,T,T,T,T,TIE
1782683826.686,10638,70.32,70.28,70.3,70.3,high_O,low_C,O>C,TIE,T,T,T,F,F,TIE
1782683890.169,10639,70.28,70.36,70.36,70.36,TIE,low_O,TIE,TIE,F,F,F,TIE,TIE,TIE
1782683955.047,10640,70.36,70.38,70.35,70.33,high_C,low_P,C>P,C>O>M>P,F,T,T,T,T,T
1782684000.236,10641,70.38,70.47,70.4,70.38,high_C,TIE,TIE,TIE,F,F,TIE,T,T,T
1782684008.053,10642,70.47,70.51,70.51,70.52,high_P,low_O,P>O,TIE,F,F,F,TIE,F,F
1782684011.825,10643,70.51,70.65,70.66,70.67,high_P,low_O,P>O,P>M>C>O,F,F,F,F,F,F
1782684014.458,10644,70.65,70.48,70.51,70.51,high_O,low_C,O>C,TIE,T,T,T,F,F,TIE
1782684020.757,10645,70.48,70.61,70.53,70.53,high_C,low_O,C>O,TIE,F,F,F,T,T,TIE
1782684041.04,10647,70.69,70.69,70.68,70.68,TIE,TIE,TIE,TIE,TIE,T,T,T,T,TIE
1782684056.058,10648,70.69,70.75,70.72,70.72,high_C,low_O,C>O,TIE,F,F,F,T,T,TIE
1782684078.601,10650,70.72,70.72,70.7,70.71,TIE,low_M,TIE,TIE,TIE,T,T,T,T,F
1782684109.302,10652,70.8,70.8,70.79,70.79,TIE,TIE,TIE,TIE,TIE,T,T,T,T,TIE
1782684133.09,10653,70.8,70.83,70.83,70.83,TIE,low_O,TIE,TIE,F,F,F,TIE,TIE,TIE
1782684145.919,10654,70.83,70.97,70.89,70.95,high_C,low_O,C>O,C>P>M>O,F,F,F,T,T,F
1782684150.511,10656,70.98,70.98,70.98,70.98,TIE,TIE,TIE,TIE,TIE,TIE,TIE,TIE,TIE,TIE
1782684167.039,10657,70.98,70.99,70.96,70.95,high_C,low_P,C>P,C>O>M>P,F,T,T,T,T,T
1782684169.107,10658,70.99,71.08,71.05,71.08,TIE,low_O,TIE,TIE,F,F,F,T,TIE,F
1782684170.752,10659,71.08,71.23,71.13,71.1,high_C,low_O,C>O,C>M>P>O,F,F,F,T,T,T
1782684171.307,10660,71.23,71.2,71.24,71.24,TIE,low_C,TIE,TIE,T,F,F,F,F,TIE
1782684171.806,10661,71.2,71.17,71.2,71.21,high_P,low_C,P>C,TIE,T,TIE,F,F,F,F
1782684174.009,10662,71.17,71.12,71.17,71.13,TIE,low_C,TIE,TIE,T,TIE,T,F,F,T
1782684181.451,10663,71.12,71.16,71.12,71.13,high_C,TIE,TIE,TIE,F,TIE,F,T,T,F
1782684183.213,10664,71.16,71.21,71.21,71.21,TIE,low_O,TIE,TIE,F,F,F,TIE,TIE,TIE
1782684187.473,10665,71.21,71.22,71.22,71.22,TIE,low_O,TIE,TIE,F,F,F,TIE,TIE,TIE
1782684190.062,10666,71.22,71.32,71.28,71.31,high_C,low_O,C>O,C>P>M>O,F,F,F,T,T,F
1782684190.68,10667,71.32,71.4,71.35,71.32,high_C,TIE,TIE,TIE,F,F,TIE,T,T,T
1782684191.24,10668,71.4,71.5,71.47,71.49,high_C,low_O,C>O,C>P>M>O,F,F,F,T,T,F
1782684191.711,10669,71.5,71.42,71.46,71.45,high_O,low_C,O>C,O>M>P>C,T,T,T,F,F,T
1782684192.004,10670,71.42,71.41,71.4,71.4,high_O,TIE,TIE,TIE,T,T,T,T,T,TIE
1782684192.466,10671,71.41,71.4,71.4,71.4,high_O,TIE,TIE,TIE,T,T,T,TIE,TIE,TIE
1782684193.069,10672,71.4,71.36,71.39,71.4,TIE,low_C,TIE,TIE,T,T,TIE,F,F,F
1782684195.282,10673,71.36,71.23,71.31,71.31,high_O,low_C,O>C,TIE,T,T,T,F,F,TIE
1782684199.267,10674,71.23,71.3,71.27,71.25,high_C,low_O,C>O,C>M>P>O,F,F,F,T,T,T
1782684204.952,10675,71.3,71.21,71.28,71.32,high_P,low_C,P>C,P>O>M>C,T,T,F,F,F,F
1782684211.482,10676,71.21,71.28,71.27,71.21,high_C,TIE,TIE,TIE,F,F,TIE,T,T,T
1782684221.314,10677,71.28,71.25,71.22,71.22,high_O,TIE,TIE,TIE,T,T,T,T,T,TIE
1782684232.3,10678,71.25,71.3,71.26,71.24,high_C,low_P,C>P,C>M>O>P,F,F,T,T,T,T
1782684237.423,10679,71.3,71.41,71.33,71.33,high_C,low_O,C>O,TIE,F,F,F,T,T,TIE
1782684245.218,10680,71.41,71.35,71.34,71.32,high_O,low_P,O>P,O>C>M>P,T,T,T,T,T,T
1782684249.32,10681,71.35,71.36,71.35,71.36,TIE,TIE,TIE,TIE,F,TIE,F,T,TIE,F
1782684261.55,10682,71.36,71.35,71.36,71.35,TIE,TIE,TIE,TIE,T,TIE,T,F,TIE,T
1782684265.099,10683,71.35,71.27,71.35,71.35,TIE,low_C,TIE,TIE,T,TIE,TIE,F,F,TIE
1782684271.877,10684,71.27,71.24,71.25,71.25,high_O,low_C,O>C,TIE,T,T,T,F,F,TIE
1782684286.299,10685,71.24,71.27,71.24,71.23,high_C,low_P,C>P,TIE,F,TIE,T,T,T,T
1782684300.324,10686,71.27,71.24,71.26,71.26,high_O,low_C,O>C,TIE,T,T,T,F,F,TIE
1782684312.555,10687,71.24,71.35,71.35,71.35,TIE,low_O,TIE,TIE,F,F,F,TIE,TIE,TIE
1782684324.754,10688,71.35,71.33,71.34,71.34,high_O,low_C,O>C,TIE,T,T,T,F,F,TIE
1782684343.957,10689,71.33,71.28,71.32,71.32,high_O,low_C,O>C,TIE,T,T,T,F,F,TIE
1782684364.904,10690,71.28,71.33,71.27,71.31,high_C,low_M,C>M,C>P>O>M,F,T,F,T,T,F
1782684384.589,10691,71.33,71.25,71.32,71.25,high_O,TIE,TIE,TIE,T,T,T,F,TIE,T
1782684405.199,10692,71.25,71.21,71.22,71.22,high_O,low_C,O>C,TIE,T,T,T,F,F,TIE
1782684432.787,10693,71.21,71.26,71.26,71.26,TIE,low_O,TIE,TIE,F,F,F,TIE,TIE,TIE
1782684453.501,10694,71.26,71.36,71.26,71.26,high_C,TIE,TIE,TIE,F,TIE,TIE,T,T,TIE
1782684464.94,10695,71.36,71.39,71.38,71.38,high_C,low_O,C>O,TIE,F,F,F,T,T,TIE
1782684480.881,10696,71.39,71.35,71.37,71.37,high_O,low_C,O>C,TIE,T,T,T,F,F,TIE
1782684494.135,10697,71.35,71.28,71.35,71.38,high_P,low_C,P>C,TIE,T,TIE,F,F,F,F
1782684495.215,10698,71.28,71.27,71.27,71.27,high_O,TIE,TIE,TIE,T,T,T,TIE,TIE,TIE
1782684514.612,10699,71.27,71.14,71.22,71.27,TIE,low_C,TIE,TIE,T,T,TIE,F,F,F
1782684536.085,10701,71.09,71.09,71.09,71.09,TIE,TIE,TIE,TIE,TIE,TIE,TIE,TIE,TIE,TIE
1782684552.999,10702,71.09,71.11,71.09,71.08,high_C,low_P,C>P,TIE,F,TIE,T,T,T,T
1782684560.574,10703,71.11,71.18,71.16,71.16,high_C,low_O,C>O,TIE,F,F,F,T,T,TIE
1782684586.274,10704,71.18,71.1,71.12,71.11,high_O,low_C,O>C,O>M>P>C,T,T,T,F,F,T
1782684615.013,10705,71.1,71.06,71.09,71.09,high_O,low_C,O>C,TIE,T,T,T,F,F,TIE
1782684679.432,10707,71.03,71.03,71.05,71.04,high_M,TIE,TIE,TIE,TIE,F,F,F,F,T
1782684701.669,10708,71.03,70.98,71.0,71.0,high_O,low_C,O>C,TIE,T,T,T,F,F,TIE
1782684722.294,10709,70.98,70.97,70.95,70.93,high_O,low_P,O>P,O>C>M>P,T,T,T,T,T,T
1782684751.518,10710,70.97,71.05,70.99,71.0,high_C,low_O,C>O,C>P>M>O,F,F,F,T,T,F
1782684814.587,10711,71.05,71.02,71.01,71.01,high_O,TIE,TIE,TIE,T,T,T,T,T,TIE
1782684867.481,10712,71.02,71.08,71.05,71.06,high_C,low_O,C>O,C>P>M>O,F,F,F,T,T,F
1782684915.038,10713,71.08,70.97,71.05,71.05,high_O,low_C,O>C,TIE,T,T,T,F,F,TIE
1782684957.714,10714,70.97,70.95,70.97,70.97,TIE,low_C,TIE,TIE,T,TIE,TIE,F,F,TIE
1782685003.671,10715,70.95,70.97,70.95,70.95,high_C,TIE,TIE,TIE,F,TIE,TIE,T,T,TIE
1782685063.736,10716,70.97,71.02,71.0,71.01,high_C,low_O,C>O,C>P>M>O,F,F,F,T,T,F
1782685077.99,10717,71.02,71.05,71.03,71.04,high_C,low_O,C>O,C>P>M>O,F,F,F,T,T,F
1782685102.879,10718,71.05,70.79,70.87,70.81,high_O,low_C,O>C,O>M>P>C,T,T,T,F,F,T
1782685114.12,10719,70.79,70.76,70.77,70.8,high_P,low_C,P>C,P>O>M>C,T,T,F,F,F,F
1782685136.721,10720,70.76,70.65,70.71,70.71,high_O,low_C,O>C,TIE,T,T,T,F,F,TIE
1782685138.301,10721,70.65,70.62,70.64,70.65,TIE,low_C,TIE,TIE,T,T,TIE,F,F,F
1782685143.4,10722,70.62,70.6,70.63,70.6,high_M,TIE,TIE,TIE,T,F,T,F,TIE,T
1782685152.425,10723,70.6,70.61,70.6,70.59,high_C,low_P,C>P,TIE,F,TIE,T,T,T,T
1782685164.918,10724,70.61,70.5,70.55,70.57,high_O,low_C,O>C,O>P>M>C,T,T,T,F,F,F
1782685173.849,10725,70.5,70.47,70.48,70.5,TIE,low_C,TIE,TIE,T,T,TIE,F,F,F
1782685183.721,10726,70.47,70.45,70.45,70.45,high_O,TIE,TIE,TIE,T,T,T,TIE,TIE,TIE
1782685188.665,10727,70.45,70.56,70.48,70.48,high_C,low_O,C>O,TIE,F,F,F,T,T,TIE
1782685195.06,10728,70.56,70.5,70.51,70.5,high_O,TIE,TIE,TIE,T,T,T,F,TIE,T
1782685206.773,10729,70.5,70.55,70.54,70.54,high_C,low_O,C>O,TIE,F,F,F,T,T,TIE
1782685233.225,10731,70.54,70.54,70.56,70.55,high_M,TIE,TIE,TIE,TIE,F,F,F,F,T
1782685242.747,10732,70.54,70.53,70.54,70.56,high_P,low_C,P>C,TIE,T,TIE,F,F,F,F
1782685257.367,10733,70.53,70.45,70.55,70.57,high_P,low_C,P>C,P>M>O>C,T,F,F,F,F,F
1782685259.288,10734,70.45,70.44,70.42,70.42,high_O,TIE,TIE,TIE,T,T,T,T,T,TIE
1782685274.058,10735,70.44,70.6,70.48,70.47,high_C,low_O,C>O,C>M>P>O,F,F,F,T,T,T
1782685287.519,10736,70.6,70.64,70.63,70.64,TIE,low_O,TIE,TIE,F,F,F,T,TIE,F
1782685306.207,10737,70.64,70.7,70.67,70.7,TIE,low_O,TIE,TIE,F,F,F,T,TIE,F
1782685321.588,10738,70.7,70.65,70.69,70.7,TIE,low_C,TIE,TIE,T,T,TIE,F,F,F
1782685360.374,10739,70.65,70.76,70.76,70.76,TIE,low_O,TIE,TIE,F,F,F,TIE,TIE,TIE
1782685381.885,10740,70.76,70.86,70.83,70.8,high_C,low_O,C>O,C>M>P>O,F,F,F,T,T,T
1782685387.735,10741,70.86,70.93,70.88,70.88,high_C,low_O,C>O,TIE,F,F,F,T,T,TIE
1782685390.979,10742,70.93,71.0,71.0,71.02,high_P,low_O,P>O,TIE,F,F,F,TIE,F,F
1782685402.672,10743,71.0,70.96,70.95,71.0,TIE,low_M,TIE,TIE,T,T,TIE,T,F,F
1782685504.545,10745,70.91,70.91,70.97,70.99,high_P,TIE,TIE,TIE,TIE,F,F,F,F,F
1782685548.734,10746,70.91,70.87,70.88,70.88,high_O,low_C,O>C,TIE,T,T,T,F,F,TIE
1782685583.685,10747,70.87,70.78,70.84,70.88,high_P,low_C,P>C,P>O>M>C,T,T,F,F,F,F
1782685627.317,10748,70.78,70.76,70.77,70.75,high_O,low_P,O>P,O>M>C>P,T,T,T,F,T,T
1782685689.625,10749,70.76,70.82,70.74,70.74,high_C,TIE,TIE,TIE,F,T,T,T,T,TIE
1782685716.786,10750,70.82,70.84,70.86,70.85,high_M,low_O,M>O,M>P>C>O,F,F,F,F,F,T
1782685784.889,10751,70.84,70.79,70.82,70.82,high_O,low_C,O>C,TIE,T,T,T,F,F,TIE
1782685800.967,10752,70.79,70.84,70.83,70.83,high_C,low_O,C>O,TIE,F,F,F,T,T,TIE
1782685823.826,10753,70.84,70.93,70.92,70.92,high_C,low_O,C>O,TIE,F,F,F,T,T,TIE
1782685858.758,10754,70.93,70.83,70.92,70.95,high_P,low_C,P>C,P>O>M>C,T,T,F,F,F,F
1782685915.718,10755,70.83,70.87,70.85,70.87,TIE,low_O,TIE,TIE,F,F,F,T,TIE,F
1782685977.42,10756,70.87,70.78,70.85,70.86,high_O,low_C,O>C,O>P>M>C,T,T,T,F,F,F
1782686032.102,10757,70.78,70.75,70.77,70.77,high_O,low_C,O>C,TIE,T,T,T,F,F,TIE
1782686052.939,10758,70.75,70.61,70.67,70.7,high_O,low_C,O>C,O>P>M>C,T,T,T,F,F,F
1782686065.758,10759,70.61,70.56,70.58,70.55,high_O,low_P,O>P,O>M>C>P,T,T,T,F,T,T
1782686072.55,10760,70.56,70.58,70.56,70.56,high_C,TIE,TIE,TIE,F,TIE,TIE,T,T,TIE
1782686101.798,10761,70.58,70.56,70.58,70.58,TIE,low_C,TIE,TIE,T,TIE,TIE,F,F,TIE
1782686133.492,10762,70.56,70.59,70.58,70.59,TIE,low_O,TIE,TIE,F,F,F,T,TIE,F
1782686176.025,10763,70.59,70.71,70.68,70.71,TIE,low_O,TIE,TIE,F,F,F,T,TIE,F
1782686176.936,10764,70.71,70.73,70.7,70.7,high_C,TIE,TIE,TIE,F,T,T,T,T,TIE
1782686257.423,10765,70.73,70.63,70.7,70.7,high_O,low_C,O>C,TIE,T,T,T,F,F,TIE
1782686310.687,10766,70.63,70.65,70.63,70.63,high_C,TIE,TIE,TIE,F,TIE,TIE,T,T,TIE
1782686344.189,10767,70.65,70.66,70.66,70.66,TIE,low_O,TIE,TIE,F,F,F,TIE,TIE,TIE
1782686423.099,10768,70.66,70.58,70.64,70.67,high_P,low_C,P>C,P>O>M>C,T,T,F,F,F,F
1782686466.72,10769,70.58,70.59,70.61,70.64,high_P,low_O,P>O,P>M>C>O,F,F,F,F,F,F
1782686558.435,10771,70.48,70.48,70.49,70.48,high_M,TIE,TIE,TIE,TIE,F,TIE,F,TIE,T
1782686668.071,10774,70.46,70.46,70.46,70.46,TIE,TIE,TIE,TIE,TIE,TIE,TIE,TIE,TIE,TIE
1782686668.294,10775,70.46,70.44,70.44,70.44,high_O,TIE,TIE,TIE,T,T,T,TIE,TIE,TIE
1782686677.644,10776,70.44,70.52,70.44,70.44,high_C,TIE,TIE,TIE,F,TIE,TIE,T,T,TIE
1782686710.078,10777,70.52,70.48,70.51,70.54,high_P,low_C,P>C,P>O>M>C,T,T,F,F,F,F
1782686771.697,10778,70.48,70.5,70.47,70.45,high_C,low_P,C>P,C>O>M>P,F,T,T,T,T,T
1782686791.407,10779,70.5,70.54,70.53,70.53,high_C,low_O,C>O,TIE,F,F,F,T,T,TIE
1782686822.479,10780,70.54,70.57,70.55,70.55,high_C,low_O,C>O,TIE,F,F,F,T,T,TIE
1782686822.48,10781,70.57,70.6,70.59,70.59,high_C,low_O,C>O,TIE,F,F,F,T,T,TIE
1782686822.521,10782,70.6,70.59,70.61,70.61,TIE,low_C,TIE,TIE,T,F,F,F,F,TIE
1782686842.617,10783,70.59,70.56,70.59,70.61,high_P,low_C,P>C,TIE,T,TIE,F,F,F,F
1782686850.635,10784,70.56,70.54,70.54,70.56,TIE,TIE,TIE,TIE,T,T,TIE,TIE,F,F
1782686868.032,10785,70.54,70.5,70.54,70.53,TIE,low_C,TIE,TIE,T,TIE,T,F,F,T
1782686868.072,10786,70.5,70.48,70.5,70.5,TIE,low_C,TIE,TIE,T,TIE,TIE,F,F,TIE
1782686881.39,10787,70.48,70.38,70.38,70.36,high_O,low_P,O>P,TIE,T,T,T,TIE,T,T
1782686925.546,10788,70.38,70.37,70.41,70.39,high_M,low_C,M>C,M>P>O>C,T,F,F,F,F,T
1782686972.725,10789,70.37,70.45,70.44,70.47,high_P,low_O,P>O,P>C>M>O,F,F,F,T,F,F
1782687027.972,10790,70.45,70.37,70.43,70.36,high_O,low_P,O>P,O>M>C>P,T,T,T,F,T,T
1782687076.079,10791,70.37,70.34,70.37,70.34,TIE,TIE,TIE,TIE,T,TIE,T,F,TIE,T
1782687086.253,10792,70.34,70.31,70.33,70.33,high_O,low_C,O>C,TIE,T,T,T,F,F,TIE
1782687087.304,10793,70.31,70.29,70.29,70.29,high_O,TIE,TIE,TIE,T,T,T,TIE,TIE,TIE
1782687090.347,10794,70.29,70.27,70.29,70.27,TIE,TIE,TIE,TIE,T,TIE,T,F,TIE,T
1782687102.269,10795,70.27,70.37,70.31,70.31,high_C,low_O,C>O,TIE,F,F,F,T,T,TIE
1782687109.07,10796,70.37,70.36,70.36,70.36,high_O,TIE,TIE,TIE,T,T,T,TIE,TIE,TIE
1782687124.953,10797,70.36,70.3,70.34,70.34,high_O,low_C,O>C,TIE,T,T,T,F,F,TIE
1782687133.068,10798,70.3,70.28,70.29,70.28,high_O,TIE,TIE,TIE,T,T,T,F,TIE,T
1782687139.335,10800,70.25,70.25,70.23,70.23,TIE,TIE,TIE,TIE,TIE,T,T,T,T,TIE
1782687143.359,10801,70.25,70.2,70.2,70.2,high_O,TIE,TIE,TIE,T,T,T,TIE,TIE,TIE
1782687147.86,10802,70.2,70.18,70.19,70.19,high_O,low_C,O>C,TIE,T,T,T,F,F,TIE
1782687154.887,10803,70.18,70.24,70.21,70.2,high_C,low_O,C>O,C>M>P>O,F,F,F,T,T,T
1782687202.723,10806,70.25,70.15,70.19,70.19,high_O,low_C,O>C,TIE,T,T,T,F,F,TIE
1782687203.706,10807,70.15,70.05,70.1,70.1,high_O,low_C,O>C,TIE,T,T,T,F,F,TIE
1782687204.031,10809,70.06,70.06,70.05,70.05,TIE,TIE,TIE,TIE,TIE,T,T,T,T,TIE
1782687204.181,10810,70.06,70.03,70.04,70.05,high_O,low_C,O>C,O>P>M>C,T,T,T,F,F,F
1782687204.306,10811,70.03,70.01,70.02,70.01,high_O,TIE,TIE,TIE,T,T,T,F,TIE,T
1782687205.074,10812,70.01,70.05,70.06,70.06,TIE,low_O,TIE,TIE,F,F,F,F,F,TIE
1782687205.386,10813,70.05,70.01,70.05,70.05,TIE,low_C,TIE,TIE,T,TIE,TIE,F,F,TIE
1782687206.124,10814,70.01,70.0,70.01,70.0,TIE,TIE,TIE,TIE,T,TIE,T,F,TIE,T
1782687206.137,10815,70.0,69.97,70.0,70.0,TIE,low_C,TIE,TIE,T,TIE,TIE,F,F,TIE
1782687206.378,10816,69.97,69.92,69.93,69.92,high_O,TIE,TIE,TIE,T,T,T,F,TIE,T
1782687206.378,10817,69.92,69.9,69.91,69.9,high_O,TIE,TIE,TIE,T,T,T,F,TIE,T
1782687206.38,10818,69.9,69.88,69.9,69.9,TIE,low_C,TIE,TIE,T,TIE,TIE,F,F,TIE
1782687206.38,10819,69.88,69.85,69.87,69.87,high_O,low_C,O>C,TIE,T,T,T,F,F,TIE
1782687206.383,10820,69.85,69.82,69.84,69.84,high_O,low_C,O>C,TIE,T,T,T,F,F,TIE
1782687206.388,10821,69.82,69.8,69.81,69.81,high_O,low_C,O>C,TIE,T,T,T,F,F,TIE
1782687206.397,10822,69.8,69.79,69.8,69.8,TIE,low_C,TIE,TIE,T,TIE,TIE,F,F,TIE
1782687206.929,10823,69.79,69.87,69.86,69.89,high_P,low_O,P>O,P>C>M>O,F,F,F,T,F,F
1782687207.066,10824,69.87,69.9,69.88,69.88,high_C,low_O,C>O,TIE,F,F,F,T,T,TIE
1782687207.192,10825,69.9,69.88,69.9,69.9,TIE,low_C,TIE,TIE,T,TIE,TIE,F,F,TIE
1782687207.194,10826,69.88,69.85,69.87,69.87,high_O,low_C,O>C,TIE,T,T,T,F,F,TIE
1782687207.2,10827,69.85,69.82,69.84,69.83,high_O,low_C,O>C,O>M>P>C,T,T,T,F,F,T
1782687208.06,10828,69.82,69.89,69.88,69.89,TIE,low_O,TIE,TIE,F,F,F,T,TIE,F
1782687208.146,10829,69.89,69.9,69.89,69.9,TIE,TIE,TIE,TIE,F,TIE,F,T,TIE,F
1782687209.235,10830,69.9,69.93,69.91,69.91,high_C,low_O,C>O,TIE,F,F,F,T,T,TIE
1782687209.738,10831,69.93,69.9,69.91,69.91,high_O,low_C,O>C,TIE,T,T,T,F,F,TIE
1782687211.27,10832,69.9,69.89,69.91,69.91,TIE,low_C,TIE,TIE,T,F,F,F,F,TIE
1782687212.851,10833,69.89,69.82,69.84,69.84,high_O,low_C,O>C,TIE,T,T,T,F,F,TIE
1782687215.843,10835,69.84,69.84,69.85,69.86,high_P,TIE,TIE,TIE,TIE,F,F,F,F,F
1782687219.639,10836,69.84,69.76,69.83,69.83,high_O,low_C,O>C,TIE,T,T,T,F,F,TIE
1782687220.015,10837,69.76,69.66,69.71,69.72,high_O,low_C,O>C,O>P>M>C,T,T,T,F,F,F
1782687220.366,10838,69.66,69.71,69.67,69.65,high_C,low_P,C>P,C>M>O>P,F,F,T,T,T,T
1782687220.825,10839,69.71,69.76,69.71,69.71,high_C,TIE,TIE,TIE,F,TIE,TIE,T,T,TIE
1782687221.083,10840,69.76,69.78,69.79,69.79,TIE,low_O,TIE,TIE,F,F,F,F,F,TIE
1782687221.083,10841,69.78,69.75,69.76,69.76,high_O,low_C,O>C,TIE,T,T,T,F,F,TIE
1782687221.154,10842,69.75,69.77,69.74,69.74,high_C,TIE,TIE,TIE,F,T,T,T,T,TIE
1782687222.052,10843,69.77,69.72,69.76,69.76,high_O,low_C,O>C,TIE,T,T,T,F,F,TIE
1782687222.197,10844,69.72,69.7,69.72,69.72,TIE,low_C,TIE,TIE,T,TIE,TIE,F,F,TIE
1782687224.886,10845,69.7,69.89,69.76,69.76,high_C,low_O,C>O,TIE,F,F,F,T,T,TIE
1782687225.707,10846,69.89,69.88,69.88,69.88,high_O,TIE,TIE,TIE,T,T,T,TIE,TIE,TIE
1782687227.155,10847,69.88,69.87,69.89,69.89,TIE,low_C,TIE,TIE,T,F,F,F,F,TIE
1782687240.51,10849,69.9,69.9,69.9,69.9,TIE,TIE,TIE,TIE,TIE,TIE,TIE,TIE,TIE,TIE
1782687247.381,10850,69.9,69.94,69.93,69.94,TIE,low_O,TIE,TIE,F,F,F,T,TIE,F
1782687254.636,10851,69.94,69.92,69.91,69.91,high_O,TIE,TIE,TIE,T,T,T,T,T,TIE
1782687267.701,10852,69.92,69.82,69.86,69.85,high_O,low_C,O>C,O>M>P>C,T,T,T,F,F,T
1782687277.353,10853,69.82,69.81,69.82,69.81,TIE,TIE,TIE,TIE,T,TIE,T,F,TIE,T
1782687287.523,10854,69.81,69.83,69.84,69.84,TIE,low_O,TIE,TIE,F,F,F,F,F,TIE
1782687304.398,10855,69.83,69.97,69.88,69.84,high_C,low_O,C>O,C>M>P>O,F,F,F,T,T,T
1782687311.013,10857,70.01,70.01,70.01,70.01,TIE,TIE,TIE,TIE,TIE,TIE,TIE,TIE,TIE,TIE
1782687314.652,10858,70.01,70.04,70.03,70.03,high_C,low_O,C>O,TIE,F,F,F,T,T,TIE
1782687319.479,10859,70.04,70.09,70.04,70.04,high_C,TIE,TIE,TIE,F,TIE,TIE,T,T,TIE
1782687329.338,10860,70.09,70.1,70.11,70.1,high_M,low_O,M>O,TIE,F,F,F,F,TIE,T
1782687343.576,10861,70.1,70.08,70.09,70.08,high_O,TIE,TIE,TIE,T,T,T,F,TIE,T
1782687352.776,10862,70.08,70.07,70.07,70.07,high_O,TIE,TIE,TIE,T,T,T,TIE,TIE,TIE
1782687356.838,10863,70.07,70.09,70.07,70.07,high_C,TIE,TIE,TIE,F,TIE,TIE,T,T,TIE
1782687374.116,10864,70.09,70.11,70.15,70.15,TIE,low_O,TIE,TIE,F,F,F,F,F,TIE
1782687394.884,10865,70.11,70.09,70.11,70.11,TIE,low_C,TIE,TIE,T,TIE,TIE,F,F,TIE
1782687427.164,10866,70.09,70.12,70.12,70.12,TIE,low_O,TIE,TIE,F,F,F,TIE,TIE,TIE
1782687451.849,10867,70.12,70.19,70.16,70.16,high_C,low_O,C>O,TIE,F,F,F,T,T,TIE
1782687460.919,10868,70.19,70.18,70.19,70.19,TIE,low_C,TIE,TIE,T,TIE,TIE,F,F,TIE
1782687473.495,10869,70.18,70.15,70.16,70.15,high_O,TIE,TIE,TIE,T,T,T,F,TIE,T
1782687482.55,10870,70.15,70.09,70.13,70.15,TIE,low_C,TIE,TIE,T,T,TIE,F,F,F
1782687548.739,10872,70.11,70.11,70.11,70.11,TIE,TIE,TIE,TIE,TIE,TIE,TIE,TIE,TIE,TIE
1782687573.32,10873,70.11,70.22,70.2,70.2,high_C,low_O,C>O,TIE,F,F,F,T,T,TIE
1782687598.53,10874,70.22,70.23,70.22,70.22,high_C,TIE,TIE,TIE,F,TIE,TIE,T,T,TIE
1782687608.292,10875,70.23,70.12,70.14,70.12,high_O,TIE,TIE,TIE,T,T,T,F,TIE,T
1782687626.705,10876,70.12,70.13,70.13,70.13,TIE,low_O,TIE,TIE,F,F,F,TIE,TIE,TIE
1782687657.959,10877,70.13,70.22,70.14,70.14,high_C,low_O,C>O,TIE,F,F,F,T,T,TIE
1782687672.174,10878,70.22,70.29,70.29,70.28,TIE,low_O,TIE,TIE,F,F,F,TIE,T,T
1782687683.984,10879,70.29,70.33,70.31,70.31,high_C,low_O,C>O,TIE,F,F,F,T,T,TIE
1782687689.224,10880,70.33,70.39,70.39,70.41,high_P,low_O,P>O,TIE,F,F,F,TIE,F,F
1782687692.527,10881,70.39,70.38,70.39,70.4,high_P,low_C,P>C,TIE,T,TIE,F,F,F,F
1782687703.734,10882,70.38,70.48,70.39,70.39,high_C,low_O,C>O,TIE,F,F,F,T,T,TIE
1782687705.868,10883,70.48,70.56,70.55,70.56,TIE,low_O,TIE,TIE,F,F,F,T,TIE,F
1782687706.067,10884,70.56,70.59,70.57,70.56,high_C,TIE,TIE,TIE,F,F,TIE,T,T,T
1782687707.323,10885,70.59,70.55,70.57,70.59,TIE,low_C,TIE,TIE,T,T,TIE,F,F,F
1782687707.324,10886,70.55,70.52,70.53,70.53,high_O,low_C,O>C,TIE,T,T,T,F,F,TIE
1782687713.764,10887,70.52,70.58,70.55,70.57,high_C,low_O,C>O,C>P>M>O,F,F,F,T,T,F
1782687730.72,10888,70.58,70.52,70.55,70.5,high_O,low_P,O>P,O>M>C>P,T,T,T,F,T,T
1782687749.301,10889,70.52,70.56,70.53,70.53,high_C,low_O,C>O,TIE,F,F,F,T,T,TIE
1782687770.994,10890,70.56,70.53,70.59,70.59,TIE,low_C,TIE,TIE,T,F,F,F,F,TIE
1782687813.891,10891,70.53,70.45,70.47,70.5,high_O,low_C,O>C,O>P>M>C,T,T,T,F,F,F
1782687844.945,10892,70.45,70.5,70.51,70.5,high_M,low_O,M>O,TIE,F,F,F,F,TIE,T
1782687911.188,10893,70.5,70.47,70.46,70.47,high_O,low_M,O>M,TIE,T,T,T,T,TIE,F
1782687967.638,10894,70.47,70.38,70.36,70.35,high_O,low_P,O>P,O>C>M>P,T,T,T,T,T,T
1782688034.28,10895,70.38,70.5,70.44,70.39,high_C,low_O,C>O,C>M>P>O,F,F,F,T,T,T
1782688057.919,10896,70.5,70.49,70.54,70.54,TIE,low_C,TIE,TIE,T,F,F,F,F,TIE
1782688077.943,10897,70.49,70.53,70.53,70.53,TIE,low_O,TIE,TIE,F,F,F,TIE,TIE,TIE
1782688123.111,10898,70.53,70.46,70.51,70.51,high_O,low_C,O>C,TIE,T,T,T,F,F,TIE
1782688123.126,10899,70.46,70.48,70.46,70.45,high_C,low_P,C>P,TIE,F,TIE,T,T,T,T
1782688154.95,10900,70.48,70.61,70.55,70.55,high_C,low_O,C>O,TIE,F,F,F,T,T,TIE
1782688211.056,10901,70.61,70.58,70.58,70.59,high_O,TIE,TIE,TIE,T,T,T,TIE,F,F
1782688279.206,10902,70.58,70.51,70.52,70.51,high_O,TIE,TIE,TIE,T,T,T,F,TIE,T
1782688337.977,10903,70.51,70.69,70.62,70.58,high_C,low_O,C>O,C>M>P>O,F,F,F,T,T,T
1782688340.891,10904,70.69,70.68,70.67,70.68,high_O,low_M,O>M,TIE,T,T,T,T,TIE,F
1782688340.891,10905,70.68,70.7,70.69,70.69,high_C,low_O,C>O,TIE,F,F,F,T,T,TIE
1782688340.892,10906,70.7,70.73,70.71,70.71,high_C,low_O,C>O,TIE,F,F,F,T,T,TIE
1782688341.003,10907,70.73,70.69,70.73,70.73,TIE,low_C,TIE,TIE,T,TIE,TIE,F,F,TIE
1782688348.082,10908,70.69,70.72,70.71,70.71,high_C,low_O,C>O,TIE,F,F,F,T,T,TIE
1782688352.474,10909,70.72,70.73,70.73,70.73,TIE,low_O,TIE,TIE,F,F,F,TIE,TIE,TIE
1782688369.465,10910,70.73,70.75,70.73,70.73,high_C,TIE,TIE,TIE,F,TIE,TIE,T,T,TIE
1782688372.181,10911,70.75,70.77,70.78,70.78,TIE,low_O,TIE,TIE,F,F,F,F,F,TIE
1782688394.48,10912,70.77,70.65,70.78,70.79,high_P,low_C,P>C,P>M>O>C,T,F,F,F,F,F
1782688444.644,10913,70.65,70.62,70.66,70.66,TIE,low_C,TIE,TIE,T,F,F,F,F,TIE
1782688510.78,10914,70.62,70.57,70.56,70.56,high_O,TIE,TIE,TIE,T,T,T,T,T,TIE
1782688583.976,10915,70.57,70.54,70.54,70.54,high_O,TIE,TIE,TIE,T,T,T,TIE,TIE,TIE
1782688648.989,10916,70.54,70.5,70.52,70.52,high_O,low_C,O>C,TIE,T,T,T,F,F,TIE
1782688705.396,10917,70.5,70.61,70.56,70.56,high_C,low_O,C>O,TIE,F,F,F,T,T,TIE
1782688723.413,10918,70.61,70.77,70.73,70.77,TIE,low_O,TIE,TIE,F,F,F,T,TIE,F
1782688739.7,10919,70.77,70.82,70.81,70.81,high_C,low_O,C>O,TIE,F,F,F,T,T,TIE
1782688750.819,10920,70.82,70.87,70.84,70.86,high_C,low_O,C>O,C>P>M>O,F,F,F,T,T,F
1782688786.51,10921,70.87,70.75,70.82,70.86,high_O,low_C,O>C,O>P>M>C,T,T,T,F,F,F
1782688827.188,10922,70.75,70.8,70.79,70.75,high_C,TIE,TIE,TIE,F,F,TIE,T,T,T
1782688896.754,10923,70.8,70.75,70.77,70.75,high_O,TIE,TIE,TIE,T,T,T,F,TIE,T
1782688926.924,10924,70.75,70.69,70.75,70.75,TIE,low_C,TIE,TIE,T,TIE,TIE,F,F,TIE
1782688972.819,10925,70.69,70.75,70.7,70.7,high_C,low_O,C>O,TIE,F,F,F,T,T,TIE
1782688978.54,10926,70.75,70.8,70.79,70.79,high_C,low_O,C>O,TIE,F,F,F,T,T,TIE
1782688983.719,10927,70.8,70.89,70.8,70.8,high_C,TIE,TIE,TIE,F,TIE,TIE,T,T,TIE
1782689003.693,10928,70.89,70.9,70.89,70.89,high_C,TIE,TIE,TIE,F,TIE,TIE,T,T,TIE
1782689034.026,10929,70.9,70.83,70.9,70.91,high_P,low_C,P>C,TIE,T,TIE,F,F,F,F
1782689089.592,10930,70.83,70.81,70.8,70.81,high_O,low_M,O>M,TIE,T,T,T,T,TIE,F
1782689133.756,10931,70.81,70.88,70.82,70.81,high_C,TIE,TIE,TIE,F,F,TIE,T,T,T
1782689178.289,10932,70.88,70.89,70.88,70.89,TIE,TIE,TIE,TIE,F,TIE,F,T,TIE,F
1782689205.039,10933,70.89,70.85,70.87,70.9,high_P,low_C,P>C,P>O>M>C,T,T,F,F,F,F
1782689270.486,10934,70.85,70.91,70.9,70.9,high_C,low_O,C>O,TIE,F,F,F,T,T,TIE
1782689308.332,10935,70.91,70.92,70.93,70.93,TIE,low_O,TIE,TIE,F,F,F,F,F,TIE
1782689341.544,10937,71.0,71.0,70.99,71.0,TIE,low_M,TIE,TIE,TIE,T,TIE,T,TIE,F
1782689348.043,10938,71.0,71.09,71.1,71.1,TIE,low_O,TIE,TIE,F,F,F,F,F,TIE
1782689372.875,10939,71.09,71.02,71.08,71.09,TIE,low_C,TIE,TIE,T,T,TIE,F,F,F
1782689393.036,10940,71.02,71.01,71.03,71.01,high_M,TIE,TIE,TIE,T,F,T,F,TIE,T
1782689417.572,10941,71.01,71.04,71.0,71.0,high_C,TIE,TIE,TIE,F,T,T,T,T,TIE
1782689448.409,10942,71.04,71.08,71.07,71.07,high_C,low_O,C>O,TIE,F,F,F,T,T,TIE
1782689457.418,10943,71.08,71.05,71.06,71.05,high_O,TIE,TIE,TIE,T,T,T,F,TIE,T
1782689459.714,10944,71.05,71.1,71.07,71.07,high_C,low_O,C>O,TIE,F,F,F,T,T,TIE
1782689459.737,10945,71.1,71.12,71.1,71.1,high_C,TIE,TIE,TIE,F,TIE,TIE,T,T,TIE
1782689471.55,10946,71.12,71.16,71.12,71.12,high_C,TIE,TIE,TIE,F,TIE,TIE,T,T,TIE
1782689473.487,10947,71.16,71.17,71.16,71.16,high_C,TIE,TIE,TIE,F,TIE,TIE,T,T,TIE
1782689485.183,10948,71.17,71.24,71.22,71.2,high_C,low_O,C>O,C>M>P>O,F,F,F,T,T,T
1782689506.09,10949,71.24,71.21,71.2,71.2,high_O,TIE,TIE,TIE,T,T,T,T,T,TIE
1782689525.545,10950,71.21,71.22,71.2,71.2,high_C,TIE,TIE,TIE,F,T,T,T,T,TIE
1782689551.34,10952,71.29,71.29,71.28,71.28,TIE,TIE,TIE,TIE,TIE,T,T,T,T,TIE
1782689554.034,10953,71.29,71.32,71.3,71.3,high_C,low_O,C>O,TIE,F,F,F,T,T,TIE
1782689601.65,10954,71.32,71.29,71.27,71.26,high_O,low_P,O>P,O>C>M>P,T,T,T,T,T,T
1782689635.489,10955,71.29,71.24,71.26,71.25,high_O,low_C,O>C,O>M>P>C,T,T,T,F,F,T
1782689652.695,10956,71.24,71.28,71.26,71.26,high_C,low_O,C>O,TIE,F,F,F,T,T,TIE
1782689681.606,10957,71.28,71.31,71.24,71.24,high_C,TIE,TIE,TIE,F,T,T,T,T,TIE
1782689701.034,10958,71.31,71.3,71.31,71.31,TIE,low_C,TIE,TIE,T,TIE,TIE,F,F,TIE
1782689731.813,10959,71.3,71.34,71.34,71.35,high_P,low_O,P>O,TIE,F,F,F,TIE,F,F
1782689741.998,10960,71.34,71.41,71.37,71.4,high_C,low_O,C>O,C>P>M>O,F,F,F,T,T,F
1782689774.213,10961,71.41,71.36,71.38,71.38,high_O,low_C,O>C,TIE,T,T,T,F,F,TIE
1782689779.149,10962,71.36,71.44,71.42,71.36,high_C,TIE,TIE,TIE,F,F,TIE,T,T,T
1782689808.245,10964,71.46,71.46,71.46,71.46,TIE,TIE,TIE,TIE,TIE,TIE,TIE,TIE,TIE,TIE
1782689821.986,10965,71.46,71.47,71.47,71.47,TIE,low_O,TIE,TIE,F,F,F,TIE,TIE,TIE
1782689843.614,10966,71.47,71.46,71.47,71.47,TIE,low_C,TIE,TIE,T,TIE,TIE,F,F,TIE
1782689849.695,10967,71.46,71.49,71.49,71.5,high_P,low_O,P>O,TIE,F,F,F,TIE,F,F
1782689856.064,10968,71.49,71.48,71.48,71.48,high_O,TIE,TIE,TIE,T,T,T,TIE,TIE,TIE
1782689886.427,10969,71.48,71.47,71.47,71.48,TIE,TIE,TIE,TIE,T,T,TIE,TIE,F,F
1782689896.213,10970,71.47,71.61,71.54,71.54,high_C,low_O,C>O,TIE,F,F,F,T,T,TIE
1782689899.949,10971,71.61,71.64,71.63,71.63,high_C,low_O,C>O,TIE,F,F,F,T,T,TIE
1782689901.836,10972,71.64,71.62,71.64,71.64,TIE,low_C,TIE,TIE,T,TIE,TIE,F,F,TIE
1782689910.688,10973,71.62,71.67,71.63,71.62,high_C,TIE,TIE,TIE,F,F,TIE,T,T,T
1782689914.608,10974,71.67,71.74,71.71,71.71,high_C,low_O,C>O,TIE,F,F,F,T,T,TIE
1782689921.436,10975,71.74,71.71,71.72,71.72,high_O,low_C,O>C,TIE,T,T,T,F,F,TIE
1782689934.408,10976,71.71,71.69,71.68,71.68,high_O,TIE,TIE,TIE,T,T,T,T,T,TIE
1782689956.83,10977,71.69,71.57,71.63,71.57,high_O,TIE,TIE,TIE,T,T,T,F,TIE,T
1782689974.025,10978,71.57,71.56,71.54,71.54,high_O,TIE,TIE,TIE,T,T,T,T,T,TIE
1782689975.475,10979,71.56,71.61,71.58,71.58,high_C,low_O,C>O,TIE,F,F,F,T,T,TIE
1782690001.155,10980,71.61,71.63,71.64,71.64,TIE,low_O,TIE,TIE,F,F,F,F,F,TIE
1782690006.581,10981,71.63,71.66,71.63,71.63,high_C,TIE,TIE,TIE,F,TIE,TIE,T,T,TIE
1782690018.882,10982,71.66,71.64,71.65,71.67,high_P,low_C,P>C,P>O>M>C,T,T,F,F,F,F
1782690023.785,10990,71.62,71.6,71.62,71.62,TIE,low_C,TIE,TIE,T,TIE,TIE,F,F,TIE
1782690041.583,10991,71.6,71.56,71.6,71.61,high_P,low_C,P>C,TIE,T,TIE,F,F,F,F
1782690102.053,10993,71.62,71.62,71.62,71.62,TIE,TIE,TIE,TIE,TIE,TIE,TIE,TIE,TIE,TIE
1782690162.985,10994,71.62,71.56,71.61,71.6,high_O,low_C,O>C,O>M>P>C,T,T,T,F,F,T
1782690228.648,10995,71.56,71.53,71.56,71.56,TIE,low_C,TIE,TIE,T,TIE,TIE,F,F,TIE
1782690281.892,10997,71.45,71.45,71.45,71.45,TIE,TIE,TIE,TIE,TIE,TIE,TIE,TIE,TIE,TIE
1782690298.04,10998,71.45,71.48,71.46,71.46,high_C,low_O,C>O,TIE,F,F,F,T,T,TIE
1782690313.488,10999,71.48,71.53,71.49,71.48,high_C,TIE,TIE,TIE,F,F,TIE,T,T,T
1782690336.436,11000,71.53,71.57,71.58,71.58,TIE,low_O,TIE,TIE,F,F,F,F,F,TIE
1782690371.392,11001,71.57,71.53,71.52,71.52,high_O,TIE,TIE,TIE,T,T,T,T,T,TIE
1782690395.855,11002,71.53,71.65,71.62,71.62,high_C,low_O,C>O,TIE,F,F,F,T,T,TIE
1782690420.707,11003,71.65,71.66,71.68,71.7,high_P,low_O,P>O,P>M>C>O,F,F,F,F,F,F
1782690460.05,11004,71.66,71.6,71.6,71.64,high_O,TIE,TIE,TIE,T,T,T,TIE,F,F
1782690553.484,11005,71.6,71.49,71.55,71.49,high_O,TIE,TIE,TIE,T,T,T,F,TIE,T
1782690575.081,11006,71.49,71.51,71.5,71.5,high_C,low_O,C>O,TIE,F,F,F,T,T,TIE
1782690651.685,11007,71.51,71.56,71.56,71.57,high_P,low_O,P>O,TIE,F,F,F,TIE,F,F
1782690705.732,11008,71.56,71.52,71.55,71.52,high_O,TIE,TIE,TIE,T,T,T,F,TIE,T
1782690735.553,11009,71.52,71.4,71.4,71.4,high_O,TIE,TIE,TIE,T,T,T,TIE,TIE,TIE
1782690765.988,11010,71.4,71.43,71.41,71.41,high_C,low_O,C>O,TIE,F,F,F,T,T,TIE
1782690831.009,11011,71.43,71.45,71.44,71.46,high_P,low_O,P>O,P>C>M>O,F,F,F,T,F,F
1782690844.448,11012,71.45,71.48,71.48,71.48,TIE,low_O,TIE,TIE,F,F,F,TIE,TIE,TIE
1782690892.708,11013,71.48,71.39,71.4,71.4,high_O,low_C,O>C,TIE,T,T,T,F,F,TIE
1782690997.732,11014,71.39,71.37,71.38,71.39,TIE,low_C,TIE,TIE,T,T,TIE,F,F,F
1782691091.749,11015,71.37,71.35,71.38,71.38,TIE,low_C,TIE,TIE,T,F,F,F,F,TIE
1782691133.797,11016,71.35,71.3,71.35,71.36,high_P,low_C,P>C,TIE,T,TIE,F,F,F,F
1782691157.021,11017,71.3,71.32,71.32,71.32,TIE,low_O,TIE,TIE,F,F,F,TIE,TIE,TIE
1782691201.062,11018,71.32,71.36,71.35,71.35,high_C,low_O,C>O,TIE,F,F,F,T,T,TIE
1782691210.609,11019,71.36,71.23,71.29,71.23,high_O,TIE,TIE,TIE,T,T,T,F,TIE,T
1782691217.535,11020,71.23,71.19,71.19,71.18,high_O,low_P,O>P,TIE,T,T,T,TIE,T,T
1782691223.565,11021,71.19,71.1,71.15,71.15,high_O,low_C,O>C,TIE,T,T,T,F,F,TIE
1782691226.761,11022,71.1,71.12,71.11,71.11,high_C,low_O,C>O,TIE,F,F,F,T,T,TIE
1782691230.82,11023,71.12,71.09,71.08,71.08,high_O,TIE,TIE,TIE,T,T,T,T,T,TIE
1782691240.982,11024,71.09,71.12,71.1,71.09,high_C,TIE,TIE,TIE,F,F,TIE,T,T,T
1782691277.074,11025,71.12,71.16,71.16,71.16,TIE,low_O,TIE,TIE,F,F,F,TIE,TIE,TIE
1782691309.793,11026,71.16,71.11,71.16,71.16,TIE,low_C,TIE,TIE,T,TIE,TIE,F,F,TIE
1782691337.325,11027,71.11,71.06,71.1,71.1,high_O,low_C,O>C,TIE,T,T,T,F,F,TIE
1782691343.508,11028,71.06,71.0,71.03,71.03,high_O,low_C,O>C,TIE,T,T,T,F,F,TIE
1782691343.791,11029,71.0,70.97,70.97,71.0,TIE,TIE,TIE,TIE,T,T,TIE,TIE,F,F
1782691357.262,11030,70.97,71.02,71.03,71.02,high_M,low_O,M>O,TIE,F,F,F,F,TIE,T
1782691413.5,11031,71.02,71.17,71.1,71.1,high_C,low_O,C>O,TIE,F,F,F,T,T,TIE
1782691444.804,11032,71.17,71.2,71.2,71.2,TIE,low_O,TIE,TIE,F,F,F,TIE,TIE,TIE
1782691558.44,11034,71.08,71.08,71.05,71.05,TIE,TIE,TIE,TIE,TIE,T,T,T,T,TIE
1782691575.847,11035,71.08,71.01,71.04,71.0,high_O,low_P,O>P,O>M>C>P,T,T,T,F,T,T
1782691597.82,11036,71.01,70.93,70.95,70.95,high_O,low_C,O>C,TIE,T,T,T,F,F,TIE
1782691597.885,11037,70.93,70.92,70.91,70.91,high_O,TIE,TIE,TIE,T,T,T,T,T,TIE
1782691604.776,11038,70.92,70.95,70.91,70.91,high_C,TIE,TIE,TIE,F,T,T,T,T,TIE
1782691636.294,11039,70.95,70.94,70.98,70.98,TIE,low_C,TIE,TIE,T,F,F,F,F,TIE
1782691664.381,11040,70.94,70.92,70.91,70.92,high_O,low_M,O>M,TIE,T,T,T,T,TIE,F
1782691730.997,11042,71.02,71.02,71.05,71.06,high_P,TIE,TIE,TIE,TIE,F,F,F,F,F
1782691795.911,11043,71.02,71.1,71.05,71.03,high_C,low_O,C>O,C>M>P>O,F,F,F,T,T,T
1782691840.618,11044,71.1,71.16,71.15,71.15,high_C,low_O,C>O,TIE,F,F,F,T,T,TIE
1782691876.473,11045,71.16,71.25,71.18,71.22,high_C,low_O,C>O,C>P>M>O,F,F,F,T,T,F
1782691901.483,11046,71.25,71.26,71.26,71.24,TIE,low_P,TIE,TIE,F,F,T,TIE,T,T
1782691938.821,11047,71.26,71.2,71.23,71.22,high_O,low_C,O>C,O>M>P>C,T,T,T,F,F,T
1782691966.822,11048,71.2,71.37,71.36,71.4,high_P,low_O,P>O,P>C>M>O,F,F,F,T,F,F
1782691978.194,11049,71.37,71.5,71.42,71.49,high_C,low_O,C>O,C>P>M>O,F,F,F,T,T,F
1782691989.994,11050,71.5,71.53,71.51,71.5,high_C,TIE,TIE,TIE,F,F,TIE,T,T,T
1782691998.273,11051,71.53,71.43,71.51,71.5,high_O,low_C,O>C,O>M>P>C,T,T,T,F,F,T
1782692044.454,11052,71.43,71.36,71.39,71.39,high_O,low_C,O>C,TIE,T,T,T,F,F,TIE
1782692104.018,11053,71.36,71.4,71.4,71.4,TIE,low_O,TIE,TIE,F,F,F,TIE,TIE,TIE
1782692142.715,11054,71.4,71.27,71.37,71.28,high_O,low_C,O>C,O>M>P>C,T,T,T,F,F,T
1782692172.365,11055,71.27,71.33,71.27,71.25,high_C,low_P,C>P,TIE,F,TIE,T,T,T,T
1782692205.176,11056,71.33,71.15,71.21,71.22,high_O,low_C,O>C,O>P>M>C,T,T,T,F,F,F
1782692266.61,11057,71.15,71.28,71.2,71.31,high_P,low_O,P>O,P>C>M>O,F,F,F,T,F,F
1782692292.324,11058,71.28,71.26,71.26,71.26,high_O,TIE,TIE,TIE,T,T,T,TIE,TIE,TIE
1782692339.602,11059,71.26,71.39,71.33,71.33,high_C,low_O,C>O,TIE,F,F,F,T,T,TIE
1782692371.012,11060,71.39,71.29,71.39,71.39,TIE,low_C,TIE,TIE,T,TIE,TIE,F,F,TIE
1782692417.715,11061,71.29,71.3,71.35,71.37,high_P,low_O,P>O,P>M>C>O,F,F,F,F,F,F
1782692463.256,11062,71.3,71.23,71.29,71.3,TIE,low_C,TIE,TIE,T,T,TIE,F,F,F
1782692486.786,11063,71.22,71.14,71.16,71.17,high_O,low_C,O>C,O>P>M>C,T,T,T,F,F,F
1782692487.127,11064,71.14,71.11,71.13,71.13,high_O,low_C,O>C,TIE,T,T,T,F,F,TIE
1782692501.198,11065,71.11,71.04,71.05,71.04,high_O,TIE,TIE,TIE,T,T,T,F,TIE,T
1782692506.193,11066,71.04,70.94,71.0,71.04,TIE,low_C,TIE,TIE,T,T,TIE,F,F,F
1782692517.772,11068,70.89,70.89,70.89,70.89,TIE,TIE,TIE,TIE,TIE,TIE,TIE,TIE,TIE,TIE
1782692548.418,11069,70.89,71.0,70.96,70.97,high_C,low_O,C>O,C>P>M>O,F,F,F,T,T,F
1782692576.598,11070,71.0,70.95,70.99,71.0,TIE,low_C,TIE,TIE,T,T,TIE,F,F,F
1782692617.503,11071,70.95,70.87,70.96,70.98,high_P,low_C,P>C,P>M>O>C,T,F,F,F,F,F
1782692661.424,11072,70.87,71.06,70.97,70.97,high_C,low_O,C>O,TIE,F,F,F,T,T,TIE
1782692700.114,11073,71.06,71.04,71.05,71.06,TIE,low_C,TIE,TIE,T,T,TIE,F,F,F
1782692769.712,11074,71.04,70.87,71.0,71.0,high_O,low_C,O>C,TIE,T,T,T,F,F,TIE
1782692830.447,11075,70.87,70.93,70.93,70.93,TIE,low_O,TIE,TIE,F,F,F,TIE,TIE,TIE
1782692907.106,11076,70.93,70.9,70.93,70.93,TIE,low_C,TIE,TIE,T,TIE,TIE,F,F,TIE
1782692942.125,11077,70.9,70.81,70.9,70.9,TIE,low_C,TIE,TIE,T,TIE,TIE,F,F,TIE
1782692992.003,11078,70.81,70.77,70.82,70.89,high_P,low_C,P>C,P>M>O>C,T,F,F,F,F,F
1782693000.685,11079,70.77,70.67,70.71,70.68,high_O,low_C,O>C,O>M>P>C,T,T,T,F,F,T
1782693000.687,11080,70.67,70.63,70.65,70.65,high_O,low_C,O>C,TIE,T,T,T,F,F,TIE
1782693003.181,11081,70.63,70.68,70.68,70.69,high_P,low_O,P>O,TIE,F,F,F,TIE,F,F
1782693021.656,11082,70.68,70.72,70.7,70.72,TIE,low_O,TIE,TIE,F,F,F,T,TIE,F
1782693037.42,11084,70.63,70.63,70.61,70.62,TIE,low_M,TIE,TIE,TIE,T,T,T,T,F
1782693057.4,11085,70.63,70.61,70.62,70.62,high_O,low_C,O>C,TIE,T,T,T,F,F,TIE
1782693073.176,11086,70.61,70.55,70.57,70.55,high_O,TIE,TIE,TIE,T,T,T,F,TIE,T
1782693073.829,11087,70.55,70.51,70.52,70.51,high_O,TIE,TIE,TIE,T,T,T,F,TIE,T
1782693076.759,11088,70.51,70.47,70.48,70.48,high_O,low_C,O>C,TIE,T,T,T,F,F,TIE
1782693090.298,11089,70.47,70.43,70.47,70.43,TIE,TIE,TIE,TIE,T,TIE,T,F,TIE,T
1782693096.742,11090,70.43,70.35,70.4,70.4,high_O,low_C,O>C,TIE,T,T,T,F,F,TIE
1782693099.744,11091,70.35,70.36,70.34,70.34,high_C,TIE,TIE,TIE,F,T,T,T,T,TIE
1782693119.356,11092,70.36,70.31,70.34,70.34,high_O,low_C,O>C,TIE,T,T,T,F,F,TIE
1782693128.346,11093,70.31,70.36,70.35,70.33,high_C,low_O,C>O,C>M>P>O,F,F,F,T,T,T
1782693153.907,11094,70.36,70.41,70.39,70.39,high_C,low_O,C>O,TIE,F,F,F,T,T,TIE
1782693169.774,11095,70.41,70.46,70.42,70.42,high_C,low_O,C>O,TIE,F,F,F,T,T,TIE
1782693172.015,11096,70.46,70.54,70.49,70.49,high_C,low_O,C>O,TIE,F,F,F,T,T,TIE
1782693172.275,11097,70.54,70.58,70.58,70.58,TIE,low_O,TIE,TIE,F,F,F,TIE,TIE,TIE
1782693187.113,11098,70.58,70.56,70.57,70.56,high_O,TIE,TIE,TIE,T,T,T,F,TIE,T
1782693219.205,11099,70.56,70.65,70.64,70.64,high_C,low_O,C>O,TIE,F,F,F,T,T,TIE
1782693247.624,11100,70.65,70.6,70.61,70.61,high_O,low_C,O>C,TIE,T,T,T,F,F,TIE
1782693281.561,11101,70.6,70.77,70.71,70.7,high_C,low_O,C>O,C>M>P>O,F,F,F,T,T,T
1782693286.739,11102,70.77,70.83,70.8,70.82,high_C,low_O,C>O,C>P>M>O,F,F,F,T,T,F
1782693294.803,11103,70.83,70.87,70.84,70.84,high_C,low_O,C>O,TIE,F,F,F,T,T,TIE
1782693312.99,11104,70.87,70.82,70.82,70.81,high_O,low_P,O>P,TIE,T,T,T,TIE,T,T
1782693343.72,11105,70.82,70.75,70.71,70.71,high_O,TIE,TIE,TIE,T,T,T,T,T,TIE
1782693384.428,11106,70.75,70.76,70.73,70.76,TIE,low_M,TIE,TIE,F,T,F,T,TIE,F
1782693412.746,11107,70.76,70.75,70.76,70.76,TIE,low_C,TIE,TIE,T,TIE,TIE,F,F,TIE
1782693454.627,11108,70.75,70.57,70.62,70.62,high_O,low_C,O>C,TIE,T,T,T,F,F,TIE
1782693471.136,11109,70.57,70.53,70.54,70.52,high_O,low_P,O>P,O>M>C>P,T,T,T,F,T,T
1782693489.415,11110,70.53,70.59,70.54,70.55,high_C,low_O,C>O,C>P>M>O,F,F,F,T,T,F
1782693545.483,11111,70.59,70.74,70.63,70.62,high_C,low_O,C>O,C>M>P>O,F,F,F,T,T,T
1782693613.786,11112,70.74,70.7,70.66,70.65,high_O,low_P,O>P,O>C>M>P,T,T,T,T,T,T
1782693665.042,11113,70.7,70.88,70.76,70.78,high_C,low_O,C>O,C>P>M>O,F,F,F,T,T,F
1782693683.526,11114,70.88,71.0,70.88,70.88,high_C,TIE,TIE,TIE,F,TIE,TIE,T,T,TIE
1782693702.401,11115,71.0,70.9,70.93,70.9,high_O,TIE,TIE,TIE,T,T,T,F,TIE,T
1782693733.34,11116,70.9,71.06,71.04,71.05,high_C,low_O,C>O,C>P>M>O,F,F,F,T,T,F
1782693747.868,11117,71.06,71.13,71.09,71.09,high_C,low_O,C>O,TIE,F,F,F,T,T,TIE
1782693764.056,11118,71.13,71.15,71.1,71.1,high_C,TIE,TIE,TIE,F,T,T,T,T,TIE
1782693782.391,11119,71.15,71.09,71.1,71.1,high_O,low_C,O>C,TIE,T,T,T,F,F,TIE
1782693833.763,11120,71.09,71.01,71.06,71.06,high_O,low_C,O>C,TIE,T,T,T,F,F,TIE
1782693886.371,11121,71.01,71.04,71.0,71.0,high_C,TIE,TIE,TIE,F,T,T,T,T,TIE
1782693928.849,11122,71.04,71.01,71.0,70.99,high_O,low_P,O>P,O>C>M>P,T,T,T,T,T,T
1782694000.179,11123,71.01,70.91,70.98,70.97,high_O,low_C,O>C,O>M>P>C,T,T,T,F,F,T
1782694040.037,11124,70.91,70.88,70.9,70.9,high_O,low_C,O>C,TIE,T,T,T,F,F,TIE
1782694102.68,11125,70.88,70.73,70.81,70.8,high_O,low_C,O>C,O>M>P>C,T,T,T,F,F,T
1782694126.56,11126,70.73,70.85,70.78,70.77,high_C,low_O,C>O,C>M>P>O,F,F,F,T,T,T
1782694204.003,11127,70.85,70.95,70.92,70.93,high_C,low_O,C>O,C>P>M>O,F,F,F,T,T,F
1782694259.284,11128,70.95,70.98,71.07,71.13,high_P,low_O,P>O,P>M>C>O,F,F,F,F,F,F
1782694320.841,11130,71.08,71.08,71.13,71.17,high_P,TIE,TIE,TIE,TIE,F,F,F,F,F
1782694411.613,11131,71.08,71.11,71.12,71.12,TIE,low_O,TIE,TIE,F,F,F,F,F,TIE
1782694480.395,11133,71.2,71.2,71.2,71.2,TIE,TIE,TIE,TIE,TIE,TIE,TIE,TIE,TIE,TIE
1782694499.962,11134,71.2,71.25,71.25,71.25,TIE,low_O,TIE,TIE,F,F,F,TIE,TIE,TIE
1782694510.575,11135,71.25,71.34,71.27,71.26,high_C,low_O,C>O,C>M>P>O,F,F,F,T,T,T
1782694512.334,11136,71.34,71.39,71.37,71.37,high_C,low_O,C>O,TIE,F,F,F,T,T,TIE
1782694528.807,11138,71.4,71.4,71.37,71.38,TIE,low_M,TIE,TIE,TIE,T,T,T,T,F
1782694539.224,11139,71.4,71.49,71.41,71.4,high_C,TIE,TIE,TIE,F,F,TIE,T,T,T
1782694556.234,11140,71.49,71.43,71.44,71.49,TIE,low_C,TIE,TIE,T,T,TIE,F,F,F
1782694571.072,11141,71.43,71.5,71.49,71.5,TIE,low_O,TIE,TIE,F,F,F,T,TIE,F
1782694604.308,11142,71.5,71.46,71.48,71.48,high_O,low_C,O>C,TIE,T,T,T,F,F,TIE
1782694626.758,11143,71.46,71.5,71.48,71.46,high_C,TIE,TIE,TIE,F,F,TIE,T,T,T
1782694658.878,11144,71.5,71.54,71.5,71.5,high_C,TIE,TIE,TIE,F,TIE,TIE,T,T,TIE
1782694664.276,11145,71.54,71.51,71.5,71.51,high_O,low_M,O>M,TIE,T,T,T,T,TIE,F
1782694704.077,11146,71.51,71.58,71.51,71.5,high_C,low_P,C>P,TIE,F,TIE,T,T,T,T
1782694746.392,11147,71.58,71.6,71.6,71.6,TIE,low_O,TIE,TIE,F,F,F,TIE,TIE,TIE
1782694800.896,11149,71.67,71.67,71.65,71.65,TIE,TIE,TIE,TIE,TIE,T,T,T,T,TIE
1782694817.414,11150,71.67,71.63,71.62,71.62,high_O,TIE,TIE,TIE,T,T,T,T,T,TIE
1782694850.013,11151,71.63,71.6,71.64,71.64,TIE,low_C,TIE,TIE,T,F,F,F,F,TIE
1782694850.292,11152,71.6,71.56,71.59,71.6,TIE,low_C,TIE,TIE,T,T,TIE,F,F,F
1782694870.235,11153,71.56,71.53,71.56,71.53,TIE,TIE,TIE,TIE,T,TIE,T,F,TIE,T
1782694889.051,11154,71.53,71.47,71.48,71.46,high_O,low_P,O>P,O>M>C>P,T,T,T,F,T,T
1782694933.583,11155,71.47,71.42,71.47,71.5,high_P,low_C,P>C,TIE,T,TIE,F,F,F,F
1782694952.433,11156,71.42,71.41,71.4,71.39,high_O,low_P,O>P,O>C>M>P,T,T,T,T,T,T
1782694976.614,11157,71.41,71.4,71.4,71.4,high_O,TIE,TIE,TIE,T,T,T,TIE,TIE,TIE
1782695017.164,11158,71.4,71.38,71.4,71.4,TIE,low_C,TIE,TIE,T,TIE,TIE,F,F,TIE
1782695066.252,11159,71.38,71.33,71.38,71.38,TIE,low_C,TIE,TIE,T,TIE,TIE,F,F,TIE
1782695098.131,11160,71.33,71.3,71.3,71.3,high_O,TIE,TIE,TIE,T,T,T,TIE,TIE,TIE
1782695125.265,11161,71.3,71.37,71.34,71.31,high_C,low_O,C>O,C>M>P>O,F,F,F,T,T,T
1782695178.119,11162,71.37,71.51,71.37,71.32,high_C,low_P,C>P,TIE,F,TIE,T,T,T,T
1782695234.288,11163,71.51,71.54,71.52,71.53,high_C,low_O,C>O,C>P>M>O,F,F,F,T,T,F
1782695291.594,11164,71.54,71.45,71.55,71.46,high_M,low_C,M>C,M>O>P>C,T,F,T,F,F,T
1782695318.966,11165,71.45,71.5,71.44,71.44,high_C,TIE,TIE,TIE,F,T,T,T,T,TIE
1782695410.559,11166,71.5,71.4,71.44,71.44,high_O,low_C,O>C,TIE,T,T,T,F,F,TIE
1782695499.535,11167,71.4,71.45,71.44,71.45,TIE,low_O,TIE,TIE,F,F,F,T,TIE,F
1782695499.536,11168,71.45,71.4,71.43,71.43,high_O,low_C,O>C,TIE,T,T,T,F,F,TIE
1782695591.726,11169,71.4,71.31,71.4,71.41,high_P,low_C,P>C,TIE,T,TIE,F,F,F,F
1782695604.376,11170,71.31,71.25,71.26,71.26,high_O,low_C,O>C,TIE,T,T,T,F,F,TIE
1782695653.109,11171,71.25,71.3,71.26,71.26,high_C,low_O,C>O,TIE,F,F,F,T,T,TIE
1782695797.868,11172,71.3,71.27,71.33,71.3,high_M,low_C,M>C,TIE,T,F,TIE,F,F,T
1782695841.268,11173,71.27,71.25,71.28,71.29,high_P,low_C,P>C,P>M>O>C,T,F,F,F,F,F
1782695843.698,11174,71.25,71.18,71.18,71.18,high_O,TIE,TIE,TIE,T,T,T,TIE,TIE,TIE
1782695851.729,11175,71.18,71.08,71.1,71.1,high_O,low_C,O>C,TIE,T,T,T,F,F,TIE
1782695860.567,11176,71.08,71.1,71.09,71.1,TIE,low_O,TIE,TIE,F,F,F,T,TIE,F
1782695886.344,11177,71.1,71.08,71.11,71.12,high_P,low_C,P>C,P>M>O>C,T,F,F,F,F,F
1782695900.61,11178,71.08,71.02,71.06,71.1,high_P,low_C,P>C,P>O>M>C,T,T,F,F,F,F
1782695913.319,11179,71.02,70.98,71.0,71.0,high_O,low_C,O>C,TIE,T,T,T,F,F,TIE
1782695913.542,11180,70.98,70.96,70.95,70.94,high_O,low_P,O>P,O>C>M>P,T,T,T,T,T,T
1782695928.99,11181,70.96,70.97,70.97,70.96,TIE,TIE,TIE,TIE,F,F,TIE,TIE,T,T
1782695943.198,11182,70.97,71.02,71.02,71.02,TIE,low_O,TIE,TIE,F,F,F,TIE,TIE,TIE
1782695974.11,11183,71.02,71.0,71.02,71.02,TIE,low_C,TIE,TIE,T,TIE,TIE,F,F,TIE
1782695990.506,11184,71.0,71.07,71.03,71.03,high_C,low_O,C>O,TIE,F,F,F,T,T,TIE
1782696003.334,11185,71.07,71.16,71.09,71.09,high_C,low_O,C>O,TIE,F,F,F,T,T,TIE
1782696008.223,11186,71.16,71.21,71.17,71.16,high_C,TIE,TIE,TIE,F,F,TIE,T,T,T
1782696023.559,11187,71.21,71.05,71.17,71.17,high_O,low_C,O>C,TIE,T,T,T,F,F,TIE
1782696041.774,11188,71.05,71.04,71.03,71.02,high_O,low_P,O>P,O>C>M>P,T,T,T,T,T,T
1782696072.347,11189,71.04,71.28,71.16,71.06,high_C,low_O,C>O,C>M>P>O,F,F,F,T,T,T
1782696093.173,11190,71.28,71.21,71.3,71.3,TIE,low_C,TIE,TIE,T,F,F,F,F,TIE
1782696190.064,11191,71.21,71.2,71.2,71.2,high_O,TIE,TIE,TIE,T,T,T,TIE,TIE,TIE
1782696287.013,11192,71.2,71.19,71.14,71.2,TIE,low_M,TIE,TIE,T,T,TIE,T,F,F
1782696337.845,11193,71.19,71.26,71.23,71.28,high_P,low_O,P>O,P>C>M>O,F,F,F,T,F,F
1782696413.448,11194,71.26,71.24,71.25,71.25,high_O,low_C,O>C,TIE,T,T,T,F,F,TIE
1782696484.731,11195,71.24,71.06,71.1,71.1,high_O,low_C,O>C,TIE,T,T,T,F,F,TIE
1782696601.44,11196,71.06,71.04,71.07,71.06,high_M,low_C,M>C,TIE,T,F,TIE,F,F,T
1782696630.239,11197,71.04,71.05,70.97,70.96,high_C,low_P,C>P,C>O>M>P,F,T,T,T,T,T
1782696741.706,11198,71.05,71.14,71.11,71.11,high_C,low_O,C>O,TIE,F,F,F,T,T,TIE
1782696796.677,11199,71.14,71.19,71.19,71.19,TIE,low_O,TIE,TIE,F,F,F,TIE,TIE,TIE
1782696910.825,11200,71.19,71.03,71.1,71.16,high_O,low_C,O>C,O>P>M>C,T,T,T,F,F,F
1782696956.485,11201,71.03,71.25,71.11,71.1,high_C,low_O,C>O,C>M>P>O,F,F,F,T,T,T
1782697002.833,11202,71.25,71.33,71.24,71.24,high_C,TIE,TIE,TIE,F,T,T,T,T,TIE
1782697030.5,11203,71.33,71.38,71.38,71.28,TIE,low_P,TIE,TIE,F,F,T,TIE,T,T
1782697094.715,11204,71.38,71.26,71.33,71.37,high_O,low_C,O>C,O>P>M>C,T,T,T,F,F,F
1782697153.998,11205,71.26,71.39,71.36,71.38,high_C,low_O,C>O,C>P>M>O,F,F,F,T,T,F
1782697182.386,11206,71.39,71.44,71.43,71.39,high_C,TIE,TIE,TIE,F,F,TIE,T,T,T
1782697230.56,11207,71.44,71.56,71.51,71.5,high_C,low_O,C>O,C>M>P>O,F,F,F,T,T,T
1782697280.476,11208,71.56,71.64,71.56,71.56,high_C,TIE,TIE,TIE,F,TIE,TIE,T,T,TIE
1782697320.905,11209,71.64,71.63,71.61,71.61,high_O,TIE,TIE,TIE,T,T,T,T,T,TIE
1782697392.624,11210,71.63,71.54,71.59,71.59,high_O,low_C,O>C,TIE,T,T,T,F,F,TIE
1782697440.042,11211,71.54,71.59,71.55,71.53,high_C,low_P,C>P,C>M>O>P,F,F,T,T,T,T
1782697472.296,11212,71.59,71.61,71.59,71.59,high_C,TIE,TIE,TIE,F,TIE,TIE,T,T,TIE
1782697510.902,11213,71.61,71.56,71.58,71.56,high_O,TIE,TIE,TIE,T,T,T,F,TIE,T
1782697552.046,11214,71.56,71.49,71.52,71.51,high_O,low_C,O>C,O>M>P>C,T,T,T,F,F,T
1782697684.058,11215,71.49,71.52,71.52,71.52,TIE,low_O,TIE,TIE,F,F,F,TIE,TIE,TIE
1782697795.918,11216,71.53,71.57,71.53,71.54,high_C,TIE,TIE,TIE,F,TIE,F,T,T,F
1782697808.566,11217,71.57,71.61,71.61,71.61,TIE,low_O,TIE,TIE,F,F,F,TIE,TIE,TIE
1782697886.198,11218,71.61,71.52,71.52,71.52,high_O,TIE,TIE,TIE,T,T,T,TIE,TIE,TIE
1782697985.777,11219,71.52,71.58,71.5,71.5,high_C,TIE,TIE,TIE,F,T,T,T,T,TIE
1782698131.453,11220,71.58,71.5,71.51,71.5,high_O,TIE,TIE,TIE,T,T,T,F,TIE,T
1782698252.687,11221,71.5,71.44,71.49,71.5,TIE,low_C,TIE,TIE,T,T,TIE,F,F,F
1782698380.623,11222,71.44,71.45,71.47,71.44,high_M,TIE,TIE,TIE,F,F,TIE,F,T,T
1782698442.498,11223,71.45,71.36,71.36,71.35,high_O,low_P,O>P,TIE,T,T,T,TIE,T,T
1782698503.481,11224,71.36,71.39,71.41,71.43,high_P,low_O,P>O,P>M>C>O,F,F,F,F,F,F
1782698518.067,11225,71.39,71.49,71.45,71.45,high_C,low_O,C>O,TIE,F,F,F,T,T,TIE
1782698605.956,11226,71.49,71.6,71.57,71.6,TIE,low_O,TIE,TIE,F,F,F,T,TIE,F
1782698684.291,11227,71.6,71.37,71.37,71.34,high_O,low_P,O>P,TIE,T,T,T,TIE,T,T
1782698809.317,11228,71.37,71.29,71.36,71.3,high_O,low_C,O>C,O>M>P>C,T,T,T,F,F,T
1782698809.318,11229,71.29,71.26,71.28,71.28,high_O,low_C,O>C,TIE,T,T,T,F,F,TIE
1782698809.385,11230,71.26,71.28,71.25,71.25,high_C,TIE,TIE,TIE,F,T,T,T,T,TIE
1782698832.512,11231,71.28,71.19,71.2,71.2,high_O,low_C,O>C,TIE,T,T,T,F,F,TIE
1782698854.773,11232,71.19,71.2,71.2,71.2,TIE,low_O,TIE,TIE,F,F,F,TIE,TIE,TIE
1782698922.202,11233,71.2,71.12,71.21,71.21,TIE,low_C,TIE,TIE,T,F,F,F,F,TIE
1782698949.339,11234,71.12,71.14,71.09,71.07,high_C,low_P,C>P,C>O>M>P,F,T,T,T,T,T
1782698983.045,11235,71.14,71.08,71.09,71.09,high_O,low_C,O>C,TIE,T,T,T,F,F,TIE
1782699024.424,11236,71.08,71.11,71.14,71.16,high_P,low_O,P>O,P>M>C>O,F,F,F,F,F,F
1782699085.857,11238,71.04,71.04,71.03,71.03,TIE,TIE,TIE,TIE,TIE,T,T,T,T,TIE
1782699122.179,11239,71.04,71.0,71.04,71.05,high_P,low_C,P>C,TIE,T,TIE,F,F,F,F
1782699162.238,11240,71.0,70.97,70.97,70.97,high_O,TIE,TIE,TIE,T,T,T,TIE,TIE,TIE
1782699170.657,11241,70.97,70.94,70.97,70.97,TIE,low_C,TIE,TIE,T,TIE,TIE,F,F,TIE
1782699176.097,11242,70.94,70.9,70.93,70.94,TIE,low_C,TIE,TIE,T,T,TIE,F,F,F
1782699185.091,11243,70.9,70.82,70.88,70.89,high_O,low_C,O>C,O>P>M>C,T,T,T,F,F,F
1782699197.849,11244,70.82,70.7,70.76,70.76,high_O,low_C,O>C,TIE,T,T,T,F,F,TIE
1782699205.672,11245,70.7,70.73,70.7,70.69,high_C,low_P,C>P,TIE,F,TIE,T,T,T,T
1782699220.581,11246,70.73,70.72,70.71,70.65,high_O,low_P,O>P,O>C>M>P,T,T,T,T,T,T
1782699227.288,11247,70.72,70.64,70.61,70.63,high_O,low_M,O>M,O>C>P>M,T,T,T,T,T,F
1782699234.864,11248,70.64,70.5,70.53,70.52,high_O,low_C,O>C,O>M>P>C,T,T,T,F,F,T
1782699235.066,11249,70.5,70.51,70.5,70.5,high_C,TIE,TIE,TIE,F,TIE,TIE,T,T,TIE
1782699241.631,11250,70.51,70.59,70.5,70.47,high_C,low_P,C>P,C>O>M>P,F,T,T,T,T,T
1782699253.724,11251,70.59,70.67,70.61,70.59,high_C,TIE,TIE,TIE,F,F,TIE,T,T,T
1782699266.306,11252,70.67,70.63,70.69,70.7,high_P,low_C,P>C,P>M>O>C,T,F,F,F,F,F
1782699283.396,11253,70.63,70.61,70.6,70.59,high_O,low_P,O>P,O>C>M>P,T,T,T,T,T,T
1782699306.181,11254,70.61,70.75,70.65,70.64,high_C,low_O,C>O,C>M>P>O,F,F,F,T,T,T
1782699325.774,11255,70.75,70.72,70.73,70.72,high_O,TIE,TIE,TIE,T,T,T,F,TIE,T
1782699355.812,11256,70.72,70.79,70.72,70.73,high_C,TIE,TIE,TIE,F,TIE,F,T,T,F
1782699376.766,11257,70.79,70.81,70.81,70.8,TIE,low_O,TIE,TIE,F,F,F,TIE,T,T
1782699389.759,11258,70.81,70.89,70.89,70.89,TIE,low_O,TIE,TIE,F,F,F,TIE,TIE,TIE
1782699407.867,11259,70.89,71.04,71.02,70.89,high_C,TIE,TIE,TIE,F,F,TIE,T,T,T
1782699424.349,11260,71.04,70.97,70.98,70.97,high_O,TIE,TIE,TIE,T,T,T,F,TIE,T
1782699465.619,11261,70.97,71.01,71.04,70.97,high_M,TIE,TIE,TIE,F,F,TIE,F,T,T
1782699547.594,11262,71.01,71.05,71.0,71.0,high_C,TIE,TIE,TIE,F,T,T,T,T,TIE
1782699646.75,11263,71.05,71.04,71.03,71.03,high_O,TIE,TIE,TIE,T,T,T,T,T,TIE
1782699688.412,11264,71.04,71.16,71.11,71.12,high_C,low_O,C>O,C>P>M>O,F,F,F,T,T,F
1782699720.15,11265,71.16,71.17,71.17,71.17,TIE,low_O,TIE,TIE,F,F,F,TIE,TIE,TIE
1782699756.594,11266,71.17,71.25,71.19,71.18,high_C,low_O,C>O,C>M>P>O,F,F,F,T,T,T
1782699779.906,11267,71.25,71.4,71.3,71.29,high_C,low_O,C>O,C>M>P>O,F,F,F,T,T,T
1782699791.388,11269,71.48,71.48,71.49,71.48,high_M,TIE,TIE,TIE,TIE,F,TIE,F,TIE,T
1782699830.701,11271,71.34,71.34,71.34,71.34,TIE,TIE,TIE,TIE,TIE,TIE,TIE,TIE,TIE,TIE
1782699885.543,11272,71.34,71.31,71.33,71.34,TIE,low_C,TIE,TIE,T,T,TIE,F,F,F
1782699938.55,11273,71.31,71.33,71.31,71.31,high_C,TIE,TIE,TIE,F,TIE,TIE,T,T,TIE
1782699989.107,11274,71.33,71.45,71.37,71.35,high_C,low_O,C>O,C>M>P>O,F,F,F,T,T,T
1782700010.463,11275,71.45,71.48,71.43,71.43,high_C,TIE,TIE,TIE,F,T,T,T,T,TIE
1782700034.375,11276,71.48,71.6,71.53,71.5,high_C,low_O,C>O,C>M>P>O,F,F,F,T,T,T
1782700037.065,11277,71.6,71.54,71.56,71.55,high_O,low_C,O>C,O>M>P>C,T,T,T,F,F,T
1782700042.181,11278,71.54,71.62,71.56,71.54,high_C,TIE,TIE,TIE,F,F,TIE,T,T,T
1782700051.575,11279,71.62,71.63,71.62,71.63,TIE,TIE,TIE,TIE,F,TIE,F,T,TIE,F
1782700058.282,11280,71.63,71.75,71.68,71.68,high_C,low_O,C>O,TIE,F,F,F,T,T,TIE
1782700061.139,11281,71.75,71.79,71.77,71.78,high_C,low_O,C>O,C>P>M>O,F,F,F,T,T,F
1782700065.989,11282,71.79,71.77,71.8,71.8,TIE,low_C,TIE,TIE,T,F,F,F,F,TIE
1782700083.9,11283,71.77,71.7,71.71,71.7,high_O,TIE,TIE,TIE,T,T,T,F,TIE,T
1782700101.904,11284,71.7,71.69,71.73,71.73,TIE,low_C,TIE,TIE,T,F,F,F,F,TIE
1782700114.259,11285,71.69,71.75,71.74,71.75,TIE,low_O,TIE,TIE,F,F,F,T,TIE,F
1782700140.46,11286,71.75,71.74,71.73,71.74,high_O,low_M,O>M,TIE,T,T,T,T,TIE,F
1782700166.67,11287,71.74,71.75,71.75,71.75,TIE,low_O,TIE,TIE,F,F,F,TIE,TIE,TIE
1782700202.932,11288,71.75,71.74,71.77,71.78,high_P,low_C,P>C,P>M>O>C,T,F,F,F,F,F
1782700215.458,11289,71.74,71.67,71.69,71.69,high_O,low_C,O>C,TIE,T,T,T,F,F,TIE
1782700234.657,11290,71.67,71.69,71.69,71.69,TIE,low_O,TIE,TIE,F,F,F,TIE,TIE,TIE
1782700264.959,11291,71.69,71.7,71.69,71.68,high_C,low_P,C>P,TIE,F,TIE,T,T,T,T
1782700324.502,11293,71.63,71.63,71.64,71.64,TIE,TIE,TIE,TIE,TIE,F,F,F,F,TIE
1782700407.962,11294,71.63,71.67,71.66,71.66,high_C,low_O,C>O,TIE,F,F,F,T,T,TIE
1782700523.689,11295,71.67,71.73,71.66,71.67,high_C,low_M,C>M,TIE,F,T,TIE,T,T,F
1782700660.079,11297,71.76,71.76,71.76,71.76,TIE,TIE,TIE,TIE,TIE,TIE,TIE,TIE,TIE,TIE
1782700697.748,11298,71.76,71.83,71.77,71.75,high_C,low_P,C>P,C>M>O>P,F,F,T,T,T,T
1782700705.775,11299,71.83,71.85,71.87,71.88,high_P,low_O,P>O,P>M>C>O,F,F,F,F,F,F
1782700740.228,11300,71.85,71.9,71.87,71.87,high_C,low_O,C>O,TIE,F,F,F,T,T,TIE
1782700749.807,11301,71.9,71.93,71.93,71.93,TIE,low_O,TIE,TIE,F,F,F,TIE,TIE,TIE
1782700810.9,11302,71.93,71.76,71.85,71.8,high_O,low_C,O>C,O>M>P>C,T,T,T,F,F,T
1782700854.281,11303,71.76,71.83,71.76,71.76,high_C,TIE,TIE,TIE,F,TIE,TIE,T,T,TIE
1782700889.11,11304,71.83,71.94,71.92,71.93,high_C,low_O,C>O,C>P>M>O,F,F,F,T,T,F
1782700924.817,11305,71.94,71.96,71.93,71.92,high_C,low_P,C>P,C>O>M>P,F,T,T,T,T,T
1782700942.159,11306,71.96,71.99,71.96,71.97,high_C,TIE,TIE,TIE,F,TIE,F,T,T,F
1782700951.496,11307,71.99,72.0,71.99,72.0,TIE,TIE,TIE,TIE,F,TIE,F,T,TIE,F
1782700952.799,11308,72.0,72.04,72.02,72.02,high_C,low_O,C>O,TIE,F,F,F,T,T,TIE
1782700954.013,11309,72.04,72.12,72.1,72.1,high_C,low_O,C>O,TIE,F,F,F,T,T,TIE
1782700960.136,11310,72.12,72.09,72.1,72.1,high_O,low_C,O>C,TIE,T,T,T,F,F,TIE
1782700986.301,11311,72.09,72.12,72.09,72.08,high_C,low_P,C>P,TIE,F,TIE,T,T,T,T
1782701024.413,11312,72.12,72.09,72.09,72.1,high_O,TIE,TIE,TIE,T,T,T,TIE,F,F
1782701052.259,11313,72.09,72.03,72.05,72.04,high_O,low_C,O>C,O>M>P>C,T,T,T,F,F,T
1782701137.615,11314,72.03,72.04,72.05,72.05,TIE,low_O,TIE,TIE,F,F,F,F,F,TIE
1782701207.439,11315,72.04,72.1,72.07,72.04,high_C,TIE,TIE,TIE,F,F,TIE,T,T,T
1782701246.059,11316,72.1,72.15,72.1,72.15,TIE,TIE,TIE,TIE,F,TIE,F,T,TIE,F
1782701305.768,11317,72.15,72.0,72.05,72.04,high_O,low_C,O>C,O>M>P>C,T,T,T,F,F,T
1782701349.741,11318,72.0,72.04,72.02,72.01,high_C,low_O,C>O,C>M>P>O,F,F,F,T,T,T
1782701404.769,11319,72.04,72.11,72.11,72.16,high_P,low_O,P>O,TIE,F,F,F,TIE,F,F
1782701472.282,11320,72.11,72.14,72.1,72.11,high_C,low_M,C>M,TIE,F,T,TIE,T,T,F
1782701587.675,11321,72.14,71.98,72.03,72.03,high_O,low_C,O>C,TIE,T,T,T,F,F,TIE
1782701685.973,11322,71.98,71.94,71.99,72.0,high_P,low_C,P>C,P>M>O>C,T,F,F,F,F,F
1782701777.537,11323,71.94,71.98,71.97,71.94,high_C,TIE,TIE,TIE,F,F,TIE,T,T,T
1782701810.878,11324,71.98,72.03,72.01,72.02,high_C,low_O,C>O,C>P>M>O,F,F,F,T,T,F
1782701891.17,11325,72.03,72.06,72.03,72.04,high_C,TIE,TIE,TIE,F,TIE,F,T,T,F
1782701993.608,11327,72.16,72.16,72.17,72.17,TIE,TIE,TIE,TIE,TIE,F,F,F,F,TIE
1782702007.482,11328,72.16,72.22,72.18,72.2,high_C,low_O,C>O,C>P>M>O,F,F,F,T,T,F
1782702017.006,11329,72.22,72.19,72.2,72.21,high_O,low_C,O>C,O>P>M>C,T,T,T,F,F,F
1782702043.874,11330,72.19,72.26,72.22,72.25,high_C,low_O,C>O,C>P>M>O,F,F,F,T,T,F
1782702061.998,11331,72.26,72.3,72.29,72.3,TIE,low_O,TIE,TIE,F,F,F,T,TIE,F
1782702087.264,11332,72.3,72.32,72.32,72.32,TIE,low_O,TIE,TIE,F,F,F,TIE,TIE,TIE
1782702113.336,11333,72.32,72.23,72.24,72.23,high_O,TIE,TIE,TIE,T,T,T,F,TIE,T
1782702152.599,11334,72.23,72.35,72.28,72.27,high_C,low_O,C>O,C>M>P>O,F,F,F,T,T,T
1782702153.188,11335,72.35,72.41,72.4,72.41,TIE,low_O,TIE,TIE,F,F,F,T,TIE,F
1782702154.246,11336,72.41,72.49,72.47,72.48,high_C,low_O,C>O,C>P>M>O,F,F,F,T,T,F
1782702154.249,11337,72.49,72.52,72.5,72.5,high_C,low_O,C>O,TIE,F,F,F,T,T,TIE
1782702154.344,11338,72.52,72.49,72.51,72.46,high_O,low_P,O>P,O>M>C>P,T,T,T,F,T,T
1782702157.069,11339,72.49,72.5,72.52,72.52,TIE,low_O,TIE,TIE,F,F,F,F,F,TIE
1782702158.425,11340,72.5,72.58,72.52,72.51,high_C,low_O,C>O,C>M>P>O,F,F,F,T,T,T
1782702160.047,11341,72.58,72.6,72.6,72.6,TIE,low_O,TIE,TIE,F,F,F,TIE,TIE,TIE
1782702172.221,11342,72.6,72.46,72.52,72.52,high_O,low_C,O>C,TIE,T,T,T,F,F,TIE
1782702195.621,11343,72.46,72.45,72.48,72.49,high_P,low_C,P>C,P>M>O>C,T,F,F,F,F,F
1782702234.306,11344,72.45,72.41,72.39,72.39,high_O,TIE,TIE,TIE,T,T,T,T,T,TIE
1782702242.183,11345,72.41,72.4,72.38,72.37,high_O,low_P,O>P,O>C>M>P,T,T,T,T,T,T
1782702280.012,11346,72.4,72.5,72.45,72.48,high_C,low_O,C>O,C>P>M>O,F,F,F,T,T,F
1782702313.067,11347,72.5,72.57,72.56,72.59,high_P,low_O,P>O,P>C>M>O,F,F,F,T,F,F
1782702325.422,11348,72.57,72.68,72.64,72.64,high_C,low_O,C>O,TIE,F,F,F,T,T,TIE
1782702332.09,11349,72.68,72.82,72.68,72.68,high_C,TIE,TIE,TIE,F,TIE,TIE,T,T,TIE
1782702332.394,11350,72.82,72.92,72.89,72.89,high_C,low_O,C>O,TIE,F,F,F,T,T,TIE
1782702332.717,11351,72.92,72.86,72.93,72.93,TIE,low_C,TIE,TIE,T,F,F,F,F,TIE
1782702333.701,11352,72.86,72.82,72.86,72.86,TIE,low_C,TIE,TIE,T,TIE,TIE,F,F,TIE
1782702337.956,11353,72.82,72.92,72.87,72.91,high_C,low_O,C>O,C>P>M>O,F,F,F,T,T,F
1782702347.978,11354,72.92,72.76,72.83,72.79,high_O,low_C,O>C,O>M>P>C,T,T,T,F,F,T
1782702362.139,11355,72.76,72.8,72.77,72.76,high_C,TIE,TIE,TIE,F,F,TIE,T,T,T
1782702387.534,11356,72.8,72.74,72.78,72.79,high_O,low_C,O>C,O>P>M>C,T,T,T,F,F,F
1782702415.114,11357,72.74,72.73,72.78,72.8,high_P,low_C,P>C,P>M>O>C,T,F,F,F,F,F
1782702442.84,11358,72.73,72.85,72.74,72.72,high_C,low_P,C>P,C>M>O>P,F,F,T,T,T,T
1782702460.856,11359,72.85,72.86,72.84,72.86,TIE,low_M,TIE,TIE,F,T,F,T,TIE,F
1782702479.588,11360,72.86,72.81,72.83,72.83,high_O,low_C,O>C,TIE,T,T,T,F,F,TIE
1782702488.841,11361,72.81,72.87,72.86,72.87,TIE,low_O,TIE,TIE,F,F,F,T,TIE,F
1782702502.001,11362,72.87,72.86,72.86,72.86,high_O,TIE,TIE,TIE,T,T,T,TIE,TIE,TIE
1782702520.543,11363,72.86,73.0,72.94,73.0,TIE,low_O,TIE,TIE,F,F,F,T,TIE,F
1782702520.887,11364,73.0,73.06,73.0,73.0,high_C,TIE,TIE,TIE,F,TIE,TIE,T,T,TIE
1782702521.441,11365,73.06,73.02,73.03,73.03,high_O,low_C,O>C,TIE,T,T,T,F,F,TIE
1782702531.399,11366,73.02,73.0,73.0,73.01,high_O,TIE,TIE,TIE,T,T,T,TIE,F,F
1782702551.213,11367,73.0,72.97,72.98,72.96,high_O,low_P,O>P,O>M>C>P,T,T,T,F,T,T
1782702560.385,11368,72.97,73.05,73.05,73.05,TIE,low_O,TIE,TIE,F,F,F,TIE,TIE,TIE
1782702569.017,11369,73.05,73.06,73.11,73.11,TIE,low_O,TIE,TIE,F,F,F,F,F,TIE
1782702585.102,11370,73.06,73.05,73.05,73.05,high_O,TIE,TIE,TIE,T,T,T,TIE,TIE,TIE
1782702612.675,11371,73.05,73.03,73.04,73.04,high_O,low_C,O>C,TIE,T,T,T,F,F,TIE
1782702623.812,11372,73.03,73.13,73.09,73.11,high_C,low_O,C>O,C>P>M>O,F,F,F,T,T,F
1782702627.359,11373,73.13,73.2,73.18,73.13,high_C,TIE,TIE,TIE,F,F,TIE,T,T,T
1782702629.422,11374,73.2,73.29,73.24,73.23,high_C,low_O,C>O,C>M>P>O,F,F,F,T,T,T
1782702641.82,11375,73.29,73.28,73.27,73.29,TIE,low_M,TIE,TIE,T,T,TIE,T,F,F
1782702660.582,11376,73.28,73.2,73.22,73.22,high_O,low_C,O>C,TIE,T,T,T,F,F,TIE
1782702679.314,11377,73.2,73.11,73.12,73.12,high_O,low_C,O>C,TIE,T,T,T,F,F,TIE
1782702703.975,11378,73.11,73.06,73.11,73.11,TIE,low_C,TIE,TIE,T,TIE,TIE,F,F,TIE
1782702715.858,11379,73.06,73.1,73.08,73.08,high_C,low_O,C>O,TIE,F,F,F,T,T,TIE
1782702722.842,11380,73.1,73.04,73.1,73.1,TIE,low_C,TIE,TIE,T,TIE,TIE,F,F,TIE
1782702729.155,11381,73.04,73.0,72.99,72.97,high_O,low_P,O>P,O>C>M>P,T,T,T,T,T,T
1782702731.437,11382,73.0,72.98,73.0,73.0,TIE,low_C,TIE,TIE,T,TIE,TIE,F,F,TIE
1782702744.186,11383,72.98,72.95,72.98,72.98,TIE,low_C,TIE,TIE,T,TIE,TIE,F,F,TIE
1782702769.008,11384,72.95,72.91,72.89,72.87,high_O,low_P,O>P,O>C>M>P,T,T,T,T,T,T
1782702833.046,11386,72.97,72.97,72.99,72.99,TIE,TIE,TIE,TIE,TIE,F,F,F,F,TIE
1782702849.921,11387,72.97,72.99,73.0,72.99,high_M,low_O,M>O,TIE,F,F,F,F,TIE,T
1782702866.899,11388,72.99,73.02,73.01,73.0,high_C,low_O,C>O,C>M>P>O,F,F,F,T,T,T
1782702903.165,11389,73.02,72.87,72.9,72.9,high_O,low_C,O>C,TIE,T,T,T,F,F,TIE
1782702928.201,11390,72.87,72.86,72.87,72.88,high_P,low_C,P>C,TIE,T,TIE,F,F,F,F
1782702999.339,11391,72.86,72.85,72.86,72.86,TIE,low_C,TIE,TIE,T,TIE,TIE,F,F,TIE
1782703107.117,11393,72.8,72.8,72.83,72.83,TIE,TIE,TIE,TIE,TIE,F,F,F,F,TIE
1782703181.259,11394,72.8,72.77,72.8,72.8,TIE,low_C,TIE,TIE,T,TIE,TIE,F,F,TIE
1782703213.401,11395,72.77,72.87,72.86,72.87,TIE,low_O,TIE,TIE,F,F,F,T,TIE,F
1782703260.911,11396,72.87,72.97,72.9,72.9,high_C,low_O,C>O,TIE,F,F,F,T,T,TIE
1782703327.219,11398,73.01,73.01,73.01,73.01,TIE,TIE,TIE,TIE,TIE,TIE,TIE,TIE,TIE,TIE
1782703347.628,11399,73.01,73.06,73.03,73.05,high_C,low_O,C>O,C>P>M>O,F,F,F,T,T,F
1782703386.942,11400,73.06,72.97,73.01,73.0,high_O,low_C,O>C,O>M>P>C,T,T,T,F,F,T
1782703430.27,11401,72.97,72.85,72.89,72.89,high_O,low_C,O>C,TIE,T,T,T,F,F,TIE
1782703578.739,11403,73.08,73.08,73.05,73.05,TIE,TIE,TIE,TIE,TIE,T,T,T,T,TIE
1782703612.753,11404,73.08,73.16,73.08,73.08,high_C,TIE,TIE,TIE,F,TIE,TIE,T,T,TIE
1782703624.446,11405,73.16,73.23,73.17,73.16,high_C,TIE,TIE,TIE,F,F,TIE,T,T,T
1782703647.133,11406,73.23,73.16,73.16,73.16,high_O,TIE,TIE,TIE,T,T,T,TIE,TIE,TIE
1782703678.962,11407,73.16,73.22,73.19,73.2,high_C,low_O,C>O,C>P>M>O,F,F,F,T,T,F
1782703760.77,11409,73.18,73.18,73.18,73.19,high_P,TIE,TIE,TIE,TIE,TIE,F,TIE,F,F
1782703800.468,11410,73.18,73.17,73.15,73.15,high_O,TIE,TIE,TIE,T,T,T,T,T,TIE
1782703804.054,11411,73.17,73.14,73.17,73.17,TIE,low_C,TIE,TIE,T,TIE,TIE,F,F,TIE
1782703836.516,11412,73.14,73.18,73.21,73.24,high_P,low_O,P>O,P>M>C>O,F,F,F,F,F,F
1782703861.263,11413,73.18,73.12,73.13,73.13,high_O,low_C,O>C,TIE,T,T,T,F,F,TIE
1782703881.0,11414,73.12,73.08,73.11,73.11,high_O,low_C,O>C,TIE,T,T,T,F,F,TIE
1782703933.869,11415,73.08,73.05,73.06,73.07,high_O,low_C,O>C,O>P>M>C,T,T,T,F,F,F
1782703990.33,11416,73.05,73.03,73.01,73.0,high_O,low_P,O>P,O>C>M>P,T,T,T,T,T,T
1782704059.207,11417,73.03,73.1,73.03,73.03,high_C,TIE,TIE,TIE,F,TIE,TIE,T,T,TIE
1782704124.323,11418,73.1,73.03,73.12,73.1,high_M,low_C,M>C,TIE,T,F,TIE,F,F,T
1782704174.324,11419,73.03,72.95,72.98,72.94,high_O,low_P,O>P,O>M>C>P,T,T,T,F,T,T
1782704224.998,11420,72.95,72.9,72.92,72.94,high_O,low_C,O>C,O>P>M>C,T,T,T,F,F,F
1782704242.073,11421,72.9,72.86,72.88,72.88,high_O,low_C,O>C,TIE,T,T,T,F,F,TIE
1782704296.17,11422,72.86,72.81,72.83,72.83,high_O,low_C,O>C,TIE,T,T,T,F,F,TIE
1782704341.373,11423,72.81,72.78,72.79,72.82,high_P,low_C,P>C,P>O>M>C,T,T,F,F,F,F
1782704384.67,11424,72.78,72.81,72.78,72.76,high_C,low_P,C>P,TIE,F,TIE,T,T,T,T
1782704468.934,11425,72.81,72.8,72.77,72.77,high_O,TIE,TIE,TIE,T,T,T,T,T,TIE
1782704504.015,11426,72.8,72.72,72.8,72.8,TIE,low_C,TIE,TIE,T,TIE,TIE,F,F,TIE
1782704599.633,11427,72.72,72.7,72.72,72.73,high_P,low_C,P>C,TIE,T,TIE,F,F,F,F
1782704717.448,11428,72.7,72.64,72.7,72.71,high_P,low_C,P>C,TIE,T,TIE,F,F,F,F
1782704772.733,11429,72.64,72.73,72.67,72.68,high_C,low_O,C>O,C>P>M>O,F,F,F,T,T,F
1782704804.921,11430,72.73,72.75,72.73,72.74,high_C,TIE,TIE,TIE,F,TIE,F,T,T,F
1782704837.14,11431,72.75,72.71,72.75,72.75,TIE,low_C,TIE,TIE,T,TIE,TIE,F,F,TIE
1782704867.581,11432,72.71,72.84,72.79,72.79,high_C,low_O,C>O,TIE,F,F,F,T,T,TIE
1782704953.226,11433,72.84,72.76,72.84,72.87,high_P,low_C,P>C,TIE,T,TIE,F,F,F,F
1782705108.696,11434,72.76,72.68,72.72,72.72,high_O,low_C,O>C,TIE,T,T,T,F,F,TIE
1782705201.109,11435,72.68,72.83,72.78,72.8,high_C,low_O,C>O,C>P>M>O,F,F,F,T,T,F
1782705310.613,11436,72.83,72.69,72.76,72.7,high_O,low_C,O>C,O>M>P>C,T,T,T,F,F,T
1782705406.02,11437,72.69,72.61,72.67,72.69,TIE,low_C,TIE,TIE,T,T,TIE,F,F,F
1782705463.206,11438,72.61,72.6,72.58,72.58,high_O,TIE,TIE,TIE,T,T,T,T,T,TIE
1782705592.15,11439,72.6,72.67,72.63,72.62,high_C,low_O,C>O,C>M>P>O,F,F,F,T,T,T
1782705666.459,11440,72.67,72.56,72.61,72.57,high_O,low_C,O>C,O>M>P>C,T,T,T,F,F,T
1782705709.841,11441,72.56,72.57,72.59,72.58,high_M,low_O,M>O,M>P>C>O,F,F,F,F,F,T
1782705823.502,11442,72.57,72.6,72.55,72.55,high_C,TIE,TIE,TIE,F,T,T,T,T,TIE
1782705898.792,11443,72.6,72.5,72.54,72.49,high_O,low_P,O>P,O>M>C>P,T,T,T,F,T,T
1782705991.042,11444,72.5,72.45,72.5,72.5,TIE,low_C,TIE,TIE,T,TIE,TIE,F,F,TIE
1782706062.411,11445,72.45,72.56,72.47,72.45,high_C,TIE,TIE,TIE,F,F,TIE,T,T,T
1782706225.087,11447,72.52,72.52,72.53,72.52,high_M,TIE,TIE,TIE,TIE,F,TIE,F,TIE,T
1782706290.697,11448,72.52,72.46,72.45,72.45,high_O,TIE,TIE,TIE,T,T,T,T,T,TIE
1782706396.537,11449,72.46,72.4,72.44,72.46,TIE,low_C,TIE,TIE,T,T,TIE,F,F,F
1782706481.331,11450,72.4,72.41,72.37,72.36,high_C,low_P,C>P,C>O>M>P,F,T,T,T,T,T
1782706594.355,11451,72.41,72.4,72.38,72.37,high_O,low_P,O>P,O>C>M>P,T,T,T,T,T,T
1782706677.471,11452,72.4,72.44,72.42,72.44,TIE,low_O,TIE,TIE,F,F,F,T,TIE,F
1782706781.282,11453,72.44,72.34,72.34,72.4,high_O,TIE,TIE,TIE,T,T,T,TIE,F,F
1782706852.749,11454,72.34,72.26,72.26,72.25,high_O,low_P,O>P,TIE,T,T,T,TIE,T,T
1782706876.413,11455,72.26,72.15,72.18,72.16,high_O,low_C,O>C,O>M>P>C,T,T,T,F,F,T
1782706948.873,11456,72.15,72.12,72.15,72.15,TIE,low_C,TIE,TIE,T,TIE,TIE,F,F,TIE
1782707016.275,11457,72.12,72.16,72.14,72.15,high_C,low_O,C>O,C>P>M>O,F,F,F,T,T,F
1782707092.638,11458,72.16,72.26,72.2,72.2,high_C,low_O,C>O,TIE,F,F,F,T,T,TIE
1782707163.026,11459,72.26,72.36,72.32,72.27,high_C,low_O,C>O,C>M>P>O,F,F,F,T,T,T
1782707220.696,11460,72.36,72.3,72.36,72.35,TIE,low_C,TIE,TIE,T,TIE,T,F,F,T
1782707294.188,11461,72.3,72.33,72.33,72.3,TIE,TIE,TIE,TIE,F,F,TIE,TIE,T,T
1782707425.561,11462,72.33,72.3,72.34,72.34,TIE,low_C,TIE,TIE,T,F,F,F,F,TIE
1782707439.841,11463,72.3,72.22,72.27,72.27,high_O,low_C,O>C,TIE,T,T,T,F,F,TIE
1782707536.618,11464,72.22,72.28,72.28,72.34,high_P,low_O,P>O,TIE,F,F,F,TIE,F,F
1782707652.148,11465,72.28,72.22,72.28,72.28,TIE,low_C,TIE,TIE,T,TIE,TIE,F,F,TIE
1782707737.377,11466,72.22,72.14,72.17,72.15,high_O,low_C,O>C,O>M>P>C,T,T,T,F,F,T
1782707796.783,11467,72.14,72.01,72.07,72.03,high_O,low_C,O>C,O>M>P>C,T,T,T,F,F,T
1782707820.693,11468,72.01,72.0,72.0,72.01,TIE,TIE,TIE,TIE,T,T,TIE,TIE,F,F
1782707884.839,11469,72.0,72.08,72.02,72.09,high_P,low_O,P>O,P>C>M>O,F,F,F,T,F,F
1782707986.274,11470,72.08,71.99,72.08,72.11,high_P,low_C,P>C,TIE,T,TIE,F,F,F,F
1782708022.343,11471,71.99,71.84,71.9,71.95,high_O,low_C,O>C,O>P>M>C,T,T,T,F,F,F
1782708055.253,11472,71.84,71.82,71.82,71.8,high_O,low_P,O>P,TIE,T,T,T,TIE,T,T
1782708088.493,11473,71.82,71.78,71.79,71.78,high_O,TIE,TIE,TIE,T,T,T,F,TIE,T
1782708089.871,11474,71.78,71.74,71.76,71.76,high_O,low_C,O>C,TIE,T,T,T,F,F,TIE
1782708105.388,11475,71.74,71.84,71.8,71.82,high_C,low_O,C>O,C>P>M>O,F,F,F,T,T,F
1782708141.67,11476,71.84,71.82,71.83,71.83,high_O,low_C,O>C,TIE,T,T,T,F,F,TIE
1782708211.244,11477,71.82,71.81,71.82,71.83,high_P,low_C,P>C,TIE,T,TIE,F,F,F,F
1782708236.361,11478,71.81,71.85,71.83,71.83,high_C,low_O,C>O,TIE,F,F,F,T,T,TIE
1782708300.496,11479,71.85,71.86,71.86,71.86,TIE,low_O,TIE,TIE,F,F,F,TIE,TIE,TIE
1782708330.326,11480,71.86,71.81,71.83,71.81,high_O,TIE,TIE,TIE,T,T,T,F,TIE,T
1782708344.367,11481,71.81,71.84,71.85,71.85,TIE,low_O,TIE,TIE,F,F,F,F,F,TIE
1782708349.789,11483,71.82,71.82,71.83,71.83,TIE,TIE,TIE,TIE,TIE,F,F,F,F,TIE
1782708397.4,11484,71.82,71.76,71.81,71.81,high_O,low_C,O>C,TIE,T,T,T,F,F,TIE
1782708428.444,11485,71.76,71.75,71.74,71.76,TIE,low_M,TIE,TIE,T,T,TIE,T,F,F
1782708470.861,11486,71.75,71.67,71.7,71.69,high_O,low_C,O>C,O>M>P>C,T,T,T,F,F,T
1782708499.651,11487,71.67,71.63,71.65,71.65,high_O,low_C,O>C,TIE,T,T,T,F,F,TIE
1782708541.165,11488,71.63,71.6,71.61,71.61,high_O,low_C,O>C,TIE,T,T,T,F,F,TIE
1782708575.038,11489,71.6,71.66,71.66,71.66,TIE,low_O,TIE,TIE,F,F,F,TIE,TIE,TIE
1782708606.15,11490,71.66,71.68,71.68,71.66,TIE,TIE,TIE,TIE,F,F,TIE,TIE,T,T
1782708627.016,11491,71.68,71.69,71.69,71.69,TIE,low_O,TIE,TIE,F,F,F,TIE,TIE,TIE
1782708670.125,11492,71.69,71.65,71.69,71.69,TIE,low_C,TIE,TIE,T,TIE,TIE,F,F,TIE
1782708739.37,11493,71.65,71.8,71.75,71.76,high_C,low_O,C>O,C>P>M>O,F,F,F,T,T,F
1782708793.401,11494,71.8,71.78,71.8,71.8,TIE,low_C,TIE,TIE,T,TIE,TIE,F,F,TIE
1782708864.937,11495,71.78,71.83,71.82,71.82,high_C,low_O,C>O,TIE,F,F,F,T,T,TIE
1782708916.974,11496,71.83,71.75,71.8,71.8,high_O,low_C,O>C,TIE,T,T,T,F,F,TIE
1782708974.781,11497,71.75,71.63,71.69,71.72,high_O,low_C,O>C,O>P>M>C,T,T,T,F,F,F
1782708974.805,11498,71.63,71.62,71.61,71.6,high_O,low_P,O>P,O>C>M>P,T,T,T,T,T,T
1782709050.633,11499,71.62,71.65,71.63,71.63,high_C,low_O,C>O,TIE,F,F,F,T,T,TIE
1782709120.074,11500,71.65,71.64,71.66,71.65,high_M,low_C,M>C,TIE,T,F,TIE,F,F,T
1782709200.154,11501,71.64,71.65,71.64,71.67,high_P,TIE,TIE,TIE,F,TIE,F,T,F,F
1782709225.793,11502,71.65,71.58,71.58,71.58,high_O,TIE,TIE,TIE,T,T,T,TIE,TIE,TIE
1782709241.968,11503,71.58,71.55,71.55,71.54,high_O,low_P,O>P,TIE,T,T,T,TIE,T,T
1782709251.62,11504,71.55,71.51,71.52,71.51,high_O,TIE,TIE,TIE,T,T,T,F,TIE,T
1782709344.789,11505,71.51,71.56,71.56,71.51,TIE,TIE,TIE,TIE,F,F,TIE,TIE,T,T
1782709451.605,11507,71.48,71.48,71.5,71.52,high_P,TIE,TIE,TIE,TIE,F,F,F,F,F
1782709501.162,11508,71.48,71.39,71.45,71.46,high_O,low_C,O>C,O>P>M>C,T,T,T,F,F,F
1782709503.842,11509,71.39,71.29,71.3,71.29,high_O,TIE,TIE,TIE,T,T,T,F,TIE,T
1782709506.096,11510,71.29,71.18,71.23,71.27,high_O,low_C,O>C,O>P>M>C,T,T,T,F,F,F
1782709514.054,11511,71.18,71.17,71.19,71.19,TIE,low_C,TIE,TIE,T,F,F,F,F,TIE
1782709521.181,11512,71.17,71.09,71.13,71.16,high_O,low_C,O>C,O>P>M>C,T,T,T,F,F,F
1782709530.199,11513,71.09,71.08,71.07,71.06,high_O,low_P,O>P,O>C>M>P,T,T,T,T,T,T
1782709538.698,11514,71.08,71.0,71.03,71.03,high_O,low_C,O>C,TIE,T,T,T,F,F,TIE
1782709539.878,11515,71.0,70.98,71.0,71.0,TIE,low_C,TIE,TIE,T,TIE,TIE,F,F,TIE
1782709564.451,11517,71.01,71.01,71.03,71.03,TIE,TIE,TIE,TIE,TIE,F,F,F,F,TIE
1782709578.374,11518,71.01,71.09,71.06,71.06,high_C,low_O,C>O,TIE,F,F,F,T,T,TIE
1782709594.04,11519,71.09,71.12,71.14,71.14,TIE,low_O,TIE,TIE,F,F,F,F,F,TIE
1782709620.112,11520,71.12,71.15,71.12,71.12,high_C,TIE,TIE,TIE,F,TIE,TIE,T,T,TIE
1782709648.828,11521,71.15,71.23,71.16,71.15,high_C,TIE,TIE,TIE,F,F,TIE,T,T,T
1782709677.709,11522,71.23,71.21,71.25,71.25,TIE,low_C,TIE,TIE,T,F,F,F,F,TIE
1782709694.442,11524,71.2,71.2,71.2,71.2,TIE,TIE,TIE,TIE,TIE,TIE,TIE,TIE,TIE,TIE
1782709738.008,11525,71.2,71.24,71.2,71.19,high_C,low_P,C>P,TIE,F,TIE,T,T,T,T
1782709801.442,11526,71.24,71.25,71.24,71.25,TIE,TIE,TIE,TIE,F,TIE,F,T,TIE,F
1782709836.213,11527,71.25,71.27,71.24,71.23,high_C,low_P,C>P,C>O>M>P,F,T,T,T,T,T
1782709872.685,11528,71.27,71.2,71.21,71.2,high_O,TIE,TIE,TIE,T,T,T,F,TIE,T
1782709912.226,11529,71.2,71.15,71.14,71.09,high_O,low_P,O>P,O>C>M>P,T,T,T,T,T,T
1782709964.803,11531,71.07,71.07,71.07,71.07,TIE,TIE,TIE,TIE,TIE,TIE,TIE,TIE,TIE,TIE
1782709977.2,11532,71.07,71.0,71.04,71.04,high_O,low_C,O>C,TIE,T,T,T,F,F,TIE
1782710014.233,11533,71.0,71.19,71.09,71.09,high_C,low_O,C>O,TIE,F,F,F,T,T,TIE
1782710081.514,11534,71.19,71.22,71.19,71.22,TIE,TIE,TIE,TIE,F,TIE,F,T,TIE,F
1782710126.068,11535,71.22,71.3,71.26,71.24,high_C,low_O,C>O,C>M>P>O,F,F,F,T,T,T
1782710169.428,11536,71.3,71.29,71.32,71.33,high_P,low_C,P>C,P>M>O>C,T,F,F,F,F,F
1782710220.678,11537,71.29,71.35,71.35,71.35,TIE,low_O,TIE,TIE,F,F,F,TIE,TIE,TIE
1782710245.948,11538,71.35,71.5,71.43,71.49,high_C,low_O,C>O,C>P>M>O,F,F,F,T,T,F
1782710252.918,11539,71.5,71.38,71.38,71.38,high_O,TIE,TIE,TIE,T,T,T,TIE,TIE,TIE
1782710318.39,11540,71.38,71.28,71.33,71.38,TIE,low_C,TIE,TIE,T,T,TIE,F,F,F
1782710380.332,11541,71.28,71.31,71.28,71.28,high_C,TIE,TIE,TIE,F,TIE,TIE,T,T,TIE
1782710507.791,11543,71.39,71.39,71.42,71.43,high_P,TIE,TIE,TIE,TIE,F,F,F,F,F
1782710637.294,11544,71.39,71.47,71.45,71.45,high_C,low_O,C>O,TIE,F,F,F,T,T,TIE
1782710757.556,11545,71.47,71.43,71.45,71.45,high_O,low_C,O>C,TIE,T,T,T,F,F,TIE
1782710949.906,11546,71.43,71.35,71.42,71.4,high_O,low_C,O>C,O>M>P>C,T,T,T,F,F,T
1782711044.966,11547,71.35,71.31,71.4,71.4,TIE,low_C,TIE,TIE,T,F,F,F,F,TIE
1782711128.13,11548,71.31,71.38,71.29,71.27,high_C,low_P,C>P,C>O>M>P,F,T,T,T,T,T
1782711255.119,11549,71.38,71.42,71.37,71.42,TIE,low_M,TIE,TIE,F,T,F,T,TIE,F
1782711288.621,11550,71.42,71.57,71.52,71.56,high_C,low_O,C>O,C>P>M>O,F,F,F,T,T,F
1782711320.651,11551,71.57,71.63,71.57,71.56,high_C,low_P,C>P,TIE,F,TIE,T,T,T,T
1782711321.799,11552,71.63,71.67,71.64,71.64,high_C,low_O,C>O,TIE,F,F,F,T,T,TIE
1782711369.173,11553,71.67,71.51,71.67,71.69,high_P,low_C,P>C,TIE,T,TIE,F,F,F,F
1782711489.861,11554,71.51,71.44,71.49,71.49,high_O,low_C,O>C,TIE,T,T,T,F,F,TIE
1782711607.922,11555,71.44,71.53,71.47,71.45,high_C,low_O,C>O,C>M>P>O,F,F,F,T,T,T
1782711680.971,11556,71.53,71.42,71.44,71.41,high_O,low_P,O>P,O>M>C>P,T,T,T,F,T,T
1782711747.432,11557,71.42,71.43,71.41,71.42,high_C,low_M,C>M,TIE,F,T,TIE,T,T,F
1782711849.194,11558,71.43,71.64,71.56,71.56,high_C,low_O,C>O,TIE,F,F,F,T,T,TIE
1782711873.792,11559,71.64,71.79,71.77,71.76,high_C,low_O,C>O,C>M>P>O,F,F,F,T,T,T
1782711909.759,11560,71.79,71.78,71.77,71.78,high_O,low_M,O>M,TIE,T,T,T,T,TIE,F
1782711983.768,11561,71.78,71.8,71.77,71.77,high_C,TIE,TIE,TIE,F,T,T,T,T,TIE
1782712029.968,11562,71.8,71.72,71.77,71.72,high_O,TIE,TIE,TIE,T,T,T,F,TIE,T
1782712115.807,11563,71.72,71.7,71.73,71.7,high_M,TIE,TIE,TIE,T,F,T,F,TIE,T
1782712222.174,11564,71.7,71.73,71.7,71.72,high_C,TIE,TIE,TIE,F,TIE,F,T,T,F
1782712289.012,11565,71.73,71.83,71.82,71.82,high_C,low_O,C>O,TIE,F,F,F,T,T,TIE
1782712360.086,11566,71.83,71.84,71.84,71.84,TIE,low_O,TIE,TIE,F,F,F,TIE,TIE,TIE
1782712459.801,11567,71.84,71.88,71.86,71.86,high_C,low_O,C>O,TIE,F,F,F,T,T,TIE
1782712468.387,11568,71.88,71.91,71.9,71.9,high_C,low_O,C>O,TIE,F,F,F,T,T,TIE
1782712492.061,11569,71.91,71.98,71.95,71.96,high_C,low_O,C>O,C>P>M>O,F,F,F,T,T,F
1782712533.373,11571,72.0,72.0,72.0,72.0,TIE,TIE,TIE,TIE,TIE,TIE,TIE,TIE,TIE,TIE
1782712576.159,11572,72.0,72.08,72.02,72.02,high_C,low_O,C>O,TIE,F,F,F,T,T,TIE
1782712623.8,11573,72.08,72.11,72.1,72.08,high_C,TIE,TIE,TIE,F,F,TIE,T,T,T
1782712631.89,11574,72.11,72.13,72.13,72.12,TIE,low_O,TIE,TIE,F,F,F,TIE,T,T
1782712688.206,11575,72.13,72.14,72.15,72.16,high_P,low_O,P>O,P>M>C>O,F,F,F,F,F,F
1782712718.007,11576,72.14,72.3,72.27,72.27,high_C,low_O,C>O,TIE,F,F,F,T,T,TIE
1782712727.746,11577,72.3,72.29,72.3,72.29,TIE,TIE,TIE,TIE,T,TIE,T,F,TIE,T
1782712764.611,11578,72.29,72.2,72.24,72.23,high_O,low_C,O>C,O>M>P>C,T,T,T,F,F,T
1782712800.198,11579,72.2,72.3,72.27,72.27,high_C,low_O,C>O,TIE,F,F,F,T,T,TIE
1782712825.542,11580,72.3,72.32,72.31,72.31,high_C,low_O,C>O,TIE,F,F,F,T,T,TIE
1782712842.756,11581,72.32,72.36,72.36,72.36,TIE,low_O,TIE,TIE,F,F,F,TIE,TIE,TIE
1782712842.756,11582,72.36,72.4,72.39,72.39,high_C,low_O,C>O,TIE,F,F,F,T,T,TIE
1782712858.193,11584,72.43,72.43,72.44,72.44,TIE,TIE,TIE,TIE,TIE,F,F,F,F,TIE
1782712875.038,11585,72.43,72.5,72.5,72.5,TIE,low_O,TIE,TIE,F,F,F,TIE,TIE,TIE
1782712893.573,11586,72.5,72.51,72.46,72.46,high_C,TIE,TIE,TIE,F,T,T,T,T,TIE
1782712915.283,11587,72.51,72.4,72.49,72.55,high_P,low_C,P>C,P>O>M>C,T,T,F,F,F,F
1782712930.948,11588,72.4,72.32,72.32,72.31,high_O,low_P,O>P,TIE,T,T,T,TIE,T,T
1782712946.282,11589,72.32,72.25,72.3,72.3,high_O,low_C,O>C,TIE,T,T,T,F,F,TIE
1782712983.113,11590,72.25,72.21,72.24,72.25,TIE,low_C,TIE,TIE,T,T,TIE,F,F,F
1782712988.493,11591,72.21,72.19,72.21,72.2,TIE,low_C,TIE,TIE,T,TIE,T,F,F,T
1782713014.706,11592,72.19,72.22,72.21,72.2,high_C,low_O,C>O,C>M>P>O,F,F,F,T,T,T
1782713093.561,11593,72.22,72.28,72.24,72.25,high_C,low_O,C>O,C>P>M>O,F,F,F,T,T,F
1782713151.974,11594,72.28,72.23,72.27,72.27,high_O,low_C,O>C,TIE,T,T,T,F,F,TIE
1782713241.869,11595,72.23,72.32,72.27,72.27,high_C,low_O,C>O,TIE,F,F,F,T,T,TIE
1782713374.273,11597,72.4,72.4,72.36,72.33,TIE,low_P,TIE,TIE,TIE,T,T,T,T,T
1782713374.28,11598,72.4,72.44,72.4,72.4,high_C,TIE,TIE,TIE,F,TIE,TIE,T,T,TIE
1782713429.467,11599,72.44,72.42,72.44,72.44,TIE,low_C,TIE,TIE,T,TIE,TIE,F,F,TIE
1782713453.311,11600,72.42,72.38,72.42,72.42,TIE,low_C,TIE,TIE,T,TIE,TIE,F,F,TIE
1782713552.795,11601,72.38,72.45,72.39,72.4,high_C,low_O,C>O,C>P>M>O,F,F,F,T,T,F
1782713675.336,11602,72.45,72.4,72.43,72.44,high_O,low_C,O>C,O>P>M>C,T,T,T,F,F,F
1782713775.596,11603,72.4,72.43,72.44,72.44,TIE,low_O,TIE,TIE,F,F,F,F,F,TIE
1782713819.025,11604,72.43,72.46,72.45,72.45,high_C,low_O,C>O,TIE,F,F,F,T,T,TIE
1782713849.403,11605,72.46,72.52,72.46,72.46,high_C,TIE,TIE,TIE,F,TIE,TIE,T,T,TIE
1782713864.73,11606,72.52,72.53,72.56,72.57,high_P,low_O,P>O,P>M>C>O,F,F,F,F,F,F
1782713888.077,11607,72.53,72.57,72.52,72.51,high_C,low_P,C>P,C>O>M>P,F,T,T,T,T,T
1782713891.346,11608,72.57,72.72,72.64,72.63,high_C,low_O,C>O,C>M>P>O,F,F,F,T,T,T
1782713896.779,11609,72.72,72.69,72.69,72.68,high_O,low_P,O>P,TIE,T,T,T,TIE,T,T
1782713926.852,11610,72.69,72.67,72.67,72.67,high_O,TIE,TIE,TIE,T,T,T,TIE,TIE,TIE
1782713946.318,11611,72.67,72.65,72.67,72.67,TIE,low_C,TIE,TIE,T,TIE,TIE,F,F,TIE
1782713968.53,11612,72.65,72.7,72.72,72.76,high_P,low_O,P>O,P>M>C>O,F,F,F,F,F,F
1782713987.797,11613,72.7,72.68,72.68,72.68,high_O,TIE,TIE,TIE,T,T,T,TIE,TIE,TIE
1782714030.904,11614,72.68,72.71,72.69,72.68,high_C,TIE,TIE,TIE,F,F,TIE,T,T,T
1782714056.159,11615,72.71,72.77,72.77,72.77,TIE,low_O,TIE,TIE,F,F,F,TIE,TIE,TIE
1782714064.894,11616,72.77,72.78,72.77,72.8,high_P,TIE,TIE,TIE,F,TIE,F,T,F,F
1782714101.138,11617,72.78,72.65,72.77,72.78,TIE,low_C,TIE,TIE,T,T,TIE,F,F,F
1782714138.714,11618,72.65,72.73,72.68,72.68,high_C,low_O,C>O,TIE,F,F,F,T,T,TIE
1782714199.297,11619,72.73,72.79,72.78,72.79,TIE,low_O,TIE,TIE,F,F,F,T,TIE,F
1782714221.014,11620,72.79,72.93,72.85,72.84,high_C,low_O,C>O,C>M>P>O,F,F,F,T,T,T
1782714283.1,11623,72.9,72.9,72.88,72.87,TIE,low_P,TIE,TIE,TIE,T,T,T,T,T
1782714312.909,11624,72.9,72.98,72.96,72.96,high_C,low_O,C>O,TIE,F,F,F,T,T,TIE
1782714321.08,11625,72.98,72.99,73.0,73.0,TIE,low_O,TIE,TIE,F,F,F,F,F,TIE
1782714336.427,11626,72.99,73.04,73.05,73.05,TIE,low_O,TIE,TIE,F,F,F,F,F,TIE
1782714358.609,11627,73.04,72.97,73.04,73.04,TIE,low_C,TIE,TIE,T,TIE,TIE,F,F,TIE
1782714395.414,11628,72.97,72.95,72.95,72.95,high_O,TIE,TIE,TIE,T,T,T,TIE,TIE,TIE
1782714400.633,11629,72.95,73.0,73.0,73.0,TIE,low_O,TIE,TIE,F,F,F,TIE,TIE,TIE
1782714425.245,11630,73.0,72.83,72.83,72.81,high_O,low_P,O>P,TIE,T,T,T,TIE,T,T
1782714467.974,11631,72.83,72.75,72.77,72.77,high_O,low_C,O>C,TIE,T,T,T,F,F,TIE
1782714511.016,11632,72.75,72.74,72.74,72.74,high_O,TIE,TIE,TIE,T,T,T,TIE,TIE,TIE
1782714574.274,11633,72.74,72.69,72.72,72.72,high_O,low_C,O>C,TIE,T,T,T,F,F,TIE
1782714647.5,11634,72.69,72.66,72.67,72.68,high_O,low_C,O>C,O>P>M>C,T,T,T,F,F,F
1782714682.421,11635,72.66,72.69,72.67,72.67,high_C,low_O,C>O,TIE,F,F,F,T,T,TIE
1782714739.236,11636,72.69,72.58,72.69,72.7,high_P,low_C,P>C,TIE,T,TIE,F,F,F,F
1782714783.023,11637,72.58,72.65,72.62,72.57,high_C,low_P,C>P,C>M>O>P,F,F,T,T,T,T
1782714802.76,11638,72.65,72.58,72.58,72.58,high_O,TIE,TIE,TIE,T,T,T,TIE,TIE,TIE
1782714821.044,11639,72.58,72.53,72.53,72.52,high_O,low_P,O>P,TIE,T,T,T,TIE,T,T
1782714863.83,11640,72.53,72.5,72.52,72.5,high_O,TIE,TIE,TIE,T,T,T,F,TIE,T
1782714936.544,11641,72.5,72.53,72.52,72.52,high_C,low_O,C>O,TIE,F,F,F,T,T,TIE
1782715047.717,11643,72.42,72.42,72.43,72.45,high_P,TIE,TIE,TIE,TIE,F,F,F,F,F
1782715085.764,11644,72.42,72.36,72.4,72.4,high_O,low_C,O>C,TIE,T,T,T,F,F,TIE
1782715132.036,11645,72.36,72.35,72.37,72.37,TIE,low_C,TIE,TIE,T,F,F,F,F,TIE
1782715201.038,11646,72.35,72.29,72.33,72.33,high_O,low_C,O>C,TIE,T,T,T,F,F,TIE
1782715269.797,11647,72.29,72.44,72.34,72.31,high_C,low_O,C>O,C>M>P>O,F,F,F,T,T,T
1782715351.807,11649,72.4,72.4,72.38,72.41,high_P,low_M,P>M,TIE,TIE,T,F,T,F,F
1782715476.873,11650,72.4,72.34,72.33,72.33,high_O,TIE,TIE,TIE,T,T,T,T,T,TIE
1782715587.407,11651,72.34,72.33,72.34,72.33,TIE,TIE,TIE,TIE,T,TIE,T,F,TIE,T
1782715696.083,11652,72.33,72.39,72.35,72.33,high_C,TIE,TIE,TIE,F,F,TIE,T,T,T
1782715835.076,11653,72.39,72.27,72.28,72.27,high_O,TIE,TIE,TIE,T,T,T,F,TIE,T
1782715972.143,11654,72.27,72.38,72.37,72.37,high_C,low_O,C>O,TIE,F,F,F,T,T,TIE
1782716151.275,11655,72.38,72.39,72.38,72.38,high_C,TIE,TIE,TIE,F,TIE,TIE,T,T,TIE
1782716213.103,11656,72.39,72.27,72.32,72.28,high_O,low_C,O>C,O>M>P>C,T,T,T,F,F,T
1782716285.357,11657,72.27,72.35,72.33,72.35,TIE,low_O,TIE,TIE,F,F,F,T,TIE,F
1782716445.835,11658,72.35,72.22,72.34,72.35,TIE,low_C,TIE,TIE,T,T,TIE,F,F,F
1782716481.976,11659,72.22,72.16,72.18,72.18,high_O,low_C,O>C,TIE,T,T,T,F,F,TIE
1782716501.1,11660,72.16,72.09,72.13,72.13,high_O,low_C,O>C,TIE,T,T,T,F,F,TIE
1782716553.784,11661,72.09,72.12,72.07,72.09,high_C,low_M,C>M,TIE,F,T,TIE,T,T,F
1782716678.344,11662,72.12,72.29,72.17,72.17,high_C,low_O,C>O,TIE,F,F,F,T,T,TIE
1782716791.556,11663,72.29,72.24,72.27,72.27,high_O,low_C,O>C,TIE,T,T,T,F,F,TIE
1782716993.213,11664,72.24,72.22,72.24,72.24,TIE,low_C,TIE,TIE,T,TIE,TIE,F,F,TIE
1782717127.13,11665,72.22,72.12,72.15,72.1,high_O,low_P,O>P,O>M>C>P,T,T,T,F,T,T
1782717262.854,11666,72.13,72.24,72.21,72.22,high_C,low_O,C>O,C>P>M>O,F,F,F,T,T,F
1782717310.531,11667,72.24,72.44,72.36,72.35,high_C,low_O,C>O,C>M>P>O,F,F,F,T,T,T
1782717322.971,11668,72.44,72.52,72.47,72.45,high_C,low_O,C>O,C>M>P>O,F,F,F,T,T,T
1782717351.618,11669,72.52,72.43,72.53,72.53,TIE,low_C,TIE,TIE,T,F,F,F,F,TIE
1782717413.026,11670,72.43,72.49,72.42,72.43,high_C,low_M,C>M,TIE,F,T,TIE,T,T,F
1782717530.18,11671,72.49,72.47,72.46,72.49,TIE,low_M,TIE,TIE,T,T,TIE,T,F,F
1782717640.624,11672,72.47,72.4,72.42,72.47,TIE,low_C,TIE,TIE,T,T,TIE,F,F,F
1782717752.121,11673,72.4,72.39,72.4,72.37,TIE,low_P,TIE,TIE,T,TIE,T,F,T,T
1782717920.745,11674,72.39,72.33,72.29,72.28,high_O,low_P,O>P,O>C>M>P,T,T,T,T,T,T
1782718092.443,11675,72.33,72.41,72.28,72.33,high_C,low_M,C>M,TIE,F,T,TIE,T,T,F
1782718198.172,11676,72.41,72.44,72.46,72.5,high_P,low_O,P>O,P>M>C>O,F,F,F,F,F,F
1782718211.912,11677,72.44,72.4,72.39,72.39,high_O,TIE,TIE,TIE,T,T,T,T,T,TIE
1782718334.551,11678,72.4,72.36,72.38,72.37,high_O,low_C,O>C,O>M>P>C,T,T,T,F,F,T
1782718475.853,11679,72.36,72.32,72.37,72.37,TIE,low_C,TIE,TIE,T,F,F,F,F,TIE
1782718624.942,11680,72.32,72.5,72.43,72.47,high_C,low_O,C>O,C>P>M>O,F,F,F,T,T,F
1782718735.087,11681,72.5,72.46,72.52,72.57,high_P,low_C,P>C,P>M>O>C,T,F,F,F,F,F
1782718840.15,11682,72.46,72.49,72.47,72.46,high_C,TIE,TIE,TIE,F,F,TIE,T,T,T
1782718931.149,11683,72.49,72.35,72.45,72.47,high_O,low_C,O>C,O>P>M>C,T,T,T,F,F,F
1782719031.776,11684,72.35,72.34,72.35,72.34,TIE,TIE,TIE,TIE,T,TIE,T,F,TIE,T
1782719145.415,11685,72.34,72.3,72.32,72.31,high_O,low_C,O>C,O>M>P>C,T,T,T,F,F,T
1782719243.509,11686,72.3,72.42,72.33,72.27,high_C,low_P,C>P,C>M>O>P,F,F,T,T,T,T
1782719318.201,11687,72.42,72.49,72.48,72.49,TIE,low_O,TIE,TIE,F,F,F,T,TIE,F
1782719373.031,11688,72.49,72.45,72.49,72.52,high_P,low_C,P>C,TIE,T,TIE,F,F,F,F
1782719402.973,11689,72.45,72.6,72.53,72.52,high_C,low_O,C>O,C>M>P>O,F,F,F,T,T,T
1782719416.932,11690,72.6,72.65,72.65,72.66,high_P,low_O,P>O,TIE,F,F,F,TIE,F,F
1782719439.086,11691,72.65,72.73,72.72,72.74,high_P,low_O,P>O,P>C>M>O,F,F,F,T,F,F
1782719479.416,11692,72.73,72.8,72.75,72.71,high_C,low_P,C>P,C>M>O>P,F,F,T,T,T,T
1782719498.058,11693,72.8,72.78,72.8,72.8,TIE,low_C,TIE,TIE,T,TIE,TIE,F,F,TIE
1782719526.594,11694,72.78,72.88,72.85,72.85,high_C,low_O,C>O,TIE,F,F,F,T,T,TIE
1782719567.551,11695,72.88,72.8,72.82,72.81,high_O,low_C,O>C,O>M>P>C,T,T,T,F,F,T
1782719584.345,11696,72.8,72.76,72.76,72.76,high_O,TIE,TIE,TIE,T,T,T,TIE,TIE,TIE
1782719604.271,11697,72.76,72.74,72.76,72.75,TIE,low_C,TIE,TIE,T,TIE,T,F,F,T
1782719660.79,11698,72.74,72.65,72.73,72.76,high_P,low_C,P>C,P>O>M>C,T,T,F,F,F,F
1782719710.648,11699,72.65,72.72,72.69,72.68,high_C,low_O,C>O,C>M>P>O,F,F,F,T,T,T
1782719828.407,11700,72.72,72.71,72.74,72.75,high_P,low_C,P>C,P>M>O>C,T,F,F,F,F,F
1782719938.899,11701,72.71,72.64,72.66,72.64,high_O,TIE,TIE,TIE,T,T,T,F,TIE,T
1782720006.062,11702,72.64,72.65,72.67,72.67,TIE,low_O,TIE,TIE,F,F,F,F,F,TIE
1782720075.22,11703,72.65,72.69,72.7,72.7,TIE,low_O,TIE,TIE,F,F,F,F,F,TIE
1782720137.026,11704,72.69,72.84,72.79,72.8,high_C,low_O,C>O,C>P>M>O,F,F,F,T,T,F
1782720171.018,11705,72.84,72.81,72.89,72.91,high_P,low_C,P>C,P>M>O>C,T,F,F,F,F,F
1782720233.165,11706,72.81,72.7,72.81,72.81,TIE,low_C,TIE,TIE,T,TIE,TIE,F,F,TIE
1782720290.562,11707,72.7,72.88,72.75,72.75,high_C,low_O,C>O,TIE,F,F,F,T,T,TIE
1782720352.672,11708,72.88,72.81,72.82,72.84,high_O,low_C,O>C,O>P>M>C,T,T,T,F,F,F
1782720422.654,11709,72.81,72.68,72.69,72.68,high_O,TIE,TIE,TIE,T,T,T,F,TIE,T
1782720450.151,11710,72.68,72.61,72.66,72.67,high_O,low_C,O>C,O>P>M>C,T,T,T,F,F,F
1782720465.255,11711,72.61,72.55,72.58,72.57,high_O,low_C,O>C,O>M>P>C,T,T,T,F,F,T
1782720476.707,11712,72.55,72.52,72.51,72.51,high_O,TIE,TIE,TIE,T,T,T,T,T,TIE
1782720518.896,11713,72.52,72.55,72.53,72.55,TIE,low_O,TIE,TIE,F,F,F,T,TIE,F
1782720589.308,11714,72.55,72.74,72.66,72.65,high_C,low_O,C>O,C>M>P>O,F,F,F,T,T,T
1782720662.481,11716,72.7,72.7,72.7,72.7,TIE,TIE,TIE,TIE,TIE,TIE,TIE,TIE,TIE,TIE
1782720672.073,11717,72.7,72.63,72.66,72.68,high_O,low_C,O>C,O>P>M>C,T,T,T,F,F,F
1782720771.683,11718,72.63,72.64,72.62,72.6,high_C,low_P,C>P,C>O>M>P,F,T,T,T,T,T
1782720837.182,11719,72.64,72.62,72.61,72.62,high_O,low_M,O>M,TIE,T,T,T,T,TIE,F
1782720890.366,11720,72.62,72.71,72.63,72.6,high_C,low_P,C>P,C>M>O>P,F,F,T,T,T,T
1782720942.202,11721,72.71,72.72,72.72,72.73,high_P,low_O,P>O,TIE,F,F,F,TIE,F,F
1782720976.649,11722,72.72,72.81,72.72,72.72,high_C,TIE,TIE,TIE,F,TIE,TIE,T,T,TIE
1782720988.97,11723,72.81,72.79,72.8,72.79,high_O,TIE,TIE,TIE,T,T,T,F,TIE,T
1782721086.362,11724,72.79,72.85,72.8,72.84,high_C,low_O,C>O,C>P>M>O,F,F,F,T,T,F
1782721130.925,11725,72.85,72.86,72.85,72.86,TIE,TIE,TIE,TIE,F,TIE,F,T,TIE,F
1782721188.869,11726,72.86,72.73,72.86,72.87,high_P,low_C,P>C,TIE,T,TIE,F,F,F,F
1782721285.668,11727,72.73,72.7,72.63,72.62,high_O,low_P,O>P,O>C>M>P,T,T,T,T,T,T
1782721326.663,11728,72.7,72.71,72.71,72.67,TIE,low_P,TIE,TIE,F,F,T,TIE,T,T
1782721411.986,11729,72.71,72.67,72.7,72.71,TIE,low_C,TIE,TIE,T,T,TIE,F,F,F
1782721450.416,11730,72.67,72.65,72.66,72.69,high_P,low_C,P>C,P>O>M>C,T,T,F,F,F,F
1782721516.169,11731,72.65,72.63,72.66,72.67,high_P,low_C,P>C,P>M>O>C,T,F,F,F,F,F
1782721564.188,11732,72.63,72.6,72.64,72.65,high_P,low_C,P>C,P>M>O>C,T,F,F,F,F,F
1782721585.932,11733,72.6,72.47,72.57,72.6,TIE,low_C,TIE,TIE,T,T,TIE,F,F,F
1782721610.867,11734,72.47,72.45,72.46,72.46,high_O,low_C,O>C,TIE,T,T,T,F,F,TIE
1782721646.368,11735,72.45,72.52,72.46,72.45,high_C,TIE,TIE,TIE,F,F,TIE,T,T,T
1782721713.265,11736,72.52,72.44,72.52,72.52,TIE,low_C,TIE,TIE,T,TIE,TIE,F,F,TIE
1782721757.177,11737,72.44,72.37,72.43,72.38,high_O,low_C,O>C,O>M>P>C,T,T,T,F,F,T
1782721794.916,11738,72.37,72.44,72.37,72.37,high_C,TIE,TIE,TIE,F,TIE,TIE,T,T,TIE
1782721841.694,11739,72.44,72.43,72.4,72.38,high_O,low_P,O>P,O>C>M>P,T,T,T,T,T,T
1782721878.805,11740,72.43,72.53,72.51,72.5,high_C,low_O,C>O,C>M>P>O,F,F,F,T,T,T
1782721960.579,11741,72.53,72.36,72.44,72.54,high_P,low_C,P>C,P>O>M>C,T,T,F,F,F,F
1782722070.989,11742,72.36,72.47,72.39,72.37,high_C,low_O,C>O,C>M>P>O,F,F,F,T,T,T
1782722103.739,11743,72.47,72.59,72.56,72.56,high_C,low_O,C>O,TIE,F,F,F,T,T,TIE
1782722177.885,11744,72.59,72.61,72.57,72.57,high_C,TIE,TIE,TIE,F,T,T,T,T,TIE
1782722219.871,11745,72.61,72.72,72.69,72.7,high_C,low_O,C>O,C>P>M>O,F,F,F,T,T,F
1782722267.816,11746,72.72,72.67,72.72,72.73,high_P,low_C,P>C,TIE,T,TIE,F,F,F,F
1782722373.83,11747,72.67,72.64,72.64,72.64,high_O,TIE,TIE,TIE,T,T,T,TIE,TIE,TIE
1782722447.721,11748,72.64,72.68,72.7,72.7,TIE,low_O,TIE,TIE,F,F,F,F,F,TIE
1782722552.76,11749,72.68,72.67,72.67,72.67,high_O,TIE,TIE,TIE,T,T,T,TIE,TIE,TIE
1782722633.775,11750,72.67,72.73,72.7,72.7,high_C,low_O,C>O,TIE,F,F,F,T,T,TIE
1782722777.629,11751,72.73,72.78,72.73,72.71,high_C,low_P,C>P,TIE,F,TIE,T,T,T,T
1782722858.655,11752,72.78,72.82,72.79,72.79,high_C,low_O,C>O,TIE,F,F,F,T,T,TIE
1782722882.674,11753,72.82,72.88,72.86,72.87,high_C,low_O,C>O,C>P>M>O,F,F,F,T,T,F
1782722960.2,11754,72.88,72.84,72.84,72.84,high_O,TIE,TIE,TIE,T,T,T,TIE,TIE,TIE
1782723090.869,11755,72.84,72.79,72.8,72.82,high_O,low_C,O>C,O>P>M>C,T,T,T,F,F,F
1782723112.925,11756,72.79,72.86,72.84,72.84,high_C,low_O,C>O,TIE,F,F,F,T,T,TIE
1782723124.259,11757,72.86,72.93,72.91,72.91,high_C,low_O,C>O,TIE,F,F,F,T,T,TIE
1782723138.734,11758,72.93,72.97,72.95,72.95,high_C,low_O,C>O,TIE,F,F,F,T,T,TIE
1782723166.85,11759,72.97,72.98,72.96,72.95,high_C,low_P,C>P,C>O>M>P,F,T,T,T,T,T
1782723207.434,11760,72.98,72.8,72.94,72.95,high_O,low_C,O>C,O>P>M>C,T,T,T,F,F,F
1782723210.35,11761,72.8,72.79,72.78,72.78,high_O,TIE,TIE,TIE,T,T,T,T,T,TIE
1782723266.486,11762,72.79,72.81,72.79,72.78,high_C,low_P,C>P,TIE,F,TIE,T,T,T,T
1782723312.809,11763,72.81,72.71,72.75,72.75,high_O,low_C,O>C,TIE,T,T,T,F,F,TIE
1782723419.428,11764,72.71,72.67,72.73,72.73,TIE,low_C,TIE,TIE,T,F,F,F,F,TIE
1782723429.806,11765,72.67,72.62,72.65,72.65,high_O,low_C,O>C,TIE,T,T,T,F,F,TIE
1782723455.344,11766,72.62,72.7,72.64,72.63,high_C,low_O,C>O,C>M>P>O,F,F,F,T,T,T
1782723508.568,11767,72.7,72.71,72.7,72.7,high_C,TIE,TIE,TIE,F,TIE,TIE,T,T,TIE
1782723548.233,11768,72.71,72.74,72.72,72.72,high_C,low_O,C>O,TIE,F,F,F,T,T,TIE
1782723631.188,11769,72.74,72.7,72.7,72.69,high_O,low_P,O>P,TIE,T,T,T,TIE,T,T
1782723715.075,11770,72.7,72.77,72.77,72.76,TIE,low_O,TIE,TIE,F,F,F,TIE,T,T
1782723815.231,11771,72.77,72.8,72.72,72.66,high_C,low_P,C>P,C>O>M>P,F,T,T,T,T,T
1782724129.18,11773,72.74,72.74,72.72,72.72,TIE,TIE,TIE,TIE,TIE,T,T,T,T,TIE
1782724278.39,11774,72.74,72.72,72.71,72.72,high_O,low_M,O>M,TIE,T,T,T,T,TIE,F
1782724388.538,11775,72.72,72.65,72.61,72.6,high_O,low_P,O>P,O>C>M>P,T,T,T,T,T,T
1782724413.531,11776,72.65,72.76,72.65,72.62,high_C,low_P,C>P,TIE,F,TIE,T,T,T,T
1782724442.283,11777,72.76,72.77,72.77,72.77,TIE,low_O,TIE,TIE,F,F,F,TIE,TIE,TIE
1782724487.311,11778,72.77,72.84,72.8,72.81,high_C,low_O,C>O,C>P>M>O,F,F,F,T,T,F
1782724528.389,11779,72.84,72.85,72.85,72.86,high_P,low_O,P>O,TIE,F,F,F,TIE,F,F
1782724544.659,11780,72.85,73.0,72.99,73.0,TIE,low_O,TIE,TIE,F,F,F,T,TIE,F
1782724558.727,11781,73.0,72.94,73.01,73.0,high_M,low_C,M>C,TIE,T,F,TIE,F,F,T
1782724577.929,11782,72.94,73.03,73.01,73.02,high_C,low_O,C>O,C>P>M>O,F,F,F,T,T,F
1782724630.857,11783,73.03,73.05,73.02,73.0,high_C,low_P,C>P,C>O>M>P,F,T,T,T,T,T
1782724687.952,11784,73.05,73.03,73.03,73.03,high_O,TIE,TIE,TIE,T,T,T,TIE,TIE,TIE
1782724697.406,11785,73.03,73.09,73.08,73.08,high_C,low_O,C>O,TIE,F,F,F,T,T,TIE
1782724729.002,11786,73.09,73.01,73.1,73.1,TIE,low_C,TIE,TIE,T,F,F,F,F,TIE
1782724770.218,11787,73.01,72.92,72.93,72.93,high_O,low_C,O>C,TIE,T,T,T,F,F,TIE
1782724856.636,11788,72.92,72.89,72.89,72.89,high_O,TIE,TIE,TIE,T,T,T,TIE,TIE,TIE
1782724930.217,11789,72.89,72.82,72.91,72.95,high_P,low_C,P>C,P>M>O>C,T,F,F,F,F,F
1782724996.624,11790,72.82,72.86,72.86,72.86,TIE,low_O,TIE,TIE,F,F,F,TIE,TIE,TIE
1782725076.715,11791,72.86,72.73,72.83,72.86,TIE,low_C,TIE,TIE,T,T,TIE,F,F,F
1782725110.136,11792,72.73,72.71,72.72,72.71,high_O,TIE,TIE,TIE,T,T,T,F,TIE,T
1782725112.133,11793,72.71,72.65,72.65,72.65,high_O,TIE,TIE,TIE,T,T,T,TIE,TIE,TIE
1782725127.648,11794,72.65,72.67,72.64,72.64,high_C,TIE,TIE,TIE,F,T,T,T,T,TIE
1782725147.772,11795,72.67,72.6,72.63,72.63,high_O,low_C,O>C,TIE,T,T,T,F,F,TIE
1782725231.435,11797,72.63,72.63,72.62,72.62,TIE,TIE,TIE,TIE,TIE,T,T,T,T,TIE
1782725257.768,11798,72.63,72.8,72.72,72.71,high_C,low_O,C>O,C>M>P>O,F,F,F,T,T,T
1782725278.257,11799,72.8,72.93,72.85,72.8,high_C,TIE,TIE,TIE,F,F,TIE,T,T,T
1782725347.477,11800,72.93,72.9,72.88,72.86,high_O,low_P,O>P,O>C>M>P,T,T,T,T,T,T
1782725402.767,11801,72.9,72.86,72.88,72.87,high_O,low_C,O>C,O>M>P>C,T,T,T,F,F,T
1782725652.429,11803,72.89,72.89,72.88,72.87,TIE,low_P,TIE,TIE,TIE,T,T,T,T,T
1782725743.073,11804,72.89,72.75,72.8,72.79,high_O,low_C,O>C,O>M>P>C,T,T,T,F,F,T
1782725838.602,11805,72.75,72.78,72.79,72.8,high_P,low_O,P>O,P>M>C>O,F,F,F,F,F,F
1782725972.762,11806,72.78,72.81,72.78,72.79,high_C,TIE,TIE,TIE,F,TIE,F,T,T,F
1782726083.022,11807,72.81,72.7,72.73,72.72,high_O,low_C,O>C,O>M>P>C,T,T,T,F,F,T
1782726159.036,11808,72.7,72.77,72.77,72.77,TIE,low_O,TIE,TIE,F,F,F,TIE,TIE,TIE
1782726366.275,11809,72.77,72.79,72.78,72.79,TIE,low_O,TIE,TIE,F,F,F,T,TIE,F
1782726637.966,11811,72.84,72.84,72.82,72.84,TIE,low_M,TIE,TIE,TIE,T,TIE,T,TIE,F
1782726674.158,11812,72.84,72.77,72.83,72.84,TIE,low_C,TIE,TIE,T,T,TIE,F,F,F
1782726676.091,11813,72.77,72.7,72.71,72.71,high_O,low_C,O>C,TIE,T,T,T,F,F,TIE
1782726702.443,11814,72.7,72.63,72.67,72.65,high_O,low_C,O>C,O>M>P>C,T,T,T,F,F,T
1782726754.942,11815,72.63,72.67,72.67,72.66,TIE,low_O,TIE,TIE,F,F,F,TIE,T,T
1782726925.827,11816,72.67,72.83,72.76,72.81,high_C,low_O,C>O,C>P>M>O,F,F,F,T,T,F
1782727191.86,11818,72.89,72.89,72.89,72.89,TIE,TIE,TIE,TIE,TIE,TIE,TIE,TIE,TIE,TIE
1782727259.996,11820,72.98,72.98,72.98,72.99,high_P,TIE,TIE,TIE,TIE,TIE,F,TIE,F,F
1782727378.11,11822,73.04,73.04,73.05,73.06,high_P,TIE,TIE,TIE,TIE,F,F,F,F,F
1782727449.219,11823,73.04,72.96,72.97,72.96,high_O,TIE,TIE,TIE,T,T,T,F,TIE,T
1782727539.893,11825,73.02,73.02,73.03,73.03,TIE,TIE,TIE,TIE,TIE,F,F,F,F,TIE
1782727563.032,11826,73.02,73.05,73.05,73.05,TIE,low_O,TIE,TIE,F,F,F,TIE,TIE,TIE
1782727601.124,11827,73.05,73.02,73.03,73.04,high_O,low_C,O>C,O>P>M>C,T,T,T,F,F,F
1782727658.35,11828,73.02,73.1,73.02,73.02,high_C,TIE,TIE,TIE,F,TIE,TIE,T,T,TIE
1782727684.395,11829,73.1,73.12,73.12,73.12,TIE,low_O,TIE,TIE,F,F,F,TIE,TIE,TIE
1782727693.931,11830,73.12,73.13,73.13,73.13,TIE,low_O,TIE,TIE,F,F,F,TIE,TIE,TIE
1782727720.905,11831,73.13,73.11,73.13,73.13,TIE,low_C,TIE,TIE,T,TIE,TIE,F,F,TIE
1782727752.321,11832,73.11,73.16,73.13,73.13,high_C,low_O,C>O,TIE,F,F,F,T,T,TIE
1782727758.9,11833,73.16,73.2,73.19,73.2,TIE,low_O,TIE,TIE,F,F,F,T,TIE,F
1782727761.995,11834,73.2,73.22,73.2,73.2,high_C,TIE,TIE,TIE,F,TIE,TIE,T,T,TIE
1782727781.242,11835,73.22,73.21,73.22,73.22,TIE,low_C,TIE,TIE,T,TIE,TIE,F,F,TIE
1782727788.687,11836,73.21,73.3,73.25,73.25,high_C,low_O,C>O,TIE,F,F,F,T,T,TIE
1782727788.704,11837,73.3,73.28,73.3,73.3,TIE,low_C,TIE,TIE,T,TIE,TIE,F,F,TIE
1782727789.139,11838,73.28,73.32,73.3,73.32,TIE,low_O,TIE,TIE,F,F,F,T,TIE,F
1782727789.401,11839,73.32,73.34,73.34,73.33,TIE,low_O,TIE,TIE,F,F,F,TIE,T,T
1782727794.061,11840,73.34,73.37,73.35,73.35,high_C,low_O,C>O,TIE,F,F,F,T,T,TIE
1782727795.915,11841,73.37,73.43,73.4,73.42,high_C,low_O,C>O,C>P>M>O,F,F,F,T,T,F
1782727801.658,11842,73.43,73.45,73.42,73.42,high_C,TIE,TIE,TIE,F,T,T,T,T,TIE
1782727802.849,11843,73.45,73.5,73.49,73.49,high_C,low_O,C>O,TIE,F,F,F,T,T,TIE
1782727824.302,11846,73.47,73.47,73.45,73.44,TIE,low_P,TIE,TIE,TIE,T,T,T,T,T
1782727841.116,11847,73.47,73.38,73.46,73.48,high_P,low_C,P>C,P>O>M>C,T,T,F,F,F,F
1782727853.379,11848,73.38,73.31,73.32,73.34,high_O,low_C,O>C,O>P>M>C,T,T,T,F,F,F
1782727885.561,11849,73.31,73.3,73.31,73.31,TIE,low_C,TIE,TIE,T,TIE,TIE,F,F,TIE
1782727934.378,11851,73.27,73.27,73.24,73.23,TIE,low_P,TIE,TIE,TIE,T,T,T,T,T
1782727946.326,11852,73.27,73.34,73.3,73.32,high_C,low_O,C>O,C>P>M>O,F,F,F,T,T,F
1782727946.442,11853,73.34,73.35,73.35,73.35,TIE,low_O,TIE,TIE,F,F,F,TIE,TIE,TIE
1782727968.545,11854,73.35,73.39,73.38,73.38,high_C,low_O,C>O,TIE,F,F,F,T,T,TIE
1782727990.259,11856,73.34,73.34,73.33,73.33,TIE,TIE,TIE,TIE,TIE,T,T,T,T,TIE
1782728037.93,11857,73.34,73.37,73.33,73.33,high_C,TIE,TIE,TIE,F,T,T,T,T,TIE
1782728061.568,11858,73.37,73.43,73.37,73.35,high_C,low_P,C>P,TIE,F,TIE,T,T,T,T
1782728097.723,11859,73.43,73.42,73.41,73.41,high_O,TIE,TIE,TIE,T,T,T,T,T,TIE
1782728124.018,11860,73.42,73.4,73.41,73.41,high_O,low_C,O>C,TIE,T,T,T,F,F,TIE
1782728143.011,11861,73.4,73.32,73.33,73.32,high_O,TIE,TIE,TIE,T,T,T,F,TIE,T
1782728172.135,11862,73.32,73.34,73.34,73.34,TIE,low_O,TIE,TIE,F,F,F,TIE,TIE,TIE
1782728203.936,11863,73.34,73.33,73.31,73.31,high_O,TIE,TIE,TIE,T,T,T,T,T,TIE
1782728244.153,11864,73.33,73.38,73.37,73.37,high_C,low_O,C>O,TIE,F,F,F,T,T,TIE
1782728324.266,11865,73.38,73.41,73.39,73.38,high_C,TIE,TIE,TIE,F,F,TIE,T,T,T
1782728362.91,11866,73.41,73.47,73.44,73.44,high_C,low_O,C>O,TIE,F,F,F,T,T,TIE
1782728385.987,11867,73.47,73.49,73.47,73.47,high_C,TIE,TIE,TIE,F,TIE,TIE,T,T,TIE
1782728386.739,11868,73.49,73.58,73.54,73.5,high_C,low_O,C>O,C>M>P>O,F,F,F,T,T,T
1782728388.081,11869,73.58,73.57,73.59,73.59,TIE,low_C,TIE,TIE,T,F,F,F,F,TIE
1782728391.414,11870,73.57,73.55,73.57,73.57,TIE,low_C,TIE,TIE,T,TIE,TIE,F,F,TIE
1782728400.508,11871,73.55,73.61,73.6,73.6,high_C,low_O,C>O,TIE,F,F,F,T,T,TIE
1782728434.007,11873,73.58,73.58,73.59,73.59,TIE,TIE,TIE,TIE,TIE,F,F,F,F,TIE
1782728458.374,11874,73.58,73.56,73.57,73.57,high_O,low_C,O>C,TIE,T,T,T,F,F,TIE
1782728466.582,11875,73.56,73.61,73.55,73.55,high_C,TIE,TIE,TIE,F,T,T,T,T,TIE
1782728469.937,11876,73.61,73.63,73.63,73.63,TIE,low_O,TIE,TIE,F,F,F,TIE,TIE,TIE
1782728476.232,11877,73.63,73.61,73.61,73.6,high_O,low_P,O>P,TIE,T,T,T,TIE,T,T
1782728513.499,11878,73.61,73.51,73.6,73.53,high_O,low_C,O>C,O>M>P>C,T,T,T,F,F,T
1782728538.013,11879,73.51,73.41,73.47,73.47,high_O,low_C,O>C,TIE,T,T,T,F,F,TIE
1782728573.277,11880,73.41,73.44,73.43,73.42,high_C,low_O,C>O,C>M>P>O,F,F,F,T,T,T
1782728635.449,11881,73.44,73.42,73.43,73.42,high_O,TIE,TIE,TIE,T,T,T,F,TIE,T
1782728671.933,11882,73.42,73.43,73.42,73.42,high_C,TIE,TIE,TIE,F,TIE,TIE,T,T,TIE
1782728703.543,11883,73.43,73.4,73.41,73.41,high_O,low_C,O>C,TIE,T,T,T,F,F,TIE
1782728728.226,11884,73.4,73.38,73.37,73.37,high_O,TIE,TIE,TIE,T,T,T,T,T,TIE
1782728767.036,11885,73.38,73.43,73.43,73.44,high_P,low_O,P>O,TIE,F,F,F,TIE,F,F
1782728883.343,11886,73.43,73.4,73.42,73.42,high_O,low_C,O>C,TIE,T,T,T,F,F,TIE
1782728945.235,11887,73.4,73.36,73.37,73.37,high_O,low_C,O>C,TIE,T,T,T,F,F,TIE
1782728972.67,11888,73.36,73.38,73.35,73.35,high_C,TIE,TIE,TIE,F,T,T,T,T,TIE
1782729021.712,11889,73.38,73.37,73.38,73.39,high_P,low_C,P>C,TIE,T,TIE,F,F,F,F
1782729022.939,11890,73.37,73.29,73.37,73.37,TIE,low_C,TIE,TIE,T,TIE,TIE,F,F,TIE
1782729033.806,11891,73.29,73.26,73.27,73.26,high_O,TIE,TIE,TIE,T,T,T,F,TIE,T
1782729035.903,11892,73.26,73.2,73.24,73.25,high_O,low_C,O>C,O>P>M>C,T,T,T,F,F,F
1782729043.959,11893,73.2,73.18,73.16,73.17,high_O,low_M,O>M,O>C>P>M,T,T,T,T,T,F
1782729092.652,11894,73.18,73.21,73.22,73.21,high_M,low_O,M>O,TIE,F,F,F,F,TIE,T
1782729118.296,11895,73.21,73.17,73.16,73.16,high_O,TIE,TIE,TIE,T,T,T,T,T,TIE
1782729188.771,11896,73.17,73.2,73.19,73.19,high_C,low_O,C>O,TIE,F,F,F,T,T,TIE
1782729263.103,11897,73.2,73.21,73.19,73.2,high_C,low_M,C>M,TIE,F,T,TIE,T,T,F
1782729313.796,11898,73.21,73.18,73.22,73.23,high_P,low_C,P>C,P>M>O>C,T,F,F,F,F,F
1782729433.857,11901,73.15,73.15,73.15,73.12,TIE,low_P,TIE,TIE,TIE,TIE,T,TIE,T,T
1782729465.601,11902,73.15,73.29,73.21,73.21,high_C,low_O,C>O,TIE,F,F,F,T,T,TIE
1782729492.138,11903,73.29,73.23,73.3,73.3,TIE,low_C,TIE,TIE,T,F,F,F,F,TIE
1782729580.356,11904,73.23,73.31,73.28,73.31,TIE,low_O,TIE,TIE,F,F,F,T,TIE,F
1782729594.374,11905,73.31,73.29,73.29,73.29,high_O,TIE,TIE,TIE,T,T,T,TIE,TIE,TIE
1782729623.499,11906,73.29,73.38,73.37,73.37,high_C,low_O,C>O,TIE,F,F,F,T,T,TIE
1782729722.819,11907,73.38,73.21,73.28,73.28,high_O,low_C,O>C,TIE,T,T,T,F,F,TIE
1782729792.725,11908,73.21,73.17,73.2,73.21,TIE,low_C,TIE,TIE,T,T,TIE,F,F,F
1782729852.542,11909,73.17,73.15,73.15,73.17,TIE,TIE,TIE,TIE,T,T,TIE,TIE,F,F
1782729940.788,11910,73.15,73.24,73.21,73.21,high_C,low_O,C>O,TIE,F,F,F,T,T,TIE
1782730019.252,11911,73.24,73.27,73.28,73.28,TIE,low_O,TIE,TIE,F,F,F,F,F,TIE
1782730028.136,11912,73.27,73.31,73.28,73.29,high_C,low_O,C>O,C>P>M>O,F,F,F,T,T,F
1782730036.604,11913,73.31,73.22,73.23,73.17,high_O,low_P,O>P,O>M>C>P,T,T,T,F,T,T
1782730041.433,11914,73.22,73.27,73.27,73.27,TIE,low_O,TIE,TIE,F,F,F,TIE,TIE,TIE
1782730111.548,11915,73.27,73.26,73.27,73.27,TIE,low_C,TIE,TIE,T,TIE,TIE,F,F,TIE
1782730205.568,11916,73.26,73.22,73.27,73.28,high_P,low_C,P>C,P>M>O>C,T,F,F,F,F,F
1782730285.443,11917,73.22,73.25,73.24,73.24,high_C,low_O,C>O,TIE,F,F,F,T,T,TIE
1782730358.946,11918,73.25,73.19,73.26,73.26,TIE,low_C,TIE,TIE,T,F,F,F,F,TIE
1782730425.97,11919,73.19,73.2,73.2,73.2,TIE,low_O,TIE,TIE,F,F,F,TIE,TIE,TIE
1782730527.202,11920,73.2,73.17,73.17,73.17,high_O,TIE,TIE,TIE,T,T,T,TIE,TIE,TIE
1782730750.101,11922,73.2,73.2,73.18,73.18,TIE,TIE,TIE,TIE,TIE,T,T,T,T,TIE
1782730821.036,11923,73.2,73.21,73.21,73.2,TIE,TIE,TIE,TIE,F,F,TIE,TIE,T,T
1782730867.249,11924,73.21,73.19,73.21,73.21,TIE,low_C,TIE,TIE,T,TIE,TIE,F,F,TIE
1782730910.568,11925,73.19,73.14,73.16,73.18,high_O,low_C,O>C,O>P>M>C,T,T,T,F,F,F
1782730942.882,11926,73.14,73.09,73.09,73.08,high_O,low_P,O>P,TIE,T,T,T,TIE,T,T
1782730975.316,11927,73.09,73.06,73.09,73.1,high_P,low_C,P>C,TIE,T,TIE,F,F,F,F
1782730992.722,11928,73.06,73.0,73.04,73.05,high_O,low_C,O>C,O>P>M>C,T,T,T,F,F,F
1782731008.005,11929,73.0,72.98,73.02,73.02,TIE,low_C,TIE,TIE,T,F,F,F,F,TIE
1782731028.583,11930,72.98,72.95,72.95,72.95,high_O,TIE,TIE,TIE,T,T,T,TIE,TIE,TIE
1782731062.56,11931,72.95,72.96,72.97,72.98,high_P,low_O,P>O,P>M>C>O,F,F,F,F,F,F
1782731074.091,11932,72.96,72.93,72.93,72.93,high_O,TIE,TIE,TIE,T,T,T,TIE,TIE,TIE
1782731133.332,11933,72.93,72.89,72.95,72.97,high_P,low_C,P>C,P>M>O>C,T,F,F,F,F,F
1782731160.415,11935,72.84,72.84,72.83,72.83,TIE,TIE,TIE,TIE,TIE,T,T,T,T,TIE
1782731199.966,11936,72.84,72.83,72.84,72.85,high_P,low_C,P>C,TIE,T,TIE,F,F,F,F
1782731199.978,11937,72.83,72.75,72.81,72.82,high_O,low_C,O>C,O>P>M>C,T,T,T,F,F,F
1782731203.333,11938,72.75,72.79,72.76,72.75,high_C,TIE,TIE,TIE,F,F,TIE,T,T,T
1782731228.783,11939,72.79,72.84,72.82,72.81,high_C,low_O,C>O,C>M>P>O,F,F,F,T,T,T
1782731288.505,11940,72.84,72.85,72.84,72.85,TIE,TIE,TIE,TIE,F,TIE,F,T,TIE,F
1782731306.479,11941,72.85,72.89,72.89,72.89,TIE,low_O,TIE,TIE,F,F,F,TIE,TIE,TIE
1782731353.304,11942,72.89,72.83,72.89,72.89,TIE,low_C,TIE,TIE,T,TIE,TIE,F,F,TIE
1782731415.721,11943,72.83,72.8,72.83,72.82,TIE,low_C,TIE,TIE,T,TIE,T,F,F,T
1782731418.432,11944,72.8,72.74,72.76,72.76,high_O,low_C,O>C,TIE,T,T,T,F,F,TIE
1782731418.432,11945,72.74,72.71,72.72,72.72,high_O,low_C,O>C,TIE,T,T,T,F,F,TIE
1782731418.46,11946,72.71,72.7,72.7,72.7,high_O,TIE,TIE,TIE,T,T,T,TIE,TIE,TIE
1782731421.056,11947,72.7,72.66,72.67,72.66,high_O,TIE,TIE,TIE,T,T,T,F,TIE,T
1782731427.753,11948,72.66,72.63,72.63,72.63,high_O,TIE,TIE,TIE,T,T,T,TIE,TIE,TIE
1782731464.255,11949,72.63,72.71,72.72,72.73,high_P,low_O,P>O,P>M>C>O,F,F,F,F,F,F
1782731518.295,11950,72.71,72.69,72.69,72.68,high_O,low_P,O>P,TIE,T,T,T,TIE,T,T
1782731562.669,11951,72.69,72.67,72.66,72.66,high_O,TIE,TIE,TIE,T,T,T,T,T,TIE
1782731585.038,11952,72.67,72.61,72.63,72.64,high_O,low_C,O>C,O>P>M>C,T,T,T,F,F,F
1782731612.193,11953,72.61,72.63,72.61,72.62,high_C,TIE,TIE,TIE,F,TIE,F,T,T,F
1782731665.008,11954,72.63,72.58,72.59,72.59,high_O,low_C,O>C,TIE,T,T,T,F,F,TIE
1782731708.835,11955,72.58,72.55,72.59,72.59,TIE,low_C,TIE,TIE,T,F,F,F,F,TIE
1782731715.217,11956,72.55,72.56,72.55,72.55,high_C,TIE,TIE,TIE,F,TIE,TIE,T,T,TIE
1782731760.762,11958,72.52,72.52,72.53,72.53,TIE,TIE,TIE,TIE,TIE,F,F,F,F,TIE
1782731780.957,11959,72.52,72.54,72.51,72.51,high_C,TIE,TIE,TIE,F,T,T,T,T,TIE
1782731868.027,11961,72.5,72.5,72.51,72.52,high_P,TIE,TIE,TIE,TIE,F,F,F,F,F
1782731888.951,11962,72.5,72.46,72.46,72.5,TIE,TIE,TIE,TIE,T,T,TIE,TIE,F,F
1782731960.701,11964,72.5,72.5,72.49,72.49,TIE,TIE,TIE,TIE,TIE,T,T,T,T,TIE
1782732011.236,11965,72.5,72.49,72.5,72.5,TIE,low_C,TIE,TIE,T,TIE,TIE,F,F,TIE
1782732061.452,11966,72.49,72.5,72.46,72.46,high_C,TIE,TIE,TIE,F,T,T,T,T,TIE
1782732098.48,11967,72.5,72.52,72.5,72.49,high_C,low_P,C>P,TIE,F,TIE,T,T,T,T
1782732145.425,11968,72.52,72.46,72.5,72.51,high_O,low_C,O>C,O>P>M>C,T,T,T,F,F,F
1782732177.698,11969,72.46,72.5,72.47,72.46,high_C,TIE,TIE,TIE,F,F,TIE,T,T,T
1782732225.578,11970,72.5,72.49,72.49,72.49,high_O,TIE,TIE,TIE,T,T,T,TIE,TIE,TIE
1782732306.179,11971,72.49,72.56,72.53,72.49,high_C,TIE,TIE,TIE,F,F,TIE,T,T,T
1782732317.048,11972,72.56,72.58,72.58,72.57,TIE,low_O,TIE,TIE,F,F,F,TIE,T,T
1782732354.109,11974,72.6,72.6,72.6,72.6,TIE,TIE,TIE,TIE,TIE,TIE,TIE,TIE,TIE,TIE
1782732370.856,11975,72.6,72.63,72.61,72.61,high_C,low_O,C>O,TIE,F,F,F,T,T,TIE
1782732392.862,11976,72.63,72.69,72.67,72.68,high_C,low_O,C>O,C>P>M>O,F,F,F,T,T,F
1782732433.21,11977,72.69,72.63,72.65,72.64,high_O,low_C,O>C,O>M>P>C,T,T,T,F,F,T
1782732489.541,11978,72.63,72.62,72.65,72.63,high_M,low_C,M>C,TIE,T,F,TIE,F,F,T
1782732562.934,11979,72.62,72.66,72.61,72.61,high_C,TIE,TIE,TIE,F,T,T,T,T,TIE
1782732614.468,11981,72.7,72.7,72.7,72.7,TIE,TIE,TIE,TIE,TIE,TIE,TIE,TIE,TIE,TIE
1782732659.544,11982,72.7,72.6,72.67,72.69,high_O,low_C,O>C,O>P>M>C,T,T,T,F,F,F
1782732669.908,11983,72.6,72.59,72.56,72.56,high_O,TIE,TIE,TIE,T,T,T,T,T,TIE
1782732671.049,11984,72.59,72.85,72.67,72.67,high_C,low_O,C>O,TIE,F,F,F,T,T,TIE
1782732672.56,11985,72.85,72.92,72.91,72.85,high_C,TIE,TIE,TIE,F,F,TIE,T,T,T
1782732673.382,11986,72.92,72.94,72.9,72.91,high_C,low_M,C>M,C>O>P>M,F,T,T,T,T,F
1782732673.887,11987,72.94,72.98,72.98,72.99,high_P,low_O,P>O,TIE,F,F,F,TIE,F,F
1782732674.619,11988,72.98,73.04,73.02,73.03,high_C,low_O,C>O,C>P>M>O,F,F,F,T,T,F
1782732675.61,11989,73.04,73.08,73.04,73.04,high_C,TIE,TIE,TIE,F,TIE,TIE,T,T,TIE
1782732676.519,11990,73.08,73.04,73.07,73.06,high_O,low_C,O>C,O>M>P>C,T,T,T,F,F,T
1782732678.003,11991,73.04,73.05,73.03,73.03,high_C,TIE,TIE,TIE,F,T,T,T,T,TIE
1782732682.711,11993,73.1,73.1,73.14,73.19,high_P,TIE,TIE,TIE,TIE,F,F,F,F,F
1782732697.548,11995,73.0,73.0,72.98,72.99,TIE,low_M,TIE,TIE,TIE,T,T,T,T,F
1782732726.018,11997,72.89,72.89,72.9,72.87,high_M,low_P,M>P,TIE,TIE,F,T,F,T,T
1782732740.059,11998,72.89,72.83,72.86,72.87,high_O,low_C,O>C,O>P>M>C,T,T,T,F,F,F
1782732753.036,12000,72.9,72.9,72.89,72.88,TIE,low_P,TIE,TIE,TIE,T,T,T,T,T
1782732784.218,12001,72.9,72.8,72.87,72.89,high_O,low_C,O>C,O>P>M>C,T,T,T,F,F,F
1782732808.234,12002,72.8,72.74,72.75,72.74,high_O,TIE,TIE,TIE,T,T,T,F,TIE,T
1782732859.984,12003,72.74,72.72,72.74,72.75,high_P,low_C,P>C,TIE,T,TIE,F,F,F,F
1782732897.948,12004,72.72,72.74,72.73,72.71,high_C,low_P,C>P,C>M>O>P,F,F,T,T,T,T
1782732943.768,12005,72.74,72.68,72.7,72.69,high_O,low_C,O>C,O>M>P>C,T,T,T,F,F,T
1782732979.461,12006,72.68,72.53,72.56,72.54,high_O,low_C,O>C,O>M>P>C,T,T,T,F,F,T
1782733006.308,12007,72.53,72.68,72.61,72.64,high_C,low_O,C>O,C>P>M>O,F,F,F,T,T,F
1782733073.951,12008,72.68,72.56,72.63,72.61,high_O,low_C,O>C,O>M>P>C,T,T,T,F,F,T
1782733147.892,12009,72.56,72.44,72.53,72.53,high_O,low_C,O>C,TIE,T,T,T,F,F,TIE
1782733180.507,12010,72.44,72.4,72.44,72.44,TIE,low_C,TIE,TIE,T,TIE,TIE,F,F,TIE
1782733187.319,12011,72.4,72.35,72.38,72.38,high_O,low_C,O>C,TIE,T,T,T,F,F,TIE
1782733208.338,12012,72.35,72.41,72.39,72.39,high_C,low_O,C>O,TIE,F,F,F,T,T,TIE
1782733237.446,12013,72.41,72.39,72.42,72.44,high_P,low_C,P>C,P>M>O>C,T,F,F,F,F,F
1782733266.301,12014,72.39,72.34,72.38,72.38,high_O,low_C,O>C,TIE,T,T,T,F,F,TIE
1782733281.238,12015,72.34,72.36,72.35,72.35,high_C,low_O,C>O,TIE,F,F,F,T,T,TIE
1782733326.957,12016,72.36,72.41,72.39,72.39,high_C,low_O,C>O,TIE,F,F,F,T,T,TIE
1782733371.996,12017,72.41,72.42,72.43,72.41,high_M,TIE,TIE,TIE,F,F,TIE,F,T,T
1782733474.431,12018,72.42,72.38,72.44,72.44,TIE,low_C,TIE,TIE,T,F,F,F,F,TIE
1782733529.346,12019,72.38,72.47,72.4,72.4,high_C,low_O,C>O,TIE,F,F,F,T,T,TIE
1782733563.163,12020,72.47,72.34,72.38,72.34,high_O,TIE,TIE,TIE,T,T,T,F,TIE,T
1782733566.625,12021,72.34,72.35,72.33,72.33,high_C,TIE,TIE,TIE,F,T,T,T,T,TIE
1782733629.153,12022,72.35,72.41,72.42,72.43,high_P,low_O,P>O,P>M>C>O,F,F,F,F,F,F
1782733730.455,12023,72.41,72.44,72.4,72.4,high_C,TIE,TIE,TIE,F,T,T,T,T,TIE
1782733794.626,12024,72.44,72.31,72.36,72.35,high_O,low_C,O>C,O>M>P>C,T,T,T,F,F,T
1782733828.686,12025,72.31,72.42,72.35,72.35,high_C,low_O,C>O,TIE,F,F,F,T,T,TIE
1782733909.192,12026,72.42,72.39,72.4,72.39,high_O,TIE,TIE,TIE,T,T,T,F,TIE,T
1782733946.787,12028,72.3,72.3,72.28,72.29,TIE,low_M,TIE,TIE,TIE,T,T,T,T,F
1782733992.45,12029,72.3,72.24,72.29,72.24,high_O,TIE,TIE,TIE,T,T,T,F,TIE,T
1782734006.326,12030,72.24,72.25,72.26,72.26,TIE,low_O,TIE,TIE,F,F,F,F,F,TIE
1782734018.828,12031,72.25,72.28,72.25,72.25,high_C,TIE,TIE,TIE,F,TIE,TIE,T,T,TIE
1782734077.658,12032,72.28,72.26,72.25,72.25,high_O,TIE,TIE,TIE,T,T,T,T,T,TIE
1782734104.182,12033,72.26,72.23,72.23,72.23,high_O,TIE,TIE,TIE,T,T,T,TIE,TIE,TIE
1782734147.883,12034,72.23,72.3,72.28,72.29,high_C,low_O,C>O,C>P>M>O,F,F,F,T,T,F
1782734212.179,12035,72.3,72.36,72.36,72.37,high_P,low_O,P>O,TIE,F,F,F,TIE,F,F
1782734266.806,12036,72.36,72.35,72.36,72.36,TIE,low_C,TIE,TIE,T,TIE,TIE,F,F,TIE
1782734349.961,12037,72.35,72.44,72.41,72.41,high_C,low_O,C>O,TIE,F,F,F,T,T,TIE
1782734387.93,12038,72.44,72.49,72.44,72.45,high_C,TIE,TIE,TIE,F,TIE,F,T,T,F
1782734395.342,12039,72.49,72.5,72.49,72.49,high_C,TIE,TIE,TIE,F,TIE,TIE,T,T,TIE
1782734401.49,12040,72.5,72.53,72.5,72.5,high_C,TIE,TIE,TIE,F,TIE,TIE,T,T,TIE
1782734414.258,12041,72.53,72.46,72.53,72.53,TIE,low_C,TIE,TIE,T,TIE,TIE,F,F,TIE
1782734414.91,12042,72.46,72.51,72.5,72.5,high_C,low_O,C>O,TIE,F,F,F,T,T,TIE
1782734425.82,12043,72.51,72.62,72.54,72.54,high_C,low_O,C>O,TIE,F,F,F,T,T,TIE
1782734429.638,12044,72.62,72.7,72.65,72.63,high_C,low_O,C>O,C>M>P>O,F,F,F,T,T,T
1782734434.549,12045,72.7,72.6,72.63,72.63,high_O,low_C,O>C,TIE,T,T,T,F,F,TIE
1782734437.239,12046,72.6,72.4,72.56,72.56,high_O,low_C,O>C,TIE,T,T,T,F,F,TIE
1782734448.472,12047,72.4,72.39,72.39,72.4,TIE,TIE,TIE,TIE,T,T,TIE,TIE,F,F
1782734458.98,12048,72.39,72.31,72.35,72.37,high_O,low_C,O>C,O>P>M>C,T,T,T,F,F,F
1782734463.232,12049,72.31,72.19,72.28,72.2,high_O,low_C,O>C,O>M>P>C,T,T,T,F,F,T
1782734466.089,12050,72.19,72.1,72.18,72.1,high_O,TIE,TIE,TIE,T,T,T,F,TIE,T
1782734468.067,12051,72.1,72.13,72.11,72.1,high_C,TIE,TIE,TIE,F,F,TIE,T,T,T
1782734468.861,12052,72.13,72.2,72.16,72.16,high_C,low_O,C>O,TIE,F,F,F,T,T,TIE
1782734476.933,12053,72.2,72.17,72.17,72.12,high_O,low_P,O>P,TIE,T,T,T,TIE,T,T
1782734493.271,12054,72.17,72.2,72.21,72.21,TIE,low_O,TIE,TIE,F,F,F,F,F,TIE
1782734519.769,12055,72.2,72.36,72.26,72.22,high_C,low_O,C>O,C>M>P>O,F,F,F,T,T,T
1782734522.493,12056,72.36,72.34,72.35,72.35,high_O,low_C,O>C,TIE,T,T,T,F,F,TIE
1782734536.366,12057,72.34,72.48,72.45,72.45,high_C,low_O,C>O,TIE,F,F,F,T,T,TIE
1782734565.853,12058,72.48,72.5,72.49,72.5,TIE,low_O,TIE,TIE,F,F,F,T,TIE,F
1782734572.596,12060,72.72,72.72,72.7,72.7,TIE,TIE,TIE,TIE,TIE,T,T,T,T,TIE
1782734577.64,12061,72.72,72.73,72.7,72.68,high_C,low_P,C>P,C>O>M>P,F,T,T,T,T,T
1782734581.557,12062,72.73,72.69,72.73,72.74,high_P,low_C,P>C,TIE,T,TIE,F,F,F,F
1782734585.354,12063,72.69,72.64,72.64,72.63,high_O,low_P,O>P,TIE,T,T,T,TIE,T,T
1782734598.325,12064,72.64,72.7,72.66,72.64,high_C,TIE,TIE,TIE,F,F,TIE,T,T,T
1782734616.894,12065,72.7,72.77,72.7,72.69,high_C,low_P,C>P,TIE,F,TIE,T,T,T,T
1782734619.259,12066,72.77,72.82,72.82,72.82,TIE,low_O,TIE,TIE,F,F,F,TIE,TIE,TIE
1782734622.973,12067,72.82,72.89,72.87,72.88,high_C,low_O,C>O,C>P>M>O,F,F,F,T,T,F
1782734624.305,12068,72.89,72.88,72.9,72.9,TIE,low_C,TIE,TIE,T,F,F,F,F,TIE
1782734629.117,12069,72.88,72.93,72.89,72.89,high_C,low_O,C>O,TIE,F,F,F,T,T,TIE
1782734635.698,12070,72.93,72.96,72.93,72.93,high_C,TIE,TIE,TIE,F,TIE,TIE,T,T,TIE
1782734640.275,12071,72.96,72.94,72.96,72.96,TIE,low_C,TIE,TIE,T,TIE,TIE,F,F,TIE
1782734644.594,12072,72.94,72.88,72.88,72.88,high_O,TIE,TIE,TIE,T,T,T,TIE,TIE,TIE
1782734648.598,12073,72.88,72.92,72.91,72.93,high_P,low_O,P>O,P>C>M>O,F,F,F,T,F,F
1782734655.244,12074,72.92,72.83,72.84,72.83,high_O,TIE,TIE,TIE,T,T,T,F,TIE,T
1782734661.96,12075,72.83,72.89,72.84,72.84,high_C,low_O,C>O,TIE,F,F,F,T,T,TIE
1782734676.204,12077,72.92,72.92,72.92,72.92,TIE,TIE,TIE,TIE,TIE,TIE,TIE,TIE,TIE,TIE
1782734681.762,12078,72.92,72.87,72.87,72.87,high_O,TIE,TIE,TIE,T,T,T,TIE,TIE,TIE
1782734695.374,12079,72.87,72.93,72.88,72.82,high_C,low_P,C>P,C>M>O>P,F,F,T,T,T,T
1782734701.234,12080,72.93,73.02,73.0,73.0,high_C,low_O,C>O,TIE,F,F,F,T,T,TIE
1782734706.976,12081,73.02,73.06,73.02,73.0,high_C,low_P,C>P,TIE,F,TIE,T,T,T,T
1782734712.291,12083,73.08,73.08,73.07,73.09,high_P,low_M,P>M,TIE,TIE,T,F,T,F,F
1782734720.005,12084,73.08,73.01,73.07,73.03,high_O,low_C,O>C,O>M>P>C,T,T,T,F,F,T
1782734738.729,12085,73.01,73.04,73.0,72.97,high_C,low_P,C>P,C>O>M>P,F,T,T,T,T,T
1782734747.525,12086,73.04,73.03,73.04,73.04,TIE,low_C,TIE,TIE,T,TIE,TIE,F,F,TIE
1782734758.103,12087,73.03,73.06,73.04,73.05,high_C,low_O,C>O,C>P>M>O,F,F,F,T,T,F
1782734767.316,12088,73.06,73.1,73.12,73.12,TIE,low_O,TIE,TIE,F,F,F,F,F,TIE
1782734778.728,12089,73.1,73.15,73.09,73.08,high_C,low_P,C>P,C>O>M>P,F,T,T,T,T,T
1782734787.583,12090,73.15,73.11,73.09,73.09,high_O,TIE,TIE,TIE,T,T,T,T,T,TIE
1782734806.68,12091,73.11,73.13,73.11,73.11,high_C,TIE,TIE,TIE,F,TIE,TIE,T,T,TIE
1782734820.617,12092,73.13,73.18,73.17,73.17,high_C,low_O,C>O,TIE,F,F,F,T,T,TIE
1782734825.975,12093,73.18,73.25,73.2,73.2,high_C,low_O,C>O,TIE,F,F,F,T,T,TIE
1782734835.957,12094,73.25,73.26,73.23,73.25,high_C,low_M,C>M,TIE,F,T,TIE,T,T,F
1782734840.284,12095,73.26,73.44,73.32,73.26,high_C,TIE,TIE,TIE,F,F,TIE,T,T,T
1782734843.32,12096,73.44,73.42,73.44,73.45,high_P,low_C,P>C,TIE,T,TIE,F,F,F,F
1782734852.912,12097,73.42,73.37,73.41,73.42,TIE,low_C,TIE,TIE,T,T,TIE,F,F,F
1782734870.207,12099,73.34,73.34,73.36,73.36,TIE,TIE,TIE,TIE,TIE,F,F,F,F,TIE
1782734882.28,12100,73.34,73.38,73.35,73.37,high_C,low_O,C>O,C>P>M>O,F,F,F,T,T,F
1782734887.995,12101,73.38,73.34,73.33,73.32,high_O,low_P,O>P,O>C>M>P,T,T,T,T,T,T
1782734888.013,12102,73.34,73.37,73.36,73.36,high_C,low_O,C>O,TIE,F,F,F,T,T,TIE
1782734899.511,12103,73.37,73.25,73.31,73.37,TIE,low_C,TIE,TIE,T,T,TIE,F,F,F
1782734920.113,12104,73.25,73.28,73.28,73.29,high_P,low_O,P>O,TIE,F,F,F,TIE,F,F
1782734937.85,12105,73.28,73.21,73.21,73.22,high_O,TIE,TIE,TIE,T,T,T,TIE,F,F
1782734964.418,12106,73.21,73.25,73.25,73.26,high_P,low_O,P>O,TIE,F,F,F,TIE,F,F
1782734974.565,12107,73.25,73.29,73.25,73.24,high_C,low_P,C>P,TIE,F,TIE,T,T,T,T
1782734996.215,12108,73.29,73.27,73.32,73.32,TIE,low_C,TIE,TIE,T,F,F,F,F,TIE
1782735016.512,12109,73.27,73.28,73.25,73.24,high_C,low_P,C>P,C>O>M>P,F,T,T,T,T,T
1782735040.593,12110,73.28,73.34,73.32,73.32,high_C,low_O,C>O,TIE,F,F,F,T,T,TIE
1782735062.812,12111,73.34,73.33,73.35,73.36,high_P,low_C,P>C,P>M>O>C,T,F,F,F,F,F
1782735074.912,12112,73.33,73.38,73.35,73.35,high_C,low_O,C>O,TIE,F,F,F,T,T,TIE
1782735091.54,12113,73.38,73.44,73.38,73.38,high_C,TIE,TIE,TIE,F,TIE,TIE,T,T,TIE
1782735105.854,12114,73.44,73.48,73.45,73.48,TIE,low_O,TIE,TIE,F,F,F,T,TIE,F
1782735111.393,12115,73.48,73.37,73.48,73.48,TIE,low_C,TIE,TIE,T,TIE,TIE,F,F,TIE
1782735124.048,12116,73.37,73.49,73.39,73.39,high_C,low_O,C>O,TIE,F,F,F,T,T,TIE
1782735128.887,12117,73.49,73.46,73.48,73.48,high_O,low_C,O>C,TIE,T,T,T,F,F,TIE
1782735134.439,12118,73.46,73.58,73.51,73.46,high_C,TIE,TIE,TIE,F,F,TIE,T,T,T
1782735137.878,12119,73.58,73.7,73.6,73.6,high_C,low_O,C>O,TIE,F,F,F,T,T,TIE
1782735138.405,12120,73.7,73.72,73.72,73.72,TIE,low_O,TIE,TIE,F,F,F,TIE,TIE,TIE
1782735140.073,12121,73.72,73.68,73.69,73.69,high_O,low_C,O>C,TIE,T,T,T,F,F,TIE
1782735141.367,12122,73.68,73.76,73.74,73.76,TIE,low_O,TIE,TIE,F,F,F,T,TIE,F
1782735145.781,12123,73.76,73.79,73.78,73.77,high_C,low_O,C>O,C>M>P>O,F,F,F,T,T,T
1782735152.794,12124,73.79,73.82,73.78,73.78,high_C,TIE,TIE,TIE,F,T,T,T,T,TIE
1782735152.796,12125,73.82,73.86,73.84,73.83,high_C,low_O,C>O,C>M>P>O,F,F,F,T,T,T
1782735152.796,12126,73.86,73.89,73.87,73.87,high_C,low_O,C>O,TIE,F,F,F,T,T,TIE
1782735152.801,12127,73.89,73.9,73.9,73.9,TIE,low_O,TIE,TIE,F,F,F,TIE,TIE,TIE
1782735152.802,12128,73.9,73.93,73.9,73.9,high_C,TIE,TIE,TIE,F,TIE,TIE,T,T,TIE
1782735152.804,12129,73.93,73.99,73.96,73.94,high_C,low_O,C>O,C>M>P>O,F,F,F,T,T,T
1782735152.811,12131,74.0,74.0,74.0,74.0,TIE,TIE,TIE,TIE,TIE,TIE,TIE,TIE,TIE,TIE
1782735152.812,12132,74.0,74.03,74.0,74.0,high_C,TIE,TIE,TIE,F,TIE,TIE,T,T,TIE
1782735152.814,12134,74.05,74.05,74.05,74.05,TIE,TIE,TIE,TIE,TIE,TIE,TIE,TIE,TIE,TIE
1782735152.814,12135,74.05,74.09,74.07,74.08,high_C,low_O,C>O,C>P>M>O,F,F,F,T,T,F
1782735152.815,12136,74.09,74.11,74.1,74.1,high_C,low_O,C>O,TIE,F,F,F,T,T,TIE
1782735152.83,12137,74.11,74.12,74.12,74.12,TIE,low_O,TIE,TIE,F,F,F,TIE,TIE,TIE
1782735152.912,12138,74.12,74.08,74.05,74.05,high_O,TIE,TIE,TIE,T,T,T,T,T,TIE
1782735152.917,12139,74.08,74.15,74.11,74.11,high_C,low_O,C>O,TIE,F,F,F,T,T,TIE
1782735152.926,12140,74.15,74.2,74.17,74.2,TIE,low_O,TIE,TIE,F,F,F,T,TIE,F
1782735152.984,12141,74.2,74.12,73.9,73.9,high_O,TIE,TIE,TIE,T,T,T,T,T,TIE
1782735155.775,12144,73.98,73.98,73.99,73.99,TIE,TIE,TIE,TIE,TIE,F,F,F,F,TIE
1782735158.359,12145,73.98,74.02,74.02,74.02,TIE,low_O,TIE,TIE,F,F,F,TIE,TIE,TIE
1782735161.454,12146,74.02,73.99,74.0,74.0,high_O,low_C,O>C,TIE,T,T,T,F,F,TIE
1782735166.064,12147,73.99,74.04,74.0,74.0,high_C,low_O,C>O,TIE,F,F,F,T,T,TIE
1782735172.731,12148,74.04,73.99,74.0,74.0,high_O,low_C,O>C,TIE,T,T,T,F,F,TIE
1782735178.519,12149,73.99,74.04,74.03,74.04,TIE,low_O,TIE,TIE,F,F,F,T,TIE,F
1782735185.11,12151,74.05,74.05,74.04,74.04,TIE,TIE,TIE,TIE,TIE,T,T,T,T,TIE
1782735191.943,12152,74.05,74.0,74.0,73.99,high_O,low_P,O>P,TIE,T,T,T,TIE,T,T
1782735202.611,12153,74.0,73.99,74.04,74.05,high_P,low_C,P>C,P>M>O>C,T,F,F,F,F,F
1782735212.843,12154,73.99,73.89,73.95,73.95,high_O,low_C,O>C,TIE,T,T,T,F,F,TIE
1782735217.783,12155,73.89,73.9,73.89,73.89,high_C,TIE,TIE,TIE,F,TIE,TIE,T,T,TIE
1782735230.789,12156,73.9,73.93,73.95,73.95,TIE,low_O,TIE,TIE,F,F,F,F,F,TIE
1782735239.553,12157,73.93,73.95,73.9,73.9,high_C,TIE,TIE,TIE,F,T,T,T,T,TIE
1782735249.668,12158,73.95,73.84,73.87,73.86,high_O,low_C,O>C,O>M>P>C,T,T,T,F,F,T
1782735256.932,12160,73.93,73.93,73.97,73.97,TIE,TIE,TIE,TIE,TIE,F,F,F,F,TIE
1782735260.019,12161,73.93,73.98,73.96,73.93,high_C,TIE,TIE,TIE,F,F,TIE,T,T,T
1782735271.858,12162,73.98,73.99,73.96,73.96,high_C,TIE,TIE,TIE,F,T,T,T,T,TIE
1782735283.148,12163,73.99,74.03,74.0,74.0,high_C,low_O,C>O,TIE,F,F,F,T,T,TIE
1782735301.41,12164,74.03,73.94,74.02,74.05,high_P,low_C,P>C,P>O>M>C,T,T,F,F,F,F
1782735312.825,12165,73.94,74.05,74.03,74.06,high_P,low_O,P>O,P>C>M>O,F,F,F,T,F,F
1782735321.911,12166,74.05,74.1,74.1,74.1,TIE,low_O,TIE,TIE,F,F,F,TIE,TIE,TIE
1782735328.706,12167,74.1,74.02,74.04,74.04,high_O,low_C,O>C,TIE,T,T,T,F,F,TIE
1782735348.463,12168,74.02,73.99,74.0,73.99,high_O,TIE,TIE,TIE,T,T,T,F,TIE,T
1782735365.285,12169,73.99,74.02,73.98,73.99,high_C,low_M,C>M,TIE,F,T,TIE,T,T,F
1782735384.473,12170,74.02,73.96,73.99,73.99,high_O,low_C,O>C,TIE,T,T,T,F,F,TIE
1782735399.081,12171,73.96,73.97,73.96,73.97,TIE,TIE,TIE,TIE,F,TIE,F,T,TIE,F
1782735413.842,12172,73.97,73.85,73.94,73.97,TIE,low_C,TIE,TIE,T,T,TIE,F,F,F
1782735423.678,12173,73.85,73.8,73.82,73.82,high_O,low_C,O>C,TIE,T,T,T,F,F,TIE
1782735433.66,12174,73.8,73.79,73.78,73.79,high_O,low_M,O>M,TIE,T,T,T,T,TIE,F
1782735452.332,12175,73.79,73.89,73.85,73.82,high_C,low_O,C>O,C>M>P>O,F,F,F,T,T,T
1782735482.038,12176,73.89,73.91,73.9,73.9,high_C,low_O,C>O,TIE,F,F,F,T,T,TIE
1782735497.501,12177,73.91,73.99,73.91,73.91,high_C,TIE,TIE,TIE,F,TIE,TIE,T,T,TIE
1782735512.973,12178,73.99,74.0,74.0,74.0,TIE,low_O,TIE,TIE,F,F,F,TIE,TIE,TIE
1782735527.462,12179,74.0,73.98,74.03,74.03,TIE,low_C,TIE,TIE,T,F,F,F,F,TIE
1782735555.097,12180,73.98,73.92,73.98,73.99,high_P,low_C,P>C,TIE,T,TIE,F,F,F,F
1782735581.739,12181,73.92,73.98,73.94,73.94,high_C,low_O,C>O,TIE,F,F,F,T,T,TIE
1782735604.599,12182,73.98,74.03,73.97,74.01,high_C,low_M,C>M,C>P>O>M,F,T,F,T,T,F
1782735636.253,12183,74.03,73.95,73.99,74.0,high_O,low_C,O>C,O>P>M>C,T,T,T,F,F,F
1782735656.058,12184,73.95,73.96,73.95,73.95,high_C,TIE,TIE,TIE,F,TIE,TIE,T,T,TIE
1782735691.159,12185,73.96,73.97,73.92,73.92,high_C,TIE,TIE,TIE,F,T,T,T,T,TIE
1782735718.983,12186,73.97,74.0,73.99,73.98,high_C,low_O,C>O,C>M>P>O,F,F,F,T,T,T
1782735743.005,12187,74.0,73.88,73.97,73.98,high_O,low_C,O>C,O>P>M>C,T,T,T,F,F,F
1782735768.219,12188,73.88,73.9,73.89,73.89,high_C,low_O,C>O,TIE,F,F,F,T,T,TIE
1782735775.528,12189,73.9,73.88,73.88,73.85,high_O,low_P,O>P,TIE,T,T,T,TIE,T,T
1782735800.559,12190,73.88,73.81,73.87,73.88,TIE,low_C,TIE,TIE,T,T,TIE,F,F,F
1782735811.794,12191,73.81,73.72,73.73,73.73,high_O,low_C,O>C,TIE,T,T,T,F,F,TIE
1782735815.38,12192,73.72,73.73,73.71,73.71,high_C,TIE,TIE,TIE,F,T,T,T,T,TIE
1782735822.541,12193,73.73,73.71,73.71,73.71,high_O,TIE,TIE,TIE,T,T,T,TIE,TIE,TIE
1782735828.919,12194,73.71,73.69,73.72,73.71,high_M,low_C,M>C,TIE,T,F,TIE,F,F,T
1782735844.381,12195,73.69,73.74,73.72,73.7,high_C,low_O,C>O,C>M>P>O,F,F,F,T,T,T
1782735877.181,12196,73.74,73.7,73.71,73.71,high_O,low_C,O>C,TIE,T,T,T,F,F,TIE
1782735913.914,12197,73.7,73.73,73.69,73.69,high_C,TIE,TIE,TIE,F,T,T,T,T,TIE
1782735982.453,12199,73.77,73.77,73.79,73.79,TIE,TIE,TIE,TIE,TIE,F,F,F,F,TIE
1782736004.262,12200,73.77,73.74,73.75,73.75,high_O,low_C,O>C,TIE,T,T,T,F,F,TIE
1782736047.145,12201,73.74,73.84,73.8,73.8,high_C,low_O,C>O,TIE,F,F,F,T,T,TIE
1782736119.255,12202,73.84,73.86,73.82,73.83,high_C,low_M,C>M,C>O>P>M,F,T,T,T,T,F
1782736152.812,12203,73.86,73.87,73.86,73.86,high_C,TIE,TIE,TIE,F,TIE,TIE,T,T,TIE
1782736153.163,12204,73.87,73.99,73.9,73.9,high_C,low_O,C>O,TIE,F,F,F,T,T,TIE
1782736157.116,12205,73.99,73.95,74.04,74.0,high_M,low_C,M>C,M>P>O>C,T,F,F,F,F,T
1782736195.683,12206,73.95,73.96,73.96,73.96,TIE,low_O,TIE,TIE,F,F,F,TIE,TIE,TIE
1782736213.539,12207,73.96,73.93,73.97,73.99,high_P,low_C,P>C,P>M>O>C,T,F,F,F,F,F
1782736244.769,12208,73.93,73.94,73.93,73.92,high_C,low_P,C>P,TIE,F,TIE,T,T,T,T
1782736276.345,12209,73.94,73.83,73.9,73.95,high_P,low_C,P>C,P>O>M>C,T,T,F,F,F,F
1782736299.042,12210,73.83,73.78,73.81,73.81,high_O,low_C,O>C,TIE,T,T,T,F,F,TIE
1782736336.461,12211,73.78,73.8,73.79,73.8,TIE,low_O,TIE,TIE,F,F,F,T,TIE,F
1782736428.208,12213,73.82,73.82,73.82,73.82,TIE,TIE,TIE,TIE,TIE,TIE,TIE,TIE,TIE,TIE
1782736428.345,12214,73.82,73.93,73.86,73.83,high_C,low_O,C>O,C>M>P>O,F,F,F,T,T,T
1782736448.632,12215,73.93,73.99,73.94,73.92,high_C,low_P,C>P,C>M>O>P,F,F,T,T,T,T
1782736469.337,12216,73.99,74.0,73.98,74.0,TIE,low_M,TIE,TIE,F,T,F,T,TIE,F
1782736502.043,12217,74.0,74.06,74.06,74.08,high_P,low_O,P>O,TIE,F,F,F,TIE,F,F
1782736502.048,12218,74.06,74.12,74.09,74.1,high_C,low_O,C>O,C>P>M>O,F,F,F,T,T,F
1782736502.165,12219,74.12,74.23,74.2,74.2,high_C,low_O,C>O,TIE,F,F,F,T,T,TIE
1782736502.411,12220,74.23,74.33,74.3,74.3,high_C,low_O,C>O,TIE,F,F,F,T,T,TIE
1782736502.499,12221,74.33,74.31,74.33,74.33,TIE,low_C,TIE,TIE,T,TIE,TIE,F,F,TIE
1782736502.892,12222,74.31,74.32,74.31,74.31,high_C,TIE,TIE,TIE,F,TIE,TIE,T,T,TIE
1782736503.923,12223,74.32,74.31,74.32,74.32,TIE,low_C,TIE,TIE,T,TIE,TIE,F,F,TIE
1782736504.449,12224,74.31,74.32,74.29,74.29,high_C,TIE,TIE,TIE,F,T,T,T,T,TIE
1782736505.072,12225,74.32,74.38,74.36,74.32,high_C,TIE,TIE,TIE,F,F,TIE,T,T,T
1782736506.412,12226,74.38,74.34,74.37,74.37,high_O,low_C,O>C,TIE,T,T,T,F,F,TIE
1782736509.382,12227,74.34,74.47,74.4,74.34,high_C,TIE,TIE,TIE,F,F,TIE,T,T,T
1782736509.529,12228,74.47,74.49,74.46,74.44,high_C,low_P,C>P,C>O>M>P,F,T,T,T,T,T
1782736510.894,12229,74.49,74.44,74.46,74.47,high_O,low_C,O>C,O>P>M>C,T,T,T,F,F,F
1782736512.979,12230,74.44,74.5,74.46,74.45,high_C,low_O,C>O,C>M>P>O,F,F,F,T,T,T
1782736512.983,12231,74.5,74.53,74.5,74.5,high_C,TIE,TIE,TIE,F,TIE,TIE,T,T,TIE
1782736515.151,12232,74.53,74.46,74.51,74.51,high_O,low_C,O>C,TIE,T,T,T,F,F,TIE
1782736519.374,12233,74.46,74.43,74.45,74.44,high_O,low_C,O>C,O>M>P>C,T,T,T,F,F,T
1782736533.098,12234,74.43,74.28,74.34,74.27,high_O,low_P,O>P,O>M>C>P,T,T,T,F,T,T
1782736546.451,12235,74.28,74.29,74.24,74.22,high_C,low_P,C>P,C>O>M>P,F,T,T,T,T,T
1782736560.269,12236,74.29,74.28,74.28,74.27,high_O,low_P,O>P,TIE,T,T,T,TIE,T,T
1782736562.624,12237,74.28,74.19,74.28,74.29,high_P,low_C,P>C,TIE,T,TIE,F,F,F,F
1782736577.706,12238,74.19,74.23,74.2,74.18,high_C,low_P,C>P,C>M>O>P,F,F,T,T,T,T
1782736595.808,12239,74.23,74.19,74.2,74.2,high_O,low_C,O>C,TIE,T,T,T,F,F,TIE
1782736617.983,12240,74.19,74.21,74.22,74.22,TIE,low_O,TIE,TIE,F,F,F,F,F,TIE
1782736635.023,12241,74.21,74.09,74.15,74.13,high_O,low_C,O>C,O>M>P>C,T,T,T,F,F,T
1782736635.852,12242,74.09,74.07,74.09,74.09,TIE,low_C,TIE,TIE,T,TIE,TIE,F,F,TIE
1782736645.727,12243,74.07,73.94,74.0,73.93,high_O,low_P,O>P,O>M>C>P,T,T,T,F,T,T
1782736660.879,12244,73.94,73.95,73.97,73.97,TIE,low_O,TIE,TIE,F,F,F,F,F,TIE
1782736661.295,12245,73.95,73.93,73.94,73.94,high_O,low_C,O>C,TIE,T,T,T,F,F,TIE
1782736661.333,12246,73.93,73.92,73.92,73.92,high_O,TIE,TIE,TIE,T,T,T,TIE,TIE,TIE
1782736668.373,12247,73.92,73.91,73.92,73.92,TIE,low_C,TIE,TIE,T,TIE,TIE,F,F,TIE
1782736677.186,12248,73.91,73.82,73.88,73.9,high_O,low_C,O>C,O>P>M>C,T,T,T,F,F,F
1782736686.043,12249,73.82,73.74,73.81,73.81,high_O,low_C,O>C,TIE,T,T,T,F,F,TIE
1782736692.086,12250,73.74,73.73,73.71,73.71,high_O,TIE,TIE,TIE,T,T,T,T,T,TIE
1782736699.064,12251,73.73,73.69,73.71,73.71,high_O,low_C,O>C,TIE,T,T,T,F,F,TIE
1782736701.218,12252,73.69,73.63,73.66,73.66,high_O,low_C,O>C,TIE,T,T,T,F,F,TIE
1782736707.07,12253,73.63,73.59,73.62,73.64,high_P,low_C,P>C,P>O>M>C,T,T,F,F,F,F
1782736716.562,12255,73.5,73.5,73.51,73.51,TIE,TIE,TIE,TIE,TIE,F,F,F,F,TIE
1782736721.864,12256,73.5,73.45,73.51,73.51,TIE,low_C,TIE,TIE,T,F,F,F,F,TIE
1782736723.438,12257,73.45,73.41,73.41,73.45,TIE,TIE,TIE,TIE,T,T,TIE,TIE,F,F
1782736730.203,12258,73.41,73.42,73.43,73.43,TIE,low_O,TIE,TIE,F,F,F,F,F,TIE
1782736740.202,12259,73.42,73.37,73.38,73.36,high_O,low_P,O>P,O>M>C>P,T,T,T,F,T,T
1782736743.411,12260,73.37,73.36,73.4,73.4,TIE,low_C,TIE,TIE,T,F,F,F,F,TIE
1782736750.313,12261,73.36,73.4,73.36,73.32,high_C,low_P,C>P,TIE,F,TIE,T,T,T,T
1782736754.013,12262,73.4,73.41,73.4,73.4,high_C,TIE,TIE,TIE,F,TIE,TIE,T,T,TIE
1782736754.014,12263,73.41,73.45,73.43,73.42,high_C,low_O,C>O,C>M>P>O,F,F,F,T,T,T
1782736754.186,12264,73.45,73.42,73.46,73.45,high_M,low_C,M>C,TIE,T,F,TIE,F,F,T
1782736761.017,12265,73.42,73.39,73.41,73.41,high_O,low_C,O>C,TIE,T,T,T,F,F,TIE
1782736768.067,12266,73.39,73.4,73.42,73.41,high_M,low_O,M>O,M>P>C>O,F,F,F,F,F,T
1782736801.848,12268,73.36,73.36,73.38,73.38,TIE,TIE,TIE,TIE,TIE,F,F,F,F,TIE
1782736816.114,12269,73.36,73.31,73.35,73.36,TIE,low_C,TIE,TIE,T,T,TIE,F,F,F
1782736817.566,12270,73.31,73.27,73.27,73.27,high_O,TIE,TIE,TIE,T,T,T,TIE,TIE,TIE
1782736832.364,12271,73.27,73.22,73.26,73.26,high_O,low_C,O>C,TIE,T,T,T,F,F,TIE
1782736834.078,12272,73.22,73.21,73.21,73.21,high_O,TIE,TIE,TIE,T,T,T,TIE,TIE,TIE
1782736854.803,12273,73.21,73.23,73.24,73.23,high_M,low_O,M>O,TIE,F,F,F,F,TIE,T
1782736869.153,12274,73.23,73.21,73.22,73.22,high_O,low_C,O>C,TIE,T,T,T,F,F,TIE
1782736877.182,12275,73.21,73.26,73.24,73.25,high_C,low_O,C>O,C>P>M>O,F,F,F,T,T,F
1782736891.399,12276,73.26,73.35,73.34,73.34,high_C,low_O,C>O,TIE,F,F,F,T,T,TIE
1782736898.655,12277,73.35,73.31,73.31,73.35,TIE,TIE,TIE,TIE,T,T,TIE,TIE,F,F
1782736924.751,12278,73.31,73.3,73.34,73.37,high_P,low_C,P>C,P>M>O>C,T,F,F,F,F,F
1782736956.589,12279,73.3,73.36,73.27,73.27,high_C,TIE,TIE,TIE,F,T,T,T,T,TIE
1782736973.359,12280,73.36,73.3,73.33,73.32,high_O,low_C,O>C,O>M>P>C,T,T,T,F,F,T
1782737000.543,12281,73.3,73.33,73.34,73.3,high_M,TIE,TIE,TIE,F,F,TIE,F,T,T
1782737039.352,12282,73.33,73.38,73.32,73.3,high_C,low_P,C>P,C>O>M>P,F,T,T,T,T,T
1782737097.168,12283,73.38,73.36,73.36,73.35,high_O,low_P,O>P,TIE,T,T,T,TIE,T,T
1782737121.928,12284,73.36,73.29,73.35,73.35,high_O,low_C,O>C,TIE,T,T,T,F,F,TIE
1782737145.675,12285,73.29,73.35,73.29,73.29,high_C,TIE,TIE,TIE,F,TIE,TIE,T,T,TIE
1782737152.613,12286,73.35,73.43,73.41,73.43,TIE,low_O,TIE,TIE,F,F,F,T,TIE,F
1782737174.286,12287,73.43,73.45,73.44,73.46,high_P,low_O,P>O,P>C>M>O,F,F,F,T,F,F
1782737208.175,12289,73.52,73.52,73.52,73.52,TIE,TIE,TIE,TIE,TIE,TIE,TIE,TIE,TIE,TIE
1782737234.384,12290,73.52,73.58,73.55,73.54,high_C,low_O,C>O,C>M>P>O,F,F,F,T,T,T
1782737284.757,12291,73.58,73.49,73.56,73.53,high_O,low_C,O>C,O>M>P>C,T,T,T,F,F,T
1782737302.564,12292,73.49,73.53,73.54,73.55,high_P,low_O,P>O,P>M>C>O,F,F,F,F,F,F
1782737312.284,12293,73.53,73.41,73.49,73.41,high_O,TIE,TIE,TIE,T,T,T,F,TIE,T
1782737347.804,12294,73.41,73.52,73.42,73.4,high_C,low_P,C>P,C>M>O>P,F,F,T,T,T,T
1782737348.726,12295,73.52,73.5,73.53,73.54,high_P,low_C,P>C,P>M>O>C,T,F,F,F,F,F
1782737357.103,12296,73.5,73.35,73.4,73.38,high_O,low_C,O>C,O>M>P>C,T,T,T,F,F,T
1782737401.63,12297,73.35,73.34,73.34,73.35,TIE,TIE,TIE,TIE,T,T,TIE,TIE,F,F
1782737442.408,12298,73.34,73.39,73.32,73.32,high_C,TIE,TIE,TIE,F,T,T,T,T,TIE
1782737483.071,12299,73.39,73.38,73.4,73.4,TIE,low_C,TIE,TIE,T,F,F,F,F,TIE
1782737499.356,12300,73.38,73.17,73.3,73.31,high_O,low_C,O>C,O>P>M>C,T,T,T,F,F,F
1782737505.855,12301,73.17,73.14,73.14,73.14,high_O,TIE,TIE,TIE,T,T,T,TIE,TIE,TIE
1782737514.635,12302,73.14,73.08,73.13,73.14,TIE,low_C,TIE,TIE,T,T,TIE,F,F,F
1782737559.41,12304,73.06,73.06,73.11,73.11,TIE,TIE,TIE,TIE,TIE,F,F,F,F,TIE
1782737586.503,12305,73.06,73.14,73.18,73.17,high_M,low_O,M>O,M>P>C>O,F,F,F,F,F,T
1782737630.937,12306,73.14,73.25,73.22,73.22,high_C,low_O,C>O,TIE,F,F,F,T,T,TIE
1782737678.141,12307,73.25,73.29,73.3,73.3,TIE,low_O,TIE,TIE,F,F,F,F,F,TIE
1782737733.208,12308,73.29,73.41,73.36,73.4,high_C,low_O,C>O,C>P>M>O,F,F,F,T,T,F
1782737778.201,12309,73.41,73.42,73.39,73.37,high_C,low_P,C>P,C>O>M>P,F,T,T,T,T,T
1782737848.475,12310,73.42,73.41,73.42,73.41,TIE,TIE,TIE,TIE,T,TIE,T,F,TIE,T
1782737898.364,12311,73.41,73.45,73.41,73.4,high_C,low_P,C>P,TIE,F,TIE,T,T,T,T
1782737970.406,12312,73.45,73.46,73.45,73.44,high_C,low_P,C>P,TIE,F,TIE,T,T,T,T
1782738004.707,12313,73.46,73.55,73.48,73.48,high_C,low_O,C>O,TIE,F,F,F,T,T,TIE
1782738034.237,12315,73.59,73.59,73.58,73.59,TIE,low_M,TIE,TIE,TIE,T,TIE,T,TIE,F
1782738039.479,12316,73.59,73.72,73.66,73.61,high_C,low_O,C>O,C>M>P>O,F,F,F,T,T,T
1782738059.438,12317,73.72,73.79,73.76,73.79,TIE,low_O,TIE,TIE,F,F,F,T,TIE,F
1782738076.051,12318,73.79,73.75,73.78,73.78,high_O,low_C,O>C,TIE,T,T,T,F,F,TIE
1782738105.07,12319,73.75,73.86,73.81,73.87,high_P,low_O,P>O,P>C>M>O,F,F,F,T,F,F
1782738130.287,12320,73.86,73.81,73.85,73.86,TIE,low_C,TIE,TIE,T,T,TIE,F,F,F
1782738153.167,12321,73.81,73.85,73.81,73.83,high_C,TIE,TIE,TIE,F,TIE,F,T,T,F
1782738184.262,12322,73.85,73.94,73.89,73.89,high_C,low_O,C>O,TIE,F,F,F,T,T,TIE
1782738198.881,12323,73.94,74.0,73.99,74.0,TIE,low_O,TIE,TIE,F,F,F,T,TIE,F
1782738231.829,12324,74.0,73.87,73.9,73.9,high_O,low_C,O>C,TIE,T,T,T,F,F,TIE
1782738260.893,12325,73.87,73.75,73.84,73.84,high_O,low_C,O>C,TIE,T,T,T,F,F,TIE
1782738272.84,12326,73.75,73.85,73.8,73.8,high_C,low_O,C>O,TIE,F,F,F,T,T,TIE
1782738348.612,12328,73.84,73.84,73.78,73.77,TIE,low_P,TIE,TIE,TIE,T,T,T,T,T
1782738373.278,12329,73.84,73.95,73.93,73.95,TIE,low_O,TIE,TIE,F,F,F,T,TIE,F
1782738486.09,12331,73.8,73.8,73.79,73.75,TIE,low_P,TIE,TIE,TIE,T,T,T,T,T
1782738526.541,12332,73.8,73.79,73.78,73.78,high_O,TIE,TIE,TIE,T,T,T,T,T,TIE
1782738539.522,12333,73.79,73.75,73.8,73.79,high_M,low_C,M>C,TIE,T,F,TIE,F,F,T
1782738578.238,12334,73.75,73.71,73.71,73.71,high_O,TIE,TIE,TIE,T,T,T,TIE,TIE,TIE
1782738579.816,12335,73.71,73.73,73.69,73.68,high_C,low_P,C>P,C>O>M>P,F,T,T,T,T,T
1782738637.675,12336,73.73,73.8,73.75,73.73,high_C,TIE,TIE,TIE,F,F,TIE,T,T,T
1782738652.923,12337,73.8,73.9,73.9,73.9,TIE,low_O,TIE,TIE,F,F,F,TIE,TIE,TIE
1782738674.461,12338,73.9,73.99,73.94,73.98,high_C,low_O,C>O,C>P>M>O,F,F,F,T,T,F
1782738716.565,12339,73.99,74.0,73.98,73.98,high_C,TIE,TIE,TIE,F,T,T,T,T,TIE
1782738722.143,12340,74.0,74.09,74.08,74.1,high_P,low_O,P>O,P>C>M>O,F,F,F,T,F,F
1782738754.743,12341,74.09,74.2,74.15,74.16,high_C,low_O,C>O,C>P>M>O,F,F,F,T,T,F
1782738764.33,12342,74.2,74.22,74.21,74.2,high_C,TIE,TIE,TIE,F,F,TIE,T,T,T
1782738767.935,12343,74.22,74.28,74.23,74.25,high_C,low_O,C>O,C>P>M>O,F,F,F,T,T,F
1782738786.557,12344,74.28,74.27,74.25,74.24,high_O,low_P,O>P,O>C>M>P,T,T,T,T,T,T
1782738811.117,12345,74.27,74.17,74.23,74.22,high_O,low_C,O>C,O>M>P>C,T,T,T,F,F,T
1782738844.797,12346,74.17,74.14,74.13,74.12,high_O,low_P,O>P,O>C>M>P,T,T,T,T,T,T
1782738866.124,12347,74.14,74.11,74.11,74.11,high_O,TIE,TIE,TIE,T,T,T,TIE,TIE,TIE
1782738914.056,12348,74.11,74.14,74.12,74.12,high_C,low_O,C>O,TIE,F,F,F,T,T,TIE
1782738994.746,12349,74.14,74.11,74.13,74.14,TIE,low_C,TIE,TIE,T,T,TIE,F,F,F
1782738999.37,12350,74.11,74.2,74.13,74.11,high_C,TIE,TIE,TIE,F,F,TIE,T,T,T
1782739042.174,12351,74.2,74.1,74.17,74.17,high_O,low_C,O>C,TIE,T,T,T,F,F,TIE
1782739072.069,12352,74.1,74.22,74.17,74.17,high_C,low_O,C>O,TIE,F,F,F,T,T,TIE
1782739097.717,12353,74.22,74.3,74.24,74.3,TIE,low_O,TIE,TIE,F,F,F,T,TIE,F
1782739118.785,12354,74.3,74.26,74.28,74.28,high_O,low_C,O>C,TIE,T,T,T,F,F,TIE
1782739167.766,12355,74.26,74.25,74.27,74.26,high_M,low_C,M>C,TIE,T,F,TIE,F,F,T
1782739212.809,12356,74.25,74.22,74.23,74.23,high_O,low_C,O>C,TIE,T,T,T,F,F,TIE
1782739245.244,12357,74.22,74.17,74.18,74.2,high_O,low_C,O>C,O>P>M>C,T,T,T,F,F,F
1782739294.046,12358,74.17,74.03,74.11,74.11,high_O,low_C,O>C,TIE,T,T,T,F,F,TIE
1782739349.649,12359,74.03,74.12,74.12,74.14,high_P,low_O,P>O,TIE,F,F,F,TIE,F,F
1782739368.568,12360,74.12,74.08,74.07,74.07,high_O,TIE,TIE,TIE,T,T,T,T,T,TIE
1782739374.578,12361,74.08,73.97,74.03,73.99,high_O,low_C,O>C,O>M>P>C,T,T,T,F,F,T
1782739393.813,12362,73.97,73.82,73.91,73.91,high_O,low_C,O>C,TIE,T,T,T,F,F,TIE
1782739399.622,12363,73.82,73.76,73.76,73.8,high_O,TIE,TIE,TIE,T,T,T,TIE,F,F
1782739418.475,12364,73.76,73.85,73.8,73.8,high_C,low_O,C>O,TIE,F,F,F,T,T,TIE
1782739433.059,12365,73.85,73.79,73.82,73.81,high_O,low_C,O>C,O>M>P>C,T,T,T,F,F,T
1782739493.709,12366,73.79,73.8,73.83,73.82,high_M,low_O,M>O,M>P>C>O,F,F,F,F,F,T
1782739523.786,12367,73.8,73.69,73.74,73.69,high_O,TIE,TIE,TIE,T,T,T,F,TIE,T
1782739585.931,12368,73.69,73.73,73.73,73.74,high_P,low_O,P>O,TIE,F,F,F,TIE,F,F
1782739664.0,12369,73.73,73.69,73.72,73.72,high_O,low_C,O>C,TIE,T,T,T,F,F,TIE
1782739685.297,12370,73.69,73.61,73.68,73.67,high_O,low_C,O>C,O>M>P>C,T,T,T,F,F,T
1782739710.649,12371,73.61,73.65,73.61,73.61,high_C,TIE,TIE,TIE,F,TIE,TIE,T,T,TIE
1782739748.533,12372,73.65,73.61,73.63,73.61,high_O,TIE,TIE,TIE,T,T,T,F,TIE,T
1782739774.664,12373,73.61,73.56,73.58,73.6,high_O,low_C,O>C,O>P>M>C,T,T,T,F,F,F
1782739801.129,12374,73.56,73.49,73.57,73.57,TIE,low_C,TIE,TIE,T,F,F,F,F,TIE
1782739809.789,12375,73.49,73.38,73.44,73.44,high_O,low_C,O>C,TIE,T,T,T,F,F,TIE
1782739817.344,12376,73.38,73.3,73.3,73.3,high_O,TIE,TIE,TIE,T,T,T,TIE,TIE,TIE
1782739827.196,12377,73.3,73.21,73.23,73.23,high_O,low_C,O>C,TIE,T,T,T,F,F,TIE
1782739835.272,12378,73.21,73.22,73.17,73.21,high_C,low_M,C>M,TIE,F,T,TIE,T,T,F
1782739846.126,12379,73.22,73.44,73.26,73.2,high_C,low_P,C>P,C>M>O>P,F,F,T,T,T,T
1782739850.902,12380,73.44,73.58,73.5,73.5,high_C,low_O,C>O,TIE,F,F,F,T,T,TIE
1782739861.348,12381,73.58,73.7,73.6,73.61,high_C,low_O,C>O,C>P>M>O,F,F,F,T,T,F
1782739870.045,12382,73.7,73.8,73.77,73.81,high_P,low_O,P>O,P>C>M>O,F,F,F,T,F,F
1782739883.786,12383,73.8,73.86,73.82,73.82,high_C,low_O,C>O,TIE,F,F,F,T,T,TIE
1782739897.753,12384,73.86,74.04,73.87,73.77,high_C,low_P,C>P,C>M>O>P,F,F,T,T,T,T
1782739902.376,12385,74.04,74.1,74.06,74.06,high_C,low_O,C>O,TIE,F,F,F,T,T,TIE
1782739921.077,12386,74.1,73.89,73.89,73.89,high_O,TIE,TIE,TIE,T,T,T,TIE,TIE,TIE
1782739935.283,12387,73.89,73.92,73.94,73.94,TIE,low_O,TIE,TIE,F,F,F,F,F,TIE
1782739947.18,12388,73.92,73.96,73.98,73.99,high_P,low_O,P>O,P>M>C>O,F,F,F,F,F,F
1782739975.855,12389,73.96,73.89,73.92,73.91,high_O,low_C,O>C,O>M>P>C,T,T,T,F,F,T
1782740011.859,12390,73.89,73.96,73.98,74.0,high_P,low_O,P>O,P>M>C>O,F,F,F,F,F,F
1782740043.606,12391,73.96,73.83,73.88,73.89,high_O,low_C,O>C,O>P>M>C,T,T,T,F,F,F
1782740108.388,12393,73.99,73.99,73.99,73.99,TIE,TIE,TIE,TIE,TIE,TIE,TIE,TIE,TIE,TIE
1782740151.329,12394,73.99,73.74,73.9,73.9,high_O,low_C,O>C,TIE,T,T,T,F,F,TIE
1782740167.288,12395,73.74,73.63,73.66,73.62,high_O,low_P,O>P,O>M>C>P,T,T,T,F,T,T
1782740170.81,12396,73.63,73.59,73.62,73.61,high_O,low_C,O>C,O>M>P>C,T,T,T,F,F,T
1782740170.836,12397,73.59,73.55,73.56,73.55,high_O,TIE,TIE,TIE,T,T,T,F,TIE,T
1782740179.919,12398,73.55,73.61,73.62,73.62,TIE,low_O,TIE,TIE,F,F,F,F,F,TIE
1782740202.467,12399,73.61,73.56,73.57,73.57,high_O,low_C,O>C,TIE,T,T,T,F,F,TIE
1782740238.419,12400,73.56,73.59,73.59,73.59,TIE,low_O,TIE,TIE,F,F,F,TIE,TIE,TIE
1782740243.652,12401,73.59,73.45,73.56,73.56,high_O,low_C,O>C,TIE,T,T,T,F,F,TIE
1782740271.179,12402,73.45,73.5,73.44,73.47,high_C,low_M,C>M,C>P>O>M,F,T,F,T,T,F
1782740300.4,12403,73.5,73.39,73.42,73.41,high_O,low_C,O>C,O>M>P>C,T,T,T,F,F,T
1782740310.043,12404,73.39,73.33,73.35,73.34,high_O,low_C,O>C,O>M>P>C,T,T,T,F,F,T
1782740310.085,12405,73.33,73.34,73.31,73.3,high_C,low_P,C>P,C>O>M>P,F,T,T,T,T,T
1782740324.094,12406,73.34,73.24,73.37,73.38,high_P,low_C,P>C,P>M>O>C,T,F,F,F,F,F
1782740340.63,12407,73.24,73.37,73.31,73.32,high_C,low_O,C>O,C>P>M>O,F,F,F,T,T,F
1782740356.822,12408,73.37,73.43,73.4,73.4,high_C,low_O,C>O,TIE,F,F,F,T,T,TIE
1782740376.902,12409,73.43,73.35,73.35,73.34,high_O,low_P,O>P,TIE,T,T,T,TIE,T,T
1782740400.422,12410,73.35,73.31,73.34,73.35,TIE,low_C,TIE,TIE,T,T,TIE,F,F,F
1782740405.261,12411,73.31,73.1,73.2,73.2,high_O,low_C,O>C,TIE,T,T,T,F,F,TIE
1782740422.088,12412,73.1,73.08,73.13,73.13,TIE,low_C,TIE,TIE,T,F,F,F,F,TIE
1782740429.436,12413,73.08,73.21,73.12,73.12,high_C,low_O,C>O,TIE,F,F,F,T,T,TIE
1782740470.788,12414,73.21,73.35,73.34,73.36,high_P,low_O,P>O,P>C>M>O,F,F,F,T,F,F
1782740490.265,12415,73.35,73.14,73.21,73.15,high_O,low_C,O>C,O>M>P>C,T,T,T,F,F,T
1782740495.105,12416,73.14,73.06,73.09,73.09,high_O,low_C,O>C,TIE,T,T,T,F,F,TIE
1782740510.558,12417,73.06,73.09,73.07,73.07,high_C,low_O,C>O,TIE,F,F,F,T,T,TIE
1782740521.102,12418,73.09,73.0,73.05,73.03,high_O,low_C,O>C,O>M>P>C,T,T,T,F,F,T
1782740522.231,12419,73.0,73.07,73.0,73.0,high_C,TIE,TIE,TIE,F,TIE,TIE,T,T,TIE
1782740536.879,12420,73.07,73.09,73.13,73.13,TIE,low_O,TIE,TIE,F,F,F,F,F,TIE
1782740551.561,12421,73.09,73.22,73.16,73.22,TIE,low_O,TIE,TIE,F,F,F,T,TIE,F
1782740572.705,12422,73.22,73.2,73.19,73.18,high_O,low_P,O>P,O>C>M>P,T,T,T,T,T,T
1782740592.047,12423,73.2,73.05,73.1,73.08,high_O,low_C,O>C,O>M>P>C,T,T,T,F,F,T
1782740607.237,12424,73.05,72.99,73.01,73.01,high_O,low_C,O>C,TIE,T,T,T,F,F,TIE
1782740617.204,12425,72.99,73.0,72.99,73.0,TIE,TIE,TIE,TIE,F,TIE,F,T,TIE,F
1782740627.364,12426,73.0,72.94,72.99,73.0,TIE,low_C,TIE,TIE,T,T,TIE,F,F,F
1782740638.895,12427,72.94,72.9,72.89,72.88,high_O,low_P,O>P,O>C>M>P,T,T,T,T,T,T
1782740660.424,12428,72.9,73.03,72.94,72.93,high_C,low_O,C>O,C>M>P>O,F,F,F,T,T,T
1782740687.117,12429,73.03,72.98,72.98,72.98,high_O,TIE,TIE,TIE,T,T,T,TIE,TIE,TIE
1782740705.884,12430,72.98,72.9,72.96,72.97,high_O,low_C,O>C,O>P>M>C,T,T,T,F,F,F
1782740717.327,12431,72.9,72.82,72.87,72.87,high_O,low_C,O>C,TIE,T,T,T,F,F,TIE
1782740732.466,12432,72.82,72.94,72.93,72.86,high_C,low_O,C>O,C>M>P>O,F,F,F,T,T,T
1782740745.867,12433,72.94,73.02,72.97,73.02,TIE,low_O,TIE,TIE,F,F,F,T,TIE,F
1782740760.199,12434,73.02,72.98,73.0,72.99,high_O,low_C,O>C,O>M>P>C,T,T,T,F,F,T
1782740767.797,12435,72.98,72.88,72.92,72.92,high_O,low_C,O>C,TIE,T,T,T,F,F,TIE
1782740769.882,12436,72.88,73.0,72.92,72.94,high_C,low_O,C>O,C>P>M>O,F,F,F,T,T,F
1782740776.524,12437,73.0,72.93,73.0,73.04,high_P,low_C,P>C,TIE,T,TIE,F,F,F,F
1782740785.066,12438,72.93,72.81,72.84,72.8,high_O,low_P,O>P,O>M>C>P,T,T,T,F,T,T
1782740796.905,12439,72.81,72.83,72.79,72.77,high_C,low_P,C>P,C>O>M>P,F,T,T,T,T,T
1782740812.925,12440,72.83,73.0,72.98,73.07,high_P,low_O,P>O,P>C>M>O,F,F,F,T,F,F
1782740833.09,12441,73.0,73.12,73.06,73.11,high_C,low_O,C>O,C>P>M>O,F,F,F,T,T,F
1782740863.466,12443,73.11,73.11,73.1,73.09,TIE,low_P,TIE,TIE,TIE,T,T,T,T,T
1782740883.96,12444,73.11,73.01,73.06,73.03,high_O,low_C,O>C,O>M>P>C,T,T,T,F,F,T
1782740894.921,12445,73.01,73.02,73.0,73.0,high_C,TIE,TIE,TIE,F,T,T,T,T,TIE
1782740910.148,12446,73.02,73.04,73.07,73.03,high_M,low_O,M>O,M>C>P>O,F,F,F,F,T,T
1782740947.968,12447,73.04,72.98,73.04,73.04,TIE,low_C,TIE,TIE,T,TIE,TIE,F,F,TIE
1782740971.426,12448,72.98,72.87,72.94,73.09,high_P,low_C,P>C,P>O>M>C,T,T,F,F,F,F
1782740990.887,12449,72.87,72.82,72.83,72.83,high_O,low_C,O>C,TIE,T,T,T,F,F,TIE
1782741013.323,12451,72.76,72.76,72.75,72.74,TIE,low_P,TIE,TIE,TIE,T,T,T,T,T
1782741037.361,12452,72.76,72.83,72.78,72.78,high_C,low_O,C>O,TIE,F,F,F,T,T,TIE
1782741066.102,12453,72.83,73.05,72.88,72.84,high_C,low_O,C>O,C>M>P>O,F,F,F,T,T,T
1782741087.266,12454,73.05,72.94,72.96,72.97,high_O,low_C,O>C,O>P>M>C,T,T,T,F,F,F
1782741113.748,12455,72.94,72.95,72.96,72.95,high_M,low_O,M>O,TIE,F,F,F,F,TIE,T
1782741144.641,12456,72.95,73.12,73.01,73.12,TIE,low_O,TIE,TIE,F,F,F,T,TIE,F
1782741156.086,12457,73.12,73.23,73.2,73.23,TIE,low_O,TIE,TIE,F,F,F,T,TIE,F
1782741169.274,12458,73.23,73.31,73.3,73.3,high_C,low_O,C>O,TIE,F,F,F,T,T,TIE
1782741183.772,12459,73.31,73.18,73.31,73.31,TIE,low_C,TIE,TIE,T,TIE,TIE,F,F,TIE
1782741205.593,12460,73.18,73.29,73.22,73.23,high_C,low_O,C>O,C>P>M>O,F,F,F,T,T,F
1782741257.448,12461,73.29,73.2,73.17,73.17,high_O,TIE,TIE,TIE,T,T,T,T,T,TIE
1782741320.958,12462,73.2,73.17,73.16,73.18,high_O,low_M,O>M,O>P>C>M,T,T,T,T,F,F
1782741356.012,12463,73.17,73.07,73.1,73.12,high_O,low_C,O>C,O>P>M>C,T,T,T,F,F,F
1782741415.821,12464,73.07,73.18,73.05,73.03,high_C,low_P,C>P,C>O>M>P,F,T,T,T,T,T
1782741442.427,12465,73.18,73.1,73.1,73.1,high_O,TIE,TIE,TIE,T,T,T,TIE,TIE,TIE
1782741502.14,12466,73.1,73.12,73.11,73.1,high_C,TIE,TIE,TIE,F,F,TIE,T,T,T
1782741518.888,12467,73.12,73.36,73.31,73.34,high_C,low_O,C>O,C>P>M>O,F,F,F,T,T,F
1782741519.934,12468,73.36,73.43,73.46,73.47,high_P,low_O,P>O,P>M>C>O,F,F,F,F,F,F
1782741543.016,12469,73.43,73.42,73.45,73.46,high_P,low_C,P>C,P>M>O>C,T,F,F,F,F,F
1782741557.537,12470,73.42,73.58,73.48,73.44,high_C,low_O,C>O,C>M>P>O,F,F,F,T,T,T
1782741575.947,12471,73.58,73.64,73.58,73.61,high_C,TIE,TIE,TIE,F,TIE,F,T,T,F
1782741597.627,12472,73.64,73.67,73.65,73.63,high_C,low_P,C>P,C>M>O>P,F,F,T,T,T,T
1782741614.617,12473,73.67,73.55,73.61,73.7,high_P,low_C,P>C,P>O>M>C,T,T,F,F,F,F
1782741618.374,12474,73.55,73.44,73.5,73.55,TIE,low_C,TIE,TIE,T,T,TIE,F,F,F
1782741633.659,12475,73.44,73.49,73.52,73.52,TIE,low_O,TIE,TIE,F,F,F,F,F,TIE
1782741658.59,12476,73.49,73.61,73.54,73.5,high_C,low_O,C>O,C>M>P>O,F,F,F,T,T,T
1782741706.224,12477,73.61,73.48,73.57,73.57,high_O,low_C,O>C,TIE,T,T,T,F,F,TIE
1782741743.667,12478,73.48,73.62,73.54,73.46,high_C,low_P,C>P,C>M>O>P,F,F,T,T,T,T
1782741794.073,12479,73.62,73.59,73.59,73.57,high_O,low_P,O>P,TIE,T,T,T,TIE,T,T
1782741837.256,12480,73.59,73.49,73.51,73.51,high_O,low_C,O>C,TIE,T,T,T,F,F,TIE
1782741860.985,12481,73.49,73.71,73.62,73.7,high_C,low_O,C>O,C>P>M>O,F,F,F,T,T,F
1782741875.116,12483,73.81,73.81,73.83,73.83,TIE,TIE,TIE,TIE,TIE,F,F,F,F,TIE
1782741891.216,12484,73.81,73.77,73.75,73.74,high_O,low_P,O>P,O>C>M>P,T,T,T,T,T,T
1782741927.062,12485,73.77,73.49,73.6,73.6,high_O,low_C,O>C,TIE,T,T,T,F,F,TIE
1782741938.568,12486,73.49,73.27,73.41,73.42,high_O,low_C,O>C,O>P>M>C,T,T,T,F,F,F
1782741965.881,12487,73.27,73.49,73.29,73.26,high_C,low_P,C>P,C>M>O>P,F,F,T,T,T,T
1782741987.539,12488,73.49,73.57,73.51,73.47,high_C,low_P,C>P,C>M>O>P,F,F,T,T,T,T
1782742030.892,12489,73.57,73.37,73.48,73.5,high_O,low_C,O>C,O>P>M>C,T,T,T,F,F,F
1782742069.121,12490,73.37,73.17,73.31,73.19,high_O,low_C,O>C,O>M>P>C,T,T,T,F,F,T
1782742116.203,12492,73.25,73.25,73.2,73.23,TIE,low_M,TIE,TIE,TIE,T,T,T,T,F
1782742156.972,12493,73.25,73.21,73.28,73.28,TIE,low_C,TIE,TIE,T,F,F,F,F,TIE
1782742187.983,12494,73.21,73.03,73.14,73.14,high_O,low_C,O>C,TIE,T,T,T,F,F,TIE
1782742212.712,12496,73.1,73.1,73.14,73.17,high_P,TIE,TIE,TIE,TIE,F,F,F,F,F
1782742237.131,12497,73.1,72.96,73.07,73.0,high_O,low_C,O>C,O>M>P>C,T,T,T,F,F,T
1782742260.704,12498,72.96,72.83,72.89,72.89,high_O,low_C,O>C,TIE,T,T,T,F,F,TIE
1782742275.092,12499,72.83,72.71,72.79,72.8,high_O,low_C,O>C,O>P>M>C,T,T,T,F,F,F
1782742288.311,12500,72.71,72.69,72.74,72.75,high_P,low_C,P>C,P>M>O>C,T,F,F,F,F,F
1782742298.447,12501,72.69,72.75,72.72,72.73,high_C,low_O,C>O,C>P>M>O,F,F,F,T,T,F
1782742321.822,12502,72.75,72.67,72.69,72.68,high_O,low_C,O>C,O>M>P>C,T,T,T,F,F,T
1782742329.915,12503,72.67,72.61,72.65,72.66,high_O,low_C,O>C,O>P>M>C,T,T,T,F,F,F
1782742342.526,12504,72.61,72.67,72.63,72.63,high_C,low_O,C>O,TIE,F,F,F,T,T,TIE
1782742364.768,12505,72.67,72.71,72.7,72.7,high_C,low_O,C>O,TIE,F,F,F,T,T,TIE
1782742388.097,12506,72.71,72.73,72.7,72.7,high_C,TIE,TIE,TIE,F,T,T,T,T,TIE
1782742409.513,12507,72.73,72.6,72.63,72.63,high_O,low_C,O>C,TIE,T,T,T,F,F,TIE
1782742423.689,12508,72.6,72.66,72.62,72.61,high_C,low_O,C>O,C>M>P>O,F,F,F,T,T,T
1782742444.836,12509,72.66,72.55,72.6,72.59,high_O,low_C,O>C,O>M>P>C,T,T,T,F,F,T
1782742449.879,12510,72.55,72.5,72.5,72.5,high_O,TIE,TIE,TIE,T,T,T,TIE,TIE,TIE
1782742474.936,12511,72.5,72.49,72.49,72.49,high_O,TIE,TIE,TIE,T,T,T,TIE,TIE,TIE
1782742509.822,12512,72.49,72.48,72.5,72.5,TIE,low_C,TIE,TIE,T,F,F,F,F,TIE
1782742534.42,12513,72.48,72.38,72.48,72.46,TIE,low_C,TIE,TIE,T,TIE,T,F,F,T
1782742538.489,12514,72.38,72.32,72.36,72.37,high_O,low_C,O>C,O>P>M>C,T,T,T,F,F,F
1782742543.688,12515,72.32,72.4,72.33,72.31,high_C,low_P,C>P,C>M>O>P,F,F,T,T,T,T
1782742546.069,12516,72.4,72.62,72.59,72.59,high_C,low_O,C>O,TIE,F,F,F,T,T,TIE
1782742551.384,12517,72.62,72.73,72.63,72.62,high_C,TIE,TIE,TIE,F,F,TIE,T,T,T
1782742561.574,12518,72.73,72.71,72.68,72.68,high_O,TIE,TIE,TIE,T,T,T,T,T,TIE
1782742567.987,12519,72.71,72.65,72.71,72.72,high_P,low_C,P>C,TIE,T,TIE,F,F,F,F
1782742582.843,12520,72.65,72.67,72.69,72.7,high_P,low_O,P>O,P>M>C>O,F,F,F,F,F,F
1782742598.175,12521,72.67,72.73,72.71,72.72,high_C,low_O,C>O,C>P>M>O,F,F,F,T,T,F
1782742614.023,12522,72.73,72.6,72.69,72.68,high_O,low_C,O>C,O>M>P>C,T,T,T,F,F,T
1782742625.448,12523,72.6,72.45,72.56,72.6,TIE,low_C,TIE,TIE,T,T,TIE,F,F,F
1782742652.782,12524,72.45,72.64,72.61,72.63,high_C,low_O,C>O,C>P>M>O,F,F,F,T,T,F
1782742689.701,12525,72.64,72.45,72.49,72.49,high_O,low_C,O>C,TIE,T,T,T,F,F,TIE
1782742712.885,12527,72.32,72.32,72.31,72.31,TIE,TIE,TIE,TIE,TIE,T,T,T,T,TIE
1782742737.027,12528,72.32,72.51,72.41,72.41,high_C,low_O,C>O,TIE,F,F,F,T,T,TIE
1782742745.577,12529,72.51,72.65,72.62,72.62,high_C,low_O,C>O,TIE,F,F,F,T,T,TIE
1782742773.592,12530,72.65,72.8,72.71,72.7,high_C,low_O,C>O,C>M>P>O,F,F,F,T,T,T
1782742804.578,12531,72.8,72.57,72.75,72.75,high_O,low_C,O>C,TIE,T,T,T,F,F,TIE
1782742889.385,12533,72.78,72.78,72.79,72.79,TIE,TIE,TIE,TIE,TIE,F,F,F,F,TIE
1782742949.266,12534,72.78,72.8,72.78,72.79,high_C,TIE,TIE,TIE,F,TIE,F,T,T,F
1782742996.72,12535,72.8,72.55,72.75,72.55,high_O,TIE,TIE,TIE,T,T,T,F,TIE,T
1782743060.853,12536,72.55,72.67,72.67,72.67,TIE,low_O,TIE,TIE,F,F,F,TIE,TIE,TIE
1782743121.464,12538,72.95,72.95,72.95,72.95,TIE,TIE,TIE,TIE,TIE,TIE,TIE,TIE,TIE,TIE
1782743144.064,12539,72.95,72.91,72.99,73.0,high_P,low_C,P>C,P>M>O>C,T,F,F,F,F,F
1782743201.626,12540,72.91,72.92,72.91,72.93,high_P,TIE,TIE,TIE,F,TIE,F,T,F,F
1782743238.25,12541,72.92,73.03,73.04,73.04,TIE,low_O,TIE,TIE,F,F,F,F,F,TIE
1782743276.377,12542,73.03,73.12,73.09,73.12,TIE,low_O,TIE,TIE,F,F,F,T,TIE,F
1782743339.972,12543,73.12,73.25,73.12,73.11,high_C,low_P,C>P,TIE,F,TIE,T,T,T,T
1782743398.659,12544,73.25,73.15,73.23,73.18,high_O,low_C,O>C,O>M>P>C,T,T,T,F,F,T
1782743454.398,12545,73.15,73.29,73.21,73.2,high_C,low_O,C>O,C>M>P>O,F,F,F,T,T,T
1782743522.178,12546,73.29,73.16,73.16,73.16,high_O,TIE,TIE,TIE,T,T,T,TIE,TIE,TIE
1782743550.687,12547,73.16,72.94,72.98,72.97,high_O,low_C,O>C,O>M>P>C,T,T,T,F,F,T
1782743583.764,12548,72.94,72.98,72.92,72.97,high_C,low_M,C>M,C>P>O>M,F,T,F,T,T,F
1782743620.585,12549,72.98,73.3,73.2,73.3,TIE,low_O,TIE,TIE,F,F,F,T,TIE,F
1782743634.308,12550,73.3,73.46,73.44,73.44,high_C,low_O,C>O,TIE,F,F,F,T,T,TIE
1782743651.979,12551,73.46,73.57,73.51,73.45,high_C,low_P,C>P,C>M>O>P,F,F,T,T,T,T
1782743685.973,12552,73.57,73.3,73.45,73.46,high_O,low_C,O>C,O>P>M>C,T,T,T,F,F,F
1782743763.254,12553,73.3,73.38,73.32,73.3,high_C,TIE,TIE,TIE,F,F,TIE,T,T,T
1782743849.297,12554,73.38,73.34,73.35,73.35,high_O,low_C,O>C,TIE,T,T,T,F,F,TIE
1782743907.273,12555,73.34,73.37,73.34,73.3,high_C,low_P,C>P,TIE,F,TIE,T,T,T,T
1782744021.134,12556,73.37,73.26,73.33,73.32,high_O,low_C,O>C,O>M>P>C,T,T,T,F,F,T
1782744145.938,12557,73.26,73.33,73.31,73.35,high_P,low_O,P>O,P>C>M>O,F,F,F,T,F,F
1782744255.728,12558,73.33,73.01,73.21,73.33,TIE,low_C,TIE,TIE,T,T,TIE,F,F,F
1782744356.19,12559,73.01,73.06,72.99,72.99,high_C,TIE,TIE,TIE,F,T,T,T,T,TIE
1782744446.878,12560,73.06,73.07,73.09,73.07,high_M,low_O,M>O,TIE,F,F,F,F,TIE,T
1782744547.413,12561,73.07,72.89,73.03,73.03,high_O,low_C,O>C,TIE,T,T,T,F,F,TIE
1782744630.39,12562,72.89,73.2,73.0,73.0,high_C,low_O,C>O,TIE,F,F,F,T,T,TIE
1782744708.788,12563,73.2,73.11,73.15,73.21,high_P,low_C,P>C,P>O>M>C,T,T,F,F,F,F
1782744806.602,12564,73.11,73.41,73.26,73.2,high_C,low_O,C>O,C>M>P>O,F,F,F,T,T,T
1782744844.109,12565,73.41,73.55,73.46,73.5,high_C,low_O,C>O,C>P>M>O,F,F,F,T,T,F
1782744855.14,12566,73.55,73.71,73.63,73.65,high_C,low_O,C>O,C>P>M>O,F,F,F,T,T,F
1782744857.437,12567,73.71,73.79,73.75,73.75,high_C,low_O,C>O,TIE,F,F,F,T,T,TIE
1782744864.209,12568,73.79,73.82,73.8,73.8,high_C,low_O,C>O,TIE,F,F,F,T,T,TIE
1782744887.096,12569,73.82,73.81,73.81,73.82,TIE,TIE,TIE,TIE,T,T,TIE,TIE,F,F
1782744899.062,12570,73.81,73.77,73.77,73.77,high_O,TIE,TIE,TIE,T,T,T,TIE,TIE,TIE
1782744916.798,12571,73.77,73.7,73.71,73.69,high_O,low_P,O>P,O>M>C>P,T,T,T,F,T,T
1782744948.87,12572,73.7,73.71,73.72,73.73,high_P,low_O,P>O,P>M>C>O,F,F,F,F,F,F
1782745005.692,12573,73.71,73.66,73.75,73.76,high_P,low_C,P>C,P>M>O>C,T,F,F,F,F,F
1782745047.101,12574,73.66,73.69,73.69,73.69,TIE,low_O,TIE,TIE,F,F,F,TIE,TIE,TIE
1782745091.2,12575,73.69,73.44,73.53,73.46,high_O,low_C,O>C,O>M>P>C,T,T,T,F,F,T
1782745169.89,12576,73.44,73.63,73.47,73.44,high_C,TIE,TIE,TIE,F,F,TIE,T,T,T
1782745216.053,12577,73.63,73.56,73.64,73.63,high_M,low_C,M>C,TIE,T,F,TIE,F,F,T
1782745304.938,12578,73.56,73.43,73.48,73.43,high_O,TIE,TIE,TIE,T,T,T,F,TIE,T
1782745385.029,12579,73.43,73.3,73.4,73.41,high_O,low_C,O>C,O>P>M>C,T,T,T,F,F,F
1782745405.28,12580,73.3,73.24,73.19,73.19,high_O,TIE,TIE,TIE,T,T,T,T,T,TIE
1782745509.947,12581,73.24,73.09,73.16,73.13,high_O,low_C,O>C,O>M>P>C,T,T,T,F,F,T
1782745542.365,12582,73.09,72.98,73.0,73.0,high_O,low_C,O>C,TIE,T,T,T,F,F,TIE
1782745562.368,12583,72.98,72.94,72.99,73.07,high_P,low_C,P>C,P>M>O>C,T,F,F,F,F,F
1782745597.079,12584,72.94,72.84,72.89,72.86,high_O,low_C,O>C,O>M>P>C,T,T,T,F,F,T
1782745640.13,12585,72.84,72.9,72.9,72.91,high_P,low_O,P>O,TIE,F,F,F,TIE,F,F
1782745663.433,12586,72.9,72.83,72.8,72.8,high_O,TIE,TIE,TIE,T,T,T,T,T,TIE
1782745710.113,12587,72.83,73.0,72.97,72.97,high_C,low_O,C>O,TIE,F,F,F,T,T,TIE
1782745774.807,12588,73.0,73.06,73.02,73.0,high_C,TIE,TIE,TIE,F,F,TIE,T,T,T
1782745852.582,12589,73.06,73.19,73.14,73.15,high_C,low_O,C>O,C>P>M>O,F,F,F,T,T,F
1782745883.51,12590,73.19,73.06,73.11,73.11,high_O,low_C,O>C,TIE,T,T,T,F,F,TIE
1782745924.792,12591,73.06,72.81,72.95,73.0,high_O,low_C,O>C,O>P>M>C,T,T,T,F,F,F
1782745939.473,12592,72.81,72.78,72.79,72.78,high_O,TIE,TIE,TIE,T,T,T,F,TIE,T
1782746001.533,12593,72.78,72.99,72.83,72.77,high_C,low_P,C>P,C>M>O>P,F,F,T,T,T,T
1782746108.524,12594,72.99,73.24,73.1,73.23,high_C,low_O,C>O,C>P>M>O,F,F,F,T,T,F
1782746168.207,12595,73.24,73.21,73.26,73.3,high_P,low_C,P>C,P>M>O>C,T,F,F,F,F,F
1782746303.837,12596,73.21,73.31,73.29,73.3,high_C,low_O,C>O,C>P>M>O,F,F,F,T,T,F
1782746355.922,12597,73.31,73.47,73.45,73.45,high_C,low_O,C>O,TIE,F,F,F,T,T,TIE
1782746401.111,12598,73.47,73.48,73.45,73.47,high_C,low_M,C>M,TIE,F,T,TIE,T,T,F
1782746514.063,12599,73.48,73.38,73.41,73.41,high_O,low_C,O>C,TIE,T,T,T,F,F,TIE
1782746544.796,12600,73.38,73.64,73.58,73.6,high_C,low_O,C>O,C>P>M>O,F,F,F,T,T,F
1782746592.129,12601,73.64,73.47,73.52,73.51,high_O,low_C,O>C,O>M>P>C,T,T,T,F,F,T
1782746647.67,12602,73.47,73.29,73.39,73.39,high_O,low_C,O>C,TIE,T,T,T,F,F,TIE
1782746695.281,12603,73.29,73.49,73.32,73.3,high_C,low_O,C>O,C>M>P>O,F,F,F,T,T,T
1782746785.581,12604,73.49,73.46,73.48,73.48,high_O,low_C,O>C,TIE,T,T,T,F,F,TIE
1782746837.53,12605,73.46,73.64,73.56,73.5,high_C,low_O,C>O,C>M>P>O,F,F,F,T,T,T
1782746862.591,12606,73.64,73.65,73.64,73.64,high_C,TIE,TIE,TIE,F,TIE,TIE,T,T,TIE
1782746920.425,12607,73.65,73.67,73.67,73.7,high_P,low_O,P>O,TIE,F,F,F,TIE,F,F
1782746942.323,12608,73.67,73.74,73.73,73.68,high_C,low_O,C>O,C>M>P>O,F,F,F,T,T,T
1782746956.141,12609,73.74,73.83,73.75,73.83,TIE,low_O,TIE,TIE,F,F,F,T,TIE,F
1782746971.186,12610,73.83,73.84,73.85,73.85,TIE,low_O,TIE,TIE,F,F,F,F,F,TIE
1782746986.286,12611,73.84,73.88,73.87,73.87,high_C,low_O,C>O,TIE,F,F,F,T,T,TIE
1782747006.346,12612,73.88,74.0,73.95,74.0,TIE,low_O,TIE,TIE,F,F,F,T,TIE,F
1782747008.772,12613,74.0,74.02,74.01,74.0,high_C,TIE,TIE,TIE,F,F,TIE,T,T,T
1782747013.978,12614,74.02,74.16,74.07,74.1,high_C,low_O,C>O,C>P>M>O,F,F,F,T,T,F
1782747017.299,12615,74.16,74.15,74.15,74.14,high_O,low_P,O>P,TIE,T,T,T,TIE,T,T
1782747030.779,12616,74.15,74.04,74.12,74.12,high_O,low_C,O>C,TIE,T,T,T,F,F,TIE
1782747043.518,12617,74.04,74.19,74.15,74.15,high_C,low_O,C>O,TIE,F,F,F,T,T,TIE
1782747050.572,12618,74.19,74.25,74.22,74.2,high_C,low_O,C>O,C>M>P>O,F,F,F,T,T,T
1782747054.549,12619,74.25,74.29,74.27,74.28,high_C,low_O,C>O,C>P>M>O,F,F,F,T,T,F
1782747068.881,12620,74.29,74.27,74.25,74.25,high_O,TIE,TIE,TIE,T,T,T,T,T,TIE
1782747088.888,12621,74.27,74.2,74.25,74.26,high_O,low_C,O>C,O>P>M>C,T,T,T,F,F,F
1782747125.204,12622,74.2,74.29,74.23,74.23,high_C,low_O,C>O,TIE,F,F,F,T,T,TIE
1782747126.889,12623,74.29,74.31,74.33,74.3,high_M,low_O,M>O,M>C>P>O,F,F,F,F,T,T
1782747162.85,12624,74.31,74.19,74.31,74.32,high_P,low_C,P>C,TIE,T,TIE,F,F,F,F
1782747199.362,12625,74.19,74.14,74.18,74.18,high_O,low_C,O>C,TIE,T,T,T,F,F,TIE
1782747247.253,12626,74.14,74.19,74.19,74.19,TIE,low_O,TIE,TIE,F,F,F,TIE,TIE,TIE
1782747301.497,12627,74.19,74.0,74.07,74.07,high_O,low_C,O>C,TIE,T,T,T,F,F,TIE
1782747358.317,12628,74.0,74.15,74.04,73.99,high_C,low_P,C>P,C>M>O>P,F,F,T,T,T,T
1782747374.123,12629,74.15,74.29,74.25,74.3,high_P,low_O,P>O,P>C>M>O,F,F,F,T,F,F
1782747414.245,12630,74.29,74.25,74.24,74.23,high_O,low_P,O>P,O>C>M>P,T,T,T,T,T,T
1782747499.175,12631,74.25,74.29,74.24,74.24,high_C,TIE,TIE,TIE,F,T,T,T,T,TIE
1782747526.479,12632,74.29,74.33,74.3,74.3,high_C,low_O,C>O,TIE,F,F,F,T,T,TIE
1782747610.754,12633,74.33,74.19,74.26,74.21,high_O,low_C,O>C,O>M>P>C,T,T,T,F,F,T
1782747668.817,12634,74.19,73.94,74.03,74.0,high_O,low_C,O>C,O>M>P>C,T,T,T,F,F,T
1782747695.905,12635,73.94,73.76,73.82,73.81,high_O,low_C,O>C,O>M>P>C,T,T,T,F,F,T
1782747724.597,12636,73.76,73.92,73.81,73.77,high_C,low_O,C>O,C>M>P>O,F,F,F,T,T,T
1782747783.446,12637,73.92,73.91,73.9,73.89,high_O,low_P,O>P,O>C>M>P,T,T,T,T,T,T
1782747828.74,12638,73.91,73.94,73.92,73.92,high_C,low_O,C>O,TIE,F,F,F,T,T,TIE
1782747931.723,12639,73.94,73.9,73.94,73.93,TIE,low_C,TIE,TIE,T,TIE,T,F,F,T
1782748030.808,12640,73.9,73.82,73.85,73.83,high_O,low_C,O>C,O>M>P>C,T,T,T,F,F,T
1782748045.926,12641,73.82,73.95,73.85,73.85,high_C,low_O,C>O,TIE,F,F,F,T,T,TIE
1782748095.682,12642,73.95,73.94,73.92,73.95,TIE,low_M,TIE,TIE,T,T,TIE,T,F,F
1782748191.37,12643,73.94,73.88,73.91,73.91,high_O,low_C,O>C,TIE,T,T,T,F,F,TIE
1782748224.136,12644,73.88,74.05,73.99,73.98,high_C,low_O,C>O,C>M>P>O,F,F,F,T,T,T
1782748291.602,12645,74.05,74.04,74.06,74.11,high_P,low_C,P>C,P>M>O>C,T,F,F,F,F,F
1782748400.774,12646,74.04,74.01,74.01,74.07,high_P,TIE,TIE,TIE,T,T,F,TIE,F,F
1782748423.819,12647,74.01,74.12,74.07,74.1,high_C,low_O,C>O,C>P>M>O,F,F,F,T,T,F
1782748514.251,12648,74.12,74.04,74.13,74.12,high_M,low_C,M>C,TIE,T,F,TIE,F,F,T
1782748615.666,12649,74.04,73.92,74.02,74.03,high_O,low_C,O>C,O>P>M>C,T,T,T,F,F,F
1782748718.311,12650,73.92,73.87,73.9,73.9,high_O,low_C,O>C,TIE,T,T,T,F,F,TIE
1782748815.368,12651,73.87,73.83,73.85,73.87,TIE,low_C,TIE,TIE,T,T,TIE,F,F,F
1782748881.396,12652,73.83,73.8,73.79,73.79,high_O,TIE,TIE,TIE,T,T,T,T,T,TIE
1782748993.815,12653,73.8,73.83,73.83,73.83,TIE,low_O,TIE,TIE,F,F,F,TIE,TIE,TIE
1782749132.829,12654,73.83,73.92,73.82,73.79,high_C,low_P,C>P,C>O>M>P,F,T,T,T,T,T
1782749169.904,12655,73.92,73.89,73.95,73.94,high_M,low_C,M>C,M>P>O>C,T,F,F,F,F,T
1782749272.288,12656,73.89,73.84,73.84,73.84,high_O,TIE,TIE,TIE,T,T,T,TIE,TIE,TIE
1782749332.613,12657,73.84,73.72,73.8,73.8,high_O,low_C,O>C,TIE,T,T,T,F,F,TIE
1782749379.859,12658,73.72,73.65,73.68,73.7,high_O,low_C,O>C,O>P>M>C,T,T,T,F,F,F
1782749452.613,12659,73.65,73.67,73.63,73.63,high_C,TIE,TIE,TIE,F,T,T,T,T,TIE
1782749531.538,12660,73.67,73.69,73.69,73.68,TIE,low_O,TIE,TIE,F,F,F,TIE,T,T
1782749579.589,12661,73.69,73.66,73.67,73.65,high_O,low_P,O>P,O>M>C>P,T,T,T,F,T,T
1782749662.73,12662,73.66,73.49,73.53,73.6,high_O,low_C,O>C,O>P>M>C,T,T,T,F,F,F
1782749717.833,12663,73.49,73.65,73.65,73.65,TIE,low_O,TIE,TIE,F,F,F,TIE,TIE,TIE
1782749859.374,12664,73.65,73.57,73.6,73.59,high_O,low_C,O>C,O>M>P>C,T,T,T,F,F,T
1782749958.742,12665,73.57,73.52,73.56,73.55,high_O,low_C,O>C,O>M>P>C,T,T,T,F,F,T
1782750024.681,12666,73.52,73.41,73.47,73.47,high_O,low_C,O>C,TIE,T,T,T,F,F,TIE
1782750114.303,12667,73.41,73.34,73.4,73.4,high_O,low_C,O>C,TIE,T,T,T,F,F,TIE
1782750219.84,12668,73.34,73.36,73.32,73.32,high_C,TIE,TIE,TIE,F,T,T,T,T,TIE
1782750287.06,12669,73.36,73.22,73.33,73.34,high_O,low_C,O>C,O>P>M>C,T,T,T,F,F,F
1782750318.739,12670,73.22,73.07,73.18,73.21,high_O,low_C,O>C,O>P>M>C,T,T,T,F,F,F
1782750352.387,12671,73.07,73.03,73.04,73.02,high_O,low_P,O>P,O>M>C>P,T,T,T,F,T,T
1782750390.333,12672,73.03,73.11,73.05,73.05,high_C,low_O,C>O,TIE,F,F,F,T,T,TIE
1782750398.719,12673,73.11,73.02,73.01,73.01,high_O,TIE,TIE,TIE,T,T,T,T,T,TIE
1782750443.784,12674,73.02,72.91,72.95,72.9,high_O,low_P,O>P,O>M>C>P,T,T,T,F,T,T
1782750508.073,12675,72.91,72.96,72.97,72.91,high_M,TIE,TIE,TIE,F,F,TIE,F,T,T
1782750542.326,12676,72.96,72.89,72.96,72.96,TIE,low_C,TIE,TIE,T,TIE,TIE,F,F,TIE
1782750581.418,12677,72.89,72.91,72.9,72.9,high_C,low_O,C>O,TIE,F,F,F,T,T,TIE
1782750623.114,12678,72.91,73.03,73.0,73.0,high_C,low_O,C>O,TIE,F,F,F,T,T,TIE
1782750638.538,12679,73.03,73.09,73.1,73.1,TIE,low_O,TIE,TIE,F,F,F,F,F,TIE
1782750716.192,12681,73.03,73.03,73.03,73.01,TIE,low_P,TIE,TIE,TIE,TIE,T,TIE,T,T
1782750833.391,12682,73.03,73.08,73.09,73.11,high_P,low_O,P>O,P>M>C>O,F,F,F,F,F,F
1782750906.593,12683,73.08,73.11,73.07,73.05,high_C,low_P,C>P,C>O>M>P,F,T,T,T,T,T
1782750977.189,12684,73.11,73.14,73.2,73.21,high_P,low_O,P>O,P>M>C>O,F,F,F,F,F,F
1782751020.608,12685,73.14,73.2,73.17,73.17,high_C,low_O,C>O,TIE,F,F,F,T,T,TIE
1782751084.131,12686,73.2,73.36,73.29,73.27,high_C,low_O,C>O,C>M>P>O,F,F,F,T,T,T
1782751150.021,12687,73.36,73.42,73.32,73.31,high_C,low_P,C>P,C>O>M>P,F,T,T,T,T,T
1782751204.42,12688,73.42,73.5,73.43,73.42,high_C,TIE,TIE,TIE,F,F,TIE,T,T,T
1782751279.594,12689,73.5,73.59,73.51,73.5,high_C,TIE,TIE,TIE,F,F,TIE,T,T,T
1782751396.137,12690,73.59,73.65,73.61,73.61,high_C,low_O,C>O,TIE,F,F,F,T,T,TIE
1782751476.095,12691,73.65,73.68,73.65,73.64,high_C,low_P,C>P,TIE,F,TIE,T,T,T,T
1782751531.296,12692,73.68,73.72,73.71,73.71,high_C,low_O,C>O,TIE,F,F,F,T,T,TIE
1782751606.197,12693,73.72,73.64,73.69,73.7,high_O,low_C,O>C,O>P>M>C,T,T,T,F,F,F
1782751661.674,12694,73.64,73.75,73.7,73.7,high_C,low_O,C>O,TIE,F,F,F,T,T,TIE
1782751679.927,12695,73.75,73.93,73.89,73.88,high_C,low_O,C>O,C>M>P>O,F,F,F,T,T,T
1782751701.647,12696,73.93,74.07,73.99,74.0,high_C,low_O,C>O,C>P>M>O,F,F,F,T,T,F
1782751735.711,12697,74.07,74.05,74.03,74.04,high_O,low_M,O>M,O>C>P>M,T,T,T,T,T,F
1782751745.863,12698,74.05,74.03,74.05,74.05,TIE,low_C,TIE,TIE,T,TIE,TIE,F,F,TIE
1782751808.832,12699,74.03,74.04,74.09,74.11,high_P,low_O,P>O,P>M>C>O,F,F,F,F,F,F
1782751846.008,12700,74.04,74.06,74.06,74.07,high_P,low_O,P>O,TIE,F,F,F,TIE,F,F
1782751867.482,12701,74.06,74.07,74.03,74.03,high_C,TIE,TIE,TIE,F,T,T,T,T,TIE
1782751911.041,12702,74.07,74.03,74.02,74.01,high_O,low_P,O>P,O>C>M>P,T,T,T,T,T,T
1782751939.617,12703,74.03,73.89,73.96,73.96,high_O,low_C,O>C,TIE,T,T,T,F,F,TIE
1782752001.493,12704,73.89,73.76,73.89,73.91,high_P,low_C,P>C,TIE,T,TIE,F,F,F,F
1782752063.032,12705,73.76,73.9,73.78,73.83,high_C,low_O,C>O,C>P>M>O,F,F,F,T,T,F
1782752174.474,12706,73.9,73.87,73.87,73.9,TIE,TIE,TIE,TIE,T,T,TIE,TIE,F,F
1782752388.949,12708,73.98,73.98,74.0,74.01,high_P,TIE,TIE,TIE,TIE,F,F,F,F,F
1782752435.71,12709,73.98,74.04,74.0,74.0,high_C,low_O,C>O,TIE,F,F,F,T,T,TIE
1782752518.013,12710,74.04,74.11,74.08,74.06,high_C,low_O,C>O,C>M>P>O,F,F,F,T,T,T
1782752530.984,12711,74.11,74.26,74.2,74.2,high_C,low_O,C>O,TIE,F,F,F,T,T,TIE
1782752575.584,12712,74.26,74.27,74.24,74.27,TIE,low_M,TIE,TIE,F,T,F,T,TIE,F
1782752620.755,12713,74.27,74.32,74.29,74.3,high_C,low_O,C>O,C>P>M>O,F,F,F,T,T,F
1782752667.825,12714,74.32,74.33,74.34,74.32,high_M,TIE,TIE,TIE,F,F,TIE,F,T,T
1782752705.067,12715,74.33,74.4,74.33,74.32,high_C,low_P,C>P,TIE,F,TIE,T,T,T,T
1782752719.9,12716,74.4,74.48,74.43,74.42,high_C,low_O,C>O,C>M>P>O,F,F,F,T,T,T
1782752719.903,12717,74.48,74.54,74.5,74.5,high_C,low_O,C>O,TIE,F,F,F,T,T,TIE
1782752719.909,12718,74.54,74.63,74.58,74.6,high_C,low_O,C>O,C>P>M>O,F,F,F,T,T,F
1782752719.914,12719,74.63,74.75,74.69,74.75,TIE,low_O,TIE,TIE,F,F,F,T,TIE,F
1782752719.927,12720,74.75,74.5,74.77,74.77,TIE,low_C,TIE,TIE,T,F,F,F,F,TIE
1782752720.233,12721,74.5,74.7,74.68,74.7,TIE,low_O,TIE,TIE,F,F,F,T,TIE,F
1782752722.729,12722,74.7,74.75,74.71,74.68,high_C,low_P,C>P,C>M>O>P,F,F,T,T,T,T
1782752725.543,12723,74.75,74.84,74.76,74.75,high_C,TIE,TIE,TIE,F,F,TIE,T,T,T
1782752735.491,12724,74.84,74.72,74.81,74.79,high_O,low_C,O>C,O>M>P>C,T,T,T,F,F,T
1782752742.45,12725,74.72,74.76,74.73,74.71,high_C,low_P,C>P,C>M>O>P,F,F,T,T,T,T
1782752765.489,12726,74.76,74.77,74.77,74.77,TIE,low_O,TIE,TIE,F,F,F,TIE,TIE,TIE
1782752793.08,12727,74.77,74.73,74.74,74.74,high_O,low_C,O>C,TIE,T,T,T,F,F,TIE
1782752826.28,12728,74.73,74.6,74.66,74.7,high_O,low_C,O>C,O>P>M>C,T,T,T,F,F,F
1782752863.004,12729,74.6,74.61,74.58,74.58,high_C,TIE,TIE,TIE,F,T,T,T,T,TIE
1782752919.639,12730,74.61,74.53,74.61,74.61,TIE,low_C,TIE,TIE,T,TIE,TIE,F,F,TIE
1782752990.231,12731,74.53,74.54,74.5,74.5,high_C,TIE,TIE,TIE,F,T,T,T,T,TIE
1782753038.689,12732,74.54,74.61,74.6,74.61,TIE,low_O,TIE,TIE,F,F,F,T,TIE,F
1782753043.027,12733,74.61,74.7,74.64,74.61,high_C,TIE,TIE,TIE,F,F,TIE,T,T,T
1782753049.412,12734,74.7,74.78,74.74,74.71,high_C,low_O,C>O,C>M>P>O,F,F,F,T,T,T
1782753060.195,12735,74.78,74.85,74.78,74.78,high_C,TIE,TIE,TIE,F,TIE,TIE,T,T,TIE
1782753060.813,12736,74.85,74.89,74.87,74.88,high_C,low_O,C>O,C>P>M>O,F,F,F,T,T,F
1782753069.964,12737,74.89,74.75,74.81,74.8,high_O,low_C,O>C,O>M>P>C,T,T,T,F,F,T
1782753125.062,12738,74.75,74.76,74.76,74.75,TIE,TIE,TIE,TIE,F,F,TIE,TIE,T,T
1782753165.362,12739,74.76,74.88,74.8,74.8,high_C,low_O,C>O,TIE,F,F,F,T,T,TIE
1782753165.367,12740,74.88,74.99,74.95,74.95,high_C,low_O,C>O,TIE,F,F,F,T,T,TIE
1782753165.439,12741,74.99,75.0,74.99,74.99,high_C,TIE,TIE,TIE,F,TIE,TIE,T,T,TIE
1782753165.564,12742,75.0,74.96,74.96,75.0,TIE,TIE,TIE,TIE,T,T,TIE,TIE,F,F
1782753167.444,12743,74.96,75.01,75.0,75.0,high_C,low_O,C>O,TIE,F,F,F,T,T,TIE
1782753180.661,12744,75.01,75.04,74.99,74.99,high_C,TIE,TIE,TIE,F,T,T,T,T,TIE
1782753187.067,12745,75.04,75.05,74.99,75.02,high_C,low_M,C>M,C>O>P>M,F,T,T,T,T,F
1782753190.176,12746,75.05,75.12,75.1,75.06,high_C,low_O,C>O,C>M>P>O,F,F,F,T,T,T
1782753192.066,12747,75.12,75.18,75.15,75.18,TIE,low_O,TIE,TIE,F,F,F,T,TIE,F
1782753195.247,12748,75.18,75.24,75.2,75.23,high_C,low_O,C>O,C>P>M>O,F,F,F,T,T,F
1782753198.123,12749,75.24,75.5,75.35,75.3,high_C,low_O,C>O,C>M>P>O,F,F,F,T,T,T
1782753199.39,12750,75.5,75.43,75.42,75.39,high_O,low_P,O>P,O>C>M>P,T,T,T,T,T,T
1782753201.211,12751,75.43,75.39,75.41,75.41,high_O,low_C,O>C,TIE,T,T,T,F,F,TIE
1782753210.76,12752,75.39,75.31,75.4,75.38,high_M,low_C,M>C,M>O>P>C,T,F,T,F,F,T
1782753220.668,12753,75.31,75.33,75.33,75.33,TIE,low_O,TIE,TIE,F,F,F,TIE,TIE,TIE
1782753231.684,12754,75.33,75.25,75.25,75.27,high_O,TIE,TIE,TIE,T,T,T,TIE,F,F
1782753240.241,12755,75.25,75.19,75.22,75.2,high_O,low_C,O>C,O>M>P>C,T,T,T,F,F,T
1782753257.275,12756,75.19,75.25,75.31,75.32,high_P,low_O,P>O,P>M>C>O,F,F,F,F,F,F
1782753282.941,12757,75.25,75.23,75.23,75.22,high_O,low_P,O>P,TIE,T,T,T,TIE,T,T
1782753300.555,12758,75.23,75.27,75.27,75.27,TIE,low_O,TIE,TIE,F,F,F,TIE,TIE,TIE
1782753307.624,12759,75.27,75.32,75.31,75.31,high_C,low_O,C>O,TIE,F,F,F,T,T,TIE
1782753315.775,12760,75.32,75.42,75.38,75.42,TIE,low_O,TIE,TIE,F,F,F,T,TIE,F
1782753321.543,12761,75.42,75.5,75.45,75.49,high_C,low_O,C>O,C>P>M>O,F,F,F,T,T,F
1782753322.409,12762,75.5,75.56,75.52,75.5,high_C,TIE,TIE,TIE,F,F,TIE,T,T,T
1782753324.152,12763,75.56,75.65,75.62,75.61,high_C,low_O,C>O,C>M>P>O,F,F,F,T,T,T
1782753326.086,12764,75.65,75.68,75.64,75.63,high_C,low_P,C>P,C>O>M>P,F,T,T,T,T,T
1782753326.408,12765,75.68,75.74,75.7,75.7,high_C,low_O,C>O,TIE,F,F,F,T,T,TIE
1782753327.052,12766,75.74,75.85,75.8,75.8,high_C,low_O,C>O,TIE,F,F,F,T,T,TIE
1782753329.623,12768,75.9,75.9,75.88,75.89,TIE,low_M,TIE,TIE,TIE,T,T,T,T,F
1782753329.968,12769,75.9,75.98,76.0,76.0,TIE,low_O,TIE,TIE,F,F,F,F,F,TIE
1782753330.222,12770,75.98,76.02,76.03,76.05,high_P,low_O,P>O,P>M>C>O,F,F,F,F,F,F
1782753331.156,12771,76.02,75.79,75.84,75.81,high_O,low_C,O>C,O>M>P>C,T,T,T,F,F,T
1782753332.536,12772,75.79,75.83,75.78,75.78,high_C,TIE,TIE,TIE,F,T,T,T,T,TIE
1782753333.337,12773,75.83,75.91,75.88,75.86,high_C,low_O,C>O,C>M>P>O,F,F,F,T,T,T
1782753335.872,12774,75.91,76.02,75.91,75.91,high_C,TIE,TIE,TIE,F,TIE,TIE,T,T,TIE
1782753336.641,12775,76.02,76.27,76.13,76.03,high_C,low_O,C>O,C>M>P>O,F,F,F,T,T,T
1782753337.014,12776,76.27,76.34,76.27,76.26,high_C,low_P,C>P,TIE,F,TIE,T,T,T,T
1782753339.144,12778,76.28,76.28,76.26,76.28,TIE,low_M,TIE,TIE,TIE,T,TIE,T,TIE,F
1782753339.542,12779,76.28,76.38,76.38,76.44,high_P,low_O,P>O,TIE,F,F,F,TIE,F,F
1782753341.313,12780,76.38,76.31,76.41,76.41,TIE,low_C,TIE,TIE,T,F,F,F,F,TIE
1782753343.666,12781,76.31,76.16,76.26,76.26,high_O,low_C,O>C,TIE,T,T,T,F,F,TIE
1782753349.161,12782,76.16,76.04,76.12,76.14,high_O,low_C,O>C,O>P>M>C,T,T,T,F,F,F
1782753356.341,12783,76.04,76.17,76.07,76.05,high_C,low_O,C>O,C>M>P>O,F,F,F,T,T,T
1782753359.626,12784,76.17,75.94,76.04,76.04,high_O,low_C,O>C,TIE,T,T,T,F,F,TIE
1782753364.845,12785,75.94,75.98,76.04,76.04,TIE,low_O,TIE,TIE,F,F,F,F,F,TIE
1782753368.163,12786,75.98,76.02,76.03,76.03,TIE,low_O,TIE,TIE,F,F,F,F,F,TIE
1782753374.406,12787,76.02,75.9,75.9,75.84,high_O,low_P,O>P,TIE,T,T,T,TIE,T,T
1782753385.481,12788,75.9,75.88,75.93,75.93,TIE,low_C,TIE,TIE,T,F,F,F,F,TIE
1782753391.974,12789,75.88,75.89,75.87,75.87,high_C,TIE,TIE,TIE,F,T,T,T,T,TIE
1782753405.16,12790,75.89,75.93,75.93,75.92,TIE,low_O,TIE,TIE,F,F,F,TIE,T,T
1782753413.217,12791,75.93,76.0,75.91,75.9,high_C,low_P,C>P,C>O>M>P,F,T,T,T,T,T
1782753434.095,12792,76.0,75.82,76.01,76.01,TIE,low_C,TIE,TIE,T,F,F,F,F,TIE
1782753443.784,12793,75.82,75.86,75.92,75.93,high_P,low_O,P>O,P>M>C>O,F,F,F,F,F,F
1782753460.295,12794,75.86,75.99,75.98,75.86,high_C,TIE,TIE,TIE,F,F,TIE,T,T,T
1782753472.934,12795,75.99,76.1,76.09,76.11,high_P,low_O,P>O,P>C>M>O,F,F,F,T,F,F
1782753494.252,12796,76.1,75.92,76.03,76.03,high_O,low_C,O>C,TIE,T,T,T,F,F,TIE
1782753516.667,12797,75.92,75.86,75.9,75.9,high_O,low_C,O>C,TIE,T,T,T,F,F,TIE
1782753541.874,12798,75.86,75.87,75.85,75.85,high_C,TIE,TIE,TIE,F,T,T,T,T,TIE
1782753566.181,12799,75.87,75.96,75.87,75.84,high_C,low_P,C>P,TIE,F,TIE,T,T,T,T
1782753601.099,12800,75.96,75.94,75.94,75.94,high_O,TIE,TIE,TIE,T,T,T,TIE,TIE,TIE
1782753626.638,12801,75.94,75.95,76.0,76.0,TIE,low_O,TIE,TIE,F,F,F,F,F,TIE
1782753660.086,12802,75.95,75.85,75.94,75.85,high_O,TIE,TIE,TIE,T,T,T,F,TIE,T
1782753663.793,12803,75.85,75.69,75.72,75.7,high_O,low_C,O>C,O>M>P>C,T,T,T,F,F,T
1782753667.858,12804,75.69,75.53,75.61,75.51,high_O,low_P,O>P,O>M>C>P,T,T,T,F,T,T
1782753685.759,12805,75.53,75.49,75.56,75.55,high_M,low_C,M>C,M>P>O>C,T,F,F,F,F,T
1782753702.781,12806,75.49,75.46,75.47,75.46,high_O,TIE,TIE,TIE,T,T,T,F,TIE,T
1782753702.784,12807,75.46,75.35,75.4,75.37,high_O,low_C,O>C,O>M>P>C,T,T,T,F,F,T
1782753702.787,12808,75.35,75.22,75.28,75.28,high_O,low_C,O>C,TIE,T,T,T,F,F,TIE
1782753702.788,12809,75.22,75.15,75.18,75.18,high_O,low_C,O>C,TIE,T,T,T,F,F,TIE
1782753702.915,12810,75.15,75.21,75.12,75.11,high_C,low_P,C>P,C>O>M>P,F,T,T,T,T,T
1782753705.976,12811,75.21,75.31,75.29,75.3,high_C,low_O,C>O,C>P>M>O,F,F,F,T,T,F
1782753717.07,12812,75.31,75.41,75.33,75.3,high_C,low_P,C>P,C>M>O>P,F,F,T,T,T,T
1782753726.605,12813,75.41,75.47,75.49,75.51,high_P,low_O,P>O,P>M>C>O,F,F,F,F,F,F
1782753769.113,12814,75.47,75.54,75.5,75.5,high_C,low_O,C>O,TIE,F,F,F,T,T,TIE
1782753789.152,12815,75.54,75.48,75.54,75.55,high_P,low_C,P>C,TIE,T,TIE,F,F,F,F
1782753837.624,12816,75.48,75.36,75.44,75.44,high_O,low_C,O>C,TIE,T,T,T,F,F,TIE
1782753891.679,12817,75.36,75.39,75.35,75.33,high_C,low_P,C>P,C>O>M>P,F,T,T,T,T,T
1782753949.778,12818,75.39,75.46,75.38,75.38,high_C,TIE,TIE,TIE,F,T,T,T,T,TIE
1782753954.861,12819,75.46,75.62,75.52,75.51,high_C,low_O,C>O,C>M>P>O,F,F,F,T,T,T
1782753980.173,12820,75.62,75.45,75.49,75.43,high_O,low_P,O>P,O>M>C>P,T,T,T,F,T,T
1782753986.499,12821,75.45,75.42,75.41,75.4,high_O,low_P,O>P,O>C>M>P,T,T,T,T,T,T
1782754027.322,12822,75.42,75.54,75.46,75.42,high_C,TIE,TIE,TIE,F,F,TIE,T,T,T
1782754072.089,12823,75.54,75.62,75.62,75.66,high_P,low_O,P>O,TIE,F,F,F,TIE,F,F
1782754108.999,12824,75.62,75.83,75.69,75.66,high_C,low_O,C>O,C>M>P>O,F,F,F,T,T,T
1782754117.268,12825,75.83,75.87,75.86,75.85,high_C,low_O,C>O,C>M>P>O,F,F,F,T,T,T
1782754140.462,12826,75.87,76.01,75.92,75.92,high_C,low_O,C>O,TIE,F,F,F,T,T,TIE
1782754171.435,12827,76.01,75.98,75.98,75.98,high_O,TIE,TIE,TIE,T,T,T,TIE,TIE,TIE
1782754201.998,12828,75.98,75.99,75.94,75.96,high_C,low_M,C>M,C>O>P>M,F,T,T,T,T,F
1782754228.85,12829,75.99,76.01,76.0,75.99,high_C,TIE,TIE,TIE,F,F,TIE,T,T,T
1782754261.136,12830,76.01,76.16,76.01,76.02,high_C,TIE,TIE,TIE,F,TIE,F,T,T,F
1782754280.573,12831,76.16,75.99,76.07,76.06,high_O,low_C,O>C,O>M>P>C,T,T,T,F,F,T
1782754341.296,12832,75.99,75.84,75.96,75.96,high_O,low_C,O>C,TIE,T,T,T,F,F,TIE
1782754383.211,12833,75.84,75.66,75.69,75.66,high_O,TIE,TIE,TIE,T,T,T,F,TIE,T
1782754410.615,12834,75.66,75.69,75.69,75.69,TIE,low_O,TIE,TIE,F,F,F,TIE,TIE,TIE
1782754454.897,12835,75.69,75.68,75.69,75.71,high_P,low_C,P>C,TIE,T,TIE,F,F,F,F
1782754511.554,12836,75.68,75.72,75.69,75.69,high_C,low_O,C>O,TIE,F,F,F,T,T,TIE
1782754536.736,12837,75.72,75.62,75.63,75.63,high_O,low_C,O>C,TIE,T,T,T,F,F,TIE
1782754605.188,12838,75.62,75.7,75.59,75.55,high_C,low_P,C>P,C>O>M>P,F,T,T,T,T,T
1782754636.736,12839,75.7,75.67,75.7,75.7,TIE,low_C,TIE,TIE,T,TIE,TIE,F,F,TIE
1782754708.012,12840,75.67,75.53,75.56,75.56,high_O,low_C,O>C,TIE,T,T,T,F,F,TIE
1782754778.51,12841,75.53,75.58,75.57,75.58,TIE,low_O,TIE,TIE,F,F,F,T,TIE,F
1782754881.481,12842,75.58,75.68,75.59,75.59,high_C,low_O,C>O,TIE,F,F,F,T,T,TIE
1782754984.874,12843,75.68,75.64,75.67,75.67,high_O,low_C,O>C,TIE,T,T,T,F,F,TIE
1782755096.237,12844,75.64,75.77,75.69,75.58,high_C,low_P,C>P,C>M>O>P,F,F,T,T,T,T
1782755162.277,12845,75.77,75.81,75.69,75.74,high_C,low_M,C>M,C>O>P>M,F,T,T,T,T,F
1782755225.301,12846,75.81,75.73,75.75,75.74,high_O,low_C,O>C,O>M>P>C,T,T,T,F,F,T
1782755256.151,12847,75.73,75.55,75.66,75.72,high_O,low_C,O>C,O>P>M>C,T,T,T,F,F,F
1782755302.285,12848,75.55,75.49,75.56,75.5,high_M,low_C,M>C,M>O>P>C,T,F,T,F,F,T
1782755330.272,12849,75.49,75.55,75.5,75.5,high_C,low_O,C>O,TIE,F,F,F,T,T,TIE
1782755395.658,12850,75.55,75.53,75.55,75.54,TIE,low_C,TIE,TIE,T,TIE,T,F,F,T
1782755441.548,12851,75.53,75.26,75.36,75.35,high_O,low_C,O>C,O>M>P>C,T,T,T,F,F,T
1782755519.213,12852,75.26,75.37,75.3,75.25,high_C,low_P,C>P,C>M>O>P,F,F,T,T,T,T
1782755605.968,12853,75.37,75.48,75.43,75.43,high_C,low_O,C>O,TIE,F,F,F,T,T,TIE
1782755706.568,12854,75.48,75.27,75.32,75.28,high_O,low_C,O>C,O>M>P>C,T,T,T,F,F,T
1782755808.616,12855,75.27,75.35,75.33,75.32,high_C,low_O,C>O,C>M>P>O,F,F,F,T,T,T
1782755926.694,12856,75.35,75.25,75.33,75.26,high_O,low_C,O>C,O>M>P>C,T,T,T,F,F,T
1782756003.044,12857,75.25,75.24,75.26,75.26,TIE,low_C,TIE,TIE,T,F,F,F,F,TIE
1782756011.523,12858,75.24,75.19,75.21,75.26,high_P,low_C,P>C,P>O>M>C,T,T,F,F,F,F
1782756061.61,12859,75.19,75.14,75.15,75.15,high_O,low_C,O>C,TIE,T,T,T,F,F,TIE
1782756127.838,12860,75.14,75.28,75.25,75.18,high_C,low_O,C>O,C>M>P>O,F,F,F,T,T,T
1782756169.74,12861,75.28,75.23,75.24,75.26,high_O,low_C,O>C,O>P>M>C,T,T,T,F,F,F
1782756259.056,12862,75.23,75.25,75.3,75.31,high_P,low_O,P>O,P>M>C>O,F,F,F,F,F,F
1782756361.513,12863,75.25,75.41,75.4,75.43,high_P,low_O,P>O,P>C>M>O,F,F,F,T,F,F
1782756430.909,12864,75.41,75.47,75.41,75.41,high_C,TIE,TIE,TIE,F,TIE,TIE,T,T,TIE
1782756514.43,12865,75.47,75.65,75.51,75.52,high_C,low_O,C>O,C>P>M>O,F,F,F,T,T,F
1782756523.521,12866,75.65,75.7,75.69,75.69,high_C,low_O,C>O,TIE,F,F,F,T,T,TIE
1782756537.037,12867,75.7,75.71,75.72,75.72,TIE,low_O,TIE,TIE,F,F,F,F,F,TIE
1782756553.486,12868,75.71,75.8,75.75,75.72,high_C,low_O,C>O,C>M>P>O,F,F,F,T,T,T
1782756594.735,12869,75.8,75.62,75.69,75.8,TIE,low_C,TIE,TIE,T,T,TIE,F,F,F
1782756722.316,12870,75.62,75.69,75.67,75.69,TIE,low_O,TIE,TIE,F,F,F,T,TIE,F
1782756840.155,12871,75.69,75.64,75.64,75.6,high_O,low_P,O>P,TIE,T,T,T,TIE,T,T
1782756995.22,12872,75.64,75.37,75.5,75.63,high_O,low_C,O>C,O>P>M>C,T,T,T,F,F,F
1782757093.329,12873,75.37,75.4,75.34,75.33,high_C,low_P,C>P,C>O>M>P,F,T,T,T,T,T
1782757156.79,12874,75.4,75.54,75.41,75.36,high_C,low_P,C>P,C>M>O>P,F,F,T,T,T,T
1782757296.202,12875,75.54,75.5,75.5,75.5,high_O,TIE,TIE,TIE,T,T,T,TIE,TIE,TIE
1782757472.42,12876,75.5,75.45,75.58,75.61,high_P,low_C,P>C,P>M>O>C,T,F,F,F,F,F
1782757601.926,12877,75.45,75.37,75.4,75.4,high_O,low_C,O>C,TIE,T,T,T,F,F,TIE
1782757685.283,12878,75.37,75.23,75.3,75.23,high_O,TIE,TIE,TIE,T,T,T,F,TIE,T
1782757754.481,12879,75.23,75.16,75.24,75.25,high_P,low_C,P>C,P>M>O>C,T,F,F,F,F,F
1782757832.788,12880,75.16,75.2,75.2,75.2,TIE,low_O,TIE,TIE,F,F,F,TIE,TIE,TIE
1782757924.481,12881,75.2,75.28,75.21,75.21,high_C,low_O,C>O,TIE,F,F,F,T,T,TIE
1782758086.168,12882,75.28,75.33,75.32,75.3,high_C,low_O,C>O,C>M>P>O,F,F,F,T,T,T
1782758219.4,12883,75.33,75.4,75.4,75.4,TIE,low_O,TIE,TIE,F,F,F,TIE,TIE,TIE
1782758286.257,12884,75.4,75.47,75.44,75.44,high_C,low_O,C>O,TIE,F,F,F,T,T,TIE
1782758385.2,12885,75.47,75.57,75.52,75.52,high_C,low_O,C>O,TIE,F,F,F,T,T,TIE
1782758447.23,12886,75.57,75.68,75.63,75.61,high_C,low_O,C>O,C>M>P>O,F,F,F,T,T,T
1782758542.076,12887,75.68,75.64,75.68,75.68,TIE,low_C,TIE,TIE,T,TIE,TIE,F,F,TIE
1782758631.007,12888,75.64,75.61,75.66,75.63,high_M,low_C,M>C,M>O>P>C,T,F,T,F,F,T
1782758808.595,12889,75.61,75.53,75.64,75.57,high_M,low_C,M>C,M>O>P>C,T,F,T,F,F,T
1782758937.43,12890,75.53,75.52,75.46,75.44,high_O,low_P,O>P,O>C>M>P,T,T,T,T,T,T
1782759150.452,12891,75.52,75.46,75.42,75.4,high_O,low_P,O>P,O>C>M>P,T,T,T,T,T,T
1782759302.192,12892,75.46,75.49,75.48,75.44,high_C,low_P,C>P,C>M>O>P,F,F,T,T,T,T
1782759600.373,12893,75.49,75.59,75.53,75.54,high_C,low_O,C>O,C>P>M>O,F,F,F,T,T,F
1782759671.155,12894,75.59,75.46,75.5,75.5,high_O,low_C,O>C,TIE,T,T,T,F,F,TIE
1782759815.87,12895,75.46,75.45,75.45,75.44,high_O,low_P,O>P,TIE,T,T,T,TIE,T,T
1782759970.873,12896,75.45,75.5,75.48,75.47,high_C,low_O,C>O,C>M>P>O,F,F,F,T,T,T
1782760091.864,12897,75.5,75.64,75.53,75.52,high_C,low_O,C>O,C>M>P>O,F,F,F,T,T,T
1782760202.623,12898,75.64,75.54,75.59,75.65,high_P,low_C,P>C,P>O>M>C,T,T,F,F,F,F
1782760294.256,12899,75.53,75.7,75.64,75.7,TIE,low_O,TIE,TIE,F,F,F,T,TIE,F
1782760399.518,12900,75.7,75.57,75.72,75.6,high_M,low_C,M>C,M>O>P>C,T,F,T,F,F,T
1782760441.834,12901,75.57,75.47,75.51,75.56,high_O,low_C,O>C,O>P>M>C,T,T,T,F,F,F
1782760571.025,12902,75.47,75.54,75.46,75.45,high_C,low_P,C>P,C>O>M>P,F,T,T,T,T,T
1782760665.148,12903,75.54,75.78,75.7,75.7,high_C,low_O,C>O,TIE,F,F,F,T,T,TIE
1782760694.524,12904,75.78,75.82,75.8,75.8,high_C,low_O,C>O,TIE,F,F,F,T,T,TIE
1782760710.813,12905,75.82,75.78,75.79,75.78,high_O,TIE,TIE,TIE,T,T,T,F,TIE,T
1782760813.177,12906,75.78,75.85,75.77,75.81,high_C,low_M,C>M,C>P>O>M,F,T,F,T,T,F
1782760849.658,12907,75.85,75.92,75.92,75.92,TIE,low_O,TIE,TIE,F,F,F,TIE,TIE,TIE
1782760958.77,12908,75.92,75.91,75.9,75.9,high_O,TIE,TIE,TIE,T,T,T,T,T,TIE
1782761077.487,12909,75.91,75.97,75.92,75.91,high_C,TIE,TIE,TIE,F,F,TIE,T,T,T
1782761126.205,12910,75.97,75.9,75.95,75.9,high_O,TIE,TIE,TIE,T,T,T,F,TIE,T
1782761129.942,12911,75.9,75.86,75.9,75.9,TIE,low_C,TIE,TIE,T,TIE,TIE,F,F,TIE
1782761278.036,12912,75.86,75.94,75.87,75.86,high_C,TIE,TIE,TIE,F,F,TIE,T,T,T
1782761322.075,12914,75.98,75.98,76.0,76.0,TIE,TIE,TIE,TIE,TIE,F,F,F,F,TIE
1782761339.32,12915,75.98,76.15,76.11,76.09,high_C,low_O,C>O,C>M>P>O,F,F,F,T,T,T
1782761377.75,12916,76.15,76.03,76.1,76.07,high_O,low_C,O>C,O>M>P>C,T,T,T,F,F,T
1782761416.48,12917,76.03,75.98,76.02,76.02,high_O,low_C,O>C,TIE,T,T,T,F,F,TIE
1782761505.486,12918,75.98,75.97,76.01,76.01,TIE,low_C,TIE,TIE,T,F,F,F,F,TIE
1782761550.843,12919,75.97,75.87,75.9,75.9,high_O,low_C,O>C,TIE,T,T,T,F,F,TIE
1782761606.858,12920,75.87,75.72,75.84,75.86,high_O,low_C,O>C,O>P>M>C,T,T,T,F,F,F
1782761669.346,12921,75.72,75.66,75.73,75.74,high_P,low_C,P>C,P>M>O>C,T,F,F,F,F,F
1782761766.009,12922,75.66,75.72,75.7,75.66,high_C,TIE,TIE,TIE,F,F,TIE,T,T,T
1782761895.001,12923,75.72,75.85,75.72,75.71,high_C,low_P,C>P,TIE,F,TIE,T,T,T,T
1782761983.325,12924,75.85,75.8,75.83,75.8,high_O,TIE,TIE,TIE,T,T,T,F,TIE,T
1782762042.366,12925,75.8,75.91,75.86,75.85,high_C,low_O,C>O,C>M>P>O,F,F,F,T,T,T
1782762229.259,12926,75.91,75.8,75.85,75.87,high_O,low_C,O>C,O>P>M>C,T,T,T,F,F,F
1782762286.509,12927,75.8,75.95,75.88,75.9,high_C,low_O,C>O,C>P>M>O,F,F,F,T,T,F
1782762343.401,12928,75.95,76.0,75.98,75.98,high_C,low_O,C>O,TIE,F,F,F,T,T,TIE
1782762445.847,12929,76.0,75.97,75.99,76.02,high_P,low_C,P>C,P>O>M>C,T,T,F,F,F,F
1782762515.702,12930,75.97,75.87,75.9,75.89,high_O,low_C,O>C,O>M>P>C,T,T,T,F,F,T
1782762600.219,12931,75.87,76.01,76.03,76.0,high_M,low_O,M>O,M>C>P>O,F,F,F,F,T,T
1782762603.632,12932,76.01,75.87,75.92,75.91,high_O,low_C,O>C,O>M>P>C,T,T,T,F,F,T
1782762692.588,12933,75.87,76.08,75.9,75.87,high_C,TIE,TIE,TIE,F,F,TIE,T,T,T
1782762699.557,12934,76.08,76.17,76.14,76.14,high_C,low_O,C>O,TIE,F,F,F,T,T,TIE
1782762721.615,12935,76.17,76.16,76.18,76.19,high_P,low_C,P>C,P>M>O>C,T,F,F,F,F,F
1782762795.752,12936,76.16,76.07,76.1,76.13,high_O,low_C,O>C,O>P>M>C,T,T,T,F,F,F
1782762866.209,12937,76.07,75.97,76.0,75.93,high_O,low_P,O>P,O>M>C>P,T,T,T,F,T,T
1782763025.884,12938,75.97,75.92,75.95,75.95,high_O,low_C,O>C,TIE,T,T,T,F,F,TIE
1782763151.027,12939,75.92,76.0,75.96,75.94,high_C,low_O,C>O,C>M>P>O,F,F,F,T,T,T
1782763195.812,12940,76.0,75.96,75.98,75.97,high_O,low_C,O>C,O>M>P>C,T,T,T,F,F,T
1782763221.423,12941,75.96,75.88,75.89,75.88,high_O,TIE,TIE,TIE,T,T,T,F,TIE,T
1782763268.23,12942,75.88,75.8,75.8,75.79,high_O,low_P,O>P,TIE,T,T,T,TIE,T,T
1782763378.54,12943,75.8,75.85,75.81,75.83,high_C,low_O,C>O,C>P>M>O,F,F,F,T,T,F
1782763455.904,12944,75.85,75.8,75.83,75.83,high_O,low_C,O>C,TIE,T,T,T,F,F,TIE
1782763595.11,12945,75.8,75.86,75.8,75.84,high_C,TIE,TIE,TIE,F,TIE,F,T,T,F
1782763651.359,12946,75.86,75.88,75.88,75.88,TIE,low_O,TIE,TIE,F,F,F,TIE,TIE,TIE
1782763781.17,12947,75.88,75.81,75.83,75.84,high_O,low_C,O>C,O>P>M>C,T,T,T,F,F,F
1782763876.711,12948,75.81,75.68,75.71,75.7,high_O,low_C,O>C,O>M>P>C,T,T,T,F,F,T
1782763899.614,12949,75.68,75.61,75.64,75.62,high_O,low_C,O>C,O>M>P>C,T,T,T,F,F,T
1782763905.577,12950,75.61,75.62,75.59,75.58,high_C,low_P,C>P,C>O>M>P,F,T,T,T,T,T
1782763977.641,12951,75.62,75.73,75.68,75.67,high_C,low_O,C>O,C>M>P>O,F,F,F,T,T,T
1782764192.58,12952,75.73,75.67,75.71,75.7,high_O,low_C,O>C,O>M>P>C,T,T,T,F,F,T
1782764363.98,12953,75.67,75.64,75.64,75.63,high_O,low_P,O>P,TIE,T,T,T,TIE,T,T
1782764457.756,12954,75.64,75.66,75.63,75.62,high_C,low_P,C>P,C>O>M>P,F,T,T,T,T,T
1782764569.667,12955,75.66,75.65,75.6,75.6,high_O,TIE,TIE,TIE,T,T,T,T,T,TIE
1782764697.207,12956,75.65,75.57,75.59,75.59,high_O,low_C,O>C,TIE,T,T,T,F,F,TIE
1782764889.991,12958,75.53,75.53,75.53,75.53,TIE,TIE,TIE,TIE,TIE,TIE,TIE,TIE,TIE,TIE
1782765117.741,12959,75.53,75.47,75.48,75.47,high_O,TIE,TIE,TIE,T,T,T,F,TIE,T
1782765219.322,12960,75.47,75.58,75.53,75.5,high_C,low_O,C>O,C>M>P>O,F,F,F,T,T,T
1782765314.482,12961,75.58,75.66,75.65,75.66,TIE,low_O,TIE,TIE,F,F,F,T,TIE,F
1782765485.237,12962,75.66,75.48,75.64,75.65,high_O,low_C,O>C,O>P>M>C,T,T,T,F,F,F
1782765549.681,12963,75.48,75.52,75.49,75.5,high_C,low_O,C>O,C>P>M>O,F,F,F,T,T,F
1782765687.815,12964,75.52,75.45,75.48,75.45,high_O,TIE,TIE,TIE,T,T,T,F,TIE,T
1782765757.267,12965,75.45,75.4,75.43,75.41,high_O,low_C,O>C,O>M>P>C,T,T,T,F,F,T
1782765757.269,12966,75.4,75.36,75.38,75.4,TIE,low_C,TIE,TIE,T,T,TIE,F,F,F
1782765804.754,12967,75.36,75.41,75.39,75.35,high_C,low_P,C>P,C>M>O>P,F,F,T,T,T,T
1782765893.505,12968,75.41,75.39,75.37,75.36,high_O,low_P,O>P,O>C>M>P,T,T,T,T,T,T
1782765933.685,12969,75.39,75.29,75.3,75.28,high_O,low_P,O>P,O>M>C>P,T,T,T,F,T,T
1782766060.824,12970,75.29,75.3,75.28,75.24,high_C,low_P,C>P,C>O>M>P,F,T,T,T,T,T
1782766155.589,12971,75.3,75.43,75.37,75.39,high_C,low_O,C>O,C>P>M>O,F,F,F,T,T,F
1782766299.901,12973,75.47,75.47,75.47,75.47,TIE,TIE,TIE,TIE,TIE,TIE,TIE,TIE,TIE,TIE
1782766458.14,12974,75.47,75.37,75.4,75.37,high_O,TIE,TIE,TIE,T,T,T,F,TIE,T
1782766568.746,12975,75.37,75.35,75.35,75.35,high_O,TIE,TIE,TIE,T,T,T,TIE,TIE,TIE
1782766707.725,12976,75.35,75.37,75.32,75.32,high_C,TIE,TIE,TIE,F,T,T,T,T,TIE
1782766859.854,12977,75.37,75.35,75.37,75.37,TIE,low_C,TIE,TIE,T,TIE,TIE,F,F,TIE
1782766923.989,12978,75.35,75.44,75.44,75.45,high_P,low_O,P>O,TIE,F,F,F,TIE,F,F
1782767013.354,12979,75.44,75.43,75.43,75.43,high_O,TIE,TIE,TIE,T,T,T,TIE,TIE,TIE
1782767073.354,12980,75.43,75.34,75.41,75.43,TIE,low_C,TIE,TIE,T,T,TIE,F,F,F
1782767096.805,12981,75.34,75.28,75.3,75.3,high_O,low_C,O>C,TIE,T,T,T,F,F,TIE
1782767141.986,12983,75.22,75.22,75.22,75.22,TIE,TIE,TIE,TIE,TIE,TIE,TIE,TIE,TIE,TIE
1782767184.723,12984,75.22,75.27,75.29,75.31,high_P,low_O,P>O,P>M>C>O,F,F,F,F,F,F
1782767294.097,12985,75.27,75.42,75.36,75.39,high_C,low_O,C>O,C>P>M>O,F,F,F,T,T,F
1782767411.657,12986,75.42,75.33,75.41,75.41,high_O,low_C,O>C,TIE,T,T,T,F,F,TIE
1782767483.211,12987,75.33,75.47,75.4,75.4,high_C,low_O,C>O,TIE,F,F,F,T,T,TIE
1782767517.247,12988,75.47,75.5,75.49,75.47,high_C,TIE,TIE,TIE,F,F,TIE,T,T,T
1782767584.567,12989,75.5,75.66,75.53,75.46,high_C,low_P,C>P,C>M>O>P,F,F,T,T,T,T
1782767686.253,12990,75.66,75.54,75.57,75.52,high_O,low_P,O>P,O>M>C>P,T,T,T,F,T,T
1782767776.049,12991,75.54,75.53,75.53,75.5,high_O,low_P,O>P,TIE,T,T,T,TIE,T,T
1782767882.578,12992,75.53,75.52,75.51,75.52,high_O,low_M,O>M,TIE,T,T,T,T,TIE,F
1782768123.09,12994,75.48,75.48,75.48,75.46,TIE,low_P,TIE,TIE,TIE,TIE,T,TIE,T,T
1782768354.059,12995,75.48,75.45,75.51,75.54,high_P,low_C,P>C,P>M>O>C,T,F,F,F,F,F
1782768582.561,12996,75.45,75.46,75.45,75.45,high_C,TIE,TIE,TIE,F,TIE,TIE,T,T,TIE
1782768693.889,12997,75.46,75.51,75.44,75.42,high_C,low_P,C>P,C>O>M>P,F,T,T,T,T,T
1782768785.733,12998,75.51,75.64,75.61,75.62,high_C,low_O,C>O,C>P>M>O,F,F,F,T,T,F
1782768916.733,12999,75.64,75.6,75.62,75.64,TIE,low_C,TIE,TIE,T,T,TIE,F,F,F
1782769157.135,13000,75.6,75.71,75.61,75.6,high_C,TIE,TIE,TIE,F,F,TIE,T,T,T
1782769180.03,13001,75.71,75.77,75.75,75.77,TIE,low_O,TIE,TIE,F,F,F,T,TIE,F
1782769206.647,13002,75.77,75.74,75.75,75.77,TIE,low_C,TIE,TIE,T,T,TIE,F,F,F
1782769339.067,13003,75.74,75.56,75.71,75.71,high_O,low_C,O>C,TIE,T,T,T,F,F,TIE
1782769339.586,13004,75.56,75.47,75.51,75.52,high_O,low_C,O>C,O>P>M>C,T,T,T,F,F,F
1782769429.87,13005,75.47,75.6,75.52,75.53,high_C,low_O,C>O,C>P>M>O,F,F,F,T,T,F
1782769671.435,13006,75.6,75.69,75.6,75.6,high_C,TIE,TIE,TIE,F,TIE,TIE,T,T,TIE
1782769889.885,13007,75.69,75.6,75.65,75.67,high_O,low_C,O>C,O>P>M>C,T,T,T,F,F,F
1782770067.946,13008,75.6,75.62,75.59,75.58,high_C,low_P,C>P,C>O>M>P,F,T,T,T,T,T
1782770255.968,13009,75.62,75.51,75.55,75.62,TIE,low_C,TIE,TIE,T,T,TIE,F,F,F
1782770418.666,13010,75.51,75.46,75.48,75.5,high_O,low_C,O>C,O>P>M>C,T,T,T,F,F,F
1782770620.098,13011,75.46,75.48,75.48,75.48,TIE,low_O,TIE,TIE,F,F,F,TIE,TIE,TIE
1782770696.21,13012,75.48,75.54,75.52,75.55,high_P,low_O,P>O,P>C>M>O,F,F,F,T,F,F
1782770745.562,13013,75.54,75.58,75.52,75.54,high_C,low_M,C>M,TIE,F,T,TIE,T,T,F
1782770806.573,13014,75.58,75.44,75.49,75.49,high_O,low_C,O>C,TIE,T,T,T,F,F,TIE
1782770880.679,13015,75.44,75.51,75.55,75.56,high_P,low_O,P>O,P>M>C>O,F,F,F,F,F,F
1782771041.805,13016,75.51,75.59,75.57,75.6,high_P,low_O,P>O,P>C>M>O,F,F,F,T,F,F
1782771199.703,13017,75.59,75.53,75.51,75.5,high_O,low_P,O>P,O>C>M>P,T,T,T,T,T,T
1782771383.046,13018,75.53,75.58,75.55,75.6,high_P,low_O,P>O,P>C>M>O,F,F,F,T,F,F
1782771433.058,13019,75.58,75.49,75.56,75.56,high_O,low_C,O>C,TIE,T,T,T,F,F,TIE
1782771485.221,13020,75.49,75.44,75.49,75.49,TIE,low_C,TIE,TIE,T,TIE,TIE,F,F,TIE
1782771495.541,13021,75.43,75.35,75.4,75.44,high_P,low_C,P>C,P>O>M>C,T,T,F,F,F,F
1782771495.684,13022,75.35,75.29,75.33,75.33,high_O,low_C,O>C,TIE,T,T,T,F,F,TIE
1782771508.525,13023,75.29,75.3,75.27,75.27,high_C,TIE,TIE,TIE,F,T,T,T,T,TIE
1782771636.026,13024,75.3,75.42,75.3,75.3,high_C,TIE,TIE,TIE,F,TIE,TIE,T,T,TIE
1782771732.407,13025,75.42,75.38,75.45,75.46,high_P,low_C,P>C,P>M>O>C,T,F,F,F,F,F
1782771818.699,13026,75.38,75.31,75.34,75.34,high_O,low_C,O>C,TIE,T,T,T,F,F,TIE
1782771930.432,13027,75.31,75.29,75.31,75.31,TIE,low_C,TIE,TIE,T,TIE,TIE,F,F,TIE
1782772069.292,13028,75.29,75.33,75.3,75.31,high_C,low_O,C>O,C>P>M>O,F,F,F,T,T,F
1782772144.356,13029,75.33,75.37,75.38,75.37,high_M,low_O,M>O,TIE,F,F,F,F,TIE,T
1782772307.474,13030,75.37,75.33,75.37,75.37,TIE,low_C,TIE,TIE,T,TIE,TIE,F,F,TIE
1782772448.795,13031,75.33,75.28,75.29,75.27,high_O,low_P,O>P,O>M>C>P,T,T,T,F,T,T
1782772471.141,13032,75.28,75.22,75.29,75.29,TIE,low_C,TIE,TIE,T,F,F,F,F,TIE
1782772547.938,13033,75.22,75.21,75.21,75.22,TIE,TIE,TIE,TIE,T,T,TIE,TIE,F,F
1782772583.87,13034,75.21,75.24,75.19,75.18,high_C,low_P,C>P,C>O>M>P,F,T,T,T,T,T
1782772695.466,13035,75.24,75.21,75.2,75.19,high_O,low_P,O>P,O>C>M>P,T,T,T,T,T,T
1782772818.514,13036,75.21,75.16,75.22,75.24,high_P,low_C,P>C,P>M>O>C,T,F,F,F,F,F
1782772821.455,13037,75.16,75.18,75.15,75.15,high_C,TIE,TIE,TIE,F,T,T,T,T,TIE
1782772879.758,13038,75.18,75.24,75.24,75.24,TIE,low_O,TIE,TIE,F,F,F,TIE,TIE,TIE
1782772964.662,13039,75.24,75.26,75.22,75.22,high_C,TIE,TIE,TIE,F,T,T,T,T,TIE
1782773378.092,13041,75.28,75.28,75.27,75.27,TIE,TIE,TIE,TIE,TIE,T,T,T,T,TIE
1782773484.172,13042,75.28,75.18,75.18,75.18,high_O,TIE,TIE,TIE,T,T,T,TIE,TIE,TIE
1782773508.542,13043,75.18,75.16,75.19,75.2,high_P,low_C,P>C,P>M>O>C,T,F,F,F,F,F
1782773508.586,13044,75.16,75.09,75.13,75.13,high_O,low_C,O>C,TIE,T,T,T,F,F,TIE
1782773508.717,13045,75.09,75.01,75.06,75.08,high_O,low_C,O>C,O>P>M>C,T,T,T,F,F,F
1782773508.72,13046,75.01,75.0,75.01,75.0,TIE,TIE,TIE,TIE,T,TIE,T,F,TIE,T
1782773508.949,13047,75.0,75.03,75.04,75.04,TIE,low_O,TIE,TIE,F,F,F,F,F,TIE
1782773511.066,13048,75.03,75.07,75.07,75.07,TIE,low_O,TIE,TIE,F,F,F,TIE,TIE,TIE
1782773514.168,13049,75.07,75.1,75.07,75.07,high_C,TIE,TIE,TIE,F,TIE,TIE,T,T,TIE
1782773522.053,13050,75.1,75.06,75.09,75.1,TIE,low_C,TIE,TIE,T,T,TIE,F,F,F
1782773533.871,13051,75.06,75.11,75.09,75.11,TIE,low_O,TIE,TIE,F,F,F,T,TIE,F
1782773619.343,13052,75.11,75.25,75.21,75.21,high_C,low_O,C>O,TIE,F,F,F,T,T,TIE
1782773658.038,13053,75.25,75.4,75.3,75.25,high_C,TIE,TIE,TIE,F,F,TIE,T,T,T
1782773669.601,13054,75.4,75.44,75.42,75.45,high_P,low_O,P>O,P>C>M>O,F,F,F,T,F,F
1782773710.205,13055,75.44,75.41,75.44,75.46,high_P,low_C,P>C,TIE,T,TIE,F,F,F,F
1782773827.308,13056,75.41,75.32,75.32,75.32,high_O,TIE,TIE,TIE,T,T,T,TIE,TIE,TIE
1782773846.079,13057,75.32,75.25,75.26,75.25,high_O,TIE,TIE,TIE,T,T,T,F,TIE,T
1782773931.958,13058,75.25,75.26,75.23,75.21,high_C,low_P,C>P,C>O>M>P,F,T,T,T,T,T
1782774053.486,13059,75.26,75.29,75.27,75.27,high_C,low_O,C>O,TIE,F,F,F,T,T,TIE
1782774294.214,13061,75.32,75.32,75.32,75.32,TIE,TIE,TIE,TIE,TIE,TIE,TIE,TIE,TIE,TIE
1782774372.91,13062,75.32,75.25,75.27,75.25,high_O,TIE,TIE,TIE,T,T,T,F,TIE,T
1782774480.096,13063,75.25,75.32,75.26,75.28,high_C,low_O,C>O,C>P>M>O,F,F,F,T,T,F
1782774626.387,13064,75.32,75.38,75.36,75.36,high_C,low_O,C>O,TIE,F,F,F,T,T,TIE
1782774701.891,13065,75.38,75.32,75.34,75.38,TIE,low_C,TIE,TIE,T,T,TIE,F,F,F
1782774760.793,13066,75.32,75.34,75.34,75.34,TIE,low_O,TIE,TIE,F,F,F,TIE,TIE,TIE
1782774885.989,13067,75.34,75.36,75.34,75.32,high_C,low_P,C>P,TIE,F,TIE,T,T,T,T
1782775040.935,13068,75.36,75.33,75.33,75.33,high_O,TIE,TIE,TIE,T,T,T,TIE,TIE,TIE
1782775202.151,13069,75.33,75.27,75.29,75.29,high_O,low_C,O>C,TIE,T,T,T,F,F,TIE
1782775214.507,13070,75.27,75.18,75.18,75.18,high_O,TIE,TIE,TIE,T,T,T,TIE,TIE,TIE
1782775287.364,13071,75.18,75.16,75.2,75.22,high_P,low_C,P>C,P>M>O>C,T,F,F,F,F,F
1782775315.261,13072,75.16,75.14,75.15,75.15,high_O,low_C,O>C,TIE,T,T,T,F,F,TIE
1782775369.64,13073,75.14,75.15,75.14,75.14,high_C,TIE,TIE,TIE,F,TIE,TIE,T,T,TIE
1782775407.449,13074,75.15,75.11,75.11,75.1,high_O,low_P,O>P,TIE,T,T,T,TIE,T,T
1782775449.592,13075,75.11,75.06,75.06,75.07,high_O,TIE,TIE,TIE,T,T,T,TIE,F,F
1782775529.65,13076,75.06,75.16,75.13,75.16,TIE,low_O,TIE,TIE,F,F,F,T,TIE,F
1782775626.989,13077,75.16,75.25,75.19,75.19,high_C,low_O,C>O,TIE,F,F,F,T,T,TIE
1782775718.254,13078,75.25,75.2,75.22,75.21,high_O,low_C,O>C,O>M>P>C,T,T,T,F,F,T
1782775784.364,13079,75.2,75.18,75.2,75.2,TIE,low_C,TIE,TIE,T,TIE,TIE,F,F,TIE
1782775805.892,13080,75.18,75.1,75.13,75.13,high_O,low_C,O>C,TIE,T,T,T,F,F,TIE
1782775806.421,13081,75.1,75.09,75.1,75.09,TIE,TIE,TIE,TIE,T,TIE,T,F,TIE,T
1782775812.756,13083,75.05,75.05,75.06,75.07,high_P,TIE,TIE,TIE,TIE,F,F,F,F,F
1782775819.531,13085,75.01,75.01,75.01,75.01,TIE,TIE,TIE,TIE,TIE,TIE,TIE,TIE,TIE,TIE
1782775819.651,13086,75.01,74.97,74.99,75.0,high_O,low_C,O>C,O>P>M>C,T,T,T,F,F,F
1782775821.072,13087,74.97,74.95,74.95,74.94,high_O,low_P,O>P,TIE,T,T,T,TIE,T,T
1782775826.573,13088,74.95,74.92,74.96,74.95,high_M,low_C,M>C,TIE,T,F,TIE,F,F,T
1782775830.15,13089,74.92,74.95,74.92,74.92,high_C,TIE,TIE,TIE,F,TIE,TIE,T,T,TIE
1782775833.245,13090,74.95,74.92,74.92,74.92,high_O,TIE,TIE,TIE,T,T,T,TIE,TIE,TIE
1782775835.305,13091,74.92,74.93,74.91,74.91,high_C,TIE,TIE,TIE,F,T,T,T,T,TIE
1782775836.982,13092,74.93,74.95,74.96,74.96,TIE,low_O,TIE,TIE,F,F,F,F,F,TIE
1782775837.596,13093,74.95,74.96,74.97,74.97,TIE,low_O,TIE,TIE,F,F,F,F,F,TIE
1782775840.05,13094,74.96,74.92,74.94,74.92,high_O,TIE,TIE,TIE,T,T,T,F,TIE,T
1782775840.522,13095,74.92,74.91,74.92,74.92,TIE,low_C,TIE,TIE,T,TIE,TIE,F,F,TIE
1782775842.744,13096,74.91,74.93,74.91,74.9,high_C,low_P,C>P,TIE,F,TIE,T,T,T,T
1782775848.335,13097,74.93,74.89,74.88,74.87,high_O,low_P,O>P,O>C>M>P,T,T,T,T,T,T
1782775870.127,13098,74.89,74.97,74.92,74.91,high_C,low_O,C>O,C>M>P>O,F,F,F,T,T,T
1782775896.416,13099,74.97,74.95,74.93,74.92,high_O,low_P,O>P,O>C>M>P,T,T,T,T,T,T
1782775916.35,13100,74.95,74.96,74.96,74.97,high_P,low_O,P>O,TIE,F,F,F,TIE,F,F
1782775961.7,13101,74.96,74.98,74.97,74.97,high_C,low_O,C>O,TIE,F,F,F,T,T,TIE
1782776050.084,13103,74.99,74.99,75.0,74.99,high_M,TIE,TIE,TIE,TIE,F,TIE,F,TIE,T
1782776077.49,13104,74.99,74.98,75.0,75.0,TIE,low_C,TIE,TIE,T,F,F,F,F,TIE
1782776081.785,13105,74.98,74.97,74.98,74.98,TIE,low_C,TIE,TIE,T,TIE,TIE,F,F,TIE
1782776118.424,13107,74.98,74.98,74.99,74.99,TIE,TIE,TIE,TIE,TIE,F,F,F,F,TIE
1782776348.004,13109,75.02,75.02,75.03,75.02,high_M,TIE,TIE,TIE,TIE,F,TIE,F,TIE,T
1782776402.978,13110,75.02,74.98,75.01,75.02,TIE,low_C,TIE,TIE,T,T,TIE,F,F,F
1782776473.862,13111,74.98,74.95,74.95,74.95,high_O,TIE,TIE,TIE,T,T,T,TIE,TIE,TIE
1782776580.907,13112,74.95,75.01,75.0,75.0,high_C,low_O,C>O,TIE,F,F,F,T,T,TIE
1782776694.19,13113,75.01,74.98,75.01,75.02,high_P,low_C,P>C,TIE,T,TIE,F,F,F,F
1782776700.526,13114,74.98,75.0,74.99,74.99,high_C,low_O,C>O,TIE,F,F,F,T,T,TIE
1782776780.845,13115,75.0,75.09,75.05,75.07,high_C,low_O,C>O,C>P>M>O,F,F,F,T,T,F
1782776830.704,13116,75.09,75.07,75.1,75.1,TIE,low_C,TIE,TIE,T,F,F,F,F,TIE
1782776834.699,13117,75.07,75.02,75.04,75.03,high_O,low_C,O>C,O>M>P>C,T,T,T,F,F,T
1782776834.702,13118,75.02,75.0,75.01,75.01,high_O,low_C,O>C,TIE,T,T,T,F,F,TIE
1782776887.321,13119,75.0,75.1,75.05,75.05,high_C,low_O,C>O,TIE,F,F,F,T,T,TIE
1782776919.958,13120,75.1,75.11,75.09,75.11,TIE,low_M,TIE,TIE,F,T,F,T,TIE,F
1782776920.243,13121,75.11,75.22,75.17,75.18,high_C,low_O,C>O,C>P>M>O,F,F,F,T,T,F
1782776927.85,13122,75.22,75.13,75.22,75.22,TIE,low_C,TIE,TIE,T,TIE,TIE,F,F,TIE
1782776957.143,13123,75.13,75.05,75.1,75.06,high_O,low_C,O>C,O>M>P>C,T,T,T,F,F,T
1782776999.386,13124,75.05,75.14,75.09,75.07,high_C,low_O,C>O,C>M>P>O,F,F,F,T,T,T
1782777050.885,13125,75.14,75.12,75.17,75.17,TIE,low_C,TIE,TIE,T,F,F,F,F,TIE
1782777114.325,13126,75.12,75.03,75.06,75.09,high_O,low_C,O>C,O>P>M>C,T,T,T,F,F,F
1782777152.699,13127,75.03,75.02,75.02,75.02,high_O,TIE,TIE,TIE,T,T,T,TIE,TIE,TIE
1782777206.915,13128,75.02,75.05,75.05,75.05,TIE,low_O,TIE,TIE,F,F,F,TIE,TIE,TIE
1782777240.534,13129,75.05,75.01,75.01,75.01,high_O,TIE,TIE,TIE,T,T,T,TIE,TIE,TIE
1782777291.912,13130,75.01,75.03,75.01,75.01,high_C,TIE,TIE,TIE,F,TIE,TIE,T,T,TIE
1782777350.452,13131,75.03,75.01,75.01,75.01,high_O,TIE,TIE,TIE,T,T,T,TIE,TIE,TIE
1782777389.131,13132,75.01,75.0,75.01,75.01,TIE,low_C,TIE,TIE,T,TIE,TIE,F,F,TIE
1782777466.443,13133,75.0,75.05,75.05,75.07,high_P,low_O,P>O,TIE,F,F,F,TIE,F,F
1782777475.789,13134,75.05,75.04,75.02,75.01,high_O,low_P,O>P,O>C>M>P,T,T,T,T,T,T
1782777510.151,13135,75.04,75.06,75.04,75.04,high_C,TIE,TIE,TIE,F,TIE,TIE,T,T,TIE
1782777592.298,13136,75.06,75.07,75.05,75.05,high_C,TIE,TIE,TIE,F,T,T,T,T,TIE
1782777596.743,13137,75.07,75.14,75.14,75.08,TIE,low_O,TIE,TIE,F,F,F,TIE,T,T
1782777605.931,13138,75.14,75.07,75.07,75.07,high_O,TIE,TIE,TIE,T,T,T,TIE,TIE,TIE
1782777612.032,13139,75.07,75.04,75.06,75.07,TIE,low_C,TIE,TIE,T,T,TIE,F,F,F
1782777623.918,13140,75.04,75.11,75.11,75.11,TIE,low_O,TIE,TIE,F,F,F,TIE,TIE,TIE
1782777628.675,13141,75.11,75.09,75.1,75.1,high_O,low_C,O>C,TIE,T,T,T,F,F,TIE
1782777658.944,13142,75.09,75.13,75.08,75.09,high_C,low_M,C>M,TIE,F,T,TIE,T,T,F
1782777676.528,13143,75.13,75.14,75.1,75.09,high_C,low_P,C>P,C>O>M>P,F,T,T,T,T,T
1782777718.197,13144,75.14,75.15,75.14,75.14,high_C,TIE,TIE,TIE,F,TIE,TIE,T,T,TIE
1782777763.55,13145,75.15,75.14,75.16,75.15,high_M,low_C,M>C,TIE,T,F,TIE,F,F,T
1782777787.541,13146,75.14,75.11,75.09,75.07,high_O,low_P,O>P,O>C>M>P,T,T,T,T,T,T
1782777843.891,13147,75.11,75.06,75.1,75.1,high_O,low_C,O>C,TIE,T,T,T,F,F,TIE
1782777895.529,13148,75.06,75.17,75.11,75.1,high_C,low_O,C>O,C>M>P>O,F,F,F,T,T,T
1782777975.35,13150,75.07,75.07,75.08,75.07,high_M,TIE,TIE,TIE,TIE,F,TIE,F,TIE,T
1782778034.328,13151,75.07,75.0,75.05,75.06,high_O,low_C,O>C,O>P>M>C,T,T,T,F,F,F
1782778090.934,13152,75.0,75.03,75.03,75.04,high_P,low_O,P>O,TIE,F,F,F,TIE,F,F
1782778144.32,13153,75.03,74.98,74.99,75.0,high_O,low_C,O>C,O>P>M>C,T,T,T,F,F,F
1782778192.525,13154,74.98,74.95,74.94,74.93,high_O,low_P,O>P,O>C>M>P,T,T,T,T,T,T
1782778220.99,13155,74.95,74.92,74.96,74.96,TIE,low_C,TIE,TIE,T,F,F,F,F,TIE
1782778252.458,13156,74.92,74.96,74.91,74.92,high_C,low_M,C>M,TIE,F,T,TIE,T,T,F
1782778285.397,13157,74.96,75.0,74.96,74.96,high_C,TIE,TIE,TIE,F,TIE,TIE,T,T,TIE
1782778389.742,13159,75.02,75.02,75.03,75.03,TIE,TIE,TIE,TIE,TIE,F,F,F,F,TIE
1782778495.893,13160,75.02,74.95,74.98,75.02,TIE,low_C,TIE,TIE,T,T,TIE,F,F,F
1782778532.512,13161,74.95,74.99,74.96,74.97,high_C,low_O,C>O,C>P>M>O,F,F,F,T,T,F
1782778620.251,13162,74.99,75.01,75.01,75.01,TIE,low_O,TIE,TIE,F,F,F,TIE,TIE,TIE
1782778732.13,13163,75.01,74.93,74.96,74.92,high_O,low_P,O>P,O>M>C>P,T,T,T,F,T,T
1782778789.334,13164,74.93,74.86,74.88,74.88,high_O,low_C,O>C,TIE,T,T,T,F,F,TIE
1782778789.335,13165,74.86,74.84,74.85,74.84,high_O,TIE,TIE,TIE,T,T,T,F,TIE,T
1782778829.079,13167,74.83,74.83,74.82,74.82,TIE,TIE,TIE,TIE,TIE,T,T,T,T,TIE
1782778841.239,13168,74.83,74.78,74.82,74.83,TIE,low_C,TIE,TIE,T,T,TIE,F,F,F
1782778935.257,13170,74.81,74.81,74.8,74.83,high_P,low_M,P>M,TIE,TIE,T,F,T,F,F
1782778947.958,13171,74.81,74.79,74.8,74.8,high_O,low_C,O>C,TIE,T,T,T,F,F,TIE
1782779020.221,13172,74.79,74.77,74.78,74.78,high_O,low_C,O>C,TIE,T,T,T,F,F,TIE
1782779051.185,13173,74.77,74.78,74.79,74.79,TIE,low_O,TIE,TIE,F,F,F,F,F,TIE
1782779122.368,13174,74.78,74.77,74.8,74.79,high_M,low_C,M>C,M>P>O>C,T,F,F,F,F,T
1782779221.18,13175,74.77,74.82,74.82,74.83,high_P,low_O,P>O,TIE,F,F,F,TIE,F,F
1782779280.976,13176,74.82,74.75,74.76,74.75,high_O,TIE,TIE,TIE,T,T,T,F,TIE,T
1782779288.311,13177,74.75,74.69,74.71,74.71,high_O,low_C,O>C,TIE,T,T,T,F,F,TIE
1782779296.332,13179,74.66,74.66,74.67,74.67,TIE,TIE,TIE,TIE,TIE,F,F,F,F,TIE
1782779303.755,13180,74.66,74.7,74.7,74.7,TIE,low_O,TIE,TIE,F,F,F,TIE,TIE,TIE
1782779318.62,13181,74.7,74.68,74.7,74.7,TIE,low_C,TIE,TIE,T,TIE,TIE,F,F,TIE
1782779319.007,13182,74.68,74.65,74.65,74.65,high_O,TIE,TIE,TIE,T,T,T,TIE,TIE,TIE
1782779322.459,13183,74.65,74.67,74.67,74.67,TIE,low_O,TIE,TIE,F,F,F,TIE,TIE,TIE
1782779330.671,13184,74.67,74.6,74.62,74.61,high_O,low_C,O>C,O>M>P>C,T,T,T,F,F,T
1782779347.897,13185,74.6,74.62,74.61,74.61,high_C,low_O,C>O,TIE,F,F,F,T,T,TIE
1782779373.866,13186,74.62,74.61,74.6,74.6,high_O,TIE,TIE,TIE,T,T,T,T,T,TIE
1782779387.823,13187,74.61,74.59,74.62,74.61,high_M,low_C,M>C,TIE,T,F,TIE,F,F,T
1782779406.338,13188,74.59,74.56,74.58,74.59,TIE,low_C,TIE,TIE,T,T,TIE,F,F,F
1782779406.418,13189,74.56,74.53,74.52,74.51,high_O,low_P,O>P,O>C>M>P,T,T,T,T,T,T
1782779415.149,13190,74.53,74.54,74.54,74.54,TIE,low_O,TIE,TIE,F,F,F,TIE,TIE,TIE
1782779435.108,13191,74.54,74.56,74.53,74.53,high_C,TIE,TIE,TIE,F,T,T,T,T,TIE
1782779442.447,13192,74.56,74.53,74.52,74.52,high_O,TIE,TIE,TIE,T,T,T,T,T,TIE
1782779445.495,13193,74.53,74.49,74.51,74.5,high_O,low_C,O>C,O>M>P>C,T,T,T,F,F,T
1782779465.657,13194,74.49,74.5,74.48,74.49,high_C,low_M,C>M,TIE,F,T,TIE,T,T,F
1782779478.35,13195,74.5,74.47,74.47,74.48,high_O,TIE,TIE,TIE,T,T,T,TIE,F,F
1782779491.046,13196,74.47,74.45,74.47,74.47,TIE,low_C,TIE,TIE,T,TIE,TIE,F,F,TIE
1782779491.057,13197,74.45,74.44,74.42,74.41,high_O,low_P,O>P,O>C>M>P,T,T,T,T,T,T
1782779504.618,13198,74.44,74.48,74.45,74.45,high_C,low_O,C>O,TIE,F,F,F,T,T,TIE
1782779515.991,13199,74.48,74.42,74.47,74.48,TIE,low_C,TIE,TIE,T,T,TIE,F,F,F
1782779517.036,13200,74.42,74.38,74.39,74.38,high_O,TIE,TIE,TIE,T,T,T,F,TIE,T
1782779521.011,13201,74.38,74.34,74.36,74.38,TIE,low_C,TIE,TIE,T,T,TIE,F,F,F
1782779522.376,13202,74.34,74.3,74.32,74.32,high_O,low_C,O>C,TIE,T,T,T,F,F,TIE
1782779522.713,13203,74.3,74.32,74.32,74.32,TIE,low_O,TIE,TIE,F,F,F,TIE,TIE,TIE
1782779524.413,13205,74.33,74.33,74.33,74.33,TIE,TIE,TIE,TIE,TIE,TIE,TIE,TIE,TIE,TIE
1782779528.028,13206,74.33,74.27,74.32,74.33,TIE,low_C,TIE,TIE,T,T,TIE,F,F,F
1782779528.766,13207,74.27,74.28,74.28,74.28,TIE,low_O,TIE,TIE,F,F,F,TIE,TIE,TIE
1782779528.766,13208,74.28,74.31,74.3,74.31,TIE,low_O,TIE,TIE,F,F,F,T,TIE,F
1782779529.069,13209,74.31,74.27,74.28,74.27,high_O,TIE,TIE,TIE,T,T,T,F,TIE,T
1782779531.09,13210,74.27,74.29,74.29,74.29,TIE,low_O,TIE,TIE,F,F,F,TIE,TIE,TIE
1782779537.872,13211,74.29,74.37,74.36,74.36,high_C,low_O,C>O,TIE,F,F,F,T,T,TIE
1782779552.934,13212,74.37,74.42,74.39,74.39,high_C,low_O,C>O,TIE,F,F,F,T,T,TIE
1782779562.517,13213,74.42,74.53,74.48,74.42,high_C,TIE,TIE,TIE,F,F,TIE,T,T,T
1782779567.37,13214,74.53,74.57,74.55,74.55,high_C,low_O,C>O,TIE,F,F,F,T,T,TIE
1782779582.426,13215,74.57,74.61,74.58,74.58,high_C,low_O,C>O,TIE,F,F,F,T,T,TIE
1782779585.425,13216,74.61,74.62,74.61,74.61,high_C,TIE,TIE,TIE,F,TIE,TIE,T,T,TIE
1782779596.299,13217,74.62,74.58,74.58,74.59,high_O,TIE,TIE,TIE,T,T,T,TIE,F,F
1782779615.659,13218,74.58,74.51,74.55,74.52,high_O,low_C,O>C,O>M>P>C,T,T,T,F,F,T
1782779619.517,13219,74.51,74.49,74.5,74.5,high_O,low_C,O>C,TIE,T,T,T,F,F,TIE
1782779638.263,13220,74.49,74.55,74.56,74.56,TIE,low_O,TIE,TIE,F,F,F,F,F,TIE
1782779663.793,13221,74.55,74.45,74.5,74.5,high_O,low_C,O>C,TIE,T,T,T,F,F,TIE
1782779681.105,13222,74.45,74.48,74.44,74.45,high_C,low_M,C>M,TIE,F,T,TIE,T,T,F
1782779695.54,13223,74.48,74.46,74.48,74.44,TIE,low_P,TIE,TIE,T,TIE,T,F,T,T
1782779706.154,13224,74.46,74.48,74.49,74.5,high_P,low_O,P>O,P>M>C>O,F,F,F,F,F,F
1782779735.626,13225,74.48,74.41,74.45,74.42,high_O,low_C,O>C,O>M>P>C,T,T,T,F,F,T
1782779758.393,13226,74.41,74.46,74.44,74.45,high_C,low_O,C>O,C>P>M>O,F,F,F,T,T,F
1782779768.957,13227,74.46,74.38,74.46,74.46,TIE,low_C,TIE,TIE,T,TIE,TIE,F,F,TIE
1782779775.052,13228,74.38,74.32,74.34,74.33,high_O,low_C,O>C,O>M>P>C,T,T,T,F,F,T
1782779800.635,13229,74.32,74.29,74.33,74.33,TIE,low_C,TIE,TIE,T,F,F,F,F,TIE
1782779811.664,13230,74.29,74.26,74.29,74.29,TIE,low_C,TIE,TIE,T,TIE,TIE,F,F,TIE
1782779814.057,13231,74.26,74.29,74.27,74.26,high_C,TIE,TIE,TIE,F,F,TIE,T,T,T
1782779814.058,13232,74.29,74.3,74.3,74.3,TIE,low_O,TIE,TIE,F,F,F,TIE,TIE,TIE
1782779825.064,13233,74.3,74.25,74.29,74.24,high_O,low_P,O>P,O>M>C>P,T,T,T,F,T,T
1782779827.272,13234,74.25,74.26,74.26,74.26,TIE,low_O,TIE,TIE,F,F,F,TIE,TIE,TIE
1782779837.287,13235,74.26,74.27,74.26,74.25,high_C,low_P,C>P,TIE,F,TIE,T,T,T,T
1782779852.2,13236,74.27,74.25,74.27,74.27,TIE,low_C,TIE,TIE,T,TIE,TIE,F,F,TIE
1782779886.21,13237,74.25,74.24,74.27,74.28,high_P,low_C,P>C,P>M>O>C,T,F,F,F,F,F
1782779909.12,13238,74.24,74.28,74.23,74.23,high_C,TIE,TIE,TIE,F,T,T,T,T,TIE
1782779923.446,13239,74.28,74.3,74.31,74.32,high_P,low_O,P>O,P>M>C>O,F,F,F,F,F,F
1782779948.481,13240,74.3,74.31,74.31,74.31,TIE,low_O,TIE,TIE,F,F,F,TIE,TIE,TIE
1782779973.523,13241,74.31,74.22,74.25,74.25,high_O,low_C,O>C,TIE,T,T,T,F,F,TIE
1782779990.69,13242,74.22,74.24,74.25,74.24,high_M,low_O,M>O,TIE,F,F,F,F,TIE,T
1782780006.189,13243,74.24,74.3,74.27,74.25,high_C,low_O,C>O,C>M>P>O,F,F,F,T,T,T
1782780027.136,13244,74.3,74.31,74.31,74.31,TIE,low_O,TIE,TIE,F,F,F,TIE,TIE,TIE
1782780037.76,13245,74.31,74.22,74.24,74.22,high_O,TIE,TIE,TIE,T,T,T,F,TIE,T
1782780057.121,13246,74.22,74.2,74.2,74.2,high_O,TIE,TIE,TIE,T,T,T,TIE,TIE,TIE
1782780064.383,13247,74.2,74.16,74.18,74.18,high_O,low_C,O>C,TIE,T,T,T,F,F,TIE
1782780098.611,13249,74.18,74.18,74.17,74.17,TIE,TIE,TIE,TIE,TIE,T,T,T,T,TIE
1782780127.779,13250,74.18,74.19,74.24,74.25,high_P,low_O,P>O,P>M>C>O,F,F,F,F,F,F
1782780161.083,13251,74.19,74.22,74.21,74.19,high_C,TIE,TIE,TIE,F,F,TIE,T,T,T
1782780202.019,13252,74.22,74.26,74.23,74.23,high_C,low_O,C>O,TIE,F,F,F,T,T,TIE
1782780242.061,13254,74.29,74.29,74.29,74.29,TIE,TIE,TIE,TIE,TIE,TIE,TIE,TIE,TIE,TIE
1782780273.667,13255,74.29,74.32,74.29,74.29,high_C,TIE,TIE,TIE,F,TIE,TIE,T,T,TIE
1782780335.715,13257,74.35,74.35,74.35,74.35,TIE,TIE,TIE,TIE,TIE,TIE,TIE,TIE,TIE,TIE
1782780345.892,13259,74.43,74.43,74.42,74.41,TIE,low_P,TIE,TIE,TIE,T,T,T,T,T
1782780349.084,13260,74.43,74.39,74.39,74.39,high_O,TIE,TIE,TIE,T,T,T,TIE,TIE,TIE
1782780365.809,13261,74.39,74.38,74.37,74.36,high_O,low_P,O>P,O>C>M>P,T,T,T,T,T,T
1782780388.452,13262,74.38,74.41,74.4,74.41,TIE,low_O,TIE,TIE,F,F,F,T,TIE,F
1782780410.753,13263,74.41,74.48,74.45,74.45,high_C,low_O,C>O,TIE,F,F,F,T,T,TIE
1782780452.36,13264,74.48,74.4,74.42,74.41,high_O,low_C,O>C,O>M>P>C,T,T,T,F,F,T
1782780458.825,13265,74.4,74.32,74.35,74.31,high_O,low_P,O>P,O>M>C>P,T,T,T,F,T,T
1782780482.546,13266,74.32,74.39,74.39,74.4,high_P,low_O,P>O,TIE,F,F,F,TIE,F,F
1782780492.146,13267,74.39,74.41,74.41,74.41,TIE,low_O,TIE,TIE,F,F,F,TIE,TIE,TIE
1782780546.887,13268,74.41,74.43,74.41,74.41,high_C,TIE,TIE,TIE,F,TIE,TIE,T,T,TIE
1782780578.669,13269,74.43,74.45,74.46,74.46,TIE,low_O,TIE,TIE,F,F,F,F,F,TIE
1782780593.988,13270,74.45,74.48,74.43,74.43,high_C,TIE,TIE,TIE,F,T,T,T,T,TIE
1782780594.023,13271,74.48,74.5,74.5,74.5,TIE,low_O,TIE,TIE,F,F,F,TIE,TIE,TIE
1782780606.43,13274,74.56,74.56,74.55,74.55,TIE,TIE,TIE,TIE,TIE,T,T,T,T,TIE
1782780620.886,13275,74.56,74.5,74.58,74.6,high_P,low_C,P>C,P>M>O>C,T,F,F,F,F,F
1782780640.856,13276,74.5,74.3,74.37,74.33,high_O,low_C,O>C,O>M>P>C,T,T,T,F,F,T
1782780652.242,13277,74.3,74.32,74.29,74.29,high_C,TIE,TIE,TIE,F,T,T,T,T,TIE
1782780653.406,13278,74.32,74.36,74.35,74.35,high_C,low_O,C>O,TIE,F,F,F,T,T,TIE
1782780677.808,13279,74.36,74.42,74.34,74.32,high_C,low_P,C>P,C>O>M>P,F,T,T,T,T,T
1782780707.002,13280,74.42,74.41,74.42,74.42,TIE,low_C,TIE,TIE,T,TIE,TIE,F,F,TIE
1782780737.507,13281,74.41,74.47,74.44,74.45,high_C,low_O,C>O,C>P>M>O,F,F,F,T,T,F
1782780785.666,13282,74.47,74.49,74.47,74.47,high_C,TIE,TIE,TIE,F,TIE,TIE,T,T,TIE
1782780828.365,13283,74.49,74.53,74.48,74.47,high_C,low_P,C>P,C>O>M>P,F,T,T,T,T,T
1782780828.668,13284,74.53,74.52,74.53,74.53,TIE,low_C,TIE,TIE,T,TIE,TIE,F,F,TIE
1782780854.873,13285,74.52,74.46,74.47,74.47,high_O,low_C,O>C,TIE,T,T,T,F,F,TIE
1782780916.494,13286,74.46,74.44,74.45,74.45,high_O,low_C,O>C,TIE,T,T,T,F,F,TIE
1782780972.273,13287,74.44,74.43,74.42,74.41,high_O,low_P,O>P,O>C>M>P,T,T,T,T,T,T
1782780972.273,13288,74.43,74.45,74.44,74.45,TIE,low_O,TIE,TIE,F,F,F,T,TIE,F
1782781008.481,13289,74.45,74.41,74.46,74.46,TIE,low_C,TIE,TIE,T,F,F,F,F,TIE
1782781066.466,13290,74.41,74.42,74.39,74.37,high_C,low_P,C>P,C>O>M>P,F,T,T,T,T,T
1782781186.521,13292,74.41,74.41,74.41,74.41,TIE,TIE,TIE,TIE,TIE,TIE,TIE,TIE,TIE,TIE
1782781293.9,13294,74.34,74.34,74.35,74.35,TIE,TIE,TIE,TIE,TIE,F,F,F,F,TIE
1782781324.168,13295,74.34,74.25,74.3,74.3,high_O,low_C,O>C,TIE,T,T,T,F,F,TIE
1782781343.892,13296,74.25,74.35,74.31,74.23,high_C,low_P,C>P,C>M>O>P,F,F,T,T,T,T
1782781343.892,13297,74.35,74.38,74.37,74.36,high_C,low_O,C>O,C>M>P>O,F,F,F,T,T,T
1782781377.962,13298,74.38,74.32,74.33,74.32,high_O,TIE,TIE,TIE,T,T,T,F,TIE,T
1782781385.553,13299,74.32,74.23,74.27,74.23,high_O,TIE,TIE,TIE,T,T,T,F,TIE,T
1782781412.009,13300,74.23,74.26,74.24,74.23,high_C,TIE,TIE,TIE,F,F,TIE,T,T,T
1782781413.152,13301,74.26,74.21,74.23,74.23,high_O,low_C,O>C,TIE,T,T,T,F,F,TIE
1782781460.233,13302,74.21,74.35,74.25,74.24,high_C,low_O,C>O,C>M>P>O,F,F,F,T,T,T
1782781496.501,13303,74.35,74.32,74.34,74.35,TIE,low_C,TIE,TIE,T,T,TIE,F,F,F
1782781563.117,13304,74.32,74.26,74.28,74.27,high_O,low_C,O>C,O>M>P>C,T,T,T,F,F,T
1782781588.687,13305,74.26,74.3,74.3,74.33,high_P,low_O,P>O,TIE,F,F,F,TIE,F,F
1782781603.29,13306,74.3,74.31,74.31,74.31,TIE,low_O,TIE,TIE,F,F,F,TIE,TIE,TIE
1782781632.818,13307,74.31,74.25,74.3,74.3,high_O,low_C,O>C,TIE,T,T,T,F,F,TIE
1782781685.244,13308,74.25,74.26,74.26,74.26,TIE,low_O,TIE,TIE,F,F,F,TIE,TIE,TIE
1782781701.623,13309,74.26,74.16,74.18,74.2,high_O,low_C,O>C,O>P>M>C,T,T,T,F,F,F
1782781750.445,13310,74.16,74.22,74.25,74.27,high_P,low_O,P>O,P>M>C>O,F,F,F,F,F,F
1782781778.299,13311,74.22,74.16,74.15,74.15,high_O,TIE,TIE,TIE,T,T,T,T,T,TIE
1782781810.202,13312,74.16,74.14,74.15,74.15,high_O,low_C,O>C,TIE,T,T,T,F,F,TIE
1782781864.811,13313,74.14,74.16,74.13,74.13,high_C,TIE,TIE,TIE,F,T,T,T,T,TIE
1782781896.182,13314,74.16,74.11,74.12,74.12,high_O,low_C,O>C,TIE,T,T,T,F,F,TIE
1782781899.934,13316,74.08,74.08,74.1,74.08,high_M,TIE,TIE,TIE,TIE,F,TIE,F,TIE,T
1782781902.691,13318,74.05,74.05,74.06,74.06,TIE,TIE,TIE,TIE,TIE,F,F,F,F,TIE
1782781906.513,13319,74.05,74.04,74.04,74.05,TIE,TIE,TIE,TIE,T,T,TIE,TIE,F,F
1782781911.989,13320,74.04,74.03,74.03,74.03,high_O,TIE,TIE,TIE,T,T,T,TIE,TIE,TIE
1782781945.71,13321,74.03,74.15,74.08,74.09,high_C,low_O,C>O,C>P>M>O,F,F,F,T,T,F
1782781971.761,13322,74.15,74.1,74.12,74.12,high_O,low_C,O>C,TIE,T,T,T,F,F,TIE
1782781995.204,13323,74.1,74.04,74.09,74.09,high_O,low_C,O>C,TIE,T,T,T,F,F,TIE
1782781995.204,13324,74.04,74.01,74.02,74.02,high_O,low_C,O>C,TIE,T,T,T,F,F,TIE
1782781995.217,13325,74.01,74.05,74.01,74.0,high_C,low_P,C>P,TIE,F,TIE,T,T,T,T
1782781995.218,13326,74.05,74.07,74.05,74.05,high_C,TIE,TIE,TIE,F,TIE,TIE,T,T,TIE
1782782025.052,13327,74.07,74.1,74.06,74.08,high_C,low_M,C>M,C>P>O>M,F,T,F,T,T,F
1782782084.274,13328,74.1,74.2,74.12,74.17,high_C,low_O,C>O,C>P>M>O,F,F,F,T,T,F
1782782141.476,13329,74.2,74.18,74.19,74.19,high_O,low_C,O>C,TIE,T,T,T,F,F,TIE
1782782204.939,13330,74.18,74.21,74.18,74.18,high_C,TIE,TIE,TIE,F,TIE,TIE,T,T,TIE
1782782272.122,13331,74.21,74.27,74.24,74.21,high_C,TIE,TIE,TIE,F,F,TIE,T,T,T
1782782293.806,13332,74.27,74.2,74.22,74.22,high_O,low_C,O>C,TIE,T,T,T,F,F,TIE
1782782328.18,13333,74.2,74.3,74.28,74.3,TIE,low_O,TIE,TIE,F,F,F,T,TIE,F
1782782336.004,13334,74.3,74.34,74.35,74.35,TIE,low_O,TIE,TIE,F,F,F,F,F,TIE
1782782350.869,13335,74.34,74.36,74.34,74.34,high_C,TIE,TIE,TIE,F,TIE,TIE,T,T,TIE
1782782367.462,13336,74.36,74.35,74.35,74.35,high_O,TIE,TIE,TIE,T,T,T,TIE,TIE,TIE
1782782414.268,13337,74.35,74.36,74.36,74.36,TIE,low_O,TIE,TIE,F,F,F,TIE,TIE,TIE
1782782444.363,13338,74.36,74.38,74.37,74.39,high_P,low_O,P>O,P>C>M>O,F,F,F,T,F,F
1782782474.014,13339,74.38,74.3,74.31,74.3,high_O,TIE,TIE,TIE,T,T,T,F,TIE,T
1782782512.769,13340,74.3,74.26,74.28,74.3,TIE,low_C,TIE,TIE,T,T,TIE,F,F,F
1782782548.933,13341,74.26,74.25,74.24,74.24,high_O,TIE,TIE,TIE,T,T,T,T,T,TIE
1782782606.347,13342,74.25,74.3,74.3,74.31,high_P,low_O,P>O,TIE,F,F,F,TIE,F,F
1782782675.969,13343,74.3,74.31,74.3,74.29,high_C,low_P,C>P,TIE,F,TIE,T,T,T,T
1782782714.179,13345,74.34,74.34,74.35,74.34,high_M,TIE,TIE,TIE,TIE,F,TIE,F,TIE,T
1782782731.712,13346,74.34,74.33,74.32,74.32,high_O,TIE,TIE,TIE,T,T,T,T,T,TIE
1782782745.665,13347,74.33,74.35,74.34,74.34,high_C,low_O,C>O,TIE,F,F,F,T,T,TIE
1782782758.129,13348,74.35,74.4,74.37,74.36,high_C,low_O,C>O,C>M>P>O,F,F,F,T,T,T
1782782758.156,13349,74.4,74.43,74.43,74.43,TIE,low_O,TIE,TIE,F,F,F,TIE,TIE,TIE
1782782783.278,13350,74.43,74.49,74.44,74.42,high_C,low_P,C>P,C>M>O>P,F,F,T,T,T,T
1782782783.293,13351,74.49,74.5,74.5,74.5,TIE,low_O,TIE,TIE,F,F,F,TIE,TIE,TIE
1782782783.31,13352,74.5,74.58,74.56,74.58,TIE,low_O,TIE,TIE,F,F,F,T,TIE,F
1782782785.008,13353,74.58,74.53,74.55,74.55,high_O,low_C,O>C,TIE,T,T,T,F,F,TIE
1782782806.524,13355,74.54,74.54,74.55,74.54,high_M,TIE,TIE,TIE,TIE,F,TIE,F,TIE,T
1782782814.574,13356,74.54,74.58,74.54,74.53,high_C,low_P,C>P,TIE,F,TIE,T,T,T,T
1782782862.926,13358,74.61,74.61,74.61,74.61,TIE,TIE,TIE,TIE,TIE,TIE,TIE,TIE,TIE,TIE
1782782898.297,13359,74.61,74.57,74.59,74.61,TIE,low_C,TIE,TIE,T,T,TIE,F,F,F
1782782920.107,13360,74.57,74.61,74.6,74.6,high_C,low_O,C>O,TIE,F,F,F,T,T,TIE
1782782954.032,13361,74.61,74.63,74.62,74.62,high_C,low_O,C>O,TIE,F,F,F,T,T,TIE
1782783029.508,13363,74.62,74.62,74.58,74.58,TIE,TIE,TIE,TIE,TIE,T,T,T,T,TIE
1782783079.718,13364,74.62,74.61,74.6,74.6,high_O,TIE,TIE,TIE,T,T,T,T,T,TIE
1782783145.521,13365,74.61,74.58,74.6,74.61,TIE,low_C,TIE,TIE,T,T,TIE,F,F,F
1782783217.329,13366,74.58,74.57,74.59,74.59,TIE,low_C,TIE,TIE,T,F,F,F,F,TIE
1782783332.712,13367,74.57,74.51,74.55,74.52,high_O,low_C,O>C,O>M>P>C,T,T,T,F,F,T
1782783420.395,13368,74.51,74.47,74.47,74.47,high_O,TIE,TIE,TIE,T,T,T,TIE,TIE,TIE
1782783447.605,13369,74.47,74.41,74.46,74.48,high_P,low_C,P>C,P>O>M>C,T,T,F,F,F,F
1782783480.942,13370,74.41,74.37,74.42,74.42,TIE,low_C,TIE,TIE,T,F,F,F,F,TIE
1782783529.272,13371,74.37,74.33,74.33,74.32,high_O,low_P,O>P,TIE,T,T,T,TIE,T,T
1782783602.527,13372,74.33,74.35,74.32,74.32,high_C,TIE,TIE,TIE,F,T,T,T,T,TIE
1782783640.815,13373,74.35,74.3,74.33,74.33,high_O,low_C,O>C,TIE,T,T,T,F,F,TIE
1782783652.043,13374,74.3,74.29,74.29,74.29,high_O,TIE,TIE,TIE,T,T,T,TIE,TIE,TIE
1782783664.02,13375,74.29,74.21,74.24,74.24,high_O,low_C,O>C,TIE,T,T,T,F,F,TIE
1782783683.531,13376,74.21,74.19,74.21,74.22,high_P,low_C,P>C,TIE,T,TIE,F,F,F,F
1782783724.124,13377,74.19,74.23,74.22,74.2,high_C,low_O,C>O,C>M>P>O,F,F,F,T,T,T
1782783762.49,13378,74.23,74.27,74.24,74.27,TIE,low_O,TIE,TIE,F,F,F,T,TIE,F
1782783917.217,13380,74.28,74.28,74.28,74.28,TIE,TIE,TIE,TIE,TIE,TIE,TIE,TIE,TIE,TIE
1782783998.666,13381,74.28,74.29,74.29,74.29,TIE,low_O,TIE,TIE,F,F,F,TIE,TIE,TIE
1782784102.544,13382,74.29,74.3,74.27,74.28,high_C,low_M,C>M,C>O>P>M,F,T,T,T,T,F
1782784173.929,13383,74.3,74.37,74.34,74.34,high_C,low_O,C>O,TIE,F,F,F,T,T,TIE
1782784264.809,13384,74.37,74.36,74.38,74.38,TIE,low_C,TIE,TIE,T,F,F,F,F,TIE
1782784341.6,13385,74.36,74.35,74.35,74.35,high_O,TIE,TIE,TIE,T,T,T,TIE,TIE,TIE
1782784408.401,13386,74.35,74.32,74.32,74.3,high_O,low_P,O>P,TIE,T,T,T,TIE,T,T
1782784561.979,13387,74.32,74.34,74.32,74.32,high_C,TIE,TIE,TIE,F,TIE,TIE,T,T,TIE
1782784690.852,13389,74.38,74.38,74.41,74.41,TIE,TIE,TIE,TIE,TIE,F,F,F,F,TIE
1782784751.078,13390,74.38,74.41,74.4,74.4,high_C,low_O,C>O,TIE,F,F,F,T,T,TIE
1782784851.899,13391,74.41,74.35,74.38,74.38,high_O,low_C,O>C,TIE,T,T,T,F,F,TIE
1782784925.557,13392,74.35,74.26,74.28,74.28,high_O,low_C,O>C,TIE,T,T,T,F,F,TIE
1782784965.499,13393,74.26,74.28,74.29,74.28,high_M,low_O,M>O,TIE,F,F,F,F,TIE,T
1782785106.836,13395,74.21,74.21,74.21,74.22,high_P,TIE,TIE,TIE,TIE,TIE,F,TIE,F,F
1782785150.957,13396,74.21,74.25,74.23,74.22,high_C,low_O,C>O,C>M>P>O,F,F,F,T,T,T
1782785303.698,13397,74.25,74.21,74.24,74.24,high_O,low_C,O>C,TIE,T,T,T,F,F,TIE
1782785403.046,13398,74.21,74.23,74.22,74.22,high_C,low_O,C>O,TIE,F,F,F,T,T,TIE
1782785456.109,13399,74.23,74.19,74.21,74.2,high_O,low_C,O>C,O>M>P>C,T,T,T,F,F,T
1782785469.078,13400,74.19,74.17,74.15,74.16,high_O,low_M,O>M,O>C>P>M,T,T,T,T,T,F
1782785469.082,13401,74.17,74.2,74.18,74.18,high_C,low_O,C>O,TIE,F,F,F,T,T,TIE
1782785486.475,13402,74.2,74.17,74.17,74.17,high_O,TIE,TIE,TIE,T,T,T,TIE,TIE,TIE
1782785490.813,13403,74.17,74.08,74.1,74.09,high_O,low_C,O>C,O>M>P>C,T,T,T,F,F,T
1782785515.616,13404,74.08,74.1,74.08,74.08,high_C,TIE,TIE,TIE,F,TIE,TIE,T,T,TIE
1782785525.618,13405,74.1,74.11,74.12,74.12,TIE,low_O,TIE,TIE,F,F,F,F,F,TIE
1782785546.474,13406,74.11,74.12,74.09,74.08,high_C,low_P,C>P,C>O>M>P,F,T,T,T,T,T
1782785585.755,13407,74.12,74.06,74.1,74.1,high_O,low_C,O>C,TIE,T,T,T,F,F,TIE
1782785641.264,13408,74.06,74.03,74.07,74.07,TIE,low_C,TIE,TIE,T,F,F,F,F,TIE
1782785674.325,13409,74.03,74.07,74.02,74.02,high_C,TIE,TIE,TIE,F,T,T,T,T,TIE
1782785746.168,13410,74.07,74.06,74.07,74.08,high_P,low_C,P>C,TIE,T,TIE,F,F,F,F
1782785780.09,13411,74.06,74.07,74.07,74.07,TIE,low_O,TIE,TIE,F,F,F,TIE,TIE,TIE
1782785869.919,13412,74.07,74.06,74.07,74.07,TIE,low_C,TIE,TIE,T,TIE,TIE,F,F,TIE
1782785948.528,13413,74.06,74.09,74.09,74.1,high_P,low_O,P>O,TIE,F,F,F,TIE,F,F
1782785999.623,13414,74.09,74.13,74.1,74.09,high_C,TIE,TIE,TIE,F,F,TIE,T,T,T
1782786071.711,13415,74.13,74.12,74.12,74.12,high_O,TIE,TIE,TIE,T,T,T,TIE,TIE,TIE
1782786139.402,13416,74.12,74.17,74.13,74.12,high_C,TIE,TIE,TIE,F,F,TIE,T,T,T
1782786163.322,13417,74.17,74.2,74.2,74.2,TIE,low_O,TIE,TIE,F,F,F,TIE,TIE,TIE
1782786234.587,13418,74.2,74.24,74.23,74.24,TIE,low_O,TIE,TIE,F,F,F,T,TIE,F
1782786252.58,13419,74.24,74.26,74.26,74.26,TIE,low_O,TIE,TIE,F,F,F,TIE,TIE,TIE
1782786387.104,13420,74.26,74.29,74.27,74.29,TIE,low_O,TIE,TIE,F,F,F,T,TIE,F
1782786616.849,13422,74.3,74.3,74.31,74.31,TIE,TIE,TIE,TIE,TIE,F,F,F,F,TIE
1782786707.05,13423,74.3,74.29,74.29,74.3,TIE,TIE,TIE,TIE,T,T,TIE,TIE,F,F
1782786721.814,13424,74.29,74.31,74.31,74.32,high_P,low_O,P>O,TIE,F,F,F,TIE,F,F
1782786761.013,13425,74.31,74.27,74.27,74.27,high_O,TIE,TIE,TIE,T,T,T,TIE,TIE,TIE
1782786843.208,13426,74.27,74.22,74.25,74.27,TIE,low_C,TIE,TIE,T,T,TIE,F,F,F
1782786843.209,13427,74.22,74.2,74.21,74.22,TIE,low_C,TIE,TIE,T,T,TIE,F,F,F
1782786843.213,13428,74.2,74.18,74.19,74.19,high_O,low_C,O>C,TIE,T,T,T,F,F,TIE
1782786883.661,13429,74.18,74.2,74.19,74.2,TIE,low_O,TIE,TIE,F,F,F,T,TIE,F
1782786935.787,13430,74.2,74.24,74.23,74.23,high_C,low_O,C>O,TIE,F,F,F,T,T,TIE
1782787007.612,13431,74.24,74.28,74.26,74.26,high_C,low_O,C>O,TIE,F,F,F,T,T,TIE
1782787096.738,13432,74.28,74.32,74.29,74.29,high_C,low_O,C>O,TIE,F,F,F,T,T,TIE
1782787164.558,13433,74.32,74.42,74.37,74.37,high_C,low_O,C>O,TIE,F,F,F,T,T,TIE
1782787195.96,13434,74.42,74.45,74.43,74.43,high_C,low_O,C>O,TIE,F,F,F,T,T,TIE
1782787246.48,13435,74.45,74.48,74.47,74.47,high_C,low_O,C>O,TIE,F,F,F,T,T,TIE
1782787284.91,13436,74.48,74.5,74.47,74.47,high_C,TIE,TIE,TIE,F,T,T,T,T,TIE
1782787343.816,13437,74.5,74.46,74.47,74.47,high_O,low_C,O>C,TIE,T,T,T,F,F,TIE
1782787431.481,13438,74.46,74.49,74.47,74.47,high_C,low_O,C>O,TIE,F,F,F,T,T,TIE
1782787503.138,13439,74.49,74.58,74.51,74.48,high_C,low_P,C>P,C>M>O>P,F,F,T,T,T,T
1782787526.487,13440,74.58,74.56,74.56,74.55,high_O,low_P,O>P,TIE,T,T,T,TIE,T,T
1782787560.707,13441,74.56,74.61,74.6,74.6,high_C,low_O,C>O,TIE,F,F,F,T,T,TIE
1782787581.858,13442,74.61,74.62,74.6,74.59,high_C,low_P,C>P,C>O>M>P,F,T,T,T,T,T
1782787618.326,13443,74.62,74.65,74.63,74.65,TIE,low_O,TIE,TIE,F,F,F,T,TIE,F
1782787665.121,13444,74.65,74.66,74.65,74.65,high_C,TIE,TIE,TIE,F,TIE,TIE,T,T,TIE
1782787709.969,13445,74.66,74.7,74.71,74.71,TIE,low_O,TIE,TIE,F,F,F,F,F,TIE
1782787814.005,13447,74.72,74.72,74.73,74.73,TIE,TIE,TIE,TIE,TIE,F,F,F,F,TIE
1782787852.082,13448,74.72,74.75,74.74,74.75,TIE,low_O,TIE,TIE,F,F,F,T,TIE,F
1782787853.211,13449,74.75,74.81,74.79,74.79,high_C,low_O,C>O,TIE,F,F,F,T,T,TIE
1782787877.254,13450,74.81,74.75,74.74,74.73,high_O,low_P,O>P,O>C>M>P,T,T,T,T,T,T
1782787976.236,13451,74.75,74.72,74.75,74.76,high_P,low_C,P>C,TIE,T,TIE,F,F,F,F
1782788052.719,13452,74.72,74.65,74.71,74.72,TIE,low_C,TIE,TIE,T,T,TIE,F,F,F
1782788181.761,13453,74.65,74.67,74.69,74.7,high_P,low_O,P>O,P>M>C>O,F,F,F,F,F,F
1782788280.61,13454,74.67,74.62,74.64,74.64,high_O,low_C,O>C,TIE,T,T,T,F,F,TIE
1782788341.569,13455,74.62,74.57,74.61,74.62,TIE,low_C,TIE,TIE,T,T,TIE,F,F,F
1782788410.394,13456,74.57,74.55,74.56,74.56,high_O,low_C,O>C,TIE,T,T,T,F,F,TIE
1782788502.653,13457,74.55,74.58,74.57,74.55,high_C,TIE,TIE,TIE,F,F,TIE,T,T,T
1782788567.155,13458,74.58,74.61,74.58,74.61,TIE,TIE,TIE,TIE,F,TIE,F,T,TIE,F
1782788656.817,13459,74.61,74.62,74.63,74.64,high_P,low_O,P>O,P>M>C>O,F,F,F,F,F,F
1782788738.862,13460,74.62,74.6,74.62,74.63,high_P,low_C,P>C,TIE,T,TIE,F,F,F,F
1782788816.916,13461,74.6,74.72,74.68,74.69,high_C,low_O,C>O,C>P>M>O,F,F,F,T,T,F
1782788887.167,13462,74.72,74.65,74.69,74.69,high_O,low_C,O>C,TIE,T,T,T,F,F,TIE
1782788944.476,13463,74.65,74.61,74.6,74.61,high_O,low_M,O>M,TIE,T,T,T,T,TIE,F
1782789007.799,13464,74.61,74.66,74.64,74.62,high_C,low_O,C>O,C>M>P>O,F,F,F,T,T,T
1782789161.076,13465,74.66,74.65,74.64,74.64,high_O,TIE,TIE,TIE,T,T,T,T,T,TIE
1782789239.131,13466,74.65,74.7,74.66,74.65,high_C,TIE,TIE,TIE,F,F,TIE,T,T,T
1782789382.01,13468,74.65,74.65,74.65,74.65,TIE,TIE,TIE,TIE,TIE,TIE,TIE,TIE,TIE,TIE
1782789454.242,13469,74.65,74.75,74.74,74.71,high_C,low_O,C>O,C>M>P>O,F,F,F,T,T,T
1782789543.314,13470,74.75,74.79,74.75,74.75,high_C,TIE,TIE,TIE,F,TIE,TIE,T,T,TIE
1782789575.346,13471,74.79,74.86,74.8,74.8,high_C,low_O,C>O,TIE,F,F,F,T,T,TIE
1782789587.196,13472,74.86,74.85,74.84,74.84,high_O,TIE,TIE,TIE,T,T,T,T,T,TIE
1782789591.057,13473,74.85,74.84,74.85,74.85,TIE,low_C,TIE,TIE,T,TIE,TIE,F,F,TIE
1782789628.975,13474,74.84,74.85,74.83,74.83,high_C,TIE,TIE,TIE,F,T,T,T,T,TIE
1782789651.708,13475,74.85,74.87,74.85,74.85,high_C,TIE,TIE,TIE,F,TIE,TIE,T,T,TIE
1782789680.159,13476,74.87,74.8,74.82,74.82,high_O,low_C,O>C,TIE,T,T,T,F,F,TIE
1782789752.004,13477,74.8,74.77,74.81,74.81,TIE,low_C,TIE,TIE,T,F,F,F,F,TIE
1782789854.22,13478,74.77,74.63,74.74,74.73,high_O,low_C,O>C,O>M>P>C,T,T,T,F,F,T
1782789894.469,13479,74.63,74.53,74.59,74.6,high_O,low_C,O>C,O>P>M>C,T,T,T,F,F,F
1782789940.791,13480,74.53,74.52,74.51,74.5,high_O,low_P,O>P,O>C>M>P,T,T,T,T,T,T
1782789993.465,13481,74.52,74.57,74.55,74.57,TIE,low_O,TIE,TIE,F,F,F,T,TIE,F
1782790136.641,13482,74.57,74.54,74.54,74.54,high_O,TIE,TIE,TIE,T,T,T,TIE,TIE,TIE
1782790237.005,13483,74.54,74.57,74.58,74.58,TIE,low_O,TIE,TIE,F,F,F,F,F,TIE
1782790344.142,13484,74.57,74.5,74.51,74.51,high_O,low_C,O>C,TIE,T,T,T,F,F,TIE
1782790396.524,13485,74.5,74.52,74.51,74.51,high_C,low_O,C>O,TIE,F,F,F,T,T,TIE
1782790420.395,13486,74.52,74.43,74.46,74.45,high_O,low_C,O>C,O>M>P>C,T,T,T,F,F,T
1782790444.009,13487,74.43,74.34,74.39,74.4,high_O,low_C,O>C,O>P>M>C,T,T,T,F,F,F
1782790464.248,13488,74.34,74.33,74.32,74.32,high_O,TIE,TIE,TIE,T,T,T,T,T,TIE
1782790529.113,13491,74.34,74.34,74.35,74.34,high_M,TIE,TIE,TIE,TIE,F,TIE,F,TIE,T
1782790542.728,13492,74.34,74.35,74.35,74.35,TIE,low_O,TIE,TIE,F,F,F,TIE,TIE,TIE
1782790610.188,13493,74.35,74.39,74.36,74.36,high_C,low_O,C>O,TIE,F,F,F,T,T,TIE
1782790698.177,13494,74.39,74.4,74.4,74.4,TIE,low_O,TIE,TIE,F,F,F,TIE,TIE,TIE
1782790766.63,13495,74.4,74.46,74.46,74.46,TIE,low_O,TIE,TIE,F,F,F,TIE,TIE,TIE
1782790855.358,13496,74.46,74.48,74.47,74.47,high_C,low_O,C>O,TIE,F,F,F,T,T,TIE
1782790920.419,13497,74.48,74.41,74.45,74.45,high_O,low_C,O>C,TIE,T,T,T,F,F,TIE
1782791051.055,13498,74.41,74.4,74.4,74.4,high_O,TIE,TIE,TIE,T,T,T,TIE,TIE,TIE
1782791155.308,13499,74.4,74.43,74.41,74.4,high_C,TIE,TIE,TIE,F,F,TIE,T,T,T
1782791191.656,13500,74.43,74.33,74.38,74.35,high_O,low_C,O>C,O>M>P>C,T,T,T,F,F,T
1782791244.406,13501,74.33,74.32,74.33,74.33,TIE,low_C,TIE,TIE,T,TIE,TIE,F,F,TIE
1782791333.666,13502,74.32,74.31,74.33,74.32,high_M,low_C,M>C,TIE,T,F,TIE,F,F,T
1782791401.354,13503,74.31,74.32,74.31,74.31,high_C,TIE,TIE,TIE,F,TIE,TIE,T,T,TIE
1782791586.405,13504,74.32,74.3,74.34,74.35,high_P,low_C,P>C,P>M>O>C,T,F,F,F,F,F
1782791598.901,13505,74.3,74.22,74.28,74.3,TIE,low_C,TIE,TIE,T,T,TIE,F,F,F
1782791628.804,13506,74.22,74.21,74.2,74.2,high_O,TIE,TIE,TIE,T,T,T,T,T,TIE
1782791650.373,13507,74.21,74.16,74.17,74.21,TIE,low_C,TIE,TIE,T,T,TIE,F,F,F
1782791703.11,13508,74.16,74.14,74.18,74.18,TIE,low_C,TIE,TIE,T,F,F,F,F,TIE
1782791723.853,13509,74.14,74.1,74.13,74.13,high_O,low_C,O>C,TIE,T,T,T,F,F,TIE
1782791781.01,13510,74.1,74.19,74.11,74.1,high_C,TIE,TIE,TIE,F,F,TIE,T,T,T
1782791848.468,13511,74.19,74.17,74.19,74.2,high_P,low_C,P>C,TIE,T,TIE,F,F,F,F
1782791933.366,13512,74.17,74.19,74.19,74.16,TIE,low_P,TIE,TIE,F,F,T,TIE,T,T
1782792005.325,13513,74.19,74.14,74.17,74.17,high_O,low_C,O>C,TIE,T,T,T,F,F,TIE
1782792032.032,13514,74.14,74.12,74.13,74.12,high_O,TIE,TIE,TIE,T,T,T,F,TIE,T
1782792065.442,13515,74.12,74.15,74.16,74.16,TIE,low_O,TIE,TIE,F,F,F,F,F,TIE
1782792120.882,13516,74.15,74.18,74.2,74.2,TIE,low_O,TIE,TIE,F,F,F,F,F,TIE
1782792157.801,13517,74.18,74.19,74.17,74.17,high_C,TIE,TIE,TIE,F,T,T,T,T,TIE
1782792185.932,13518,74.19,74.11,74.13,74.11,high_O,TIE,TIE,TIE,T,T,T,F,TIE,T
1782792195.982,13519,74.11,74.16,74.11,74.1,high_C,low_P,C>P,TIE,F,TIE,T,T,T,T
1782792201.468,13520,74.16,74.13,74.14,74.14,high_O,low_C,O>C,TIE,T,T,T,F,F,TIE
1782792219.451,13521,74.13,74.16,74.16,74.16,TIE,low_O,TIE,TIE,F,F,F,TIE,TIE,TIE
1782792224.923,13522,74.16,74.09,74.1,74.1,high_O,low_C,O>C,TIE,T,T,T,F,F,TIE
1782792242.493,13523,74.09,74.1,74.1,74.1,TIE,low_O,TIE,TIE,F,F,F,TIE,TIE,TIE
1782792276.141,13524,74.1,74.12,74.11,74.11,high_C,low_O,C>O,TIE,F,F,F,T,T,TIE
1782792297.285,13525,74.12,74.11,74.09,74.07,high_O,low_P,O>P,O>C>M>P,T,T,T,T,T,T
1782792310.066,13526,74.11,74.05,74.07,74.09,high_O,low_C,O>C,O>P>M>C,T,T,T,F,F,F
1782792310.923,13527,74.05,74.0,74.02,74.0,high_O,TIE,TIE,TIE,T,T,T,F,TIE,T
1782792310.959,13528,74.0,73.97,74.0,74.0,TIE,low_C,TIE,TIE,T,TIE,TIE,F,F,TIE
1782792313.078,13529,73.97,73.98,73.98,73.97,TIE,TIE,TIE,TIE,F,F,TIE,TIE,T,T
1782792313.078,13530,73.98,74.0,73.99,73.98,high_C,TIE,TIE,TIE,F,F,TIE,T,T,T
1782792316.059,13531,74.0,73.97,73.97,73.97,high_O,TIE,TIE,TIE,T,T,T,TIE,TIE,TIE
1782792333.595,13532,73.97,74.0,73.98,73.97,high_C,TIE,TIE,TIE,F,F,TIE,T,T,T
1782792373.172,13533,74.0,74.1,74.06,74.09,high_C,low_O,C>O,C>P>M>O,F,F,F,T,T,F
1782792413.756,13534,74.1,74.05,74.07,74.06,high_O,low_C,O>C,O>M>P>C,T,T,T,F,F,T
1782792473.025,13535,74.05,74.03,74.03,74.04,high_O,TIE,TIE,TIE,T,T,T,TIE,F,F
1782792473.025,13536,74.03,74.05,74.04,74.03,high_C,TIE,TIE,TIE,F,F,TIE,T,T,T
1782792484.728,13537,74.05,74.03,74.05,74.05,TIE,low_C,TIE,TIE,T,TIE,TIE,F,F,TIE
1782792511.803,13538,74.03,74.0,74.02,74.03,TIE,low_C,TIE,TIE,T,T,TIE,F,F,F
1782792511.809,13539,74.0,73.96,73.98,73.98,high_O,low_C,O>C,TIE,T,T,T,F,F,TIE
1782792514.716,13540,73.96,73.93,73.97,73.97,TIE,low_C,TIE,TIE,T,F,F,F,F,TIE
1782792515.912,13542,73.91,73.91,73.9,73.89,TIE,low_P,TIE,TIE,TIE,T,T,T,T,T
1782792519.076,13543,73.91,73.92,73.91,73.91,high_C,TIE,TIE,TIE,F,TIE,TIE,T,T,TIE
1782792535.091,13544,73.92,73.97,73.95,73.96,high_C,low_O,C>O,C>P>M>O,F,F,F,T,T,F
1782792573.651,13545,73.97,73.93,73.95,73.95,high_O,low_C,O>C,TIE,T,T,T,F,F,TIE
1782792574.475,13546,73.93,73.89,73.9,73.9,high_O,low_C,O>C,TIE,T,T,T,F,F,TIE
1782792609.084,13547,73.89,73.91,73.91,73.9,TIE,low_O,TIE,TIE,F,F,F,TIE,T,T
1782792616.899,13548,73.91,73.86,73.88,73.88,high_O,low_C,O>C,TIE,T,T,T,F,F,TIE
1782792620.751,13549,73.86,73.84,73.84,73.84,high_O,TIE,TIE,TIE,T,T,T,TIE,TIE,TIE
1782792620.804,13550,73.84,73.76,73.8,73.8,high_O,low_C,O>C,TIE,T,T,T,F,F,TIE
1782792621.429,13552,73.73,73.73,73.74,73.77,high_P,TIE,TIE,TIE,TIE,F,F,F,F,F
1782792627.324,13554,73.76,73.76,73.76,73.76,TIE,TIE,TIE,TIE,TIE,TIE,TIE,TIE,TIE,TIE
1782792643.826,13555,73.76,73.81,73.78,73.81,TIE,low_O,TIE,TIE,F,F,F,T,TIE,F
1782792679.294,13556,73.81,73.8,73.81,73.8,TIE,TIE,TIE,TIE,T,TIE,T,F,TIE,T
1782792717.686,13557,73.8,73.87,73.85,73.85,high_C,low_O,C>O,TIE,F,F,F,T,T,TIE
1782792742.951,13558,73.87,73.96,73.95,73.95,high_C,low_O,C>O,TIE,F,F,F,T,T,TIE
1782792763.445,13559,73.96,74.0,73.97,73.97,high_C,low_O,C>O,TIE,F,F,F,T,T,TIE
1782792770.555,13560,74.0,74.08,74.02,74.0,high_C,TIE,TIE,TIE,F,F,TIE,T,T,T
1782792774.259,13561,74.08,74.07,74.08,74.08,TIE,low_C,TIE,TIE,T,TIE,TIE,F,F,TIE
1782792793.651,13562,74.07,74.12,74.11,74.11,high_C,low_O,C>O,TIE,F,F,F,T,T,TIE
1782792796.572,13563,74.12,74.11,74.12,74.11,TIE,TIE,TIE,TIE,T,TIE,T,F,TIE,T
1782792799.127,13564,74.11,74.14,74.11,74.11,high_C,TIE,TIE,TIE,F,TIE,TIE,T,T,TIE
1782792859.87,13567,74.11,74.09,74.08,74.08,high_O,TIE,TIE,TIE,T,T,T,T,T,TIE
1782792863.002,13568,74.09,74.12,74.11,74.11,high_C,low_O,C>O,TIE,F,F,F,T,T,TIE
1782792870.353,13569,74.12,74.14,74.13,74.13,high_C,low_O,C>O,TIE,F,F,F,T,T,TIE
1782792905.942,13570,74.14,74.09,74.11,74.11,high_O,low_C,O>C,TIE,T,T,T,F,F,TIE
1782792924.422,13571,74.09,74.17,74.09,74.09,high_C,TIE,TIE,TIE,F,TIE,TIE,T,T,TIE
1782792971.077,13572,74.17,74.08,74.12,74.08,high_O,TIE,TIE,TIE,T,T,T,F,TIE,T
1782793000.502,13573,74.08,74.0,74.01,74.01,high_O,low_C,O>C,TIE,T,T,T,F,F,TIE
1782793005.434,13574,74.0,73.88,73.91,73.89,high_O,low_C,O>C,O>M>P>C,T,T,T,F,F,T
1782793030.72,13576,73.83,73.83,73.84,73.83,high_M,TIE,TIE,TIE,TIE,F,TIE,F,TIE,T
1782793055.391,13577,73.83,73.81,73.83,73.82,TIE,low_C,TIE,TIE,T,TIE,T,F,F,T
1782793063.914,13578,73.81,73.76,73.77,73.77,high_O,low_C,O>C,TIE,T,T,T,F,F,TIE
1782793087.241,13579,73.76,73.8,73.81,73.81,TIE,low_O,TIE,TIE,F,F,F,F,F,TIE
1782793101.616,13580,73.8,73.79,73.79,73.8,TIE,TIE,TIE,TIE,T,T,TIE,TIE,F,F
1782793150.01,13582,73.73,73.73,73.74,73.74,TIE,TIE,TIE,TIE,TIE,F,F,F,F,TIE
1782793155.229,13583,73.73,73.74,73.73,73.73,high_C,TIE,TIE,TIE,F,TIE,TIE,T,T,TIE
1782793171.061,13584,73.74,73.7,73.73,73.73,high_O,low_C,O>C,TIE,T,T,T,F,F,TIE
1782793171.069,13585,73.7,73.73,73.7,73.7,high_C,TIE,TIE,TIE,F,TIE,TIE,T,T,TIE
1782793171.069,13586,73.73,73.76,73.74,73.75,high_C,low_O,C>O,C>P>M>O,F,F,F,T,T,F
1782793171.073,13587,73.76,73.73,73.76,73.76,TIE,low_C,TIE,TIE,T,TIE,TIE,F,F,TIE
1782793179.581,13588,73.73,73.74,73.73,73.72,high_C,low_P,C>P,TIE,F,TIE,T,T,T,T
1782793203.204,13589,73.74,73.73,73.72,73.7,high_O,low_P,O>P,O>C>M>P,T,T,T,T,T,T
1782793212.088,13590,73.73,73.67,73.71,73.73,TIE,low_C,TIE,TIE,T,T,TIE,F,F,F
1782793215.997,13591,73.67,73.68,73.67,73.68,TIE,TIE,TIE,TIE,F,TIE,F,T,TIE,F
1782793244.393,13592,73.68,73.7,73.69,73.69,high_C,low_O,C>O,TIE,F,F,F,T,T,TIE
1782793261.165,13593,73.7,73.71,73.7,73.7,high_C,TIE,TIE,TIE,F,TIE,TIE,T,T,TIE
1782793272.496,13594,73.71,73.77,73.75,73.76,high_C,low_O,C>O,C>P>M>O,F,F,F,T,T,F
1782793288.92,13596,73.79,73.79,73.78,73.79,TIE,low_M,TIE,TIE,TIE,T,TIE,T,TIE,F
1782793308.481,13597,73.79,73.8,73.79,73.79,high_C,TIE,TIE,TIE,F,TIE,TIE,T,T,TIE
1782793323.481,13598,73.8,73.78,73.81,73.8,high_M,low_C,M>C,TIE,T,F,TIE,F,F,T
1782793342.764,13599,73.78,73.79,73.8,73.8,TIE,low_O,TIE,TIE,F,F,F,F,F,TIE
1782793344.512,13600,73.79,73.84,73.81,73.81,high_C,low_O,C>O,TIE,F,F,F,T,T,TIE
1782793381.743,13602,73.82,73.82,73.81,73.81,TIE,TIE,TIE,TIE,TIE,T,T,T,T,TIE
1782793408.387,13603,73.82,73.84,73.84,73.85,high_P,low_O,P>O,TIE,F,F,F,TIE,F,F
1782793423.401,13604,73.84,73.91,73.87,73.86,high_C,low_O,C>O,C>M>P>O,F,F,F,T,T,T
1782793443.144,13605,73.91,73.88,73.89,73.88,high_O,TIE,TIE,TIE,T,T,T,F,TIE,T
1782793460.775,13606,73.88,73.86,73.87,73.86,high_O,TIE,TIE,TIE,T,T,T,F,TIE,T
1782793467.454,13607,73.86,73.79,73.8,73.79,high_O,TIE,TIE,TIE,T,T,T,F,TIE,T
1782793469.464,13608,73.79,73.7,73.73,73.78,high_O,low_C,O>C,O>P>M>C,T,T,T,F,F,F
1782793471.552,13609,73.7,73.67,73.69,73.69,high_O,low_C,O>C,TIE,T,T,T,F,F,TIE
1782793476.063,13610,73.67,73.7,73.67,73.67,high_C,TIE,TIE,TIE,F,TIE,TIE,T,T,TIE
1782793492.096,13611,73.7,73.71,73.69,73.68,high_C,low_P,C>P,C>O>M>P,F,T,T,T,T,T
1782793536.411,13612,73.71,73.79,73.76,73.76,high_C,low_O,C>O,TIE,F,F,F,T,T,TIE
1782793573.592,13613,73.79,73.86,73.82,73.81,high_C,low_O,C>O,C>M>P>O,F,F,F,T,T,T
1782793655.693,13614,73.86,73.84,73.86,73.86,TIE,low_C,TIE,TIE,T,TIE,TIE,F,F,TIE
1782793757.721,13615,73.84,73.92,73.89,73.89,high_C,low_O,C>O,TIE,F,F,F,T,T,TIE
1782793826.364,13616,73.92,73.94,73.92,73.91,high_C,low_P,C>P,TIE,F,TIE,T,T,T,T
1782793847.493,13617,73.94,73.97,73.98,74.0,high_P,low_O,P>O,P>M>C>O,F,F,F,F,F,F
1782793897.453,13618,73.97,73.96,73.97,73.97,TIE,low_C,TIE,TIE,T,TIE,TIE,F,F,TIE
1782793980.692,13619,73.96,74.0,74.0,74.0,TIE,low_O,TIE,TIE,F,F,F,TIE,TIE,TIE
1782794046.174,13620,74.0,74.02,74.01,74.01,high_C,low_O,C>O,TIE,F,F,F,T,T,TIE
1782794102.83,13621,74.02,74.04,74.03,74.04,TIE,low_O,TIE,TIE,F,F,F,T,TIE,F
1782794152.577,13622,74.04,74.07,74.06,74.06,high_C,low_O,C>O,TIE,F,F,F,T,T,TIE
1782794167.287,13623,74.07,74.12,74.1,74.08,high_C,low_O,C>O,C>M>P>O,F,F,F,T,T,T
1782794196.387,13624,74.12,74.1,74.11,74.11,high_O,low_C,O>C,TIE,T,T,T,F,F,TIE
1782794330.491,13626,74.06,74.06,74.07,74.08,high_P,TIE,TIE,TIE,TIE,F,F,F,F,F
1782794424.154,13627,74.06,74.03,74.06,74.06,TIE,low_C,TIE,TIE,T,TIE,TIE,F,F,TIE
1782794444.319,13628,74.03,74.0,74.0,74.0,high_O,TIE,TIE,TIE,T,T,T,TIE,TIE,TIE
1782794531.75,13629,74.0,73.96,74.0,73.97,TIE,low_C,TIE,TIE,T,TIE,T,F,F,T
1782794561.533,13630,73.96,73.94,73.96,73.96,TIE,low_C,TIE,TIE,T,TIE,TIE,F,F,TIE
1782794591.502,13632,73.97,73.97,73.98,73.97,high_M,TIE,TIE,TIE,TIE,F,TIE,F,TIE,T
1782794692.633,13633,73.97,74.03,73.98,73.98,high_C,low_O,C>O,TIE,F,F,F,T,T,TIE
1782794799.391,13634,74.03,74.04,74.04,74.05,high_P,low_O,P>O,TIE,F,F,F,TIE,F,F
1782794866.757,13635,74.04,73.97,73.99,73.96,high_O,low_P,O>P,O>M>C>P,T,T,T,F,T,T
1782794887.982,13636,73.97,73.96,73.98,73.98,TIE,low_C,TIE,TIE,T,F,F,F,F,TIE
1782795130.354,13638,74.02,74.02,74.02,74.02,TIE,TIE,TIE,TIE,TIE,TIE,TIE,TIE,TIE,TIE
1782795249.717,13639,74.02,74.0,74.04,74.04,TIE,low_C,TIE,TIE,T,F,F,F,F,TIE
1782795354.933,13640,74.0,73.96,73.99,74.0,TIE,low_C,TIE,TIE,T,T,TIE,F,F,F
1782795465.931,13641,73.96,74.01,74.01,74.03,high_P,low_O,P>O,TIE,F,F,F,TIE,F,F
1782795573.152,13642,74.01,74.03,74.01,74.0,high_C,low_P,C>P,TIE,F,TIE,T,T,T,T
1782795674.116,13643,74.03,74.1,74.02,74.0,high_C,low_P,C>P,C>O>M>P,F,T,T,T,T,T
1782795799.743,13645,74.11,74.11,74.12,74.11,high_M,TIE,TIE,TIE,TIE,F,TIE,F,TIE,T
1782795849.271,13646,74.11,74.04,74.09,74.1,high_O,low_C,O>C,O>P>M>C,T,T,T,F,F,F
1782795966.107,13648,74.01,74.01,74.02,74.02,TIE,TIE,TIE,TIE,TIE,F,F,F,F,TIE
1782796055.317,13649,74.01,74.0,74.01,74.0,TIE,TIE,TIE,TIE,T,TIE,T,F,TIE,T
1782796121.173,13650,74.0,74.04,74.04,74.04,TIE,low_O,TIE,TIE,F,F,F,TIE,TIE,TIE
1782796188.798,13651,74.04,74.07,74.06,74.06,high_C,low_O,C>O,TIE,F,F,F,T,T,TIE
1782796257.921,13652,74.07,74.0,74.04,74.03,high_O,low_C,O>C,O>M>P>C,T,T,T,F,F,T
1782796322.438,13653,74.0,73.95,73.96,73.96,high_O,low_C,O>C,TIE,T,T,T,F,F,TIE
1782796376.503,13654,73.95,73.92,73.95,73.95,TIE,low_C,TIE,TIE,T,TIE,TIE,F,F,TIE
1782796441.081,13655,73.92,73.97,73.93,73.93,high_C,low_O,C>O,TIE,F,F,F,T,T,TIE
1782796510.686,13656,73.97,74.0,74.01,74.01,TIE,low_O,TIE,TIE,F,F,F,F,F,TIE
1782796531.297,13657,74.0,73.94,73.97,73.98,high_O,low_C,O>C,O>P>M>C,T,T,T,F,F,F
1782796603.687,13658,73.94,73.9,73.9,73.89,high_O,low_P,O>P,TIE,T,T,T,TIE,T,T
1782796765.355,13660,73.84,73.84,73.85,73.86,high_P,TIE,TIE,TIE,TIE,F,F,F,F,F
1782796835.684,13661,73.84,73.86,73.84,73.84,high_C,TIE,TIE,TIE,F,TIE,TIE,T,T,TIE
1782796896.402,13662,73.86,73.93,73.89,73.86,high_C,TIE,TIE,TIE,F,F,TIE,T,T,T
1782796966.137,13663,73.93,73.94,73.92,73.92,high_C,TIE,TIE,TIE,F,T,T,T,T,TIE
1782797056.086,13664,73.94,73.97,73.96,73.96,high_C,low_O,C>O,TIE,F,F,F,T,T,TIE
1782797078.013,13665,73.97,74.03,74.0,74.0,high_C,low_O,C>O,TIE,F,F,F,T,T,TIE
1782797096.2,13666,74.03,74.07,74.06,74.06,high_C,low_O,C>O,TIE,F,F,F,T,T,TIE
1782797164.887,13667,74.07,73.95,74.03,74.05,high_O,low_C,O>C,O>P>M>C,T,T,T,F,F,F
1782797310.358,13669,73.92,73.92,73.9,73.92,TIE,low_M,TIE,TIE,TIE,T,TIE,T,TIE,F
1782797416.846,13670,73.92,73.94,73.95,73.95,TIE,low_O,TIE,TIE,F,F,F,F,F,TIE
1782797475.576,13671,73.94,73.92,73.92,73.88,high_O,low_P,O>P,TIE,T,T,T,TIE,T,T
1782797489.093,13672,73.92,73.96,73.94,73.91,high_C,low_P,C>P,C>M>O>P,F,F,T,T,T,T
1782797507.238,13673,73.96,73.9,73.92,73.92,high_O,low_C,O>C,TIE,T,T,T,F,F,TIE
1782797565.229,13674,73.9,73.91,73.92,73.9,high_M,TIE,TIE,TIE,F,F,TIE,F,T,T
1782797627.619,13675,73.91,73.9,73.91,73.91,TIE,low_C,TIE,TIE,T,TIE,TIE,F,F,TIE
1782797706.114,13676,73.9,73.89,73.88,73.88,high_O,TIE,TIE,TIE,T,T,T,T,T,TIE
1782797763.074,13677,73.89,73.84,73.83,73.82,high_O,low_P,O>P,O>C>M>P,T,T,T,T,T,T
1782797852.333,13678,73.84,73.89,73.87,73.89,TIE,low_O,TIE,TIE,F,F,F,T,TIE,F
1782797890.491,13679,73.89,73.91,73.9,73.9,high_C,low_O,C>O,TIE,F,F,F,T,T,TIE
1782797951.622,13680,73.91,73.96,73.96,73.96,TIE,low_O,TIE,TIE,F,F,F,TIE,TIE,TIE
1782797982.105,13681,73.96,74.03,74.02,74.02,high_C,low_O,C>O,TIE,F,F,F,T,T,TIE
1782797982.181,13682,74.03,74.05,74.04,74.04,high_C,low_O,C>O,TIE,F,F,F,T,T,TIE
1782798053.688,13683,74.05,74.1,74.04,74.03,high_C,low_P,C>P,C>O>M>P,F,T,T,T,T,T
1782798057.556,13684,74.1,74.11,74.1,74.12,high_P,TIE,TIE,TIE,F,TIE,F,T,F,F
1782798083.666,13685,74.11,74.17,74.13,74.13,high_C,low_O,C>O,TIE,F,F,F,T,T,TIE
1782798097.365,13686,74.17,74.13,74.16,74.16,high_O,low_C,O>C,TIE,T,T,T,F,F,TIE
1782798126.527,13687,74.13,74.11,74.12,74.12,high_O,low_C,O>C,TIE,T,T,T,F,F,TIE
1782798198.854,13688,74.11,74.13,74.11,74.11,high_C,TIE,TIE,TIE,F,TIE,TIE,T,T,TIE
1782798225.611,13689,74.13,74.1,74.13,74.13,TIE,low_C,TIE,TIE,T,TIE,TIE,F,F,TIE
1782798288.036,13690,74.1,74.08,74.09,74.08,high_O,TIE,TIE,TIE,T,T,T,F,TIE,T
1782798393.018,13691,74.08,74.11,74.12,74.11,high_M,low_O,M>O,TIE,F,F,F,F,TIE,T
1782798435.475,13692,74.11,74.13,74.13,74.13,TIE,low_O,TIE,TIE,F,F,F,TIE,TIE,TIE
1782798460.507,13693,74.13,74.09,74.11,74.13,TIE,low_C,TIE,TIE,T,T,TIE,F,F,F
1782798533.03,13694,74.09,74.14,74.12,74.13,high_C,low_O,C>O,C>P>M>O,F,F,F,T,T,F
1782798613.729,13695,74.14,74.15,74.13,74.12,high_C,low_P,C>P,C>O>M>P,F,T,T,T,T,T
1782798679.453,13696,74.15,74.1,74.11,74.11,high_O,low_C,O>C,TIE,T,T,T,F,F,TIE
1782798855.987,13697,74.1,74.08,74.1,74.1,TIE,low_C,TIE,TIE,T,TIE,TIE,F,F,TIE
1782798893.44,13698,74.08,74.14,74.09,74.09,high_C,low_O,C>O,TIE,F,F,F,T,T,TIE
1782798910.345,13699,74.14,74.13,74.13,74.14,TIE,TIE,TIE,TIE,T,T,TIE,TIE,F,F
1782798939.487,13700,74.13,74.22,74.18,74.14,high_C,low_O,C>O,C>M>P>O,F,F,F,T,T,T
1782798951.253,13701,74.22,74.16,74.17,74.16,high_O,TIE,TIE,TIE,T,T,T,F,TIE,T
1782798951.321,13702,74.16,74.15,74.16,74.16,TIE,low_C,TIE,TIE,T,TIE,TIE,F,F,TIE
1782798980.804,13703,74.15,74.16,74.14,74.14,high_C,TIE,TIE,TIE,F,T,T,T,T,TIE
1782799069.685,13704,74.16,74.15,74.14,74.14,high_O,TIE,TIE,TIE,T,T,T,T,T,TIE
1782799167.417,13705,74.15,74.18,74.18,74.19,high_P,low_O,P>O,TIE,F,F,F,TIE,F,F
1782799201.335,13706,74.18,74.22,74.18,74.18,high_C,TIE,TIE,TIE,F,TIE,TIE,T,T,TIE
1782799259.422,13707,74.22,74.17,74.19,74.17,high_O,TIE,TIE,TIE,T,T,T,F,TIE,T
1782799272.431,13708,74.17,74.14,74.17,74.17,TIE,low_C,TIE,TIE,T,TIE,TIE,F,F,TIE
1782799371.734,13709,74.14,74.1,74.13,74.11,high_O,low_C,O>C,O>M>P>C,T,T,T,F,F,T
1782799437.475,13710,74.1,74.11,74.11,74.11,TIE,low_O,TIE,TIE,F,F,F,TIE,TIE,TIE
1782799482.403,13711,74.11,74.1,74.1,74.1,high_O,TIE,TIE,TIE,T,T,T,TIE,TIE,TIE
1782799550.772,13712,74.1,74.08,74.1,74.1,TIE,low_C,TIE,TIE,T,TIE,TIE,F,F,TIE
1782799610.468,13713,74.08,74.06,74.07,74.08,TIE,low_C,TIE,TIE,T,T,TIE,F,F,F
1782799704.32,13714,74.06,74.05,74.06,74.06,TIE,low_C,TIE,TIE,T,TIE,TIE,F,F,TIE
1782799796.382,13716,74.0,74.0,74.0,74.0,TIE,TIE,TIE,TIE,TIE,TIE,TIE,TIE,TIE,TIE
1782799897.789,13718,73.99,73.99,73.99,73.99,TIE,TIE,TIE,TIE,TIE,TIE,TIE,TIE,TIE,TIE
1782799945.09,13719,73.99,73.96,73.98,74.01,high_P,low_C,P>C,P>O>M>C,T,T,F,F,F,F
1782800038.675,13720,73.96,74.01,74.0,73.97,high_C,low_O,C>O,C>M>P>O,F,F,F,T,T,T
1782800171.697,13721,74.01,73.97,74.01,74.01,TIE,low_C,TIE,TIE,T,TIE,TIE,F,F,TIE
1782800206.597,13722,73.97,73.94,73.97,73.98,high_P,low_C,P>C,TIE,T,TIE,F,F,F,F
1782800297.257,13723,73.94,73.96,73.95,73.95,high_C,low_O,C>O,TIE,F,F,F,T,T,TIE
1782800332.837,13724,73.96,73.94,73.94,73.94,high_O,TIE,TIE,TIE,T,T,T,TIE,TIE,TIE
1782800364.611,13725,73.94,73.89,73.9,73.89,high_O,TIE,TIE,TIE,T,T,T,F,TIE,T
1782800393.956,13726,73.89,73.9,73.89,73.88,high_C,low_P,C>P,TIE,F,TIE,T,T,T,T
1782800467.741,13728,73.88,73.88,73.89,73.89,TIE,TIE,TIE,TIE,TIE,F,F,F,F,TIE
1782800484.831,13729,73.88,73.92,73.89,73.89,high_C,low_O,C>O,TIE,F,F,F,T,T,TIE
1782800507.515,13730,73.92,73.95,73.95,73.95,TIE,low_O,TIE,TIE,F,F,F,TIE,TIE,TIE
1782800590.98,13731,73.95,73.98,73.96,73.96,high_C,low_O,C>O,TIE,F,F,F,T,T,TIE
1782800625.463,13732,73.98,74.03,73.98,73.98,high_C,TIE,TIE,TIE,F,TIE,TIE,T,T,TIE
1782800706.402,13733,74.03,74.01,74.05,74.06,high_P,low_C,P>C,P>M>O>C,T,F,F,F,F,F
1782800793.515,13734,74.01,73.98,73.99,73.98,high_O,TIE,TIE,TIE,T,T,T,F,TIE,T
1782800835.077,13735,73.98,74.1,74.02,74.01,high_C,low_O,C>O,C>M>P>O,F,F,F,T,T,T
1782800920.004,13737,74.15,74.15,74.16,74.17,high_P,TIE,TIE,TIE,TIE,F,F,F,F,F
1782800953.415,13738,74.15,74.19,74.19,74.19,TIE,low_O,TIE,TIE,F,F,F,TIE,TIE,TIE
1782801000.084,13739,74.19,74.2,74.21,74.21,TIE,low_O,TIE,TIE,F,F,F,F,F,TIE
1782801024.086,13740,74.2,74.23,74.21,74.2,high_C,TIE,TIE,TIE,F,F,TIE,T,T,T
1782801041.125,13741,74.23,74.14,74.2,74.23,TIE,low_C,TIE,TIE,T,T,TIE,F,F,F
1782801064.208,13742,74.14,74.1,74.12,74.11,high_O,low_C,O>C,O>M>P>C,T,T,T,F,F,T
1782801136.554,13743,74.1,74.14,74.13,74.13,high_C,low_O,C>O,TIE,F,F,F,T,T,TIE
1782801174.327,13744,74.14,74.18,74.17,74.17,high_C,low_O,C>O,TIE,F,F,F,T,T,TIE
1782801181.91,13745,74.18,74.15,74.17,74.17,high_O,low_C,O>C,TIE,T,T,T,F,F,TIE
1782801192.736,13746,74.15,74.11,74.13,74.13,high_O,low_C,O>C,TIE,T,T,T,F,F,TIE
1782801239.825,13747,74.11,74.05,74.09,74.11,TIE,low_C,TIE,TIE,T,T,TIE,F,F,F
1782801284.7,13748,74.05,74.02,74.04,74.04,high_O,low_C,O>C,TIE,T,T,T,F,F,TIE
1782801379.232,13749,74.02,74.06,74.02,74.02,high_C,TIE,TIE,TIE,F,TIE,TIE,T,T,TIE
1782801423.853,13750,74.06,74.15,74.12,74.16,high_P,low_O,P>O,P>C>M>O,F,F,F,T,F,F
1782801500.579,13751,74.15,74.09,74.1,74.09,high_O,TIE,TIE,TIE,T,T,T,F,TIE,T
1782801631.651,13755,74.1,74.1,74.09,74.1,TIE,low_M,TIE,TIE,TIE,T,TIE,T,TIE,F
1782801716.665,13756,74.1,74.09,74.08,74.08,high_O,TIE,TIE,TIE,T,T,T,T,T,TIE
1782801860.63,13757,74.09,74.1,74.09,74.09,high_C,TIE,TIE,TIE,F,TIE,TIE,T,T,TIE
1782801970.097,13758,74.1,74.05,74.06,74.06,high_O,low_C,O>C,TIE,T,T,T,F,F,TIE
1782802070.154,13759,74.05,74.12,74.06,74.05,high_C,TIE,TIE,TIE,F,F,TIE,T,T,T
1782802165.07,13760,74.12,74.17,74.14,74.14,high_C,low_O,C>O,TIE,F,F,F,T,T,TIE
1782802312.029,13761,74.17,74.13,74.12,74.12,high_O,TIE,TIE,TIE,T,T,T,T,T,TIE
1782802455.067,13762,74.13,74.09,74.14,74.14,TIE,low_C,TIE,TIE,T,F,F,F,F,TIE
1782802601.622,13763,74.09,74.11,74.09,74.08,high_C,low_P,C>P,TIE,F,TIE,T,T,T,T
1782802737.322,13765,74.1,74.1,74.1,74.1,TIE,TIE,TIE,TIE,TIE,TIE,TIE,TIE,TIE,TIE
1782802770.191,13766,74.1,74.09,74.09,74.08,high_O,low_P,O>P,TIE,T,T,T,TIE,T,T
1782802778.315,13767,74.09,74.13,74.12,74.12,high_C,low_O,C>O,TIE,F,F,F,T,T,TIE
1782802835.704,13768,74.13,74.09,74.11,74.11,high_O,low_C,O>C,TIE,T,T,T,F,F,TIE
1782802916.487,13769,74.09,74.15,74.14,74.14,high_C,low_O,C>O,TIE,F,F,F,T,T,TIE
1782802916.505,13770,74.15,74.16,74.15,74.15,high_C,TIE,TIE,TIE,F,TIE,TIE,T,T,TIE
1782802920.459,13771,74.16,74.18,74.18,74.19,high_P,low_O,P>O,TIE,F,F,F,TIE,F,F
1782802929.865,13772,74.18,74.17,74.17,74.15,high_O,low_P,O>P,TIE,T,T,T,TIE,T,T
1782803034.167,13775,74.2,74.2,74.19,74.19,TIE,TIE,TIE,TIE,TIE,T,T,T,T,TIE
1782803089.883,13776,74.2,74.13,74.15,74.15,high_O,low_C,O>C,TIE,T,T,T,F,F,TIE
1782803190.786,13778,74.06,74.06,74.05,74.05,TIE,TIE,TIE,TIE,TIE,T,T,T,T,TIE
1782803283.568,13779,74.06,74.01,74.04,74.03,high_O,low_C,O>C,O>M>P>C,T,T,T,F,F,T
1782803302.955,13780,74.01,73.99,74.01,74.01,TIE,low_C,TIE,TIE,T,TIE,TIE,F,F,TIE
1782803340.052,13781,73.99,73.91,73.94,73.94,high_O,low_C,O>C,TIE,T,T,T,F,F,TIE
1782803403.196,13783,73.9,73.9,73.9,73.89,TIE,low_P,TIE,TIE,TIE,TIE,T,TIE,T,T
1782803425.147,13784,73.9,73.86,73.86,73.86,high_O,TIE,TIE,TIE,T,T,T,TIE,TIE,TIE
1782803468.599,13785,73.86,73.83,73.86,73.88,high_P,low_C,P>C,TIE,T,TIE,F,F,F,F
1782803468.6,13786,73.83,73.82,73.82,73.82,high_O,TIE,TIE,TIE,T,T,T,TIE,TIE,TIE
1782803468.614,13787,73.82,73.8,73.81,73.81,high_O,low_C,O>C,TIE,T,T,T,F,F,TIE
1782803473.001,13788,73.8,73.81,73.82,73.82,TIE,low_O,TIE,TIE,F,F,F,F,F,TIE
1782803492.324,13789,73.81,73.86,73.83,73.83,high_C,low_O,C>O,TIE,F,F,F,T,T,TIE
1782803531.094,13790,73.86,73.84,73.85,73.86,TIE,low_C,TIE,TIE,T,T,TIE,F,F,F
1782803546.722,13791,73.84,73.87,73.88,73.89,high_P,low_O,P>O,P>M>C>O,F,F,F,F,F,F
1782803612.893,13792,73.87,73.9,73.86,73.85,high_C,low_P,C>P,C>O>M>P,F,T,T,T,T,T
1782803647.636,13793,73.9,73.89,73.9,73.9,TIE,low_C,TIE,TIE,T,TIE,TIE,F,F,TIE
1782803721.15,13794,73.89,73.95,73.92,73.95,TIE,low_O,TIE,TIE,F,F,F,T,TIE,F
1782803817.653,13796,73.99,73.99,73.99,73.99,TIE,TIE,TIE,TIE,TIE,TIE,TIE,TIE,TIE,TIE
1782803881.894,13797,73.99,73.94,73.96,73.96,high_O,low_C,O>C,TIE,T,T,T,F,F,TIE
1782803954.964,13798,73.94,73.89,73.91,73.91,high_O,low_C,O>C,TIE,T,T,T,F,F,TIE
1782804030.607,13800,73.88,73.88,73.88,73.88,TIE,TIE,TIE,TIE,TIE,TIE,TIE,TIE,TIE,TIE
1782804179.428,13801,73.88,73.89,73.89,73.88,TIE,TIE,TIE,TIE,F,F,TIE,TIE,T,T
1782804275.585,13802,73.89,73.93,73.91,73.89,high_C,TIE,TIE,TIE,F,F,TIE,T,T,T
1782804443.601,13804,73.97,73.97,73.96,73.97,TIE,low_M,TIE,TIE,TIE,T,TIE,T,TIE,F
1782804456.789,13805,73.97,73.88,73.92,73.92,high_O,low_C,O>C,TIE,T,T,T,F,F,TIE
1782804523.345,13806,73.88,73.92,73.89,73.89,high_C,low_O,C>O,TIE,F,F,F,T,T,TIE
1782804644.681,13807,73.92,73.96,73.91,73.92,high_C,low_M,C>M,TIE,F,T,TIE,T,T,F
1782804681.861,13808,73.96,73.94,73.96,73.96,TIE,low_C,TIE,TIE,T,TIE,TIE,F,F,TIE
1782804803.831,13809,73.94,73.91,73.94,73.94,TIE,low_C,TIE,TIE,T,TIE,TIE,F,F,TIE
1782804897.445,13810,73.91,73.97,73.92,73.92,high_C,low_O,C>O,TIE,F,F,F,T,T,TIE
1782804968.566,13811,73.97,74.02,74.0,74.0,high_C,low_O,C>O,TIE,F,F,F,T,T,TIE
1782805005.127,13812,74.02,74.0,74.01,74.01,high_O,low_C,O>C,TIE,T,T,T,F,F,TIE
1782805093.325,13813,74.0,74.01,74.0,74.0,high_C,TIE,TIE,TIE,F,TIE,TIE,T,T,TIE
1782805166.775,13814,74.01,74.02,74.02,74.02,TIE,low_O,TIE,TIE,F,F,F,TIE,TIE,TIE
1782805372.403,13818,74.03,74.04,74.04,74.04,TIE,low_O,TIE,TIE,F,F,F,TIE,TIE,TIE
1782805408.798,13819,74.04,74.05,74.05,74.05,TIE,low_O,TIE,TIE,F,F,F,TIE,TIE,TIE
1782805558.868,13821,74.0,74.0,73.99,74.0,TIE,low_M,TIE,TIE,TIE,T,TIE,T,TIE,F
1782805661.558,13822,74.0,74.06,74.02,74.02,high_C,low_O,C>O,TIE,F,F,F,T,T,TIE
1782805661.752,13823,74.06,74.1,74.06,74.06,high_C,TIE,TIE,TIE,F,TIE,TIE,T,T,TIE
1782805695.01,13824,74.1,74.13,74.12,74.12,high_C,low_O,C>O,TIE,F,F,F,T,T,TIE
1782805765.438,13825,74.13,74.12,74.13,74.13,TIE,low_C,TIE,TIE,T,TIE,TIE,F,F,TIE
1782805821.773,13826,74.12,74.1,74.12,74.14,high_P,low_C,P>C,TIE,T,TIE,F,F,F,F
1782805897.498,13827,74.1,74.06,74.06,74.06,high_O,TIE,TIE,TIE,T,T,T,TIE,TIE,TIE
1782805940.687,13828,74.06,74.03,74.05,74.03,high_O,TIE,TIE,TIE,T,T,T,F,TIE,T
1782805977.172,13829,74.03,74.07,74.08,74.08,TIE,low_O,TIE,TIE,F,F,F,F,F,TIE
1782805977.175,13830,74.07,74.04,74.06,74.06,high_O,low_C,O>C,TIE,T,T,T,F,F,TIE
1782806011.843,13831,74.04,74.06,74.05,74.05,high_C,low_O,C>O,TIE,F,F,F,T,T,TIE
1782806039.014,13832,74.06,74.05,74.07,74.07,TIE,low_C,TIE,TIE,T,F,F,F,F,TIE
1782806097.429,13834,74.08,74.08,74.09,74.09,TIE,TIE,TIE,TIE,TIE,F,F,F,F,TIE
1782806300.18,13836,74.14,74.14,74.13,74.13,TIE,TIE,TIE,TIE,TIE,T,T,T,T,TIE
1782806335.958,13837,74.14,74.17,74.16,74.16,high_C,low_O,C>O,TIE,F,F,F,T,T,TIE
1782806395.385,13838,74.17,74.14,74.14,74.14,high_O,TIE,TIE,TIE,T,T,T,TIE,TIE,TIE
1782806484.246,13839,74.14,74.09,74.11,74.13,high_O,low_C,O>C,O>P>M>C,T,T,T,F,F,F
1782806574.905,13840,74.09,74.06,74.09,74.09,TIE,low_C,TIE,TIE,T,TIE,TIE,F,F,TIE
1782806640.641,13841,74.06,74.04,74.05,74.05,high_O,low_C,O>C,TIE,T,T,T,F,F,TIE
1782806651.821,13842,74.04,74.07,74.06,74.03,high_C,low_P,C>P,C>M>O>P,F,F,T,T,T,T
1782806657.951,13843,74.07,74.08,74.06,74.06,high_C,TIE,TIE,TIE,F,T,T,T,T,TIE
1782806661.818,13844,74.08,74.06,74.07,74.07,high_O,low_C,O>C,TIE,T,T,T,F,F,TIE
1782806718.495,13845,74.06,74.13,74.09,74.06,high_C,TIE,TIE,TIE,F,F,TIE,T,T,T
1782806791.928,13846,74.13,74.09,74.15,74.13,high_M,low_C,M>C,TIE,T,F,TIE,F,F,T
1782806822.203,13847,74.09,74.04,74.07,74.07,high_O,low_C,O>C,TIE,T,T,T,F,F,TIE
1782806879.109,13848,74.04,74.1,74.07,74.07,high_C,low_O,C>O,TIE,F,F,F,T,T,TIE
1782806970.789,13849,74.1,74.01,74.09,74.11,high_P,low_C,P>C,P>O>M>C,T,T,F,F,F,F
1782806979.224,13850,74.01,73.95,73.98,74.0,high_O,low_C,O>C,O>P>M>C,T,T,T,F,F,F
1782807029.876,13851,73.95,74.01,73.96,73.95,high_C,TIE,TIE,TIE,F,F,TIE,T,T,T
1782807113.187,13852,74.01,74.02,74.01,74.01,high_C,TIE,TIE,TIE,F,TIE,TIE,T,T,TIE
1782807139.664,13853,74.02,74.06,74.04,74.03,high_C,low_O,C>O,C>M>P>O,F,F,F,T,T,T
1782807219.197,13854,74.06,74.02,74.03,74.02,high_O,TIE,TIE,TIE,T,T,T,F,TIE,T
1782807231.745,13855,74.02,73.94,73.97,73.97,high_O,low_C,O>C,TIE,T,T,T,F,F,TIE
1782807249.522,13856,73.94,73.9,73.92,73.9,high_O,TIE,TIE,TIE,T,T,T,F,TIE,T
1782807278.735,13858,73.88,73.88,73.88,73.88,TIE,TIE,TIE,TIE,TIE,TIE,TIE,TIE,TIE,TIE
1782807291.619,13859,73.88,73.89,73.89,73.89,TIE,low_O,TIE,TIE,F,F,F,TIE,TIE,TIE
1782807355.939,13862,73.86,73.86,73.86,73.86,TIE,TIE,TIE,TIE,TIE,TIE,TIE,TIE,TIE,TIE
1782807372.461,13863,73.86,73.8,73.86,73.86,TIE,low_C,TIE,TIE,T,TIE,TIE,F,F,TIE
1782807402.193,13864,73.8,73.92,73.81,73.8,high_C,TIE,TIE,TIE,F,F,TIE,T,T,T
1782807434.29,13865,73.92,73.9,73.9,73.9,high_O,TIE,TIE,TIE,T,T,T,TIE,TIE,TIE
1782807483.57,13866,73.9,73.88,73.89,73.9,TIE,low_C,TIE,TIE,T,T,TIE,F,F,F
1782807528.561,13867,73.88,73.9,73.91,73.91,TIE,low_O,TIE,TIE,F,F,F,F,F,TIE
1782807589.911,13868,73.9,73.89,73.89,73.89,high_O,TIE,TIE,TIE,T,T,T,TIE,TIE,TIE
1782807718.726,13869,73.89,73.95,73.94,73.94,high_C,low_O,C>O,TIE,F,F,F,T,T,TIE
1782807792.709,13870,73.95,73.93,73.94,73.95,TIE,low_C,TIE,TIE,T,T,TIE,F,F,F
1782807907.263,13871,73.93,73.97,73.96,73.95,high_C,low_O,C>O,C>M>P>O,F,F,F,T,T,T
1782808040.432,13872,73.97,73.96,73.99,74.0,high_P,low_C,P>C,P>M>O>C,T,F,F,F,F,F
1782808114.357,13873,73.96,73.97,73.95,73.95,high_C,TIE,TIE,TIE,F,T,T,T,T,TIE
1782808257.393,13874,73.97,74.0,73.98,73.97,high_C,TIE,TIE,TIE,F,F,TIE,T,T,T
1782808298.224,13875,74.0,73.93,73.98,74.01,high_P,low_C,P>C,P>O>M>C,T,T,F,F,F,F
1782808401.51,13876,73.93,73.91,73.92,73.92,high_O,low_C,O>C,TIE,T,T,T,F,F,TIE
1782808438.458,13878,73.86,73.86,73.86,73.86,TIE,TIE,TIE,TIE,TIE,TIE,TIE,TIE,TIE,TIE
1782808451.966,13879,73.86,73.82,73.86,73.86,TIE,low_C,TIE,TIE,T,TIE,TIE,F,F,TIE
1782808509.366,13881,73.84,73.84,73.85,73.85,TIE,TIE,TIE,TIE,TIE,F,F,F,F,TIE
1782808549.79,13882,73.84,73.81,73.83,73.83,high_O,low_C,O>C,TIE,T,T,T,F,F,TIE
1782808550.984,13883,73.81,73.75,73.79,73.8,high_O,low_C,O>C,O>P>M>C,T,T,T,F,F,F
1782808552.23,13884,73.75,73.71,73.73,73.73,high_O,low_C,O>C,TIE,T,T,T,F,F,TIE
1782808554.917,13885,73.71,73.68,73.7,73.7,high_O,low_C,O>C,TIE,T,T,T,F,F,TIE
1782808555.072,13886,73.68,73.67,73.67,73.68,TIE,TIE,TIE,TIE,T,T,TIE,TIE,F,F
1782808555.133,13887,73.67,73.66,73.67,73.67,TIE,low_C,TIE,TIE,T,TIE,TIE,F,F,TIE
1782808557.691,13888,73.66,73.72,73.68,73.68,high_C,low_O,C>O,TIE,F,F,F,T,T,TIE
1782808566.411,13889,73.72,73.7,73.7,73.7,high_O,TIE,TIE,TIE,T,T,T,TIE,TIE,TIE
1782808572.809,13890,73.7,73.65,73.68,73.68,high_O,low_C,O>C,TIE,T,T,T,F,F,TIE
1782808572.993,13891,73.65,73.6,73.62,73.63,high_O,low_C,O>C,O>P>M>C,T,T,T,F,F,F
1782808573.076,13892,73.6,73.58,73.6,73.6,TIE,low_C,TIE,TIE,T,TIE,TIE,F,F,TIE
1782808573.506,13893,73.58,73.6,73.58,73.57,high_C,low_P,C>P,TIE,F,TIE,T,T,T,T
1782808575.875,13894,73.6,73.57,73.58,73.57,high_O,TIE,TIE,TIE,T,T,T,F,TIE,T
1782808577.066,13895,73.57,73.52,73.55,73.56,high_O,low_C,O>C,O>P>M>C,T,T,T,F,F,F
1782808577.078,13898,73.5,73.53,73.5,73.5,high_C,TIE,TIE,TIE,F,TIE,TIE,T,T,TIE
1782808577.081,13899,73.53,73.56,73.54,73.54,high_C,low_O,C>O,TIE,F,F,F,T,T,TIE
1782808577.082,13900,73.56,73.46,73.48,73.48,high_O,low_C,O>C,TIE,T,T,T,F,F,TIE
1782808577.092,13901,73.46,73.52,73.45,73.45,high_C,TIE,TIE,TIE,F,T,T,T,T,TIE
1782808577.153,13902,73.52,73.51,73.52,73.52,TIE,low_C,TIE,TIE,T,TIE,TIE,F,F,TIE
1782808577.89,13903,73.51,73.49,73.51,73.51,TIE,low_C,TIE,TIE,T,TIE,TIE,F,F,TIE
1782808578.601,13904,73.49,73.5,73.5,73.5,TIE,low_O,TIE,TIE,F,F,F,TIE,TIE,TIE
1782808580.126,13905,73.5,73.49,73.5,73.5,TIE,low_C,TIE,TIE,T,TIE,TIE,F,F,TIE
1782808580.234,13906,73.49,73.44,73.46,73.47,high_O,low_C,O>C,O>P>M>C,T,T,T,F,F,F
1782808580.519,13907,73.44,73.48,73.44,73.44,high_C,TIE,TIE,TIE,F,TIE,TIE,T,T,TIE
1782808581.075,13908,73.48,73.45,73.47,73.47,high_O,low_C,O>C,TIE,T,T,T,F,F,TIE
1782808582.369,13909,73.45,73.52,73.48,73.49,high_C,low_O,C>O,C>P>M>O,F,F,F,T,T,F
1782808583.454,13910,73.52,73.54,73.54,73.54,TIE,low_O,TIE,TIE,F,F,F,TIE,TIE,TIE
1782808589.358,13911,73.54,73.6,73.54,73.54,high_C,TIE,TIE,TIE,F,TIE,TIE,T,T,TIE
1782808606.211,13913,73.54,73.54,73.51,73.51,TIE,TIE,TIE,TIE,TIE,T,T,T,T,TIE
1782808606.222,13914,73.54,73.56,73.56,73.56,TIE,low_O,TIE,TIE,F,F,F,TIE,TIE,TIE
1782808606.353,13915,73.56,73.59,73.59,73.59,TIE,low_O,TIE,TIE,F,F,F,TIE,TIE,TIE
1782808608.553,13916,73.59,73.55,73.56,73.59,TIE,low_C,TIE,TIE,T,T,TIE,F,F,F
1782808612.097,13917,73.55,73.47,73.51,73.49,high_O,low_C,O>C,O>M>P>C,T,T,T,F,F,T
1782808613.928,13918,73.47,73.41,73.42,73.42,high_O,low_C,O>C,TIE,T,T,T,F,F,TIE
1782808615.906,13922,73.4,73.4,73.42,73.42,TIE,TIE,TIE,TIE,TIE,F,F,F,F,TIE
1782808616.402,13923,73.4,73.38,73.39,73.39,high_O,low_C,O>C,TIE,T,T,T,F,F,TIE
1782808617.709,13924,73.38,73.41,73.38,73.39,high_C,TIE,TIE,TIE,F,TIE,F,T,T,F
1782808620.677,13925,73.41,73.45,73.42,73.41,high_C,TIE,TIE,TIE,F,F,TIE,T,T,T
1782808622.268,13926,73.45,73.49,73.45,73.45,high_C,TIE,TIE,TIE,F,TIE,TIE,T,T,TIE
1782808624.374,13928,73.46,73.46,73.47,73.46,high_M,TIE,TIE,TIE,TIE,F,TIE,F,TIE,T
1782808628.388,13929,73.46,73.5,73.45,73.45,high_C,TIE,TIE,TIE,F,T,T,T,T,TIE
1782808636.125,13930,73.5,73.47,73.5,73.5,TIE,low_C,TIE,TIE,T,TIE,TIE,F,F,TIE
1782808640.489,13931,73.47,73.44,73.46,73.46,high_O,low_C,O>C,TIE,T,T,T,F,F,TIE
1782808644.184,13932,73.44,73.48,73.47,73.47,high_C,low_O,C>O,TIE,F,F,F,T,T,TIE
1782808650.43,13933,73.48,73.52,73.51,73.52,TIE,low_O,TIE,TIE,F,F,F,T,TIE,F
1782808662.57,13935,73.54,73.54,73.5,73.5,TIE,TIE,TIE,TIE,TIE,T,T,T,T,TIE
1782808669.718,13936,73.54,73.49,73.51,73.49,high_O,TIE,TIE,TIE,T,T,T,F,TIE,T
1782808683.329,13937,73.49,73.51,73.5,73.5,high_C,low_O,C>O,TIE,F,F,F,T,T,TIE
1782808691.146,13938,73.51,73.5,73.51,73.5,TIE,TIE,TIE,TIE,T,TIE,T,F,TIE,T
1782808712.127,13940,73.48,73.48,73.49,73.49,TIE,TIE,TIE,TIE,TIE,F,F,F,F,TIE
1782808735.564,13941,73.48,73.47,73.46,73.47,high_O,low_M,O>M,TIE,T,T,T,T,TIE,F
1782808735.61,13942,73.47,73.48,73.46,73.46,high_C,TIE,TIE,TIE,F,T,T,T,T,TIE
1782808737.396,13943,73.48,73.5,73.48,73.47,high_C,low_P,C>P,TIE,F,TIE,T,T,T,T
1782808738.911,13944,73.5,73.55,73.55,73.55,TIE,low_O,TIE,TIE,F,F,F,TIE,TIE,TIE
1782808763.035,13945,73.55,73.44,73.47,73.44,high_O,TIE,TIE,TIE,T,T,T,F,TIE,T
1782808774.972,13946,73.44,73.49,73.47,73.45,high_C,low_O,C>O,C>M>P>O,F,F,F,T,T,T
1782808781.919,13947,73.49,73.53,73.5,73.5,high_C,low_O,C>O,TIE,F,F,F,T,T,TIE
1782808795.078,13948,73.53,73.47,73.47,73.46,high_O,low_P,O>P,TIE,T,T,T,TIE,T,T
1782808806.309,13950,73.46,73.46,73.46,73.45,TIE,low_P,TIE,TIE,TIE,TIE,T,TIE,T,T
1782808814.833,13951,73.46,73.49,73.48,73.49,TIE,low_O,TIE,TIE,F,F,F,T,TIE,F
1782808827.393,13952,73.49,73.46,73.46,73.45,high_O,low_P,O>P,TIE,T,T,T,TIE,T,T
1782808851.756,13953,73.46,73.51,73.52,73.53,high_P,low_O,P>O,P>M>C>O,F,F,F,F,F,F
1782808871.423,13954,73.51,73.55,73.52,73.52,high_C,low_O,C>O,TIE,F,F,F,T,T,TIE
1782808880.989,13955,73.55,73.51,73.54,73.52,high_O,low_C,O>C,O>M>P>C,T,T,T,F,F,T
1782808880.99,13956,73.51,73.48,73.49,73.49,high_O,low_C,O>C,TIE,T,T,T,F,F,TIE
1782808886.215,13957,73.48,73.5,73.5,73.5,TIE,low_O,TIE,TIE,F,F,F,TIE,TIE,TIE
1782808891.986,13958,73.5,73.51,73.5,73.5,high_C,TIE,TIE,TIE,F,TIE,TIE,T,T,TIE
1782808900.033,13959,73.51,73.52,73.51,73.51,high_C,TIE,TIE,TIE,F,TIE,TIE,T,T,TIE
1782808911.232,13960,73.52,73.48,73.51,73.51,high_O,low_C,O>C,TIE,T,T,T,F,F,TIE
1782808923.36,13961,73.48,73.47,73.49,73.5,high_P,low_C,P>C,P>M>O>C,T,F,F,F,F,F
1782808943.946,13962,73.47,73.51,73.49,73.49,high_C,low_O,C>O,TIE,F,F,F,T,T,TIE
1782808983.333,13963,73.51,73.5,73.5,73.5,high_O,TIE,TIE,TIE,T,T,T,TIE,TIE,TIE
1782808989.492,13964,73.5,73.53,73.5,73.5,high_C,TIE,TIE,TIE,F,TIE,TIE,T,T,TIE
1782808989.494,13965,73.53,73.55,73.54,73.53,high_C,TIE,TIE,TIE,F,F,TIE,T,T,T
1782808989.52,13966,73.55,73.56,73.57,73.59,high_P,low_O,P>O,P>M>C>O,F,F,F,F,F,F
1782808989.569,13967,73.56,73.55,73.55,73.55,high_O,TIE,TIE,TIE,T,T,T,TIE,TIE,TIE
1782809014.637,13969,73.54,73.54,73.57,73.58,high_P,TIE,TIE,TIE,TIE,F,F,F,F,F
1782809077.551,13971,73.58,73.58,73.57,73.56,TIE,low_P,TIE,TIE,TIE,T,T,T,T,T
1782809102.07,13972,73.58,73.53,73.54,73.55,high_O,low_C,O>C,O>P>M>C,T,T,T,F,F,F
1782809129.546,13973,73.53,73.5,73.52,73.52,high_O,low_C,O>C,TIE,T,T,T,F,F,TIE
1782809137.211,13974,73.5,73.41,73.46,73.5,TIE,low_C,TIE,TIE,T,T,TIE,F,F,F
1782809137.707,13975,73.41,73.36,73.4,73.4,high_O,low_C,O>C,TIE,T,T,T,F,F,TIE
1782809137.758,13976,73.36,73.34,73.34,73.34,high_O,TIE,TIE,TIE,T,T,T,TIE,TIE,TIE
1782809138.165,13977,73.34,73.31,73.32,73.31,high_O,TIE,TIE,TIE,T,T,T,F,TIE,T
1782809145.895,13980,73.35,73.35,73.33,73.32,TIE,low_P,TIE,TIE,TIE,T,T,T,T,T
1782809150.095,13981,73.35,73.38,73.36,73.36,high_C,low_O,C>O,TIE,F,F,F,T,T,TIE
1782809159.035,13982,73.38,73.33,73.35,73.35,high_O,low_C,O>C,TIE,T,T,T,F,F,TIE
1782809161.244,13983,73.33,73.37,73.31,73.31,high_C,TIE,TIE,TIE,F,T,T,T,T,TIE
1782809183.518,13985,73.36,73.36,73.37,73.37,TIE,TIE,TIE,TIE,TIE,F,F,F,F,TIE
1782809204.912,13986,73.36,73.35,73.36,73.36,TIE,low_C,TIE,TIE,T,TIE,TIE,F,F,TIE
1782809208.551,13987,73.35,73.31,73.32,73.31,high_O,TIE,TIE,TIE,T,T,T,F,TIE,T
1782809212.059,13988,73.31,73.3,73.3,73.3,high_O,TIE,TIE,TIE,T,T,T,TIE,TIE,TIE
1782809225.29,13989,73.3,73.34,73.34,73.34,TIE,low_O,TIE,TIE,F,F,F,TIE,TIE,TIE
1782809242.604,13990,73.34,73.3,73.3,73.3,high_O,TIE,TIE,TIE,T,T,T,TIE,TIE,TIE
1782809257.937,13991,73.3,73.37,73.31,73.31,high_C,low_O,C>O,TIE,F,F,F,T,T,TIE
1782809265.148,13992,73.37,73.4,73.39,73.4,TIE,low_O,TIE,TIE,F,F,F,T,TIE,F
1782809289.148,13993,73.4,73.3,73.32,73.31,high_O,low_C,O>C,O>M>P>C,T,T,T,F,F,T
1782809297.641,13994,73.3,73.34,73.3,73.3,high_C,TIE,TIE,TIE,F,TIE,TIE,T,T,TIE
1782809313.273,13995,73.34,73.33,73.35,73.35,TIE,low_C,TIE,TIE,T,F,F,F,F,TIE
1782809317.181,13996,73.33,73.34,73.34,73.34,TIE,low_O,TIE,TIE,F,F,F,TIE,TIE,TIE
1782809344.622,13997,73.34,73.3,73.35,73.31,high_M,low_C,M>C,M>O>P>C,T,F,T,F,F,T
1782809357.755,13998,73.3,73.31,73.3,73.29,high_C,low_P,C>P,TIE,F,TIE,T,T,T,T
1782809385.06,14000,73.3,73.3,73.3,73.3,TIE,TIE,TIE,TIE,TIE,TIE,TIE,TIE,TIE,TIE
1782809398.966,14001,73.3,73.31,73.3,73.3,high_C,TIE,TIE,TIE,F,TIE,TIE,T,T,TIE
1782809398.967,14002,73.31,73.35,73.33,73.32,high_C,low_O,C>O,C>M>P>O,F,F,F,T,T,T
1782809398.968,14003,73.35,73.38,73.36,73.36,high_C,low_O,C>O,TIE,F,F,F,T,T,TIE
1782809398.971,14004,73.38,73.4,73.4,73.4,TIE,low_O,TIE,TIE,F,F,F,TIE,TIE,TIE
1782809398.977,14005,73.4,73.29,73.42,73.33,high_M,low_C,M>C,M>O>P>C,T,F,T,F,F,T
1782809398.993,14006,73.29,73.55,73.49,73.38,high_C,low_O,C>O,C>M>P>O,F,F,F,T,T,T
1782809399.074,14007,73.55,73.53,73.51,73.51,high_O,TIE,TIE,TIE,T,T,T,T,T,TIE
1782809399.164,14008,73.53,73.43,73.5,73.48,high_O,low_C,O>C,O>M>P>C,T,T,T,F,F,T
1782809399.308,14009,73.43,73.44,73.43,73.42,high_C,low_P,C>P,TIE,F,TIE,T,T,T,T
1782809399.383,14010,73.44,73.41,73.42,73.42,high_O,low_C,O>C,TIE,T,T,T,F,F,TIE
1782809399.467,14011,73.41,73.35,73.4,73.41,TIE,low_C,TIE,TIE,T,T,TIE,F,F,F
1782809399.755,14012,73.35,73.39,73.35,73.34,high_C,low_P,C>P,TIE,F,TIE,T,T,T,T
1782809399.97,14013,73.39,73.37,73.4,73.39,high_M,low_C,M>C,TIE,T,F,TIE,F,F,T
1782809401.166,14014,73.37,73.43,73.4,73.43,TIE,low_O,TIE,TIE,F,F,F,T,TIE,F
1782809408.711,14016,73.39,73.39,73.39,73.39,TIE,TIE,TIE,TIE,TIE,TIE,TIE,TIE,TIE,TIE
1782809423.982,14017,73.39,73.36,73.37,73.37,high_O,low_C,O>C,TIE,T,T,T,F,F,TIE
1782809434.794,14018,73.36,73.35,73.38,73.38,TIE,low_C,TIE,TIE,T,F,F,F,F,TIE
1782809454.494,14019,73.35,73.36,73.33,73.33,high_C,TIE,TIE,TIE,F,T,T,T,T,TIE
1782809461.152,14020,73.36,73.38,73.37,73.37,high_C,low_O,C>O,TIE,F,F,F,T,T,TIE
1782809491.468,14021,73.38,73.31,73.33,73.31,high_O,TIE,TIE,TIE,T,T,T,F,TIE,T
1782809491.739,14022,73.31,73.3,73.3,73.3,high_O,TIE,TIE,TIE,T,T,T,TIE,TIE,TIE
1782809501.916,14023,73.3,73.31,73.31,73.31,TIE,low_O,TIE,TIE,F,F,F,TIE,TIE,TIE
1782809517.79,14024,73.31,73.32,73.31,73.31,high_C,TIE,TIE,TIE,F,TIE,TIE,T,T,TIE
1782809535.08,14025,73.32,73.38,73.36,73.36,high_C,low_O,C>O,TIE,F,F,F,T,T,TIE
1782809562.482,14026,73.38,73.44,73.41,73.41,high_C,low_O,C>O,TIE,F,F,F,T,T,TIE
1782809581.877,14027,73.44,73.43,73.43,73.43,high_O,TIE,TIE,TIE,T,T,T,TIE,TIE,TIE
1782809588.801,14028,73.43,73.46,73.44,73.45,high_C,low_O,C>O,C>P>M>O,F,F,F,T,T,F
1782809640.249,14029,73.46,73.44,73.45,73.46,TIE,low_C,TIE,TIE,T,T,TIE,F,F,F
1782809668.075,14030,73.44,73.48,73.47,73.47,high_C,low_O,C>O,TIE,F,F,F,T,T,TIE
1782809699.044,14031,73.48,73.53,73.49,73.48,high_C,TIE,TIE,TIE,F,F,TIE,T,T,T
1782809699.902,14032,73.53,73.57,73.55,73.54,high_C,low_O,C>O,C>M>P>O,F,F,F,T,T,T
1782809728.574,14034,73.55,73.55,73.55,73.55,TIE,TIE,TIE,TIE,TIE,TIE,TIE,TIE,TIE,TIE
1782809729.86,14035,73.55,73.52,73.52,73.52,high_O,TIE,TIE,TIE,T,T,T,TIE,TIE,TIE
1782809766.496,14036,73.52,73.47,73.48,73.47,high_O,TIE,TIE,TIE,T,T,T,F,TIE,T
1782809820.596,14037,73.47,73.52,73.52,73.52,TIE,low_O,TIE,TIE,F,F,F,TIE,TIE,TIE
1782809891.275,14038,73.52,73.56,73.55,73.55,high_C,low_O,C>O,TIE,F,F,F,T,T,TIE
1782809973.71,14040,73.62,73.62,73.62,73.62,TIE,TIE,TIE,TIE,TIE,TIE,TIE,TIE,TIE,TIE
1782810009.169,14041,73.62,73.57,73.6,73.6,high_O,low_C,O>C,TIE,T,T,T,F,F,TIE
1782810025.241,14042,73.57,73.58,73.58,73.58,TIE,low_O,TIE,TIE,F,F,F,TIE,TIE,TIE
1782810033.996,14043,73.58,73.59,73.57,73.57,high_C,TIE,TIE,TIE,F,T,T,T,T,TIE
1782810059.165,14044,73.59,73.66,73.6,73.6,high_C,low_O,C>O,TIE,F,F,F,T,T,TIE
1782810104.018,14045,73.66,73.58,73.65,73.66,TIE,low_C,TIE,TIE,T,T,TIE,F,F,F
1782810113.232,14046,73.58,73.56,73.56,73.56,high_O,TIE,TIE,TIE,T,T,T,TIE,TIE,TIE
1782810147.532,14047,73.56,73.66,73.58,73.56,high_C,TIE,TIE,TIE,F,F,TIE,T,T,T
1782810168.349,14048,73.66,73.68,73.67,73.67,high_C,low_O,C>O,TIE,F,F,F,T,T,TIE
1782810181.51,14050,73.71,73.71,73.72,73.72,TIE,TIE,TIE,TIE,TIE,F,F,F,F,TIE
1782810225.462,14053,73.72,73.72,73.72,73.72,TIE,TIE,TIE,TIE,TIE,TIE,TIE,TIE,TIE,TIE
1782810236.511,14054,73.72,73.7,73.72,73.72,TIE,low_C,TIE,TIE,T,TIE,TIE,F,F,TIE
1782810278.939,14056,73.71,73.71,73.71,73.71,TIE,TIE,TIE,TIE,TIE,TIE,TIE,TIE,TIE,TIE
1782810302.241,14057,73.71,73.69,73.72,73.72,TIE,low_C,TIE,TIE,T,F,F,F,F,TIE
1782810320.53,14058,73.69,73.72,73.69,73.69,high_C,TIE,TIE,TIE,F,TIE,TIE,T,T,TIE
1782810357.678,14059,73.72,73.67,73.68,73.68,high_O,low_C,O>C,TIE,T,T,T,F,F,TIE
1782810412.08,14060,73.67,73.65,73.67,73.67,TIE,low_C,TIE,TIE,T,TIE,TIE,F,F,TIE
1782810438.323,14061,73.65,73.66,73.65,73.65,high_C,TIE,TIE,TIE,F,TIE,TIE,T,T,TIE
1782810464.243,14062,73.66,73.64,73.64,73.64,high_O,TIE,TIE,TIE,T,T,T,TIE,TIE,TIE
1782810498.758,14063,73.64,73.59,73.63,73.65,high_P,low_C,P>C,P>O>M>C,T,T,F,F,F,F
1782810505.45,14064,73.59,73.57,73.58,73.58,high_O,low_C,O>C,TIE,T,T,T,F,F,TIE
1782810524.576,14065,73.57,73.61,73.59,73.6,high_C,low_O,C>O,C>P>M>O,F,F,F,T,T,F
1782810558.55,14066,73.61,73.59,73.61,73.62,high_P,low_C,P>C,TIE,T,TIE,F,F,F,F
1782810612.225,14067,73.59,73.58,73.57,73.58,high_O,low_M,O>M,TIE,T,T,T,T,TIE,F
1782810668.336,14068,73.58,73.62,73.58,73.57,high_C,low_P,C>P,TIE,F,TIE,T,T,T,T
1782810678.515,14069,73.62,73.67,73.62,73.62,high_C,TIE,TIE,TIE,F,TIE,TIE,T,T,TIE
1782810693.023,14070,73.67,73.71,73.68,73.67,high_C,TIE,TIE,TIE,F,F,TIE,T,T,T
1782810729.738,14071,73.71,73.73,73.74,73.74,TIE,low_O,TIE,TIE,F,F,F,F,F,TIE
1782810849.778,14074,73.75,73.75,73.75,73.76,high_P,TIE,TIE,TIE,TIE,TIE,F,TIE,F,F
1782810931.692,14075,73.75,73.8,73.77,73.77,high_C,low_O,C>O,TIE,F,F,F,T,T,TIE
1782810957.641,14076,73.8,73.78,73.79,73.79,high_O,low_C,O>C,TIE,T,T,T,F,F,TIE
1782811005.373,14077,73.78,73.72,73.77,73.77,high_O,low_C,O>C,TIE,T,T,T,F,F,TIE
1782811006.953,14078,73.72,73.65,73.67,73.66,high_O,low_C,O>C,O>M>P>C,T,T,T,F,F,T
1782811028.228,14079,73.65,73.64,73.65,73.65,TIE,low_C,TIE,TIE,T,TIE,TIE,F,F,TIE
1782811068.37,14080,73.64,73.63,73.64,73.64,TIE,low_C,TIE,TIE,T,TIE,TIE,F,F,TIE
1782811145.737,14081,73.63,73.67,73.62,73.61,high_C,low_P,C>P,C>O>M>P,F,T,T,T,T,T
1782811258.425,14082,73.67,73.66,73.67,73.66,TIE,TIE,TIE,TIE,T,TIE,T,F,TIE,T
1782811258.494,14083,73.66,73.62,73.64,73.63,high_O,low_C,O>C,O>M>P>C,T,T,T,F,F,T
1782811280.355,14084,73.62,73.72,73.65,73.72,TIE,low_O,TIE,TIE,F,F,F,T,TIE,F
1782811280.356,14085,73.72,73.69,73.7,73.7,high_O,low_C,O>C,TIE,T,T,T,F,F,TIE
1782811280.356,14086,73.69,73.68,73.69,73.69,TIE,low_C,TIE,TIE,T,TIE,TIE,F,F,TIE
1782811280.356,14087,73.68,73.66,73.67,73.67,high_O,low_C,O>C,TIE,T,T,T,F,F,TIE
1782811280.357,14088,73.66,73.64,73.65,73.65,high_O,low_C,O>C,TIE,T,T,T,F,F,TIE
1782811280.357,14089,73.64,73.62,73.62,73.62,high_O,TIE,TIE,TIE,T,T,T,TIE,TIE,TIE
1782811280.358,14090,73.62,73.58,73.6,73.6,high_O,low_C,O>C,TIE,T,T,T,F,F,TIE
1782811280.358,14091,73.58,73.55,73.57,73.57,high_O,low_C,O>C,TIE,T,T,T,F,F,TIE
1782811280.467,14092,73.55,73.63,73.62,73.63,TIE,low_O,TIE,TIE,F,F,F,T,TIE,F
1782811282.766,14093,73.63,73.57,73.59,73.59,high_O,low_C,O>C,TIE,T,T,T,F,F,TIE
1782811312.825,14094,73.57,73.61,73.58,73.57,high_C,TIE,TIE,TIE,F,F,TIE,T,T,T
1782811389.18,14095,73.61,73.6,73.62,73.62,TIE,low_C,TIE,TIE,T,F,F,F,F,TIE
1782811417.061,14096,73.6,73.62,73.6,73.61,high_C,TIE,TIE,TIE,F,TIE,F,T,T,F
1782811492.765,14097,73.62,73.64,73.64,73.64,TIE,low_O,TIE,TIE,F,F,F,TIE,TIE,TIE
1782811500.926,14098,73.64,73.63,73.64,73.64,TIE,low_C,TIE,TIE,T,TIE,TIE,F,F,TIE
1782811573.125,14100,73.67,73.67,73.66,73.66,TIE,TIE,TIE,TIE,TIE,T,T,T,T,TIE
1782811664.212,14101,73.67,73.63,73.66,73.66,high_O,low_C,O>C,TIE,T,T,T,F,F,TIE
1782811744.127,14102,73.63,73.61,73.61,73.6,high_O,low_P,O>P,TIE,T,T,T,TIE,T,T
1782811818.882,14103,73.61,73.6,73.59,73.59,high_O,TIE,TIE,TIE,T,T,T,T,T,TIE
1782811884.057,14105,73.57,73.57,73.58,73.59,high_P,TIE,TIE,TIE,TIE,F,F,F,F,F
1782811903.47,14106,73.57,73.53,73.54,73.54,high_O,low_C,O>C,TIE,T,T,T,F,F,TIE
1782811916.519,14107,73.53,73.56,73.51,73.5,high_C,low_P,C>P,C>O>M>P,F,T,T,T,T,T
1782811983.213,14108,73.56,73.54,73.53,73.53,high_O,TIE,TIE,TIE,T,T,T,T,T,TIE
1782812106.15,14109,73.54,73.6,73.55,73.55,high_C,low_O,C>O,TIE,F,F,F,T,T,TIE
1782812233.702,14111,73.67,73.67,73.67,73.68,high_P,TIE,TIE,TIE,TIE,TIE,F,TIE,F,F
1782812276.017,14112,73.67,73.7,73.73,73.73,TIE,low_O,TIE,TIE,F,F,F,F,F,TIE
1782812441.008,14114,73.68,73.68,73.67,73.68,TIE,low_M,TIE,TIE,TIE,T,TIE,T,TIE,F
1782812502.309,14115,73.68,73.73,73.7,73.68,high_C,TIE,TIE,TIE,F,F,TIE,T,T,T
1782812502.699,14116,73.73,73.72,73.74,73.74,TIE,low_C,TIE,TIE,T,F,F,F,F,TIE
1782812561.508,14117,73.72,73.76,73.72,73.71,high_C,low_P,C>P,TIE,F,TIE,T,T,T,T
1782812567.356,14118,73.76,73.72,73.74,73.73,high_O,low_C,O>C,O>M>P>C,T,T,T,F,F,T
1782812567.45,14119,73.72,73.73,73.72,73.72,high_C,TIE,TIE,TIE,F,TIE,TIE,T,T,TIE
1782812670.239,14120,73.73,73.69,73.73,73.73,TIE,low_C,TIE,TIE,T,TIE,TIE,F,F,TIE
1782812793.984,14121,73.69,73.71,73.7,73.69,high_C,TIE,TIE,TIE,F,F,TIE,T,T,T
1782812816.364,14122,73.71,73.73,73.72,73.72,high_C,low_O,C>O,TIE,F,F,F,T,T,TIE
1782812896.604,14123,73.73,73.72,73.72,73.72,high_O,TIE,TIE,TIE,T,T,T,TIE,TIE,TIE
1782812986.203,14126,73.73,73.77,73.78,73.79,high_P,low_O,P>O,P>M>C>O,F,F,F,F,F,F
1782813012.831,14127,73.77,73.8,73.79,73.8,TIE,low_O,TIE,TIE,F,F,F,T,TIE,F
1782813029.597,14128,73.8,73.82,73.8,73.8,high_C,TIE,TIE,TIE,F,TIE,TIE,T,T,TIE
1782813042.237,14129,73.82,73.8,73.81,73.8,high_O,TIE,TIE,TIE,T,T,T,F,TIE,T
1782813123.604,14131,73.83,73.83,73.83,73.83,TIE,TIE,TIE,TIE,TIE,TIE,TIE,TIE,TIE,TIE
1782813177.942,14132,73.83,73.79,73.8,73.79,high_O,TIE,TIE,TIE,T,T,T,F,TIE,T
1782813300.999,14133,73.79,73.76,73.79,73.79,TIE,low_C,TIE,TIE,T,TIE,TIE,F,F,TIE
1782813403.552,14134,73.76,73.74,73.75,73.75,high_O,low_C,O>C,TIE,T,T,T,F,F,TIE
1782813512.207,14136,73.76,73.76,73.77,73.78,high_P,TIE,TIE,TIE,TIE,F,F,F,F,F
1782813645.823,14137,73.76,73.79,73.77,73.76,high_C,TIE,TIE,TIE,F,F,TIE,T,T,T
1782813803.553,14140,73.8,73.8,73.8,73.8,TIE,TIE,TIE,TIE,TIE,TIE,TIE,TIE,TIE,TIE
1782813860.983,14141,73.8,73.74,73.75,73.74,high_O,TIE,TIE,TIE,T,T,T,F,TIE,T
1782813955.01,14142,73.74,73.73,73.73,73.73,high_O,TIE,TIE,TIE,T,T,T,TIE,TIE,TIE
1782814050.665,14143,73.73,73.82,73.76,73.76,high_C,low_O,C>O,TIE,F,F,F,T,T,TIE
1782814092.606,14144,73.82,73.83,73.85,73.85,TIE,low_O,TIE,TIE,F,F,F,F,F,TIE
1782814191.099,14145,73.83,73.75,73.82,73.84,high_P,low_C,P>C,P>O>M>C,T,T,F,F,F,F
1782814269.696,14148,73.65,73.67,73.65,73.67,TIE,TIE,TIE,TIE,F,TIE,F,T,TIE,F
1782814330.77,14149,73.67,73.7,73.67,73.66,high_C,low_P,C>P,TIE,F,TIE,T,T,T,T
1782814439.87,14150,73.7,73.72,73.69,73.69,high_C,TIE,TIE,TIE,F,T,T,T,T,TIE
1782814526.903,14151,73.72,73.75,73.75,73.75,TIE,low_O,TIE,TIE,F,F,F,TIE,TIE,TIE
1782814650.463,14152,73.75,73.79,73.77,73.77,high_C,low_O,C>O,TIE,F,F,F,T,T,TIE
1782814792.604,14153,73.79,73.76,73.76,73.76,high_O,TIE,TIE,TIE,T,T,T,TIE,TIE,TIE
1782814860.374,14154,73.76,73.67,73.7,73.7,high_O,low_C,O>C,TIE,T,T,T,F,F,TIE
1782814966.203,14155,73.67,73.69,73.69,73.7,high_P,low_O,P>O,TIE,F,F,F,TIE,F,F
1782814997.914,14156,73.69,73.68,73.68,73.68,high_O,TIE,TIE,TIE,T,T,T,TIE,TIE,TIE
1782815016.533,14157,73.68,73.59,73.66,73.66,high_O,low_C,O>C,TIE,T,T,T,F,F,TIE
1782815090.173,14158,73.59,73.64,73.65,73.66,high_P,low_O,P>O,P>M>C>O,F,F,F,F,F,F
1782815107.669,14159,73.64,73.71,73.71,73.71,TIE,low_O,TIE,TIE,F,F,F,TIE,TIE,TIE
1782815148.778,14160,73.71,73.7,73.67,73.65,high_O,low_P,O>P,O>C>M>P,T,T,T,T,T,T
1782815187.304,14161,73.7,73.71,73.7,73.7,high_C,TIE,TIE,TIE,F,TIE,TIE,T,T,TIE
1782815345.342,14162,73.71,73.64,73.69,73.7,high_O,low_C,O>C,O>P>M>C,T,T,T,F,F,F
1782815385.711,14163,73.64,73.66,73.66,73.66,TIE,low_O,TIE,TIE,F,F,F,TIE,TIE,TIE
1782815446.429,14164,73.66,73.56,73.6,73.65,high_O,low_C,O>C,O>P>M>C,T,T,T,F,F,F
1782815459.235,14165,73.56,73.57,73.56,73.56,high_C,TIE,TIE,TIE,F,TIE,TIE,T,T,TIE
1782815490.099,14167,73.54,73.54,73.53,73.53,TIE,TIE,TIE,TIE,TIE,T,T,T,T,TIE
1782815721.231,14169,73.6,73.6,73.6,73.58,TIE,low_P,TIE,TIE,TIE,TIE,T,TIE,T,T
1782815776.196,14170,73.6,73.5,73.51,73.51,high_O,low_C,O>C,TIE,T,T,T,F,F,TIE
1782815811.812,14171,73.5,73.52,73.51,73.51,high_C,low_O,C>O,TIE,F,F,F,T,T,TIE
1782815868.686,14172,73.52,73.5,73.51,73.53,high_P,low_C,P>C,P>O>M>C,T,T,F,F,F,F
1782815889.146,14173,73.5,73.47,73.5,73.5,TIE,low_C,TIE,TIE,T,TIE,TIE,F,F,TIE
1782815901.704,14174,73.47,73.48,73.45,73.44,high_C,low_P,C>P,C>O>M>P,F,T,T,T,T,T
1782815985.233,14176,73.52,73.52,73.52,73.51,TIE,low_P,TIE,TIE,TIE,TIE,T,TIE,T,T
1782816012.419,14177,73.52,73.57,73.56,73.56,high_C,low_O,C>O,TIE,F,F,F,T,T,TIE
1782816054.859,14178,73.57,73.55,73.56,73.56,high_O,low_C,O>C,TIE,T,T,T,F,F,TIE
1782816160.67,14179,73.55,73.58,73.57,73.58,TIE,low_O,TIE,TIE,F,F,F,T,TIE,F
1782816222.196,14180,73.58,73.55,73.59,73.59,TIE,low_C,TIE,TIE,T,F,F,F,F,TIE
1782816306.057,14181,73.55,73.58,73.57,73.58,TIE,low_O,TIE,TIE,F,F,F,T,TIE,F
1782816437.836,14182,73.58,73.6,73.57,73.54,high_C,low_P,C>P,C>O>M>P,F,T,T,T,T,T
1782816472.476,14183,73.6,73.63,73.63,73.63,TIE,low_O,TIE,TIE,F,F,F,TIE,TIE,TIE
1782816502.332,14184,73.63,73.64,73.65,73.65,TIE,low_O,TIE,TIE,F,F,F,F,F,TIE
1782816502.332,14185,73.64,73.66,73.66,73.66,TIE,low_O,TIE,TIE,F,F,F,TIE,TIE,TIE
1782816556.282,14186,73.66,73.7,73.69,73.7,TIE,low_O,TIE,TIE,F,F,F,T,TIE,F
1782816598.936,14187,73.7,73.66,73.68,73.68,high_O,low_C,O>C,TIE,T,T,T,F,F,TIE
1782816733.873,14188,73.66,73.64,73.61,73.61,high_O,TIE,TIE,TIE,T,T,T,T,T,TIE
1782816797.848,14189,73.64,73.66,73.65,73.65,high_C,low_O,C>O,TIE,F,F,F,T,T,TIE
1782816901.704,14190,73.66,73.64,73.66,73.66,TIE,low_C,TIE,TIE,T,TIE,TIE,F,F,TIE
1782816983.684,14191,73.64,73.72,73.63,73.62,high_C,low_P,C>P,C>O>M>P,F,T,T,T,T,T
1782817037.009,14192,73.72,73.75,73.75,73.75,TIE,low_O,TIE,TIE,F,F,F,TIE,TIE,TIE
1782817091.742,14193,73.75,73.76,73.76,73.76,TIE,low_O,TIE,TIE,F,F,F,TIE,TIE,TIE
1782817139.717,14194,73.76,73.73,73.75,73.75,high_O,low_C,O>C,TIE,T,T,T,F,F,TIE
1782817198.097,14195,73.73,73.67,73.72,73.73,TIE,low_C,TIE,TIE,T,T,TIE,F,F,F
1782817349.124,14197,73.62,73.62,73.61,73.62,TIE,low_M,TIE,TIE,TIE,T,TIE,T,TIE,F
1782817449.567,14198,73.62,73.67,73.66,73.66,high_C,low_O,C>O,TIE,F,F,F,T,T,TIE
1782817626.802,14200,73.68,73.68,73.7,73.69,high_M,TIE,TIE,TIE,TIE,F,F,F,F,T
1782817721.741,14201,73.68,73.64,73.66,73.65,high_O,low_C,O>C,O>M>P>C,T,T,T,F,F,T
1782817804.069,14202,73.64,73.68,73.66,73.67,high_C,low_O,C>O,C>P>M>O,F,F,F,T,T,F
1782817940.12,14203,73.68,73.64,73.67,73.66,high_O,low_C,O>C,O>M>P>C,T,T,T,F,F,T
1782818102.782,14204,73.64,73.7,73.66,73.66,high_C,low_O,C>O,TIE,F,F,F,T,T,TIE
1782818166.703,14205,73.69,73.63,73.68,73.69,TIE,low_C,TIE,TIE,T,T,TIE,F,F,F
1782818218.169,14206,73.64,73.58,73.6,73.59,high_O,low_C,O>C,O>M>P>C,T,T,T,F,F,T
1782818255.084,14207,73.58,73.53,73.56,73.53,high_O,TIE,TIE,TIE,T,T,T,F,TIE,T
1782818305.463,14208,73.53,73.48,73.52,73.53,TIE,low_C,TIE,TIE,T,T,TIE,F,F,F
1782818314.494,14209,73.48,73.44,73.44,73.44,high_O,TIE,TIE,TIE,T,T,T,TIE,TIE,TIE
1782818327.512,14210,73.44,73.4,73.42,73.42,high_O,low_C,O>C,TIE,T,T,T,F,F,TIE
1782818353.243,14211,73.4,73.41,73.42,73.42,TIE,low_O,TIE,TIE,F,F,F,F,F,TIE
1782818400.838,14212,73.41,73.42,73.41,73.41,high_C,TIE,TIE,TIE,F,TIE,TIE,T,T,TIE
1782818408.02,14213,73.42,73.4,73.42,73.42,TIE,low_C,TIE,TIE,T,TIE,TIE,F,F,TIE
1782818431.118,14214,73.4,73.43,73.42,73.43,TIE,low_O,TIE,TIE,F,F,F,T,TIE,F
1782818498.038,14216,73.39,73.39,73.38,73.38,TIE,TIE,TIE,TIE,TIE,T,T,T,T,TIE
1782818532.15,14217,73.39,73.36,73.39,73.38,TIE,low_C,TIE,TIE,T,TIE,T,F,F,T
1782818542.584,14218,73.36,73.44,73.36,73.36,high_C,TIE,TIE,TIE,F,TIE,TIE,T,T,TIE
1782818602.443,14219,73.44,73.42,73.44,73.43,TIE,low_C,TIE,TIE,T,TIE,T,F,F,T
1782818704.044,14220,73.42,73.41,73.42,73.42,TIE,low_C,TIE,TIE,T,TIE,TIE,F,F,TIE
1782818738.425,14221,73.41,73.4,73.39,73.38,high_O,low_P,O>P,O>C>M>P,T,T,T,T,T,T
1782818795.081,14222,73.4,73.39,73.41,73.4,high_M,low_C,M>C,TIE,T,F,TIE,F,F,T
1782818802.179,14223,73.39,73.38,73.38,73.38,high_O,TIE,TIE,TIE,T,T,T,TIE,TIE,TIE
1782818807.409,14224,73.38,73.39,73.37,73.36,high_C,low_P,C>P,C>O>M>P,F,T,T,T,T,T
1782818840.752,14225,73.39,73.42,73.4,73.41,high_C,low_O,C>O,C>P>M>O,F,F,F,T,T,F
1782818865.193,14226,73.42,73.39,73.4,73.4,high_O,low_C,O>C,TIE,T,T,T,F,F,TIE
1782818886.352,14227,73.39,73.38,73.37,73.37,high_O,TIE,TIE,TIE,T,T,T,T,T,TIE
1782818893.568,14228,73.38,73.43,73.4,73.4,high_C,low_O,C>O,TIE,F,F,F,T,T,TIE
1782818929.43,14230,73.42,73.42,73.43,73.43,TIE,TIE,TIE,TIE,TIE,F,F,F,F,TIE
1782818955.419,14231,73.42,73.36,73.39,73.36,high_O,TIE,TIE,TIE,T,T,T,F,TIE,T
1782819030.022,14233,73.41,73.41,73.44,73.44,TIE,TIE,TIE,TIE,TIE,F,F,F,F,TIE
1782819068.892,14234,73.41,73.39,73.4,73.41,TIE,low_C,TIE,TIE,T,T,TIE,F,F,F
1782819078.201,14235,73.39,73.38,73.39,73.39,TIE,low_C,TIE,TIE,T,TIE,TIE,F,F,TIE
1782819113.401,14236,73.38,73.39,73.4,73.39,high_M,low_O,M>O,TIE,F,F,F,F,TIE,T
1782819153.891,14237,73.39,73.37,73.37,73.37,high_O,TIE,TIE,TIE,T,T,T,TIE,TIE,TIE
1782819165.114,14238,73.37,73.34,73.35,73.36,high_O,low_C,O>C,O>P>M>C,T,T,T,F,F,F
1782819217.351,14239,73.34,73.33,73.34,73.34,TIE,low_C,TIE,TIE,T,TIE,TIE,F,F,TIE
1782819240.893,14240,73.33,73.34,73.34,73.34,TIE,low_O,TIE,TIE,F,F,F,TIE,TIE,TIE
1782819250.812,14241,73.34,73.32,73.33,73.33,high_O,low_C,O>C,TIE,T,T,T,F,F,TIE
1782819279.66,14242,73.32,73.36,73.33,73.35,high_C,low_O,C>O,C>P>M>O,F,F,F,T,T,F
1782819317.332,14243,73.36,73.43,73.38,73.37,high_C,low_O,C>O,C>M>P>O,F,F,F,T,T,T
1782819323.852,14244,73.43,73.44,73.44,73.44,TIE,low_O,TIE,TIE,F,F,F,TIE,TIE,TIE
1782819335.969,14245,73.44,73.47,73.45,73.45,high_C,low_O,C>O,TIE,F,F,F,T,T,TIE
1782819358.3,14246,73.47,73.48,73.49,73.49,TIE,low_O,TIE,TIE,F,F,F,F,F,TIE
1782819371.473,14247,73.48,73.51,73.52,73.52,TIE,low_O,TIE,TIE,F,F,F,F,F,TIE
1782819397.181,14248,73.51,73.49,73.49,73.5,high_O,TIE,TIE,TIE,T,T,T,TIE,F,F
1782819475.236,14249,73.49,73.5,73.47,73.46,high_C,low_P,C>P,C>O>M>P,F,T,T,T,T,T
1782819530.034,14250,73.5,73.46,73.5,73.5,TIE,low_C,TIE,TIE,T,TIE,TIE,F,F,TIE
1782819559.532,14251,73.46,73.45,73.46,73.46,TIE,low_C,TIE,TIE,T,TIE,TIE,F,F,TIE
1782819570.701,14252,73.45,73.42,73.43,73.42,high_O,TIE,TIE,TIE,T,T,T,F,TIE,T
1782819596.167,14253,73.42,73.43,73.43,73.44,high_P,low_O,P>O,TIE,F,F,F,TIE,F,F
1782819676.864,14254,73.43,73.47,73.43,73.43,high_C,TIE,TIE,TIE,F,TIE,TIE,T,T,TIE
1782819755.928,14255,73.47,73.53,73.5,73.5,high_C,low_O,C>O,TIE,F,F,F,T,T,TIE
1782819810.267,14256,73.53,73.54,73.51,73.52,high_C,low_M,C>M,C>O>P>M,F,T,T,T,T,F
1782819911.585,14257,73.54,73.53,73.52,73.52,high_O,TIE,TIE,TIE,T,T,T,T,T,TIE
1782819933.291,14258,73.53,73.55,73.58,73.58,TIE,low_O,TIE,TIE,F,F,F,F,F,TIE
1782819974.375,14259,73.55,73.59,73.55,73.55,high_C,TIE,TIE,TIE,F,TIE,TIE,T,T,TIE
1782820037.982,14260,73.59,73.55,73.56,73.56,high_O,low_C,O>C,TIE,T,T,T,F,F,TIE
1782820119.511,14261,73.55,73.58,73.55,73.55,high_C,TIE,TIE,TIE,F,TIE,TIE,T,T,TIE
1782820184.464,14262,73.58,73.61,73.6,73.61,TIE,low_O,TIE,TIE,F,F,F,T,TIE,F
1782820244.749,14263,73.61,73.62,73.59,73.58,high_C,low_P,C>P,C>O>M>P,F,T,T,T,T,T
1782820303.75,14264,73.62,73.65,73.64,73.64,high_C,low_O,C>O,TIE,F,F,F,T,T,TIE
1782820305.336,14265,73.65,73.63,73.67,73.66,high_M,low_C,M>C,M>P>O>C,T,F,F,F,F,T
1782820342.615,14266,73.63,73.64,73.63,73.63,high_C,TIE,TIE,TIE,F,TIE,TIE,T,T,TIE
1782820399.304,14267,73.64,73.59,73.6,73.6,high_O,low_C,O>C,TIE,T,T,T,F,F,TIE
1782820446.403,14268,73.59,73.47,73.55,73.57,high_O,low_C,O>C,O>P>M>C,T,T,T,F,F,F
1782820459.747,14269,73.47,73.4,73.43,73.43,high_O,low_C,O>C,TIE,T,T,T,F,F,TIE
1782820505.876,14270,73.4,73.42,73.42,73.42,TIE,low_O,TIE,TIE,F,F,F,TIE,TIE,TIE
1782820563.66,14271,73.42,73.34,73.37,73.41,high_O,low_C,O>C,O>P>M>C,T,T,T,F,F,F
1782820583.352,14272,73.34,73.33,73.33,73.33,high_O,TIE,TIE,TIE,T,T,T,TIE,TIE,TIE
1782820612.743,14273,73.33,73.31,73.33,73.33,TIE,low_C,TIE,TIE,T,TIE,TIE,F,F,TIE
1782820654.669,14274,73.31,73.32,73.32,73.33,high_P,low_O,P>O,TIE,F,F,F,TIE,F,F
1782820690.774,14275,73.32,73.3,73.32,73.32,TIE,low_C,TIE,TIE,T,TIE,TIE,F,F,TIE
1782820735.736,14276,73.3,73.35,73.3,73.3,high_C,TIE,TIE,TIE,F,TIE,TIE,T,T,TIE
1782820791.854,14277,73.35,73.36,73.35,73.35,high_C,TIE,TIE,TIE,F,TIE,TIE,T,T,TIE
1782820822.806,14278,73.36,73.38,73.36,73.35,high_C,low_P,C>P,TIE,F,TIE,T,T,T,T
1782820825.454,14279,73.38,73.36,73.38,73.39,high_P,low_C,P>C,TIE,T,TIE,F,F,F,F
1782820848.644,14280,73.36,73.31,73.32,73.32,high_O,low_C,O>C,TIE,T,T,T,F,F,TIE
1782820856.082,14282,73.3,73.3,73.29,73.3,TIE,low_M,TIE,TIE,TIE,T,TIE,T,TIE,F
1782820872.282,14283,73.3,73.33,73.32,73.3,high_C,TIE,TIE,TIE,F,F,TIE,T,T,T
1782820890.674,14284,73.33,73.25,73.25,73.25,high_O,TIE,TIE,TIE,T,T,T,TIE,TIE,TIE
1782820916.992,14285,73.25,73.24,73.27,73.27,TIE,low_C,TIE,TIE,T,F,F,F,F,TIE
1782820930.753,14286,73.24,73.25,73.25,73.25,TIE,low_O,TIE,TIE,F,F,F,TIE,TIE,TIE
1782820950.412,14287,73.25,73.22,73.22,73.22,high_O,TIE,TIE,TIE,T,T,T,TIE,TIE,TIE
1782820961.418,14289,73.2,73.2,73.2,73.2,TIE,TIE,TIE,TIE,TIE,TIE,TIE,TIE,TIE,TIE
1782820966.621,14290,73.2,73.21,73.21,73.21,TIE,low_O,TIE,TIE,F,F,F,TIE,TIE,TIE
1782820995.722,14291,73.21,73.22,73.21,73.21,high_C,TIE,TIE,TIE,F,TIE,TIE,T,T,TIE
1782820996.877,14292,73.22,73.18,73.18,73.18,high_O,TIE,TIE,TIE,T,T,T,TIE,TIE,TIE
1782821024.402,14294,73.19,73.19,73.2,73.2,TIE,TIE,TIE,TIE,TIE,F,F,F,F,TIE
1782821043.053,14295,73.19,73.18,73.18,73.18,high_O,TIE,TIE,TIE,T,T,T,TIE,TIE,TIE
1782821051.157,14296,73.18,73.17,73.17,73.17,high_O,TIE,TIE,TIE,T,T,T,TIE,TIE,TIE
1782821103.492,14299,73.14,73.14,73.14,73.14,TIE,TIE,TIE,TIE,TIE,TIE,TIE,TIE,TIE,TIE
1782821115.334,14300,73.14,73.12,73.12,73.12,high_O,TIE,TIE,TIE,T,T,T,TIE,TIE,TIE
1782821115.886,14301,73.12,73.11,73.11,73.1,high_O,low_P,O>P,TIE,T,T,T,TIE,T,T
1782821120.78,14302,73.11,73.12,73.12,73.12,TIE,low_O,TIE,TIE,F,F,F,TIE,TIE,TIE
1782821159.045,14304,73.15,73.15,73.14,73.13,TIE,low_P,TIE,TIE,TIE,T,T,T,T,T
1782821169.479,14305,73.15,73.19,73.19,73.2,high_P,low_O,P>O,TIE,F,F,F,TIE,F,F
1782821182.608,14306,73.19,73.08,73.11,73.11,high_O,low_C,O>C,TIE,T,T,T,F,F,TIE
1782821190.209,14308,73.06,73.06,73.06,73.05,TIE,low_P,TIE,TIE,TIE,TIE,T,TIE,T,T
1782821203.537,14310,73.05,73.05,73.05,73.05,TIE,TIE,TIE,TIE,TIE,TIE,TIE,TIE,TIE,TIE
1782821219.284,14313,73.03,73.03,73.05,73.05,TIE,TIE,TIE,TIE,TIE,F,F,F,F,TIE
1782821224.598,14314,73.03,73.11,73.08,73.08,high_C,low_O,C>O,TIE,F,F,F,T,T,TIE
1782821233.305,14315,73.11,73.06,73.11,73.12,high_P,low_C,P>C,TIE,T,TIE,F,F,F,F
1782821253.216,14316,73.06,73.07,73.04,73.04,high_C,TIE,TIE,TIE,F,T,T,T,T,TIE
1782821279.709,14317,73.07,73.05,73.05,73.04,high_O,low_P,O>P,TIE,T,T,T,TIE,T,T
1782821303.68,14318,73.05,73.04,73.04,73.04,high_O,TIE,TIE,TIE,T,T,T,TIE,TIE,TIE
1782821339.771,14319,73.04,73.06,73.04,73.04,high_C,TIE,TIE,TIE,F,TIE,TIE,T,T,TIE
1782821364.009,14320,73.06,73.04,73.06,73.07,high_P,low_C,P>C,TIE,T,TIE,F,F,F,F
1782821386.431,14321,73.04,73.03,73.05,73.05,TIE,low_C,TIE,TIE,T,F,F,F,F,TIE
1782821410.204,14322,73.03,73.0,73.03,73.04,high_P,low_C,P>C,TIE,T,TIE,F,F,F,F
1782821410.206,14323,73.0,73.02,73.0,73.0,high_C,TIE,TIE,TIE,F,TIE,TIE,T,T,TIE
1782821410.207,14324,73.02,73.0,73.0,73.0,high_O,TIE,TIE,TIE,T,T,T,TIE,TIE,TIE
1782821424.986,14325,73.0,73.01,73.01,73.01,TIE,low_O,TIE,TIE,F,F,F,TIE,TIE,TIE
1782821454.502,14326,73.01,73.1,73.04,73.02,high_C,low_O,C>O,C>M>P>O,F,F,F,T,T,T
1782821462.284,14327,73.1,73.06,73.11,73.11,TIE,low_C,TIE,TIE,T,F,F,F,F,TIE
1782821488.483,14328,73.06,73.11,73.07,73.06,high_C,TIE,TIE,TIE,F,F,TIE,T,T,T
1782821498.496,14329,73.11,73.07,73.11,73.11,TIE,low_C,TIE,TIE,T,TIE,TIE,F,F,TIE
1782821514.98,14330,73.07,73.1,73.1,73.1,TIE,low_O,TIE,TIE,F,F,F,TIE,TIE,TIE
1782821531.369,14331,73.1,73.09,73.09,73.09,high_O,TIE,TIE,TIE,T,T,T,TIE,TIE,TIE
1782821581.903,14332,73.09,73.08,73.09,73.09,TIE,low_C,TIE,TIE,T,TIE,TIE,F,F,TIE
1782821608.197,14333,73.08,73.03,73.06,73.06,high_O,low_C,O>C,TIE,T,T,T,F,F,TIE
1782821618.069,14334,73.03,72.98,73.01,73.02,high_O,low_C,O>C,O>P>M>C,T,T,T,F,F,F
1782821639.889,14335,72.98,73.0,72.99,72.99,high_C,low_O,C>O,TIE,F,F,F,T,T,TIE
1782821662.982,14336,73.0,72.95,72.98,72.98,high_O,low_C,O>C,TIE,T,T,T,F,F,TIE
1782821673.634,14337,72.95,72.94,72.95,72.95,TIE,low_C,TIE,TIE,T,TIE,TIE,F,F,TIE
1782821682.163,14338,72.94,72.95,72.94,72.94,high_C,TIE,TIE,TIE,F,TIE,TIE,T,T,TIE
1782821713.843,14341,72.94,72.94,72.94,72.94,TIE,TIE,TIE,TIE,TIE,TIE,TIE,TIE,TIE,TIE
1782821719.317,14342,72.94,72.96,72.95,72.95,high_C,low_O,C>O,TIE,F,F,F,T,T,TIE
1782821724.66,14343,72.96,72.92,72.95,72.96,TIE,low_C,TIE,TIE,T,T,TIE,F,F,F
1782821741.927,14344,72.92,72.93,72.94,72.93,high_M,low_O,M>O,TIE,F,F,F,F,TIE,T
1782821765.665,14345,72.93,72.94,72.94,72.94,TIE,low_O,TIE,TIE,F,F,F,TIE,TIE,TIE
1782821790.54,14346,72.94,72.95,72.97,72.94,high_M,TIE,TIE,TIE,F,F,TIE,F,T,T
1782821800.421,14347,72.95,72.93,72.95,72.95,TIE,low_C,TIE,TIE,T,TIE,TIE,F,F,TIE
1782821843.526,14348,72.93,72.94,72.95,72.94,high_M,low_O,M>O,TIE,F,F,F,F,TIE,T
1782821893.087,14349,72.94,72.99,72.96,72.97,high_C,low_O,C>O,C>P>M>O,F,F,F,T,T,F
1782821920.689,14350,72.99,73.02,73.01,73.01,high_C,low_O,C>O,TIE,F,F,F,T,T,TIE
1782821943.445,14351,73.02,72.97,72.99,72.99,high_O,low_C,O>C,TIE,T,T,T,F,F,TIE
1782821983.594,14352,72.97,72.94,72.94,72.94,high_O,TIE,TIE,TIE,T,T,T,TIE,TIE,TIE
1782822012.621,14353,72.94,72.89,72.91,72.89,high_O,TIE,TIE,TIE,T,T,T,F,TIE,T
1782822013.001,14355,72.88,72.88,72.87,72.87,TIE,TIE,TIE,TIE,TIE,T,T,T,T,TIE
1782822016.899,14356,72.88,72.85,72.85,72.85,high_O,TIE,TIE,TIE,T,T,T,TIE,TIE,TIE
1782822017.764,14357,72.85,72.83,72.83,72.83,high_O,TIE,TIE,TIE,T,T,T,TIE,TIE,TIE
1782822022.773,14358,72.83,72.84,72.85,72.85,TIE,low_O,TIE,TIE,F,F,F,F,F,TIE
1782822048.169,14359,72.84,72.85,72.85,72.85,TIE,low_O,TIE,TIE,F,F,F,TIE,TIE,TIE
1782822052.463,14360,72.85,72.87,72.84,72.84,high_C,TIE,TIE,TIE,F,T,T,T,T,TIE
1782822066.02,14361,72.87,72.83,72.84,72.84,high_O,low_C,O>C,TIE,T,T,T,F,F,TIE
1782822076.822,14362,72.83,72.8,72.82,72.82,high_O,low_C,O>C,TIE,T,T,T,F,F,TIE
1782822076.83,14363,72.8,72.78,72.79,72.79,high_O,low_C,O>C,TIE,T,T,T,F,F,TIE
1782822076.83,14364,72.78,72.77,72.77,72.77,high_O,TIE,TIE,TIE,T,T,T,TIE,TIE,TIE
1782822076.839,14365,72.77,72.78,72.77,72.76,high_C,low_P,C>P,TIE,F,TIE,T,T,T,T
1782822082.07,14366,72.78,72.79,72.8,72.8,TIE,low_O,TIE,TIE,F,F,F,F,F,TIE
1782822101.642,14367,72.79,72.8,72.79,72.78,high_C,low_P,C>P,TIE,F,TIE,T,T,T,T
1782822114.347,14369,72.81,72.81,72.82,72.81,high_M,TIE,TIE,TIE,TIE,F,TIE,F,TIE,T
1782822139.611,14370,72.81,72.75,72.8,72.81,TIE,low_C,TIE,TIE,T,T,TIE,F,F,F
1782822157.598,14372,72.74,72.74,72.78,72.78,TIE,TIE,TIE,TIE,TIE,F,F,F,F,TIE
1782822183.337,14375,72.77,72.77,72.77,72.77,TIE,TIE,TIE,TIE,TIE,TIE,TIE,TIE,TIE,TIE
1782822188.964,14376,72.77,72.72,72.73,72.72,high_O,TIE,TIE,TIE,T,T,T,F,TIE,T
1782822190.187,14377,72.72,72.7,72.71,72.7,high_O,TIE,TIE,TIE,T,T,T,F,TIE,T
1782822196.989,14378,72.7,72.69,72.71,72.71,TIE,low_C,TIE,TIE,T,F,F,F,F,TIE
1782822212.294,14379,72.69,72.7,72.69,72.69,high_C,TIE,TIE,TIE,F,TIE,TIE,T,T,TIE
1782822229.017,14380,72.7,72.67,72.7,72.7,TIE,low_C,TIE,TIE,T,TIE,TIE,F,F,TIE
1782822229.1,14381,72.67,72.66,72.67,72.67,TIE,low_C,TIE,TIE,T,TIE,TIE,F,F,TIE
1782822229.185,14382,72.66,72.65,72.65,72.65,high_O,TIE,TIE,TIE,T,T,T,TIE,TIE,TIE
1782822229.2,14383,72.65,72.62,72.65,72.65,TIE,low_C,TIE,TIE,T,TIE,TIE,F,F,TIE
1782822231.543,14384,72.62,72.61,72.64,72.64,TIE,low_C,TIE,TIE,T,F,F,F,F,TIE
1782822239.687,14387,72.59,72.59,72.58,72.58,TIE,TIE,TIE,TIE,TIE,T,T,T,T,TIE
1782822241.126,14388,72.59,72.57,72.57,72.57,high_O,TIE,TIE,TIE,T,T,T,TIE,TIE,TIE
1782822254.668,14390,72.58,72.58,72.58,72.58,TIE,TIE,TIE,TIE,TIE,TIE,TIE,TIE,TIE,TIE
1782822290.25,14393,72.6,72.6,72.59,72.59,TIE,TIE,TIE,TIE,TIE,T,T,T,T,TIE
1782822302.998,14394,72.6,72.58,72.59,72.59,high_O,low_C,O>C,TIE,T,T,T,F,F,TIE
1782822318.918,14395,72.58,72.61,72.58,72.58,high_C,TIE,TIE,TIE,F,TIE,TIE,T,T,TIE
1782822342.778,14397,72.62,72.62,72.62,72.62,TIE,TIE,TIE,TIE,TIE,TIE,TIE,TIE,TIE,TIE
1782822343.023,14398,72.62,72.61,72.6,72.6,high_O,TIE,TIE,TIE,T,T,T,T,T,TIE
1782822352.295,14401,72.57,72.62,72.57,72.57,high_C,TIE,TIE,TIE,F,TIE,TIE,T,T,TIE
1782822361.414,14402,72.62,72.57,72.6,72.62,TIE,low_C,TIE,TIE,T,T,TIE,F,F,F
1782822366.247,14403,72.57,72.63,72.59,72.58,high_C,low_O,C>O,C>M>P>O,F,F,F,T,T,T
1782822379.34,14404,72.63,72.59,72.57,72.55,high_O,low_P,O>P,O>C>M>P,T,T,T,T,T,T
1782822407.234,14405,72.59,72.62,72.6,72.59,high_C,TIE,TIE,TIE,F,F,TIE,T,T,T
1782822425.611,14406,72.62,72.6,72.6,72.58,high_O,low_P,O>P,TIE,T,T,T,TIE,T,T
1782822433.797,14407,72.6,72.67,72.65,72.65,high_C,low_O,C>O,TIE,F,F,F,T,T,TIE
1782822446.066,14408,72.67,72.73,72.67,72.67,high_C,TIE,TIE,TIE,F,TIE,TIE,T,T,TIE
1782822476.485,14410,72.71,72.71,72.72,72.71,high_M,TIE,TIE,TIE,TIE,F,TIE,F,TIE,T
1782822496.285,14411,72.71,72.7,72.69,72.68,high_O,low_P,O>P,O>C>M>P,T,T,T,T,T,T
1782822586.207,14414,72.66,72.66,72.65,72.65,TIE,TIE,TIE,TIE,TIE,T,T,T,T,TIE
1782822607.143,14415,72.66,72.65,72.64,72.65,high_O,low_M,O>M,TIE,T,T,T,T,TIE,F
1782822621.928,14416,72.65,72.67,72.66,72.65,high_C,TIE,TIE,TIE,F,F,TIE,T,T,T
1782822647.973,14418,72.63,72.63,72.61,72.61,TIE,TIE,TIE,TIE,TIE,T,T,T,T,TIE
1782822674.615,14419,72.63,72.7,72.62,72.62,high_C,TIE,TIE,TIE,F,T,T,T,T,TIE
1782822709.874,14420,72.7,72.67,72.69,72.7,TIE,low_C,TIE,TIE,T,T,TIE,F,F,F
1782822751.157,14421,72.67,72.69,72.66,72.64,high_C,low_P,C>P,C>O>M>P,F,T,T,T,T,T
1782822779.211,14422,72.69,72.64,72.65,72.63,high_O,low_P,O>P,O>M>C>P,T,T,T,F,T,T
1782822817.48,14425,72.55,72.5,72.51,72.5,high_O,TIE,TIE,TIE,T,T,T,F,TIE,T
1782822817.589,14426,72.5,72.47,72.5,72.5,TIE,low_C,TIE,TIE,T,TIE,TIE,F,F,TIE
1782822817.702,14427,72.47,72.51,72.47,72.47,high_C,TIE,TIE,TIE,F,TIE,TIE,T,T,TIE
1782822819.265,14429,72.52,72.52,72.52,72.52,TIE,TIE,TIE,TIE,TIE,TIE,TIE,TIE,TIE,TIE
1782822825.073,14430,72.52,72.5,72.51,72.51,high_O,low_C,O>C,TIE,T,T,T,F,F,TIE
1782822838.177,14431,72.5,72.47,72.47,72.47,high_O,TIE,TIE,TIE,T,T,T,TIE,TIE,TIE
1782822841.118,14432,72.47,72.44,72.44,72.44,high_O,TIE,TIE,TIE,T,T,T,TIE,TIE,TIE
1782822849.494,14433,72.44,72.48,72.47,72.49,high_P,low_O,P>O,P>C>M>O,F,F,F,T,F,F
1782822856.403,14434,72.48,72.47,72.47,72.47,high_O,TIE,TIE,TIE,T,T,T,TIE,TIE,TIE
1782822877.771,14436,72.48,72.48,72.47,72.47,TIE,TIE,TIE,TIE,TIE,T,T,T,T,TIE
1782822894.384,14437,72.48,72.45,72.45,72.45,high_O,TIE,TIE,TIE,T,T,T,TIE,TIE,TIE
1782822905.032,14438,72.45,72.46,72.44,72.44,high_C,TIE,TIE,TIE,F,T,T,T,T,TIE
1782822929.432,14439,72.46,72.51,72.48,72.5,high_C,low_O,C>O,C>P>M>O,F,F,F,T,T,F
1782822947.816,14440,72.51,72.48,72.52,72.52,TIE,low_C,TIE,TIE,T,F,F,F,F,TIE
1782822989.071,14441,72.48,72.55,72.5,72.53,high_C,low_O,C>O,C>P>M>O,F,F,F,T,T,F
1782823004.186,14442,72.55,72.47,72.49,72.48,high_O,low_C,O>C,O>M>P>C,T,T,T,F,F,T
1782823023.533,14443,72.47,72.5,72.48,72.49,high_C,low_O,C>O,C>P>M>O,F,F,F,T,T,F
1782823046.461,14444,72.5,72.48,72.5,72.5,TIE,low_C,TIE,TIE,T,TIE,TIE,F,F,TIE
1782823095.725,14446,72.43,72.43,72.42,72.43,TIE,low_M,TIE,TIE,TIE,T,TIE,T,TIE,F
1782823136.148,14448,72.41,72.41,72.42,72.41,high_M,TIE,TIE,TIE,TIE,F,TIE,F,TIE,T
1782823177.197,14449,72.41,72.46,72.43,72.43,high_C,low_O,C>O,TIE,F,F,F,T,T,TIE
1782823184.943,14450,72.46,72.4,72.44,72.44,high_O,low_C,O>C,TIE,T,T,T,F,F,TIE
1782823184.967,14451,72.4,72.37,72.37,72.37,high_O,TIE,TIE,TIE,T,T,T,TIE,TIE,TIE
1782823185.143,14452,72.37,72.38,72.37,72.37,high_C,TIE,TIE,TIE,F,TIE,TIE,T,T,TIE
1782823191.021,14453,72.38,72.48,72.43,72.43,high_C,low_O,C>O,TIE,F,F,F,T,T,TIE
1782823222.057,14454,72.48,72.49,72.48,72.49,TIE,TIE,TIE,TIE,F,TIE,F,T,TIE,F
1782823242.196,14455,72.49,72.53,72.51,72.49,high_C,TIE,TIE,TIE,F,F,TIE,T,T,T
1782823265.351,14456,72.53,72.49,72.51,72.51,high_O,low_C,O>C,TIE,T,T,T,F,F,TIE
1782823314.557,14457,72.49,72.48,72.47,72.46,high_O,low_P,O>P,O>C>M>P,T,T,T,T,T,T
1782823349.108,14458,72.48,72.5,72.52,72.51,high_M,low_O,M>O,M>P>C>O,F,F,F,F,F,T
1782823387.289,14459,72.5,72.52,72.51,72.51,high_C,low_O,C>O,TIE,F,F,F,T,T,TIE
1782823436.077,14460,72.52,72.54,72.52,72.52,high_C,TIE,TIE,TIE,F,TIE,TIE,T,T,TIE
1782823526.496,14462,72.47,72.47,72.47,72.47,TIE,TIE,TIE,TIE,TIE,TIE,TIE,TIE,TIE,TIE
1782823562.231,14463,72.47,72.37,72.44,72.46,high_O,low_C,O>C,O>P>M>C,T,T,T,F,F,F
1782823573.849,14464,72.37,72.36,72.37,72.37,TIE,low_C,TIE,TIE,T,TIE,TIE,F,F,TIE
1782823588.244,14465,72.36,72.35,72.35,72.35,high_O,TIE,TIE,TIE,T,T,T,TIE,TIE,TIE
1782823597.936,14466,72.35,72.38,72.37,72.34,high_C,low_P,C>P,C>M>O>P,F,F,T,T,T,T
1782823628.235,14467,72.38,72.35,72.35,72.35,high_O,TIE,TIE,TIE,T,T,T,TIE,TIE,TIE
1782823639.196,14469,72.3,72.3,72.3,72.3,TIE,TIE,TIE,TIE,TIE,TIE,TIE,TIE,TIE,TIE
1782823639.56,14470,72.3,72.28,72.29,72.28,high_O,TIE,TIE,TIE,T,T,T,F,TIE,T
1782823643.581,14471,72.28,72.32,72.29,72.32,TIE,low_O,TIE,TIE,F,F,F,T,TIE,F
1782823649.069,14472,72.32,72.28,72.3,72.3,high_O,low_C,O>C,TIE,T,T,T,F,F,TIE
1782823656.996,14473,72.28,72.27,72.27,72.27,high_O,TIE,TIE,TIE,T,T,T,TIE,TIE,TIE
1782823673.428,14474,72.27,72.26,72.25,72.25,high_O,TIE,TIE,TIE,T,T,T,T,T,TIE
1782823695.233,14475,72.26,72.27,72.27,72.27,TIE,low_O,TIE,TIE,F,F,F,TIE,TIE,TIE
1782823710.475,14476,72.27,72.28,72.26,72.25,high_C,low_P,C>P,C>O>M>P,F,T,T,T,T,T
1782823736.098,14477,72.28,72.24,72.25,72.23,high_O,low_P,O>P,O>M>C>P,T,T,T,F,T,T
1782823758.56,14479,72.26,72.26,72.26,72.25,TIE,low_P,TIE,TIE,TIE,TIE,T,TIE,T,T
1782823784.735,14480,72.26,72.25,72.26,72.26,TIE,low_C,TIE,TIE,T,TIE,TIE,F,F,TIE
1782823798.289,14481,72.25,72.24,72.25,72.25,TIE,low_C,TIE,TIE,T,TIE,TIE,F,F,TIE
1782823826.336,14482,72.24,72.25,72.25,72.25,TIE,low_O,TIE,TIE,F,F,F,TIE,TIE,TIE
1782823846.708,14483,72.25,72.23,72.23,72.23,high_O,TIE,TIE,TIE,T,T,T,TIE,TIE,TIE
1782823858.172,14484,72.23,72.26,72.23,72.23,high_C,TIE,TIE,TIE,F,TIE,TIE,T,T,TIE
1782823860.174,14485,72.26,72.3,72.3,72.3,TIE,low_O,TIE,TIE,F,F,F,TIE,TIE,TIE
1782823873.668,14486,72.3,72.24,72.3,72.3,TIE,low_C,TIE,TIE,T,TIE,TIE,F,F,TIE
1782823906.086,14487,72.24,72.28,72.23,72.23,high_C,TIE,TIE,TIE,F,T,T,T,T,TIE
1782823925.012,14488,72.28,72.25,72.24,72.24,high_O,TIE,TIE,TIE,T,T,T,T,T,TIE
1782823947.834,14489,72.25,72.32,72.32,72.32,TIE,low_O,TIE,TIE,F,F,F,TIE,TIE,TIE
1782823963.092,14490,72.32,72.27,72.31,72.31,high_O,low_C,O>C,TIE,T,T,T,F,F,TIE
1782823989.123,14491,72.27,72.3,72.31,72.3,high_M,low_O,M>O,TIE,F,F,F,F,TIE,T
1782824013.309,14492,72.3,72.27,72.28,72.28,high_O,low_C,O>C,TIE,T,T,T,F,F,TIE
1782824052.399,14493,72.27,72.31,72.29,72.29,high_C,low_O,C>O,TIE,F,F,F,T,T,TIE
1782824081.706,14494,72.31,72.25,72.29,72.29,high_O,low_C,O>C,TIE,T,T,T,F,F,TIE
1782824127.36,14496,72.3,72.3,72.3,72.3,TIE,TIE,TIE,TIE,TIE,TIE,TIE,TIE,TIE,TIE
1782824174.875,14497,72.3,72.26,72.3,72.3,TIE,low_C,TIE,TIE,T,TIE,TIE,F,F,TIE
1782824175.069,14498,72.26,72.2,72.23,72.23,high_O,low_C,O>C,TIE,T,T,T,F,F,TIE
1782824175.639,14499,72.2,72.19,72.19,72.18,high_O,low_P,O>P,TIE,T,T,T,TIE,T,T
1782824180.773,14500,72.19,72.2,72.2,72.2,TIE,low_O,TIE,TIE,F,F,F,TIE,TIE,TIE
1782824199.839,14501,72.2,72.18,72.2,72.19,TIE,low_C,TIE,TIE,T,TIE,T,F,F,T
1782824206.031,14502,72.18,72.16,72.17,72.17,high_O,low_C,O>C,TIE,T,T,T,F,F,TIE
1782824213.674,14503,72.16,72.17,72.15,72.15,high_C,TIE,TIE,TIE,F,T,T,T,T,TIE
1782824234.592,14504,72.17,72.26,72.25,72.25,high_C,low_O,C>O,TIE,F,F,F,T,T,TIE
1782824256.361,14505,72.26,72.2,72.23,72.22,high_O,low_C,O>C,O>M>P>C,T,T,T,F,F,T
1782824284.456,14506,72.2,72.17,72.21,72.2,high_M,low_C,M>C,TIE,T,F,TIE,F,F,T
1782824287.665,14507,72.17,72.12,72.15,72.14,high_O,low_C,O>C,O>M>P>C,T,T,T,F,F,T
1782824292.855,14508,72.12,72.15,72.15,72.15,TIE,low_O,TIE,TIE,F,F,F,TIE,TIE,TIE
1782824296.439,14509,72.15,72.14,72.14,72.14,high_O,TIE,TIE,TIE,T,T,T,TIE,TIE,TIE
1782824310.125,14510,72.14,72.15,72.14,72.14,high_C,TIE,TIE,TIE,F,TIE,TIE,T,T,TIE
1782824356.628,14514,72.12,72.12,72.1,72.1,TIE,TIE,TIE,TIE,TIE,T,T,T,T,TIE
1782824361.494,14515,72.12,72.16,72.12,72.12,high_C,TIE,TIE,TIE,F,TIE,TIE,T,T,TIE
1782824365.016,14516,72.16,72.11,72.13,72.13,high_O,low_C,O>C,TIE,T,T,T,F,F,TIE
1782824377.794,14517,72.11,72.1,72.11,72.11,TIE,low_C,TIE,TIE,T,TIE,TIE,F,F,TIE
1782824389.398,14518,72.1,72.08,72.1,72.11,high_P,low_C,P>C,TIE,T,TIE,F,F,F,F
1782824391.137,14519,72.08,72.05,72.06,72.06,high_O,low_C,O>C,TIE,T,T,T,F,F,TIE
1782824396.516,14520,72.05,72.03,72.06,72.06,TIE,low_C,TIE,TIE,T,F,F,F,F,TIE
1782824402.787,14522,72.08,72.08,72.09,72.08,high_M,TIE,TIE,TIE,TIE,F,TIE,F,TIE,T
1782824409.715,14523,72.08,72.09,72.12,72.12,TIE,low_O,TIE,TIE,F,F,F,F,F,TIE
1782824416.527,14524,72.09,72.06,72.07,72.08,high_O,low_C,O>C,O>P>M>C,T,T,T,F,F,F
1782824432.242,14525,72.06,72.15,72.1,72.06,high_C,TIE,TIE,TIE,F,F,TIE,T,T,T
1782824438.906,14526,72.15,72.28,72.23,72.26,high_C,low_O,C>O,C>P>M>O,F,F,F,T,T,F
1782824452.191,14527,72.28,72.24,72.24,72.24,high_O,TIE,TIE,TIE,T,T,T,TIE,TIE,TIE
1782824457.44,14528,72.24,72.22,72.21,72.2,high_O,low_P,O>P,O>C>M>P,T,T,T,T,T,T
1782824466.361,14529,72.22,72.17,72.18,72.18,high_O,low_C,O>C,TIE,T,T,T,F,F,TIE
1782824477.954,14530,72.17,72.07,72.12,72.15,high_O,low_C,O>C,O>P>M>C,T,T,T,F,F,F
1782824480.907,14531,72.07,72.06,72.06,72.08,high_P,TIE,TIE,TIE,T,T,F,TIE,F,F
1782824485.79,14532,72.06,72.11,72.05,72.05,high_C,TIE,TIE,TIE,F,T,T,T,T,TIE
1782824493.957,14533,72.11,72.18,72.16,72.16,high_C,low_O,C>O,TIE,F,F,F,T,T,TIE
1782824502.852,14534,72.18,72.21,72.21,72.21,TIE,low_O,TIE,TIE,F,F,F,TIE,TIE,TIE
1782824518.346,14535,72.21,72.23,72.21,72.21,high_C,TIE,TIE,TIE,F,TIE,TIE,T,T,TIE
1782824539.913,14536,72.23,72.2,72.19,72.19,high_O,TIE,TIE,TIE,T,T,T,T,T,TIE
1782824559.449,14537,72.2,72.16,72.19,72.2,TIE,low_C,TIE,TIE,T,T,TIE,F,F,F
1782824561.973,14538,72.16,72.13,72.14,72.15,high_O,low_C,O>C,O>P>M>C,T,T,T,F,F,F
1782824571.386,14539,72.13,72.04,72.12,72.12,high_O,low_C,O>C,TIE,T,T,T,F,F,TIE
1782824574.026,14542,72.0,71.94,71.96,71.95,high_O,low_C,O>C,O>M>P>C,T,T,T,F,F,T
1782824574.046,14543,71.94,71.96,71.97,71.93,high_M,low_P,M>P,M>C>O>P,F,F,T,F,T,T
1782824574.655,14544,71.96,71.94,71.96,71.96,TIE,low_C,TIE,TIE,T,TIE,TIE,F,F,TIE
1782824577.498,14545,71.94,71.98,71.97,71.97,high_C,low_O,C>O,TIE,F,F,F,T,T,TIE
1782824590.059,14546,71.98,71.91,71.96,71.97,high_O,low_C,O>C,O>P>M>C,T,T,T,F,F,F
1782824590.589,14547,71.91,71.89,71.88,71.86,high_O,low_P,O>P,O>C>M>P,T,T,T,T,T,T
1782824590.593,14548,71.89,71.88,71.87,71.86,high_O,low_P,O>P,O>C>M>P,T,T,T,T,T,T
1782824598.205,14549,71.88,71.94,71.9,71.9,high_C,low_O,C>O,TIE,F,F,F,T,T,TIE
1782824614.081,14550,71.94,71.98,71.95,71.95,high_C,low_O,C>O,TIE,F,F,F,T,T,TIE
1782824630.43,14551,71.98,71.99,72.0,72.0,TIE,low_O,TIE,TIE,F,F,F,F,F,TIE
1782824640.67,14552,71.99,72.0,71.98,71.97,high_C,low_P,C>P,C>O>M>P,F,T,T,T,T,T
1782824677.821,14554,72.12,72.12,72.12,72.12,TIE,TIE,TIE,TIE,TIE,TIE,TIE,TIE,TIE,TIE
1782824696.039,14555,72.12,72.14,72.13,72.14,TIE,low_O,TIE,TIE,F,F,F,T,TIE,F
1782824702.043,14556,72.14,72.16,72.16,72.16,TIE,low_O,TIE,TIE,F,F,F,TIE,TIE,TIE
1782824739.007,14557,72.16,72.12,72.13,72.13,high_O,low_C,O>C,TIE,T,T,T,F,F,TIE
1782824765.561,14558,72.12,72.16,72.16,72.16,TIE,low_O,TIE,TIE,F,F,F,TIE,TIE,TIE
1782824783.927,14559,72.16,72.28,72.23,72.23,high_C,low_O,C>O,TIE,F,F,F,T,T,TIE
1782824789.23,14560,72.28,72.29,72.28,72.27,high_C,low_P,C>P,TIE,F,TIE,T,T,T,T
1782824803.891,14561,72.29,72.28,72.3,72.31,high_P,low_C,P>C,P>M>O>C,T,F,F,F,F,F
1782824806.703,14562,72.28,72.27,72.27,72.27,high_O,TIE,TIE,TIE,T,T,T,TIE,TIE,TIE
1782824820.067,14563,72.27,72.35,72.32,72.28,high_C,low_O,C>O,C>M>P>O,F,F,F,T,T,T
1782824839.965,14564,72.35,72.31,72.33,72.33,high_O,low_C,O>C,TIE,T,T,T,F,F,TIE
1782824856.704,14565,72.31,72.33,72.32,72.32,high_C,low_O,C>O,TIE,F,F,F,T,T,TIE
1782824868.348,14566,72.33,72.31,72.3,72.28,high_O,low_P,O>P,O>C>M>P,T,T,T,T,T,T
1782824890.516,14567,72.31,72.38,72.31,72.31,high_C,TIE,TIE,TIE,F,TIE,TIE,T,T,TIE
1782824892.182,14568,72.38,72.4,72.4,72.4,TIE,low_O,TIE,TIE,F,F,F,TIE,TIE,TIE
1782824900.463,14569,72.4,72.33,72.37,72.36,high_O,low_C,O>C,O>M>P>C,T,T,T,F,F,T
1782824904.718,14570,72.33,72.32,72.31,72.31,high_O,TIE,TIE,TIE,T,T,T,T,T,TIE
1782824913.89,14571,72.32,72.27,72.3,72.32,TIE,low_C,TIE,TIE,T,T,TIE,F,F,F
1782824926.195,14572,72.27,72.25,72.25,72.25,high_O,TIE,TIE,TIE,T,T,T,TIE,TIE,TIE
1782824952.765,14573,72.25,72.41,72.29,72.27,high_C,low_O,C>O,C>M>P>O,F,F,F,T,T,T
1782824963.844,14574,72.41,72.45,72.44,72.44,high_C,low_O,C>O,TIE,F,F,F,T,T,TIE
1782824974.976,14575,72.45,72.47,72.45,72.45,high_C,TIE,TIE,TIE,F,TIE,TIE,T,T,TIE
1782824986.526,14576,72.47,72.45,72.44,72.44,high_O,TIE,TIE,TIE,T,T,T,T,T,TIE
1782824996.191,14577,72.45,72.4,72.43,72.44,high_O,low_C,O>C,O>P>M>C,T,T,T,F,F,F
1782825030.205,14578,72.4,72.39,72.41,72.41,TIE,low_C,TIE,TIE,T,F,F,F,F,TIE
1782825049.841,14579,72.39,72.37,72.36,72.35,high_O,low_P,O>P,O>C>M>P,T,T,T,T,T,T
1782825150.453,14582,72.38,72.38,72.42,72.42,TIE,TIE,TIE,TIE,TIE,F,F,F,F,TIE
1782825152.645,14583,72.38,72.36,72.36,72.35,high_O,low_P,O>P,TIE,T,T,T,TIE,T,T
1782825155.81,14584,72.36,72.33,72.35,72.37,high_P,low_C,P>C,P>O>M>C,T,T,F,F,F,F
1782825158.689,14585,72.33,72.28,72.28,72.28,high_O,TIE,TIE,TIE,T,T,T,TIE,TIE,TIE
1782825168.616,14586,72.28,72.25,72.26,72.25,high_O,TIE,TIE,TIE,T,T,T,F,TIE,T
1782825188.575,14587,72.25,72.27,72.27,72.27,TIE,low_O,TIE,TIE,F,F,F,TIE,TIE,TIE
1782825223.171,14588,72.27,72.29,72.27,72.27,high_C,TIE,TIE,TIE,F,TIE,TIE,T,T,TIE
1782825270.441,14589,72.29,72.33,72.33,72.34,high_P,low_O,P>O,TIE,F,F,F,TIE,F,F
1782825305.232,14590,72.33,72.35,72.32,72.37,high_P,low_M,P>M,P>C>O>M,F,T,F,T,F,F
1782825324.493,14592,72.42,72.42,72.42,72.42,TIE,TIE,TIE,TIE,TIE,TIE,TIE,TIE,TIE,TIE
1782825354.754,14593,72.42,72.45,72.44,72.44,high_C,low_O,C>O,TIE,F,F,F,T,T,TIE
1782825362.824,14594,72.45,72.48,72.47,72.47,high_C,low_O,C>O,TIE,F,F,F,T,T,TIE
1782825372.558,14595,72.48,72.49,72.49,72.49,TIE,low_O,TIE,TIE,F,F,F,TIE,TIE,TIE
1782825401.796,14596,72.49,72.53,72.51,72.51,high_C,low_O,C>O,TIE,F,F,F,T,T,TIE
1782825419.664,14597,72.53,72.5,72.53,72.53,TIE,low_C,TIE,TIE,T,TIE,TIE,F,F,TIE
1782825458.201,14598,72.5,72.53,72.49,72.49,high_C,TIE,TIE,TIE,F,T,T,T,T,TIE
1782825497.904,14599,72.53,72.48,72.52,72.52,high_O,low_C,O>C,TIE,T,T,T,F,F,TIE
1782825532.764,14600,72.48,72.52,72.48,72.45,high_C,low_P,C>P,TIE,F,TIE,T,T,T,T
1782825557.421,14601,72.52,72.49,72.53,72.54,high_P,low_C,P>C,P>M>O>C,T,F,F,F,F,F
1782825601.045,14602,72.49,72.46,72.47,72.49,TIE,low_C,TIE,TIE,T,T,TIE,F,F,F
1782825672.711,14604,72.53,72.53,72.51,72.5,TIE,low_P,TIE,TIE,TIE,T,T,T,T,T
1782825716.74,14605,72.53,72.51,72.52,72.51,high_O,TIE,TIE,TIE,T,T,T,F,TIE,T
1782825782.845,14606,72.51,72.5,72.51,72.51,TIE,low_C,TIE,TIE,T,TIE,TIE,F,F,TIE
1782825823.077,14607,72.5,72.47,72.47,72.46,high_O,low_P,O>P,TIE,T,T,T,TIE,T,T
1782825876.826,14608,72.47,72.4,72.46,72.47,TIE,low_C,TIE,TIE,T,T,TIE,F,F,F
1782825900.105,14609,72.4,72.45,72.4,72.39,high_C,low_P,C>P,TIE,F,TIE,T,T,T,T
1782825937.092,14610,72.45,72.54,72.51,72.51,high_C,low_O,C>O,TIE,F,F,F,T,T,TIE
1782825978.585,14611,72.54,72.53,72.52,72.53,high_O,low_M,O>M,TIE,T,T,T,T,TIE,F
1782826039.537,14612,72.53,72.54,72.54,72.54,TIE,low_O,TIE,TIE,F,F,F,TIE,TIE,TIE
1782826116.473,14613,72.54,72.47,72.49,72.47,high_O,TIE,TIE,TIE,T,T,T,F,TIE,T
1782826177.969,14614,72.47,72.43,72.46,72.47,TIE,low_C,TIE,TIE,T,T,TIE,F,F,F
1782826202.044,14615,72.43,72.6,72.54,72.48,high_C,low_O,C>O,C>M>P>O,F,F,F,T,T,T
1782826207.19,14616,72.6,72.65,72.6,72.59,high_C,low_P,C>P,TIE,F,TIE,T,T,T,T
1782826212.842,14617,72.65,72.69,72.7,72.69,high_M,low_O,M>O,TIE,F,F,F,F,TIE,T
1782826221.262,14618,72.69,72.75,72.71,72.7,high_C,low_O,C>O,C>M>P>O,F,F,F,T,T,T
1782826227.64,14619,72.75,72.61,72.65,72.63,high_O,low_C,O>C,O>M>P>C,T,T,T,F,F,T
1782826238.69,14620,72.61,72.69,72.62,72.59,high_C,low_P,C>P,C>M>O>P,F,F,T,T,T,T
1782826251.941,14621,72.69,72.72,72.72,72.73,high_P,low_O,P>O,TIE,F,F,F,TIE,F,F
1782826252.094,14623,72.64,72.64,72.64,72.64,TIE,TIE,TIE,TIE,TIE,TIE,TIE,TIE,TIE,TIE
1782826258.029,14625,72.57,72.57,72.58,72.57,high_M,TIE,TIE,TIE,TIE,F,TIE,F,TIE,T
1782826263.017,14626,72.57,72.55,72.53,72.53,high_O,TIE,TIE,TIE,T,T,T,T,T,TIE
1782826277.791,14627,72.55,72.7,72.69,72.7,TIE,low_O,TIE,TIE,F,F,F,T,TIE,F
1782826283.312,14628,72.7,72.78,72.79,72.81,high_P,low_O,P>O,P>M>C>O,F,F,F,F,F,F
1782826296.493,14629,72.78,72.7,72.72,72.7,high_O,TIE,TIE,TIE,T,T,T,F,TIE,T
1782826305.099,14630,72.7,72.68,72.71,72.73,high_P,low_C,P>C,P>M>O>C,T,F,F,F,F,F
1782826321.047,14631,72.68,72.47,72.57,72.5,high_O,low_C,O>C,O>M>P>C,T,T,T,F,F,T
1782826326.386,14632,72.47,72.38,72.43,72.44,high_O,low_C,O>C,O>P>M>C,T,T,T,F,F,F
1782826341.633,14634,72.34,72.34,72.36,72.37,high_P,TIE,TIE,TIE,TIE,F,F,F,F,F
1782826341.634,14635,72.34,72.29,72.32,72.3,high_O,low_C,O>C,O>M>P>C,T,T,T,F,F,T
1782826341.696,14636,72.29,72.2,72.28,72.29,TIE,low_C,TIE,TIE,T,T,TIE,F,F,F
1782826341.867,14637,72.2,72.21,72.21,72.21,TIE,low_O,TIE,TIE,F,F,F,TIE,TIE,TIE
1782826345.748,14638,72.21,72.2,72.2,72.2,high_O,TIE,TIE,TIE,T,T,T,TIE,TIE,TIE
1782826348.369,14639,72.2,72.1,72.15,72.15,high_O,low_C,O>C,TIE,T,T,T,F,F,TIE
1782826348.462,14640,72.1,72.06,72.07,72.06,high_O,TIE,TIE,TIE,T,T,T,F,TIE,T
1782826348.674,14641,72.06,72.11,72.08,72.06,high_C,TIE,TIE,TIE,F,F,TIE,T,T,T
1782826352.845,14642,72.11,72.06,72.08,72.08,high_O,low_C,O>C,TIE,T,T,T,F,F,TIE
1782826355.226,14643,72.06,72.23,72.14,72.14,high_C,low_O,C>O,TIE,F,F,F,T,T,TIE
1782826359.585,14644,72.23,72.26,72.24,72.24,high_C,low_O,C>O,TIE,F,F,F,T,T,TIE
1782826361.131,14645,72.26,72.18,72.2,72.19,high_O,low_C,O>C,O>M>P>C,T,T,T,F,F,T
1782826365.376,14646,72.18,72.15,72.18,72.18,TIE,low_C,TIE,TIE,T,TIE,TIE,F,F,TIE
1782826369.646,14647,72.15,72.11,72.13,72.13,high_O,low_C,O>C,TIE,T,T,T,F,F,TIE
1782826386.216,14648,72.11,72.15,72.16,72.18,high_P,low_O,P>O,P>M>C>O,F,F,F,F,F,F
1782826394.674,14649,72.15,72.18,72.18,72.18,TIE,low_O,TIE,TIE,F,F,F,TIE,TIE,TIE
1782826414.128,14650,72.18,72.2,72.2,72.2,TIE,low_O,TIE,TIE,F,F,F,TIE,TIE,TIE
1782826438.064,14651,72.2,72.17,72.17,72.15,high_O,low_P,O>P,TIE,T,T,T,TIE,T,T
1782826446.079,14652,72.17,72.14,72.15,72.14,high_O,TIE,TIE,TIE,T,T,T,F,TIE,T
1782826467.461,14653,72.14,72.06,72.11,72.12,high_O,low_C,O>C,O>P>M>C,T,T,T,F,F,F
1782826475.142,14654,72.06,72.02,72.02,72.02,high_O,TIE,TIE,TIE,T,T,T,TIE,TIE,TIE
1782826476.765,14655,72.02,72.05,72.02,72.02,high_C,TIE,TIE,TIE,F,TIE,TIE,T,T,TIE
1782826490.381,14657,72.0,72.0,72.01,72.01,TIE,TIE,TIE,TIE,TIE,F,F,F,F,TIE
1782826496.185,14658,72.0,72.15,72.01,72.0,high_C,TIE,TIE,TIE,F,F,TIE,T,T,T
1782826513.468,14659,72.15,72.13,72.13,72.13,high_O,TIE,TIE,TIE,T,T,T,TIE,TIE,TIE
1782826524.967,14660,72.13,72.14,72.17,72.17,TIE,low_O,TIE,TIE,F,F,F,F,F,TIE
1782826548.343,14661,72.14,72.02,72.06,72.05,high_O,low_C,O>C,O>M>P>C,T,T,T,F,F,T
1782826567.693,14662,72.02,72.08,72.02,72.01,high_C,low_P,C>P,TIE,F,TIE,T,T,T,T
1782826590.437,14663,72.08,72.11,72.11,72.1,TIE,low_O,TIE,TIE,F,F,F,TIE,T,T
1782826590.453,14664,72.11,72.12,72.13,72.12,high_M,low_O,M>O,TIE,F,F,F,F,TIE,T
1782826614.814,14665,72.12,72.11,72.12,72.15,high_P,low_C,P>C,TIE,T,TIE,F,F,F,F
1782826642.763,14666,72.11,72.06,72.06,72.09,high_O,TIE,TIE,TIE,T,T,T,TIE,F,F
1782826681.767,14667,72.06,72.0,72.07,72.11,high_P,low_C,P>C,P>M>O>C,T,F,F,F,F,F
1782826700.154,14668,72.0,72.03,72.0,72.0,high_C,TIE,TIE,TIE,F,TIE,TIE,T,T,TIE
1782826730.56,14669,72.03,72.06,72.03,72.04,high_C,TIE,TIE,TIE,F,TIE,F,T,T,F
1782826758.466,14670,72.06,72.2,72.13,72.14,high_C,low_O,C>O,C>P>M>O,F,F,F,T,T,F
1782826793.74,14671,72.2,72.1,72.12,72.12,high_O,low_C,O>C,TIE,T,T,T,F,F,TIE
1782826808.638,14672,72.1,72.2,72.13,72.12,high_C,low_O,C>O,C>M>P>O,F,F,F,T,T,T
1782826811.985,14673,72.2,72.33,72.27,72.24,high_C,low_O,C>O,C>M>P>O,F,F,F,T,T,T
1782826819.303,14674,72.33,72.4,72.39,72.33,high_C,TIE,TIE,TIE,F,F,TIE,T,T,T
1782826834.426,14675,72.4,72.46,72.38,72.35,high_C,low_P,C>P,C>O>M>P,F,T,T,T,T,T
1782826842.115,14676,72.46,72.45,72.49,72.49,TIE,low_C,TIE,TIE,T,F,F,F,F,TIE
1782826860.637,14677,72.45,72.39,72.44,72.44,high_O,low_C,O>C,TIE,T,T,T,F,F,TIE
1782826861.629,14678,72.39,72.41,72.41,72.41,TIE,low_O,TIE,TIE,F,F,F,TIE,TIE,TIE
1782826886.767,14679,72.41,72.31,72.43,72.43,TIE,low_C,TIE,TIE,T,F,F,F,F,TIE
1782826921.369,14680,72.31,72.39,72.35,72.39,TIE,low_O,TIE,TIE,F,F,F,T,TIE,F
1782826962.219,14682,72.31,72.31,72.29,72.27,TIE,low_P,TIE,TIE,TIE,T,T,T,T,T
1782826994.64,14683,72.31,72.36,72.33,72.33,high_C,low_O,C>O,TIE,F,F,F,T,T,TIE
1782827040.951,14684,72.36,72.34,72.35,72.34,high_O,TIE,TIE,TIE,T,T,T,F,TIE,T
1782827099.873,14685,72.34,72.44,72.37,72.4,high_C,low_O,C>O,C>P>M>O,F,F,F,T,T,F
1782827124.865,14686,72.44,72.47,72.45,72.42,high_C,low_P,C>P,C>M>O>P,F,F,T,T,T,T
1782827149.888,14687,72.47,72.48,72.43,72.39,high_C,low_P,C>P,C>O>M>P,F,T,T,T,T,T
1782827177.134,14688,72.48,72.31,72.47,72.5,high_P,low_C,P>C,P>O>M>C,T,T,F,F,F,F
1782827225.689,14689,72.31,72.47,72.35,72.47,TIE,low_O,TIE,TIE,F,F,F,T,TIE,F
1782827269.001,14690,72.47,72.31,72.4,72.4,high_O,low_C,O>C,TIE,T,T,T,F,F,TIE
1782827313.082,14691,72.31,72.35,72.33,72.35,TIE,low_O,TIE,TIE,F,F,F,T,TIE,F
1782827355.477,14692,72.35,72.39,72.38,72.38,high_C,low_O,C>O,TIE,F,F,F,T,T,TIE
1782827423.139,14693,72.39,72.47,72.39,72.39,high_C,TIE,TIE,TIE,F,TIE,TIE,T,T,TIE
1782827472.312,14695,72.5,72.5,72.48,72.48,TIE,TIE,TIE,TIE,TIE,T,T,T,T,TIE
1782827473.181,14696,72.5,72.67,72.57,72.55,high_C,low_O,C>O,C>M>P>O,F,F,F,T,T,T
1782827473.924,14697,72.67,72.74,72.69,72.67,high_C,TIE,TIE,TIE,F,F,TIE,T,T,T
1782827476.622,14699,72.81,72.81,72.8,72.79,TIE,low_P,TIE,TIE,TIE,T,T,T,T,T
1782827480.536,14700,72.81,72.79,72.8,72.8,high_O,low_C,O>C,TIE,T,T,T,F,F,TIE
1782827488.112,14701,72.79,72.68,72.75,72.76,high_O,low_C,O>C,O>P>M>C,T,T,T,F,F,F
1782827498.115,14702,72.68,72.65,72.64,72.64,high_O,TIE,TIE,TIE,T,T,T,T,T,TIE
1782827513.729,14703,72.65,72.76,72.65,72.64,high_C,low_P,C>P,TIE,F,TIE,T,T,T,T
1782827522.891,14704,72.76,72.63,72.69,72.68,high_O,low_C,O>C,O>M>P>C,T,T,T,F,F,T
1782827530.928,14705,72.63,72.66,72.62,72.6,high_C,low_P,C>P,C>O>M>P,F,T,T,T,T,T
1782827544.16,14706,72.66,72.71,72.73,72.75,high_P,low_O,P>O,P>M>C>O,F,F,F,F,F,F
1782827561.118,14707,72.71,72.67,72.66,72.65,high_O,low_P,O>P,O>C>M>P,T,T,T,T,T,T
1782827574.87,14708,72.67,72.72,72.71,72.72,TIE,low_O,TIE,TIE,F,F,F,T,TIE,F
1782827583.154,14709,72.72,72.73,72.72,72.72,high_C,TIE,TIE,TIE,F,TIE,TIE,T,T,TIE
1782827591.962,14710,72.73,72.77,72.73,72.73,high_C,TIE,TIE,TIE,F,TIE,TIE,T,T,TIE
1782827597.235,14711,72.77,72.76,72.77,72.77,TIE,low_C,TIE,TIE,T,TIE,TIE,F,F,TIE
1782827601.139,14712,72.76,72.7,72.71,72.71,high_O,low_C,O>C,TIE,T,T,T,F,F,TIE
1782827607.264,14713,72.7,72.76,72.76,72.7,TIE,TIE,TIE,TIE,F,F,TIE,TIE,T,T
1782827615.14,14714,72.76,72.72,72.73,72.72,high_O,TIE,TIE,TIE,T,T,T,F,TIE,T
1782827634.425,14715,72.72,72.75,72.71,72.72,high_C,low_M,C>M,TIE,F,T,TIE,T,T,F
1782827653.016,14716,72.75,72.7,72.7,72.69,high_O,low_P,O>P,TIE,T,T,T,TIE,T,T
1782827675.647,14717,72.7,72.68,72.7,72.7,TIE,low_C,TIE,TIE,T,TIE,TIE,F,F,TIE
1782827693.838,14718,72.68,72.7,72.69,72.69,high_C,low_O,C>O,TIE,F,F,F,T,T,TIE
1782827712.759,14719,72.7,72.76,72.71,72.7,high_C,TIE,TIE,TIE,F,F,TIE,T,T,T
1782827738.002,14720,72.76,72.73,72.72,72.73,high_O,low_M,O>M,TIE,T,T,T,T,TIE,F
1782827759.786,14721,72.73,72.78,72.76,72.73,high_C,TIE,TIE,TIE,F,F,TIE,T,T,T
1782827799.826,14722,72.78,72.73,72.74,72.73,high_O,TIE,TIE,TIE,T,T,T,F,TIE,T
1782827838.724,14723,72.73,72.7,72.7,72.69,high_O,low_P,O>P,TIE,T,T,T,TIE,T,T
1782827890.048,14724,72.7,72.72,72.72,72.71,TIE,low_O,TIE,TIE,F,F,F,TIE,T,T
1782827931.781,14725,72.72,72.83,72.81,72.81,high_C,low_O,C>O,TIE,F,F,F,T,T,TIE
1782827950.722,14726,72.83,72.88,72.83,72.81,high_C,low_P,C>P,TIE,F,TIE,T,T,T,T
1782827963.071,14727,72.88,72.9,72.89,72.89,high_C,low_O,C>O,TIE,F,F,F,T,T,TIE
1782827988.303,14728,72.9,72.87,72.87,72.87,high_O,TIE,TIE,TIE,T,T,T,TIE,TIE,TIE
1782828004.658,14729,72.87,72.78,72.81,72.75,high_O,low_P,O>P,O>M>C>P,T,T,T,F,T,T
1782828012.144,14730,72.78,72.87,72.84,72.84,high_C,low_O,C>O,TIE,F,F,F,T,T,TIE
1782828026.744,14731,72.87,72.81,72.83,72.82,high_O,low_C,O>C,O>M>P>C,T,T,T,F,F,T
1782828047.725,14732,72.81,72.9,72.85,72.83,high_C,low_O,C>O,C>M>P>O,F,F,F,T,T,T
1782828071.518,14733,72.9,72.85,72.85,72.85,high_O,TIE,TIE,TIE,T,T,T,TIE,TIE,TIE
1782828100.759,14734,72.85,72.9,72.86,72.85,high_C,TIE,TIE,TIE,F,F,TIE,T,T,T
1782828102.932,14735,72.9,73.03,72.98,73.0,high_C,low_O,C>O,C>P>M>O,F,F,F,T,T,F
1782828105.07,14736,73.03,73.0,73.03,73.04,high_P,low_C,P>C,TIE,T,TIE,F,F,F,F
1782828109.668,14737,73.0,73.08,73.03,73.07,high_C,low_O,C>O,C>P>M>O,F,F,F,T,T,F
1782828109.817,14738,73.08,73.11,73.09,73.09,high_C,low_O,C>O,TIE,F,F,F,T,T,TIE
1782828111.867,14739,73.11,73.17,73.17,73.17,TIE,low_O,TIE,TIE,F,F,F,TIE,TIE,TIE
1782828113.892,14740,73.17,73.21,73.2,73.2,high_C,low_O,C>O,TIE,F,F,F,T,T,TIE
1782828115.08,14741,73.21,73.25,73.25,73.24,TIE,low_O,TIE,TIE,F,F,F,TIE,T,T
1782828117.122,14742,73.25,73.3,73.27,73.26,high_C,low_O,C>O,C>M>P>O,F,F,F,T,T,T
1782828120.02,14743,73.3,73.41,73.36,73.37,high_C,low_O,C>O,C>P>M>O,F,F,F,T,T,F
1782828120.107,14744,73.41,73.43,73.42,73.41,high_C,TIE,TIE,TIE,F,F,TIE,T,T,T
1782828120.447,14745,73.43,73.46,73.45,73.45,high_C,low_O,C>O,TIE,F,F,F,T,T,TIE
1782828122.059,14746,73.46,73.36,73.45,73.45,high_O,low_C,O>C,TIE,T,T,T,F,F,TIE
1782828124.819,14747,73.36,73.42,73.37,73.37,high_C,low_O,C>O,TIE,F,F,F,T,T,TIE
1782828126.893,14748,73.42,73.47,73.45,73.46,high_C,low_O,C>O,C>P>M>O,F,F,F,T,T,F
1782828127.884,14749,73.47,73.42,73.45,73.45,high_O,low_C,O>C,TIE,T,T,T,F,F,TIE
1782828133.73,14750,73.42,73.36,73.4,73.4,high_O,low_C,O>C,TIE,T,T,T,F,F,TIE
1782828139.278,14751,73.36,73.43,73.4,73.39,high_C,low_O,C>O,C>M>P>O,F,F,F,T,T,T
1782828147.292,14752,73.43,73.44,73.39,73.39,high_C,TIE,TIE,TIE,F,T,T,T,T,TIE
1782828150.143,14753,73.44,73.52,73.47,73.45,high_C,low_O,C>O,C>M>P>O,F,F,F,T,T,T
1782828152.427,14754,73.52,73.55,73.52,73.52,high_C,TIE,TIE,TIE,F,TIE,TIE,T,T,TIE
1782828154.686,14755,73.55,73.43,73.45,73.43,high_O,TIE,TIE,TIE,T,T,T,F,TIE,T
1782828158.524,14756,73.43,73.45,73.43,73.43,high_C,TIE,TIE,TIE,F,TIE,TIE,T,T,TIE
1782828163.888,14757,73.45,73.56,73.55,73.57,high_P,low_O,P>O,P>C>M>O,F,F,F,T,F,F
1782828171.699,14758,73.56,73.55,73.55,73.55,high_O,TIE,TIE,TIE,T,T,T,TIE,TIE,TIE
1782828178.52,14759,73.55,73.56,73.55,73.55,high_C,TIE,TIE,TIE,F,TIE,TIE,T,T,TIE
1782828183.477,14760,73.56,73.51,73.53,73.53,high_O,low_C,O>C,TIE,T,T,T,F,F,TIE
1782828190.721,14762,73.5,73.5,73.48,73.5,TIE,low_M,TIE,TIE,TIE,T,TIE,T,TIE,F
1782828199.403,14763,73.5,73.39,73.41,73.42,high_O,low_C,O>C,O>P>M>C,T,T,T,F,F,F
1782828215.245,14766,73.29,73.29,73.28,73.28,TIE,TIE,TIE,TIE,TIE,T,T,T,T,TIE
1782828228.568,14767,73.29,73.3,73.3,73.3,TIE,low_O,TIE,TIE,F,F,F,TIE,TIE,TIE
1782828237.165,14768,73.3,73.41,73.35,73.31,high_C,low_O,C>O,C>M>P>O,F,F,F,T,T,T
1782828250.783,14769,73.41,73.47,73.42,73.42,high_C,low_O,C>O,TIE,F,F,F,T,T,TIE
1782828263.596,14770,73.47,73.44,73.48,73.47,high_M,low_C,M>C,TIE,T,F,TIE,F,F,T
1782828266.628,14771,73.44,73.4,73.44,73.4,TIE,TIE,TIE,TIE,T,TIE,T,F,TIE,T
1782828278.362,14772,73.4,73.36,73.38,73.4,TIE,low_C,TIE,TIE,T,T,TIE,F,F,F
1782828297.579,14773,73.36,73.38,73.35,73.35,high_C,TIE,TIE,TIE,F,T,T,T,T,TIE
1782828308.499,14774,73.38,73.27,73.38,73.38,TIE,low_C,TIE,TIE,T,TIE,TIE,F,F,TIE
1782828317.666,14775,73.27,73.3,73.27,73.27,high_C,TIE,TIE,TIE,F,TIE,TIE,T,T,TIE
1782828328.307,14776,73.3,73.26,73.3,73.29,TIE,low_C,TIE,TIE,T,TIE,T,F,F,T
1782828340.208,14777,73.26,73.25,73.29,73.29,TIE,low_C,TIE,TIE,T,F,F,F,F,TIE
1782828346.347,14778,73.25,73.18,73.24,73.25,TIE,low_C,TIE,TIE,T,T,TIE,F,F,F
1782828355.801,14779,73.18,73.26,73.21,73.18,high_C,TIE,TIE,TIE,F,F,TIE,T,T,T
1782828372.689,14780,73.26,73.32,73.3,73.3,high_C,low_O,C>O,TIE,F,F,F,T,T,TIE
1782828399.244,14781,73.32,73.3,73.32,73.33,high_P,low_C,P>C,TIE,T,TIE,F,F,F,F
1782828417.435,14782,73.3,73.32,73.29,73.32,TIE,low_M,TIE,TIE,F,T,F,T,TIE,F
1782828441.567,14783,73.32,73.35,73.35,73.32,TIE,TIE,TIE,TIE,F,F,TIE,TIE,T,T
1782828464.582,14784,73.35,73.3,73.35,73.35,TIE,low_C,TIE,TIE,T,TIE,TIE,F,F,TIE
1782828479.008,14785,73.3,73.41,73.35,73.4,high_C,low_O,C>O,C>P>M>O,F,F,F,T,T,F
1782828501.416,14786,73.41,73.33,73.4,73.41,TIE,low_C,TIE,TIE,T,T,TIE,F,F,F
1782828567.484,14788,73.35,73.35,73.34,73.33,TIE,low_P,TIE,TIE,TIE,T,T,T,T,T
1782828600.765,14790,73.4,73.4,73.38,73.39,TIE,low_M,TIE,TIE,TIE,T,T,T,T,F
1782828629.524,14791,73.4,73.28,73.37,73.38,high_O,low_C,O>C,O>P>M>C,T,T,T,F,F,F
1782828653.754,14792,73.28,73.23,73.22,73.22,high_O,TIE,TIE,TIE,T,T,T,T,T,TIE
1782828666.212,14793,73.23,73.22,73.23,73.22,TIE,TIE,TIE,TIE,T,TIE,T,F,TIE,T
1782828690.229,14794,73.22,73.29,73.32,73.31,high_M,low_O,M>O,M>P>C>O,F,F,F,F,F,T
1782828716.426,14795,73.29,73.42,73.37,73.37,high_C,low_O,C>O,TIE,F,F,F,T,T,TIE
1782828756.228,14796,73.42,73.24,73.32,73.39,high_O,low_C,O>C,O>P>M>C,T,T,T,F,F,F
1782828792.585,14797,73.24,73.29,73.24,73.24,high_C,TIE,TIE,TIE,F,TIE,TIE,T,T,TIE
1782828827.419,14798,73.29,73.39,73.36,73.36,high_C,low_O,C>O,TIE,F,F,F,T,T,TIE
1782828858.704,14799,73.39,73.42,73.4,73.4,high_C,low_O,C>O,TIE,F,F,F,T,T,TIE
1782828870.28,14800,73.42,73.36,73.39,73.39,high_O,low_C,O>C,TIE,T,T,T,F,F,TIE
1782828911.903,14801,73.36,73.37,73.35,73.31,high_C,low_P,C>P,C>O>M>P,F,T,T,T,T,T
1782828936.052,14802,73.37,73.41,73.41,73.43,high_P,low_O,P>O,TIE,F,F,F,TIE,F,F
1782828969.653,14803,73.41,73.3,73.32,73.3,high_O,TIE,TIE,TIE,T,T,T,F,TIE,T
1782828985.925,14804,73.3,73.26,73.3,73.3,TIE,low_C,TIE,TIE,T,TIE,TIE,F,F,TIE
1782829025.154,14805,73.26,73.25,73.26,73.25,TIE,TIE,TIE,TIE,T,TIE,T,F,TIE,T
1782829052.577,14806,73.25,73.3,73.3,73.3,TIE,low_O,TIE,TIE,F,F,F,TIE,TIE,TIE
1782829072.342,14807,73.3,73.23,73.3,73.3,TIE,low_C,TIE,TIE,T,TIE,TIE,F,F,TIE
1782829128.175,14808,73.23,73.3,73.29,73.29,high_C,low_O,C>O,TIE,F,F,F,T,T,TIE
1782829208.738,14809,73.3,73.26,73.31,73.3,high_M,low_C,M>C,TIE,T,F,TIE,F,F,T
1782829269.882,14810,73.26,73.28,73.27,73.27,high_C,low_O,C>O,TIE,F,F,F,T,T,TIE
1782829307.807,14811,73.28,73.42,73.35,73.35,high_C,low_O,C>O,TIE,F,F,F,T,T,TIE
1782829349.679,14812,73.42,73.43,73.41,73.41,high_C,TIE,TIE,TIE,F,T,T,T,T,TIE
1782829365.263,14813,73.43,73.49,73.45,73.45,high_C,low_O,C>O,TIE,F,F,F,T,T,TIE
1782829389.772,14815,73.51,73.51,73.5,73.51,TIE,low_M,TIE,TIE,TIE,T,TIE,T,TIE,F
1782829395.728,14816,73.51,73.59,73.58,73.57,high_C,low_O,C>O,C>M>P>O,F,F,F,T,T,T
1782829399.207,14817,73.59,73.65,73.6,73.59,high_C,TIE,TIE,TIE,F,F,TIE,T,T,T
1782829400.841,14818,73.65,73.69,73.67,73.67,high_C,low_O,C>O,TIE,F,F,F,T,T,TIE
1782829403.786,14819,73.69,73.61,73.66,73.63,high_O,low_C,O>C,O>M>P>C,T,T,T,F,F,T
1782829416.512,14820,73.61,73.68,73.62,73.62,high_C,low_O,C>O,TIE,F,F,F,T,T,TIE
1782829440.375,14821,73.68,73.64,73.64,73.64,high_O,TIE,TIE,TIE,T,T,T,TIE,TIE,TIE
1782829453.67,14822,73.64,73.7,73.7,73.7,TIE,low_O,TIE,TIE,F,F,F,TIE,TIE,TIE
1782829506.681,14824,73.56,73.56,73.56,73.55,TIE,low_P,TIE,TIE,TIE,TIE,T,TIE,T,T
1782829600.108,14826,73.55,73.55,73.55,73.55,TIE,TIE,TIE,TIE,TIE,TIE,TIE,TIE,TIE,TIE
1782829624.682,14827,73.55,73.6,73.58,73.6,TIE,low_O,TIE,TIE,F,F,F,T,TIE,F
1782829641.865,14828,73.6,73.73,73.63,73.6,high_C,TIE,TIE,TIE,F,F,TIE,T,T,T
1782829656.126,14829,73.73,73.75,73.73,73.73,high_C,TIE,TIE,TIE,F,TIE,TIE,T,T,TIE
1782829669.385,14830,73.75,73.71,73.71,73.7,high_O,low_P,O>P,TIE,T,T,T,TIE,T,T
1782829707.843,14831,73.71,73.7,73.72,73.72,TIE,low_C,TIE,TIE,T,F,F,F,F,TIE
1782829745.214,14832,73.7,73.71,73.69,73.7,high_C,low_M,C>M,TIE,F,T,TIE,T,T,F
1782829776.407,14833,73.71,73.68,73.74,73.74,TIE,low_C,TIE,TIE,T,F,F,F,F,TIE
1782829809.707,14834,73.68,73.8,73.76,73.8,TIE,low_O,TIE,TIE,F,F,F,T,TIE,F
1782829824.407,14835,73.8,73.87,73.86,73.87,TIE,low_O,TIE,TIE,F,F,F,T,TIE,F
1782829852.061,14836,73.87,73.78,73.78,73.76,high_O,low_P,O>P,TIE,T,T,T,TIE,T,T
1782829869.391,14837,73.78,73.65,73.69,73.69,high_O,low_C,O>C,TIE,T,T,T,F,F,TIE
1782829897.631,14838,73.65,73.61,73.61,73.6,high_O,low_P,O>P,TIE,T,T,T,TIE,T,T
1782829952.996,14840,73.63,73.63,73.64,73.63,high_M,TIE,TIE,TIE,TIE,F,TIE,F,TIE,T
1782829956.955,14841,73.63,73.59,73.6,73.61,high_O,low_C,O>C,O>P>M>C,T,T,T,F,F,F
1782829979.278,14842,73.59,73.66,73.68,73.67,high_M,low_O,M>O,M>P>C>O,F,F,F,F,F,T
1782829996.874,14843,73.66,73.71,73.7,73.73,high_P,low_O,P>O,P>C>M>O,F,F,F,T,F,F
1782830040.622,14844,73.71,73.65,73.68,73.68,high_O,low_C,O>C,TIE,T,T,T,F,F,TIE
1782830089.218,14845,73.65,73.74,73.67,73.66,high_C,low_O,C>O,C>M>P>O,F,F,F,T,T,T
1782830105.341,14846,73.74,73.76,73.77,73.77,TIE,low_O,TIE,TIE,F,F,F,F,F,TIE
1782830161.043,14847,73.76,73.66,73.76,73.76,TIE,low_C,TIE,TIE,T,TIE,TIE,F,F,TIE
1782830191.803,14848,73.66,73.6,73.65,73.68,high_P,low_C,P>C,P>O>M>C,T,T,F,F,F,F
1782830201.203,14849,73.6,73.55,73.55,73.54,high_O,low_P,O>P,TIE,T,T,T,TIE,T,T
1782830215.6,14850,73.55,73.5,73.51,73.48,high_O,low_P,O>P,O>M>C>P,T,T,T,F,T,T
1782830231.075,14851,73.5,73.42,73.49,73.5,TIE,low_C,TIE,TIE,T,T,TIE,F,F,F
1782830250.429,14852,73.42,73.5,73.46,73.46,high_C,low_O,C>O,TIE,F,F,F,T,T,TIE
1782830278.955,14853,73.5,73.42,73.43,73.42,high_O,TIE,TIE,TIE,T,T,T,F,TIE,T
1782830291.247,14854,73.42,73.39,73.42,73.4,TIE,low_C,TIE,TIE,T,TIE,T,F,F,T
1782830295.077,14855,73.39,73.33,73.35,73.4,high_P,low_C,P>C,P>O>M>C,T,T,F,F,F,F
1782830312.083,14856,73.33,73.35,73.29,73.28,high_C,low_P,C>P,C>O>M>P,F,T,T,T,T,T
1782830335.35,14857,73.35,73.26,73.3,73.3,high_O,low_C,O>C,TIE,T,T,T,F,F,TIE
1782830335.416,14858,73.26,73.23,73.25,73.25,high_O,low_C,O>C,TIE,T,T,T,F,F,TIE
1782830339.632,14859,73.23,73.25,73.24,73.24,high_C,low_O,C>O,TIE,F,F,F,T,T,TIE
1782830343.098,14860,73.25,73.11,73.17,73.17,high_O,low_C,O>C,TIE,T,T,T,F,F,TIE
1782830347.011,14861,73.11,73.16,73.12,73.12,high_C,low_O,C>O,TIE,F,F,F,T,T,TIE
1782830357.448,14862,73.16,73.17,73.16,73.15,high_C,low_P,C>P,TIE,F,TIE,T,T,T,T
1782830397.299,14863,73.17,73.26,73.2,73.2,high_C,low_O,C>O,TIE,F,F,F,T,T,TIE
1782830426.957,14864,73.26,73.24,73.22,73.2,high_O,low_P,O>P,O>C>M>P,T,T,T,T,T,T
1782830465.248,14865,73.24,73.37,73.32,73.37,TIE,low_O,TIE,TIE,F,F,F,T,TIE,F
1782830498.759,14866,73.37,73.27,73.3,73.37,TIE,low_C,TIE,TIE,T,T,TIE,F,F,F
1782830569.813,14867,73.27,73.3,73.28,73.3,TIE,low_O,TIE,TIE,F,F,F,T,TIE,F
1782830619.2,14868,73.3,73.4,73.31,73.3,high_C,TIE,TIE,TIE,F,F,TIE,T,T,T
1782830640.942,14869,73.4,73.45,73.42,73.45,TIE,low_O,TIE,TIE,F,F,F,T,TIE,F
1782830645.519,14870,73.45,73.48,73.46,73.45,high_C,TIE,TIE,TIE,F,F,TIE,T,T,T
1782830673.338,14871,73.48,73.54,73.5,73.49,high_C,low_O,C>O,C>M>P>O,F,F,F,T,T,T
1782830697.955,14872,73.54,73.58,73.54,73.53,high_C,low_P,C>P,TIE,F,TIE,T,T,T,T
1782830704.396,14873,73.58,73.53,73.56,73.55,high_O,low_C,O>C,O>M>P>C,T,T,T,F,F,T
1782830748.9,14874,73.53,73.37,73.4,73.38,high_O,low_C,O>C,O>M>P>C,T,T,T,F,F,T
1782830780.875,14875,73.37,73.27,73.29,73.28,high_O,low_C,O>C,O>M>P>C,T,T,T,F,F,T
1782830840.166,14876,73.27,73.3,73.28,73.28,high_C,low_O,C>O,TIE,F,F,F,T,T,TIE
1782830908.519,14877,73.3,73.2,73.25,73.25,high_O,low_C,O>C,TIE,T,T,T,F,F,TIE
1782830923.731,14878,73.2,73.12,73.2,73.2,TIE,low_C,TIE,TIE,T,TIE,TIE,F,F,TIE
1782830963.896,14879,73.12,73.17,73.11,73.08,high_C,low_P,C>P,C>O>M>P,F,T,T,T,T,T
1782830978.067,14880,73.17,73.08,73.09,73.08,high_O,TIE,TIE,TIE,T,T,T,F,TIE,T
1782830994.63,14881,73.08,73.06,73.09,73.1,high_P,low_C,P>C,P>M>O>C,T,F,F,F,F,F
1782831044.358,14883,73.03,73.03,73.08,73.05,high_M,TIE,TIE,TIE,TIE,F,F,F,F,T
1782831055.317,14884,73.03,72.97,73.0,73.0,high_O,low_C,O>C,TIE,T,T,T,F,F,TIE
1782831060.622,14886,72.95,72.95,72.9,72.9,TIE,TIE,TIE,TIE,TIE,T,T,T,T,TIE
1782831143.08,14888,72.97,72.97,72.98,72.98,TIE,TIE,TIE,TIE,TIE,F,F,F,F,TIE
1782831146.089,14889,72.97,73.02,72.96,72.95,high_C,low_P,C>P,C>O>M>P,F,T,T,T,T,T
1782831203.04,14890,73.02,72.97,73.0,73.0,high_O,low_C,O>C,TIE,T,T,T,F,F,TIE
1782831246.29,14891,72.97,72.91,72.95,72.95,high_O,low_C,O>C,TIE,T,T,T,F,F,TIE
1782831263.164,14892,72.91,72.8,72.84,72.82,high_O,low_C,O>C,O>M>P>C,T,T,T,F,F,T
1782831263.173,14893,72.8,72.75,72.78,72.78,high_O,low_C,O>C,TIE,T,T,T,F,F,TIE
1782831263.238,14894,72.75,72.8,72.77,72.77,high_C,low_O,C>O,TIE,F,F,F,T,T,TIE
1782831275.792,14895,72.8,72.77,72.76,72.79,high_O,low_M,O>M,O>P>C>M,T,T,T,T,F,F
1782831292.567,14896,72.77,72.76,72.77,72.76,TIE,TIE,TIE,TIE,T,TIE,T,F,TIE,T
1782831313.591,14897,72.76,72.86,72.81,72.86,TIE,low_O,TIE,TIE,F,F,F,T,TIE,F
1782831362.063,14898,72.86,72.79,72.79,72.83,high_O,TIE,TIE,TIE,T,T,T,TIE,F,F
1782831405.777,14899,72.79,72.71,72.78,72.79,TIE,low_C,TIE,TIE,T,T,TIE,F,F,F
1782831441.219,14900,72.71,72.76,72.77,72.79,high_P,low_O,P>O,P>M>C>O,F,F,F,F,F,F
1782831511.813,14901,72.76,72.91,72.81,72.78,high_C,low_O,C>O,C>M>P>O,F,F,F,T,T,T
1782831556.993,14902,72.91,72.98,72.92,72.93,high_C,low_O,C>O,C>P>M>O,F,F,F,T,T,F
1782831591.639,14903,72.98,72.93,73.0,73.03,high_P,low_C,P>C,P>M>O>C,T,F,F,F,F,F
1782831630.774,14904,72.93,72.91,72.92,72.91,high_O,TIE,TIE,TIE,T,T,T,F,TIE,T
1782831667.839,14905,72.91,73.11,73.02,73.1,high_C,low_O,C>O,C>P>M>O,F,F,F,T,T,F
1782831746.182,14906,73.11,73.12,73.09,73.1,high_C,low_M,C>M,C>O>P>M,F,T,T,T,T,F
1782831793.22,14907,73.12,73.06,73.13,73.15,high_P,low_C,P>C,P>M>O>C,T,F,F,F,F,F
1782831841.452,14908,73.06,72.91,73.0,73.01,high_O,low_C,O>C,O>P>M>C,T,T,T,F,F,F
1782831852.365,14909,72.91,72.77,72.8,72.78,high_O,low_C,O>C,O>M>P>C,T,T,T,F,F,T
1782831887.841,14910,72.77,72.74,72.76,72.77,TIE,low_C,TIE,TIE,T,T,TIE,F,F,F
1782831905.911,14912,72.68,72.68,72.7,72.7,TIE,TIE,TIE,TIE,TIE,F,F,F,F,TIE
1782831913.582,14913,72.68,72.64,72.65,72.66,high_O,low_C,O>C,O>P>M>C,T,T,T,F,F,F
1782831935.009,14914,72.64,72.6,72.63,72.65,high_P,low_C,P>C,P>O>M>C,T,T,F,F,F,F
1782831965.718,14915,72.6,72.64,72.61,72.6,high_C,TIE,TIE,TIE,F,F,TIE,T,T,T
1782832010.733,14916,72.64,72.7,72.61,72.58,high_C,low_P,C>P,C>O>M>P,F,T,T,T,T,T
1782832044.524,14917,72.7,72.79,72.71,72.71,high_C,low_O,C>O,TIE,F,F,F,T,T,TIE
1782832051.073,14918,72.79,72.82,72.8,72.8,high_C,low_O,C>O,TIE,F,F,F,T,T,TIE
1782832080.163,14919,72.82,72.9,72.83,72.83,high_C,low_O,C>O,TIE,F,F,F,T,T,TIE
1782832123.131,14920,72.9,72.86,72.87,72.87,high_O,low_C,O>C,TIE,T,T,T,F,F,TIE
1782832190.168,14921,72.86,72.81,72.81,72.84,high_O,TIE,TIE,TIE,T,T,T,TIE,F,F
1782832271.807,14922,72.81,72.89,72.85,72.88,high_C,low_O,C>O,C>P>M>O,F,F,F,T,T,F
1782832371.471,14923,72.89,72.94,72.88,72.9,high_C,low_M,C>M,C>P>O>M,F,T,F,T,T,F
1782832415.233,14924,72.94,72.98,73.0,73.0,TIE,low_O,TIE,TIE,F,F,F,F,F,TIE
1782832472.823,14925,72.98,73.01,73.03,73.01,high_M,low_O,M>O,TIE,F,F,F,F,TIE,T
1782832543.914,14926,73.01,72.89,72.97,72.98,high_O,low_C,O>C,O>P>M>C,T,T,T,F,F,F
1782832573.866,14927,72.89,72.67,72.74,72.71,high_O,low_C,O>C,O>M>P>C,T,T,T,F,F,T
1782832574.67,14928,72.67,72.7,72.66,72.66,high_C,TIE,TIE,TIE,F,T,T,T,T,TIE
1782832577.289,14929,72.7,72.76,72.73,72.7,high_C,TIE,TIE,TIE,F,F,TIE,T,T,T
1782832589.415,14930,72.76,72.85,72.76,72.74,high_C,low_P,C>P,TIE,F,TIE,T,T,T,T
1782832625.552,14939,72.9,72.85,72.88,72.9,TIE,low_C,TIE,TIE,T,T,TIE,F,F,F
1782832670.772,14940,72.85,72.82,72.85,72.85,TIE,low_C,TIE,TIE,T,TIE,TIE,F,F,TIE
1782832703.988,14941,72.82,72.81,72.81,72.81,high_O,TIE,TIE,TIE,T,T,T,TIE,TIE,TIE
1782832735.607,14942,72.81,72.78,72.85,72.86,high_P,low_C,P>C,P>M>O>C,T,F,F,F,F,F
1782832762.553,14943,72.78,72.73,72.71,72.69,high_O,low_P,O>P,O>C>M>P,T,T,T,T,T,T
1782832762.798,14944,72.73,72.85,72.76,72.76,high_C,low_O,C>O,TIE,F,F,F,T,T,TIE
1782832773.628,14945,72.85,72.87,72.85,72.87,TIE,TIE,TIE,TIE,F,TIE,F,T,TIE,F
1782832782.823,14946,72.87,73.0,72.9,72.89,high_C,low_O,C>O,C>M>P>O,F,F,F,T,T,T
1782832800.788,14947,73.0,73.11,73.05,73.06,high_C,low_O,C>O,C>P>M>O,F,F,F,T,T,F
1782832811.747,14948,73.11,73.2,73.15,73.15,high_C,low_O,C>O,TIE,F,F,F,T,T,TIE
1782832816.515,14949,73.2,73.21,73.21,73.21,TIE,low_O,TIE,TIE,F,F,F,TIE,TIE,TIE
1782832823.73,14950,73.21,73.23,73.26,73.26,TIE,low_O,TIE,TIE,F,F,F,F,F,TIE
1782832845.719,14951,73.23,73.26,73.23,73.23,high_C,TIE,TIE,TIE,F,TIE,TIE,T,T,TIE
1782832874.35,14952,73.26,73.29,73.28,73.28,high_C,low_O,C>O,TIE,F,F,F,T,T,TIE
1782832941.277,14957,73.23,73.2,73.21,73.2,high_O,TIE,TIE,TIE,T,T,T,F,TIE,T
1782832981.935,14958,73.2,73.06,73.09,73.09,high_O,low_C,O>C,TIE,T,T,T,F,F,TIE
1782833069.228,14959,73.06,73.23,73.13,73.12,high_C,low_O,C>O,C>M>P>O,F,F,F,T,T,T
1782833100.48,14961,73.38,73.38,73.37,73.34,TIE,low_P,TIE,TIE,TIE,T,T,T,T,T
1782833126.135,14962,73.38,73.34,73.38,73.39,high_P,low_C,P>C,TIE,T,TIE,F,F,F,F
1782833174.366,14963,73.34,73.32,73.31,73.31,high_O,TIE,TIE,TIE,T,T,T,T,T,TIE
1782833205.972,14964,73.32,73.3,73.3,73.3,high_O,TIE,TIE,TIE,T,T,T,TIE,TIE,TIE
1782833242.35,14965,73.3,73.36,73.34,73.34,high_C,low_O,C>O,TIE,F,F,F,T,T,TIE
1782833247.067,14966,73.36,73.34,73.34,73.34,high_O,TIE,TIE,TIE,T,T,T,TIE,TIE,TIE
1782833321.118,14967,73.34,73.24,73.33,73.34,TIE,low_C,TIE,TIE,T,T,TIE,F,F,F
1782833416.338,14968,73.24,73.2,73.23,73.23,high_O,low_C,O>C,TIE,T,T,T,F,F,TIE
1782833454.873,14969,73.2,73.21,73.17,73.15,high_C,low_P,C>P,C>O>M>P,F,T,T,T,T,T
1782833571.724,14970,73.21,73.32,73.25,73.21,high_C,TIE,TIE,TIE,F,F,TIE,T,T,T
1782833683.726,14971,73.32,73.34,73.31,73.31,high_C,TIE,TIE,TIE,F,T,T,T,T,TIE
1782833683.855,14972,73.34,73.47,73.45,73.47,TIE,low_O,TIE,TIE,F,F,F,T,TIE,F
1782833711.701,14973,73.47,73.32,73.47,73.48,high_P,low_C,P>C,TIE,T,TIE,F,F,F,F
1782833788.407,14974,73.32,73.23,73.29,73.31,high_O,low_C,O>C,O>P>M>C,T,T,T,F,F,F
1782833923.132,14975,73.23,73.07,73.2,73.27,high_P,low_C,P>C,P>O>M>C,T,T,F,F,F,F
1782833973.568,14976,73.07,73.13,73.08,73.08,high_C,low_O,C>O,TIE,F,F,F,T,T,TIE
1782834114.825,14977,73.13,73.19,73.11,73.08,high_C,low_P,C>P,C>O>M>P,F,T,T,T,T,T
1782834183.66,14978,73.19,73.21,73.19,73.19,high_C,TIE,TIE,TIE,F,TIE,TIE,T,T,TIE
1782834206.262,14979,73.21,73.26,73.25,73.27,high_P,low_O,P>O,P>C>M>O,F,F,F,T,F,F
1782834253.273,14980,73.26,73.32,73.32,73.31,TIE,low_O,TIE,TIE,F,F,F,TIE,T,T
1782834303.778,14981,73.32,73.33,73.31,73.3,high_C,low_P,C>P,C>O>M>P,F,T,T,T,T,T
1782834328.548,14982,73.33,73.44,73.34,73.33,high_C,TIE,TIE,TIE,F,F,TIE,T,T,T
1782834335.988,14984,73.49,73.49,73.49,73.5,high_P,TIE,TIE,TIE,TIE,TIE,F,TIE,F,F
1782834358.767,14986,73.55,73.55,73.52,73.51,TIE,low_P,TIE,TIE,TIE,T,T,T,T,T
1782834359.667,14987,73.55,73.72,73.67,73.7,high_C,low_O,C>O,C>P>M>O,F,F,F,T,T,F
1782834366.075,14988,73.72,73.71,73.71,73.72,TIE,TIE,TIE,TIE,T,T,TIE,TIE,F,F
1782834367.1,14989,73.71,73.81,73.78,73.8,high_C,low_O,C>O,C>P>M>O,F,F,F,T,T,F
1782834368.145,14990,73.81,73.83,73.79,73.79,high_C,TIE,TIE,TIE,F,T,T,T,T,TIE
1782834369.551,14991,73.83,73.93,73.87,73.83,high_C,TIE,TIE,TIE,F,F,TIE,T,T,T
1782834372.064,14992,73.93,73.88,73.9,73.91,high_O,low_C,O>C,O>P>M>C,T,T,T,F,F,F
1782834374.592,14993,73.88,74.0,73.98,73.99,high_C,low_O,C>O,C>P>M>O,F,F,F,T,T,F
1782834374.945,14994,74.0,74.05,74.04,74.0,high_C,TIE,TIE,TIE,F,F,TIE,T,T,T
1782834378.648,14995,74.05,73.92,74.02,74.02,high_O,low_C,O>C,TIE,T,T,T,F,F,TIE
1782834387.298,14996,73.92,73.9,73.96,73.95,high_M,low_C,M>C,M>P>O>C,T,F,F,F,F,T
1782834403.628,14997,73.9,73.92,73.85,73.85,high_C,TIE,TIE,TIE,F,T,T,T,T,TIE
1782834413.824,14998,73.92,74.01,74.0,73.99,high_C,low_O,C>O,C>M>P>O,F,F,F,T,T,T
1782834423.326,14999,74.01,73.91,73.92,73.92,high_O,low_C,O>C,TIE,T,T,T,F,F,TIE
1782834443.886,15000,73.91,73.89,73.91,73.91,TIE,low_C,TIE,TIE,T,TIE,TIE,F,F,TIE
1782834490.592,15001,73.89,73.84,73.83,73.84,high_O,low_M,O>M,TIE,T,T,T,T,TIE,F
1782834541.875,15002,73.84,73.81,73.8,73.8,high_O,TIE,TIE,TIE,T,T,T,T,T,TIE
1782834577.129,15003,73.81,73.71,73.77,73.8,high_O,low_C,O>C,O>P>M>C,T,T,T,F,F,F
1782834611.431,15004,73.71,73.63,73.71,73.71,TIE,low_C,TIE,TIE,T,TIE,TIE,F,F,TIE
1782834635.484,15005,73.63,73.55,73.6,73.55,high_O,TIE,TIE,TIE,T,T,T,F,TIE,T
1782834704.402,15006,73.55,73.54,73.62,73.7,high_P,low_C,P>C,P>M>O>C,T,F,F,F,F,F
1782834796.306,15007,73.54,73.5,73.53,73.55,high_P,low_C,P>C,P>O>M>C,T,T,F,F,F,F
1782834925.383,15009,73.47,73.47,73.44,73.44,TIE,TIE,TIE,TIE,TIE,T,T,T,T,TIE
1782834991.15,15010,73.47,73.51,73.49,73.47,high_C,TIE,TIE,TIE,F,F,TIE,T,T,T
1782835090.523,15011,73.51,73.38,73.42,73.42,high_O,low_C,O>C,TIE,T,T,T,F,F,TIE
1782835096.556,15012,73.38,73.25,73.28,73.28,high_O,low_C,O>C,TIE,T,T,T,F,F,TIE
1782835107.088,15013,73.25,73.17,73.25,73.26,high_P,low_C,P>C,TIE,T,TIE,F,F,F,F
1782835138.028,15014,73.17,73.11,73.15,73.17,TIE,low_C,TIE,TIE,T,T,TIE,F,F,F
1782835178.574,15016,73.08,73.08,73.09,73.08,high_M,TIE,TIE,TIE,TIE,F,TIE,F,TIE,T
1782835208.519,15018,73.06,73.06,73.06,73.06,TIE,TIE,TIE,TIE,TIE,TIE,TIE,TIE,TIE,TIE
1782835224.152,15019,73.06,73.13,73.07,73.07,high_C,low_O,C>O,TIE,F,F,F,T,T,TIE
1782835244.516,15020,73.13,73.16,73.12,73.1,high_C,low_P,C>P,C>O>M>P,F,T,T,T,T,T
1782835273.169,15021,73.16,73.22,73.21,73.22,TIE,low_O,TIE,TIE,F,F,F,T,TIE,F
1782835340.746,15022,73.22,73.1,73.2,73.2,high_O,low_C,O>C,TIE,T,T,T,F,F,TIE
1782835383.393,15023,73.1,73.23,73.12,73.11,high_C,low_O,C>O,C>M>P>O,F,F,F,T,T,T
1782835512.462,15024,73.23,73.22,73.23,73.24,high_P,low_C,P>C,TIE,T,TIE,F,F,F,F
1782835591.006,15025,73.22,73.33,73.3,73.31,high_C,low_O,C>O,C>P>M>O,F,F,F,T,T,F
1782835633.99,15027,73.44,73.44,73.48,73.47,high_M,TIE,TIE,TIE,TIE,F,F,F,F,T
1782835664.63,15028,73.44,73.45,73.46,73.46,TIE,low_O,TIE,TIE,F,F,F,F,F,TIE
1782835740.654,15029,73.45,73.4,73.45,73.45,TIE,low_C,TIE,TIE,T,TIE,TIE,F,F,TIE
1782835773.724,15030,73.4,73.34,73.35,73.34,high_O,TIE,TIE,TIE,T,T,T,F,TIE,T
1782835897.936,15031,73.34,73.31,73.39,73.38,high_M,low_C,M>C,M>P>O>C,T,F,F,F,F,T
1782835992.617,15032,73.31,73.19,73.3,73.3,high_O,low_C,O>C,TIE,T,T,T,F,F,TIE
1782836003.987,15033,73.19,73.1,73.13,73.12,high_O,low_C,O>C,O>M>P>C,T,T,T,F,F,T
1782836026.695,15034,73.1,73.06,73.07,73.06,high_O,TIE,TIE,TIE,T,T,T,F,TIE,T
1782836029.888,15035,73.06,73.02,73.06,73.06,TIE,low_C,TIE,TIE,T,TIE,TIE,F,F,TIE
1782836089.583,15036,73.02,73.03,73.02,73.02,high_C,TIE,TIE,TIE,F,TIE,TIE,T,T,TIE
1782836097.956,15037,73.03,72.91,72.9,72.88,high_O,low_P,O>P,O>C>M>P,T,T,T,T,T,T
1782836111.204,15038,72.91,72.78,72.82,72.78,high_O,TIE,TIE,TIE,T,T,T,F,TIE,T
1782836146.839,15039,72.78,72.84,72.79,72.79,high_C,low_O,C>O,TIE,F,F,F,T,T,TIE
1782836190.276,15040,72.84,72.93,72.93,72.89,TIE,low_O,TIE,TIE,F,F,F,TIE,T,T
1782836271.309,15041,72.93,72.99,72.99,72.99,TIE,low_O,TIE,TIE,F,F,F,TIE,TIE,TIE
1782836395.455,15042,72.99,72.95,72.98,72.99,TIE,low_C,TIE,TIE,T,T,TIE,F,F,F
1782836476.9,15043,72.95,72.91,72.93,72.91,high_O,TIE,TIE,TIE,T,T,T,F,TIE,T
1782836550.294,15044,72.91,72.88,72.88,72.91,TIE,TIE,TIE,TIE,T,T,TIE,TIE,F,F
1782836708.919,15045,72.88,72.77,72.87,72.88,TIE,low_C,TIE,TIE,T,T,TIE,F,F,F
1782836754.201,15046,72.77,72.75,72.75,72.75,high_O,TIE,TIE,TIE,T,T,T,TIE,TIE,TIE
1782836787.559,15047,72.75,72.74,72.76,72.77,high_P,low_C,P>C,P>M>O>C,T,F,F,F,F,F
1782836941.596,15048,72.74,72.72,72.73,72.73,high_O,low_C,O>C,TIE,T,T,T,F,F,TIE
1782837061.91,15049,72.72,72.73,72.76,72.77,high_P,low_O,P>O,P>M>C>O,F,F,F,F,F,F
1782837147.704,15050,72.73,72.85,72.81,72.88,high_P,low_O,P>O,P>C>M>O,F,F,F,T,F,F
1782837230.774,15051,72.85,72.82,72.82,72.8,high_O,low_P,O>P,TIE,T,T,T,TIE,T,T
1782837246.089,15052,72.82,72.78,72.8,72.8,high_O,low_C,O>C,TIE,T,T,T,F,F,TIE
1782837292.168,15053,72.78,73.0,72.93,72.97,high_C,low_O,C>O,C>P>M>O,F,F,F,T,T,F
1782837386.399,15054,73.0,72.94,72.87,72.82,high_O,low_P,O>P,O>C>M>P,T,T,T,T,T,T
1782837528.482,15055,72.94,73.04,72.93,72.93,high_C,TIE,TIE,TIE,F,T,T,T,T,TIE
1782837584.214,15056,73.04,73.12,73.13,73.14,high_P,low_O,P>O,P>M>C>O,F,F,F,F,F,F
1782837662.551,15057,73.12,73.22,73.21,73.21,high_C,low_O,C>O,TIE,F,F,F,T,T,TIE
1782837828.052,15058,73.22,73.05,73.12,73.14,high_O,low_C,O>C,O>P>M>C,T,T,T,F,F,F
1782837914.59,15059,73.05,73.15,73.06,73.05,high_C,TIE,TIE,TIE,F,F,TIE,T,T,T
1782838045.197,15060,73.15,73.25,73.17,73.17,high_C,low_O,C>O,TIE,F,F,F,T,T,TIE
1782838109.258,15061,73.25,73.34,73.28,73.28,high_C,low_O,C>O,TIE,F,F,F,T,T,TIE
1782838307.646,15062,73.34,73.29,73.32,73.32,high_O,low_C,O>C,TIE,T,T,T,F,F,TIE
1782838346.545,15063,73.29,73.36,73.33,73.28,high_C,low_P,C>P,C>M>O>P,F,F,T,T,T,T
1782838433.798,15064,73.36,73.4,73.37,73.37,high_C,low_O,C>O,TIE,F,F,F,T,T,TIE
1782838451.562,15065,73.4,73.5,73.47,73.49,high_C,low_O,C>O,C>P>M>O,F,F,F,T,T,F
1782838451.565,15066,73.5,73.56,73.52,73.5,high_C,TIE,TIE,TIE,F,F,TIE,T,T,T
1782838451.583,15067,73.56,73.44,73.57,73.6,high_P,low_C,P>C,P>M>O>C,T,F,F,F,F,F
1782838451.698,15068,73.44,73.51,73.44,73.44,high_C,TIE,TIE,TIE,F,TIE,TIE,T,T,TIE
1782838460.069,15069,73.51,73.62,73.58,73.48,high_C,low_P,C>P,C>M>O>P,F,F,T,T,T,T
1782838468.152,15070,73.62,73.6,73.61,73.61,high_O,low_C,O>C,TIE,T,T,T,F,F,TIE
1782838552.845,15071,73.6,73.59,73.6,73.6,TIE,low_C,TIE,TIE,T,TIE,TIE,F,F,TIE
1782838570.902,15072,73.59,73.69,73.62,73.62,high_C,low_O,C>O,TIE,F,F,F,T,T,TIE
1782838661.494,15073,73.69,73.62,73.66,73.65,high_O,low_C,O>C,O>M>P>C,T,T,T,F,F,T
1782838719.266,15074,73.62,73.48,73.57,73.61,high_O,low_C,O>C,O>P>M>C,T,T,T,F,F,F
1782838800.61,15075,73.48,73.5,73.45,73.43,high_C,low_P,C>P,C>O>M>P,F,T,T,T,T,T
1782838974.453,15076,73.5,73.53,73.5,73.5,high_C,TIE,TIE,TIE,F,TIE,TIE,T,T,TIE
1782839015.641,15077,73.53,73.63,73.6,73.65,high_P,low_O,P>O,P>C>M>O,F,F,F,T,F,F
1782839056.061,15078,73.63,73.69,73.65,73.65,high_C,low_O,C>O,TIE,F,F,F,T,T,TIE
1782839183.564,15079,73.69,73.6,73.61,73.59,high_O,low_P,O>P,O>M>C>P,T,T,T,F,T,T
1782839260.807,15080,73.6,73.73,73.69,73.7,high_C,low_O,C>O,C>P>M>O,F,F,F,T,T,F
1782839278.018,15081,73.73,73.75,73.78,73.79,high_P,low_O,P>O,P>M>C>O,F,F,F,F,F,F
1782839317.931,15082,73.75,73.82,73.76,73.8,high_C,low_O,C>O,C>P>M>O,F,F,F,T,T,F
1782839335.653,15083,73.82,73.86,73.85,73.85,high_C,low_O,C>O,TIE,F,F,F,T,T,TIE
1782839372.068,15084,73.86,73.8,73.8,73.8,high_O,TIE,TIE,TIE,T,T,T,TIE,TIE,TIE
1782839441.939,15085,73.8,73.72,73.74,73.72,high_O,TIE,TIE,TIE,T,T,T,F,TIE,T
1782839538.747,15086,73.72,73.57,73.66,73.66,high_O,low_C,O>C,TIE,T,T,T,F,F,TIE
1782839672.017,15088,73.47,73.47,73.45,73.45,TIE,TIE,TIE,TIE,TIE,T,T,T,T,TIE
1782839758.571,15089,73.47,73.45,73.45,73.45,high_O,TIE,TIE,TIE,T,T,T,TIE,TIE,TIE
1782839826.811,15090,73.45,73.56,73.56,73.56,TIE,low_O,TIE,TIE,F,F,F,TIE,TIE,TIE
1782839876.789,15091,73.56,73.43,73.47,73.45,high_O,low_C,O>C,O>M>P>C,T,T,T,F,F,T
1782839935.111,15092,73.43,73.51,73.46,73.41,high_C,low_P,C>P,C>M>O>P,F,F,T,T,T,T
1782840126.697,15093,73.51,73.46,73.52,73.53,high_P,low_C,P>C,P>M>O>C,T,F,F,F,F,F
1782840246.747,15094,73.46,73.4,73.41,73.41,high_O,low_C,O>C,TIE,T,T,T,F,F,TIE
1782840260.857,15095,73.4,73.35,73.36,73.4,TIE,low_C,TIE,TIE,T,T,TIE,F,F,F
1782840391.413,15096,73.35,73.48,73.44,73.46,high_C,low_O,C>O,C>P>M>O,F,F,F,T,T,F
1782840549.634,15097,73.48,73.4,73.4,73.4,high_O,TIE,TIE,TIE,T,T,T,TIE,TIE,TIE
1782840742.043,15098,73.4,73.34,73.39,73.41,high_P,low_C,P>C,P>O>M>C,T,T,F,F,F,F
1782840844.426,15099,73.34,73.53,73.37,73.34,high_C,TIE,TIE,TIE,F,F,TIE,T,T,T
1782840937.899,15100,73.53,73.51,73.5,73.5,high_O,TIE,TIE,TIE,T,T,T,T,T,TIE
1782841156.452,15101,73.51,73.41,73.41,73.42,high_O,TIE,TIE,TIE,T,T,T,TIE,F,F
1782841380.081,15102,73.41,73.42,73.37,73.34,high_C,low_P,C>P,C>O>M>P,F,T,T,T,T,T
1782841534.939,15103,73.42,73.3,73.3,73.3,high_O,TIE,TIE,TIE,T,T,T,TIE,TIE,TIE
1782841592.279,15104,73.3,73.34,73.3,73.3,high_C,TIE,TIE,TIE,F,TIE,TIE,T,T,TIE
1782841730.964,15105,73.34,73.28,73.28,73.25,high_O,low_P,O>P,TIE,T,T,T,TIE,T,T
1782841848.515,15106,73.28,73.24,73.27,73.27,high_O,low_C,O>C,TIE,T,T,T,F,F,TIE
1782842019.974,15107,73.24,73.4,73.34,73.39,high_C,low_O,C>O,C>P>M>O,F,F,F,T,T,F
1782842193.778,15108,73.4,73.51,73.39,73.43,high_C,low_M,C>M,C>P>O>M,F,T,F,T,T,F
1782842270.158,15109,73.51,73.4,73.44,73.41,high_O,low_C,O>C,O>M>P>C,T,T,T,F,F,T
1782842406.916,15111,73.16,73.16,73.16,73.16,TIE,TIE,TIE,TIE,TIE,TIE,TIE,TIE,TIE,TIE
1782842417.86,15112,73.16,73.22,73.2,73.2,high_C,low_O,C>O,TIE,F,F,F,T,T,TIE
1782842495.973,15113,73.22,73.11,73.21,73.22,TIE,low_C,TIE,TIE,T,T,TIE,F,F,F
1782842841.455,15115,73.17,73.17,73.12,73.11,TIE,low_P,TIE,TIE,TIE,T,T,T,T,T
1782842977.424,15116,73.17,73.29,73.25,73.25,high_C,low_O,C>O,TIE,F,F,F,T,T,TIE
1782843207.918,15117,73.29,73.31,73.29,73.29,high_C,TIE,TIE,TIE,F,TIE,TIE,T,T,TIE
1782843424.961,15118,73.31,73.27,73.28,73.31,TIE,low_C,TIE,TIE,T,T,TIE,F,F,F
1782843468.398,15119,73.27,73.47,73.41,73.45,high_C,low_O,C>O,C>P>M>O,F,F,F,T,T,F
1782843502.765,15120,73.47,73.53,73.52,73.53,TIE,low_O,TIE,TIE,F,F,F,T,TIE,F
1782843558.076,15121,73.53,73.54,73.57,73.58,high_P,low_O,P>O,P>M>C>O,F,F,F,F,F,F
1782843589.349,15122,73.54,73.78,73.69,73.69,high_C,low_O,C>O,TIE,F,F,F,T,T,TIE
1782843631.269,15123,73.78,73.51,73.61,73.57,high_O,low_C,O>C,O>M>P>C,T,T,T,F,F,T
1782843809.47,15124,73.51,73.44,73.5,73.5,high_O,low_C,O>C,TIE,T,T,T,F,F,TIE
1782843894.042,15125,73.44,73.25,73.36,73.4,high_O,low_C,O>C,O>P>M>C,T,T,T,F,F,F
1782844073.31,15126,73.25,73.31,73.3,73.32,high_P,low_O,P>O,P>C>M>O,F,F,F,T,F,F
1782844282.065,15127,73.31,73.28,73.37,73.37,TIE,low_C,TIE,TIE,T,F,F,F,F,TIE
1782844410.112,15128,73.28,73.19,73.31,73.38,high_P,low_C,P>C,P>M>O>C,T,F,F,F,F,F
1782844451.882,15129,73.19,73.18,73.17,73.16,high_O,low_P,O>P,O>C>M>P,T,T,T,T,T,T
1782844608.45,15130,73.18,73.19,73.18,73.17,high_C,low_P,C>P,TIE,F,TIE,T,T,T,T
1782844690.515,15131,73.19,73.15,73.15,73.15,high_O,TIE,TIE,TIE,T,T,T,TIE,TIE,TIE
1782844690.616,15132,73.15,73.02,73.13,73.15,TIE,low_C,TIE,TIE,T,T,TIE,F,F,F
1782844690.754,15133,73.02,72.89,72.97,73.0,high_O,low_C,O>C,O>P>M>C,T,T,T,F,F,F
1782844692.075,15134,72.89,72.96,72.94,72.94,high_C,low_O,C>O,TIE,F,F,F,T,T,TIE
1782844701.681,15135,72.96,72.94,72.94,72.94,high_O,TIE,TIE,TIE,T,T,T,TIE,TIE,TIE
1782844778.896,15136,72.94,73.01,73.01,73.03,high_P,low_O,P>O,TIE,F,F,F,TIE,F,F
1782844976.642,15137,73.01,73.16,73.08,73.1,high_C,low_O,C>O,C>P>M>O,F,F,F,T,T,F
1782845126.675,15138,73.16,73.3,73.24,73.3,TIE,low_O,TIE,TIE,F,F,F,T,TIE,F
1782845185.683,15139,73.3,73.37,73.33,73.33,high_C,low_O,C>O,TIE,F,F,F,T,T,TIE
1782845313.396,15142,73.5,73.53,73.51,73.49,high_C,low_P,C>P,C>M>O>P,F,F,T,T,T,T
1782845407.675,15144,73.6,73.6,73.6,73.6,TIE,TIE,TIE,TIE,TIE,TIE,TIE,TIE,TIE,TIE
1782845451.877,15145,73.6,73.54,73.55,73.6,TIE,low_C,TIE,TIE,T,T,TIE,F,F,F
1782845531.619,15146,73.54,73.58,73.54,73.52,high_C,low_P,C>P,TIE,F,TIE,T,T,T,T
1782845641.123,15147,73.58,73.64,73.64,73.66,high_P,low_O,P>O,TIE,F,F,F,TIE,F,F
1782845771.996,15148,73.64,73.52,73.59,73.59,high_O,low_C,O>C,TIE,T,T,T,F,F,TIE
1782845824.642,15149,73.52,73.54,73.54,73.54,TIE,low_O,TIE,TIE,F,F,F,TIE,TIE,TIE
1782845923.993,15150,73.54,73.56,73.52,73.52,high_C,TIE,TIE,TIE,F,T,T,T,T,TIE
1782846071.909,15151,73.56,73.5,73.55,73.62,high_P,low_C,P>C,P>O>M>C,T,T,F,F,F,F
1782846131.704,15152,73.5,73.68,73.54,73.5,high_C,TIE,TIE,TIE,F,F,TIE,T,T,T
1782846157.045,15153,73.68,73.67,73.7,73.71,high_P,low_C,P>C,P>M>O>C,T,F,F,F,F,F
1782846290.908,15154,73.67,73.52,73.56,73.51,high_O,low_P,O>P,O>M>C>P,T,T,T,F,T,T
1782846393.271,15155,73.52,73.44,73.47,73.48,high_O,low_C,O>C,O>P>M>C,T,T,T,F,F,F
1782846430.913,15156,73.44,73.57,73.46,73.46,high_C,low_O,C>O,TIE,F,F,F,T,T,TIE
1782846569.972,15157,73.57,73.63,73.63,73.63,TIE,low_O,TIE,TIE,F,F,F,TIE,TIE,TIE
1782846757.8,15158,73.63,73.46,73.49,73.47,high_O,low_C,O>C,O>M>P>C,T,T,T,F,F,T
1782847001.232,15159,73.46,73.5,73.5,73.5,TIE,low_O,TIE,TIE,F,F,F,TIE,TIE,TIE
1782847218.773,15160,73.5,73.45,73.5,73.52,high_P,low_C,P>C,TIE,T,TIE,F,F,F,F
1782847324.322,15161,73.45,73.36,73.4,73.4,high_O,low_C,O>C,TIE,T,T,T,F,F,TIE
1782847509.162,15162,73.36,73.37,73.39,73.37,high_M,low_O,M>O,TIE,F,F,F,F,TIE,T
1782847631.274,15163,73.37,73.4,73.38,73.38,high_C,low_O,C>O,TIE,F,F,F,T,T,TIE
1782847730.727,15164,73.4,73.5,73.45,73.46,high_C,low_O,C>O,C>P>M>O,F,F,F,T,T,F
1782847876.387,15165,73.5,73.63,73.54,73.55,high_C,low_O,C>O,C>P>M>O,F,F,F,T,T,F
1782847907.857,15166,73.63,73.64,73.64,73.66,high_P,low_O,P>O,TIE,F,F,F,TIE,F,F
1782847932.36,15167,73.64,73.72,73.69,73.69,high_C,low_O,C>O,TIE,F,F,F,T,T,TIE
1782847963.265,15168,73.72,73.7,73.7,73.69,high_O,low_P,O>P,TIE,T,T,T,TIE,T,T
1782847985.029,15169,73.7,73.74,73.71,73.7,high_C,TIE,TIE,TIE,F,F,TIE,T,T,T
1782848012.907,15170,73.74,73.73,73.74,73.74,TIE,low_C,TIE,TIE,T,TIE,TIE,F,F,TIE
1782848083.311,15171,73.73,73.79,73.76,73.77,high_C,low_O,C>O,C>P>M>O,F,F,F,T,T,F
1782848102.443,15172,73.79,73.9,73.8,73.8,high_C,low_O,C>O,TIE,F,F,F,T,T,TIE
1782848111.363,15173,73.9,73.93,73.9,73.89,high_C,low_P,C>P,TIE,F,TIE,T,T,T,T
1782848125.839,15174,73.93,73.92,73.93,73.93,TIE,low_C,TIE,TIE,T,TIE,TIE,F,F,TIE
1782848148.297,15175,73.92,73.89,73.9,73.91,high_O,low_C,O>C,O>P>M>C,T,T,T,F,F,F
1782848200.559,15176,73.89,73.82,73.82,73.81,high_O,low_P,O>P,TIE,T,T,T,TIE,T,T
1782848289.848,15177,73.82,73.75,73.77,73.77,high_O,low_C,O>C,TIE,T,T,T,F,F,TIE
1782848423.203,15179,73.78,73.78,73.78,73.78,TIE,TIE,TIE,TIE,TIE,TIE,TIE,TIE,TIE,TIE
1782848542.365,15180,73.78,73.73,73.7,73.78,TIE,low_M,TIE,TIE,T,T,TIE,T,F,F
1782848630.22,15181,73.73,73.75,73.77,73.78,high_P,low_O,P>O,P>M>C>O,F,F,F,F,F,F
1782848729.549,15182,73.75,73.73,73.8,73.8,TIE,low_C,TIE,TIE,T,F,F,F,F,TIE
1782848822.43,15183,73.73,73.68,73.64,73.6,high_O,low_P,O>P,O>C>M>P,T,T,T,T,T,T
1782848956.382,15184,73.68,73.66,73.65,73.66,high_O,low_M,O>M,TIE,T,T,T,T,TIE,F
1782849000.788,15185,73.66,73.56,73.63,73.67,high_P,low_C,P>C,P>O>M>C,T,T,F,F,F,F
1782849023.468,15186,73.56,73.51,73.56,73.56,TIE,low_C,TIE,TIE,T,TIE,TIE,F,F,TIE
1782849121.397,15187,73.51,73.52,73.55,73.55,TIE,low_O,TIE,TIE,F,F,F,F,F,TIE
1782849190.234,15188,73.52,73.66,73.59,73.55,high_C,low_O,C>O,C>M>P>O,F,F,F,T,T,T
1782849250.093,15189,73.66,73.6,73.6,73.6,high_O,TIE,TIE,TIE,T,T,T,TIE,TIE,TIE
1782849290.078,15190,73.6,73.53,73.56,73.56,high_O,low_C,O>C,TIE,T,T,T,F,F,TIE
1782849409.519,15191,73.53,73.59,73.57,73.59,TIE,low_O,TIE,TIE,F,F,F,T,TIE,F
1782849491.538,15192,73.59,73.73,73.65,73.64,high_C,low_O,C>O,C>M>P>O,F,F,F,T,T,T
1782849500.609,15193,73.73,73.77,73.74,73.73,high_C,TIE,TIE,TIE,F,F,TIE,T,T,T
1782849529.666,15194,73.77,73.73,73.77,73.78,high_P,low_C,P>C,TIE,T,TIE,F,F,F,F
1782849574.833,15195,73.73,73.7,73.72,73.72,high_O,low_C,O>C,TIE,T,T,T,F,F,TIE
1782849599.994,15196,73.7,73.72,73.71,73.71,high_C,low_O,C>O,TIE,F,F,F,T,T,TIE
1782849604.699,15197,73.72,73.7,73.69,73.69,high_O,TIE,TIE,TIE,T,T,T,T,T,TIE
1782849661.383,15198,73.7,73.68,73.66,73.65,high_O,low_P,O>P,O>C>M>P,T,T,T,T,T,T
1782849761.031,15199,73.68,73.78,73.72,73.78,TIE,low_O,TIE,TIE,F,F,F,T,TIE,F
1782849772.242,15200,73.78,73.89,73.82,73.82,high_C,low_O,C>O,TIE,F,F,F,T,T,TIE
1782849817.614,15201,73.89,73.78,73.87,73.77,high_O,low_P,O>P,O>M>C>P,T,T,T,F,T,T
1782849910.988,15202,73.78,73.82,73.78,73.78,high_C,TIE,TIE,TIE,F,TIE,TIE,T,T,TIE
1782850045.44,15203,73.82,73.81,73.8,73.78,high_O,low_P,O>P,O>C>M>P,T,T,T,T,T,T
1782850156.448,15204,73.81,73.79,73.77,73.75,high_O,low_P,O>P,O>C>M>P,T,T,T,T,T,T
1782850272.511,15206,73.83,73.83,73.85,73.85,TIE,TIE,TIE,TIE,TIE,F,F,F,F,TIE
1782850323.788,15207,73.83,73.79,73.76,73.72,high_O,low_P,O>P,O>C>M>P,T,T,T,T,T,T
1782850413.681,15208,73.79,73.84,73.83,73.84,TIE,low_O,TIE,TIE,F,F,F,T,TIE,F
1782850422.553,15209,73.84,73.89,73.85,73.85,high_C,low_O,C>O,TIE,F,F,F,T,T,TIE
1782850594.618,15210,73.89,73.76,73.83,73.83,high_O,low_C,O>C,TIE,T,T,T,F,F,TIE
1782850677.25,15211,73.76,73.73,73.75,73.75,high_O,low_C,O>C,TIE,T,T,T,F,F,TIE
1782850754.415,15212,73.73,73.77,73.73,73.73,high_C,TIE,TIE,TIE,F,TIE,TIE,T,T,TIE
1782850806.467,15213,73.77,73.63,73.66,73.66,high_O,low_C,O>C,TIE,T,T,T,F,F,TIE
1782850840.557,15214,73.63,73.72,73.66,73.66,high_C,low_O,C>O,TIE,F,F,F,T,T,TIE
1782850847.515,15215,73.72,73.59,73.67,73.72,TIE,low_C,TIE,TIE,T,T,TIE,F,F,F
1782850886.808,15217,73.61,73.61,73.63,73.62,high_M,TIE,TIE,TIE,TIE,F,F,F,F,T
1782850925.42,15218,73.61,73.63,73.63,73.63,TIE,low_O,TIE,TIE,F,F,F,TIE,TIE,TIE
1782851056.732,15219,73.63,73.67,73.63,73.63,high_C,TIE,TIE,TIE,F,TIE,TIE,T,T,TIE
1782851112.77,15220,73.67,73.62,73.62,73.62,high_O,TIE,TIE,TIE,T,T,T,TIE,TIE,TIE
1782851347.495,15221,73.62,73.68,73.65,73.65,high_C,low_O,C>O,TIE,F,F,F,T,T,TIE
1782851434.507,15222,73.68,73.6,73.63,73.63,high_O,low_C,O>C,TIE,T,T,T,F,F,TIE
1782851496.51,15223,73.6,73.49,73.53,73.5,high_O,low_C,O>C,O>M>P>C,T,T,T,F,F,T
1782851559.697,15225,73.53,73.53,73.54,73.54,TIE,TIE,TIE,TIE,TIE,F,F,F,F,TIE
1782851649.368,15226,73.53,73.57,73.56,73.56,high_C,low_O,C>O,TIE,F,F,F,T,T,TIE
1782851782.867,15227,73.57,73.62,73.62,73.63,high_P,low_O,P>O,TIE,F,F,F,TIE,F,F
1782851914.174,15228,73.62,73.7,73.6,73.59,high_C,low_P,C>P,C>O>M>P,F,T,T,T,T,T
1782852009.558,15229,73.7,73.73,73.7,73.7,high_C,TIE,TIE,TIE,F,TIE,TIE,T,T,TIE
1782852133.611,15230,73.73,73.6,73.67,73.75,high_P,low_C,P>C,P>O>M>C,T,T,F,F,F,F
1782852300.717,15231,73.6,73.55,73.61,73.61,TIE,low_C,TIE,TIE,T,F,F,F,F,TIE
1782852398.508,15232,73.55,73.65,73.61,73.66,high_P,low_O,P>O,P>C>M>O,F,F,F,T,F,F
1782852462.731,15233,73.65,73.81,73.76,73.8,high_C,low_O,C>O,C>P>M>O,F,F,F,T,T,F
1782852480.283,15234,73.81,73.88,73.85,73.85,high_C,low_O,C>O,TIE,F,F,F,T,T,TIE
1782852505.974,15235,73.88,73.79,73.81,73.81,high_O,low_C,O>C,TIE,T,T,T,F,F,TIE
1782852524.541,15236,73.79,73.81,73.81,73.81,TIE,low_O,TIE,TIE,F,F,F,TIE,TIE,TIE
1782852541.641,15237,73.81,73.8,73.78,73.78,high_O,TIE,TIE,TIE,T,T,T,T,T,TIE
1782852553.071,15238,73.8,73.89,73.89,73.89,TIE,low_O,TIE,TIE,F,F,F,TIE,TIE,TIE
1782852553.071,15239,73.89,73.86,73.87,73.87,high_O,low_C,O>C,TIE,T,T,T,F,F,TIE
1782852553.072,15240,73.86,73.84,73.85,73.85,high_O,low_C,O>C,TIE,T,T,T,F,F,TIE
1782852553.103,15241,73.84,73.85,73.84,73.84,high_C,TIE,TIE,TIE,F,TIE,TIE,T,T,TIE
1782852645.86,15242,73.85,73.7,73.78,73.85,TIE,low_C,TIE,TIE,T,T,TIE,F,F,F
1782852784.032,15244,73.6,73.6,73.6,73.6,TIE,TIE,TIE,TIE,TIE,TIE,TIE,TIE,TIE,TIE
1782853015.858,15245,73.6,73.67,73.62,73.62,high_C,low_O,C>O,TIE,F,F,F,T,T,TIE
1782853061.575,15246,73.67,73.7,73.68,73.68,high_C,low_O,C>O,TIE,F,F,F,T,T,TIE
1782853130.502,15247,73.7,73.69,73.71,73.71,TIE,low_C,TIE,TIE,T,F,F,F,F,TIE
1782853290.969,15248,73.69,73.68,73.69,73.7,high_P,low_C,P>C,TIE,T,TIE,F,F,F,F
1782853387.542,15249,73.68,73.73,73.75,73.75,TIE,low_O,TIE,TIE,F,F,F,F,F,TIE
1782853501.089,15250,73.73,73.59,73.64,73.64,high_O,low_C,O>C,TIE,T,T,T,F,F,TIE
1782853512.734,15251,73.59,73.61,73.58,73.58,high_C,TIE,TIE,TIE,F,T,T,T,T,TIE
1782853628.25,15252,73.61,73.63,73.64,73.62,high_M,low_O,M>O,M>C>P>O,F,F,F,F,T,T
1782853746.057,15253,73.63,73.62,73.64,73.63,high_M,low_C,M>C,TIE,T,F,TIE,F,F,T
1782853828.356,15255,73.53,73.53,73.54,73.55,high_P,TIE,TIE,TIE,TIE,F,F,F,F,F
1782853844.233,15258,73.52,73.43,73.48,73.52,TIE,low_C,TIE,TIE,T,T,TIE,F,F,F
1782853847.726,15259,73.43,73.41,73.43,73.42,TIE,low_C,TIE,TIE,T,TIE,T,F,F,T
1782853851.489,15260,73.41,73.4,73.41,73.41,TIE,low_C,TIE,TIE,T,TIE,TIE,F,F,TIE
1782853851.49,15261,73.4,73.37,73.38,73.38,high_O,low_C,O>C,TIE,T,T,T,F,F,TIE
1782853851.74,15262,73.37,73.43,73.41,73.42,high_C,low_O,C>O,C>P>M>O,F,F,F,T,T,F
1782853851.779,15263,73.43,73.41,73.42,73.42,high_O,low_C,O>C,TIE,T,T,T,F,F,TIE
1782853855.178,15264,73.41,73.38,73.39,73.39,high_O,low_C,O>C,TIE,T,T,T,F,F,TIE
1782853855.447,15265,73.38,73.34,73.38,73.38,TIE,low_C,TIE,TIE,T,TIE,TIE,F,F,TIE
1782853861.518,15266,73.34,73.33,73.35,73.34,high_M,low_C,M>C,TIE,T,F,TIE,F,F,T
1782853864.491,15267,73.33,73.32,73.33,73.33,TIE,low_C,TIE,TIE,T,TIE,TIE,F,F,TIE
1782853865.938,15268,73.32,73.3,73.32,73.32,TIE,low_C,TIE,TIE,T,TIE,TIE,F,F,TIE
1782853866.261,15269,73.3,73.25,73.28,73.28,high_O,low_C,O>C,TIE,T,T,T,F,F,TIE
1782853866.984,15271,73.26,73.26,73.25,73.24,TIE,low_P,TIE,TIE,TIE,T,T,T,T,T
1782853870.285,15272,73.26,73.21,73.24,73.26,TIE,low_C,TIE,TIE,T,T,TIE,F,F,F
1782853870.33,15273,73.21,73.15,73.19,73.2,high_O,low_C,O>C,O>P>M>C,T,T,T,F,F,F
1782853870.332,15274,73.15,73.11,73.13,73.13,high_O,low_C,O>C,TIE,T,T,T,F,F,TIE
1782853870.374,15275,73.11,73.16,73.16,73.19,high_P,low_O,P>O,TIE,F,F,F,TIE,F,F
1782853872.003,15276,73.16,73.27,73.25,73.26,high_C,low_O,C>O,C>P>M>O,F,F,F,T,T,F
1782853883.099,15277,73.27,73.26,73.25,73.27,TIE,low_M,TIE,TIE,T,T,TIE,T,F,F
1782853888.902,15278,73.26,73.29,73.27,73.26,high_C,TIE,TIE,TIE,F,F,TIE,T,T,T
1782853897.355,15279,73.29,73.31,73.33,73.33,TIE,low_O,TIE,TIE,F,F,F,F,F,TIE
1782853937.137,15281,73.24,73.24,73.25,73.25,TIE,TIE,TIE,TIE,TIE,F,F,F,F,TIE
1782853987.48,15282,73.24,73.28,73.27,73.27,high_C,low_O,C>O,TIE,F,F,F,T,T,TIE
1782854006.102,15283,73.28,73.2,73.27,73.25,high_O,low_C,O>C,O>M>P>C,T,T,T,F,F,T
1782854055.685,15284,73.2,73.26,73.27,73.28,high_P,low_O,P>O,P>M>C>O,F,F,F,F,F,F
1782854138.173,15285,73.26,73.34,73.31,73.32,high_C,low_O,C>O,C>P>M>O,F,F,F,T,T,F
1782854154.915,15286,73.34,73.4,73.38,73.39,high_C,low_O,C>O,C>P>M>O,F,F,F,T,T,F
1782854170.484,15287,73.4,73.34,73.37,73.4,TIE,low_C,TIE,TIE,T,T,TIE,F,F,F
1782854227.874,15288,73.34,73.31,73.31,73.3,high_O,low_P,O>P,TIE,T,T,T,TIE,T,T
1782854286.654,15289,73.31,73.34,73.33,73.33,high_C,low_O,C>O,TIE,F,F,F,T,T,TIE
1782854401.979,15290,73.34,73.29,73.33,73.34,TIE,low_C,TIE,TIE,T,T,TIE,F,F,F
1782854532.767,15291,73.29,73.28,73.31,73.31,TIE,low_C,TIE,TIE,T,F,F,F,F,TIE
1782854579.692,15292,73.28,73.23,73.27,73.28,TIE,low_C,TIE,TIE,T,T,TIE,F,F,F
1782854614.914,15293,73.23,73.24,73.26,73.24,high_M,low_O,M>O,TIE,F,F,F,F,TIE,T
1782854700.235,15294,73.24,73.22,73.27,73.28,high_P,low_C,P>C,P>M>O>C,T,F,F,F,F,F
1782854788.146,15295,73.22,73.26,73.3,73.34,high_P,low_O,P>O,P>M>C>O,F,F,F,F,F,F
1782854915.016,15296,73.26,73.29,73.28,73.28,high_C,low_O,C>O,TIE,F,F,F,T,T,TIE
1782854994.876,15297,73.29,73.31,73.32,73.32,TIE,low_O,TIE,TIE,F,F,F,F,F,TIE
1782855003.549,15298,73.31,73.29,73.29,73.29,high_O,TIE,TIE,TIE,T,T,T,TIE,TIE,TIE
1782855059.812,15299,73.29,73.4,73.32,73.3,high_C,low_O,C>O,C>M>P>O,F,F,F,T,T,T
1782855141.188,15300,73.4,73.41,73.43,73.43,TIE,low_O,TIE,TIE,F,F,F,F,F,TIE
1782855258.012,15301,73.41,73.43,73.4,73.41,high_C,low_M,C>M,TIE,F,T,TIE,T,T,F
1782855309.72,15302,73.43,73.47,73.43,73.44,high_C,TIE,TIE,TIE,F,TIE,F,T,T,F
1782855452.343,15303,73.47,73.43,73.45,73.45,high_O,low_C,O>C,TIE,T,T,T,F,F,TIE
1782855530.134,15304,73.43,73.35,73.35,73.35,high_O,TIE,TIE,TIE,T,T,T,TIE,TIE,TIE
1782855614.435,15305,73.35,73.39,73.41,73.45,high_P,low_O,P>O,P>M>C>O,F,F,F,F,F,F
1782855717.971,15306,73.39,73.44,73.44,73.44,TIE,low_O,TIE,TIE,F,F,F,TIE,TIE,TIE
1782855837.338,15307,73.44,73.41,73.43,73.44,TIE,low_C,TIE,TIE,T,T,TIE,F,F,F
1782855915.061,15308,73.41,73.36,73.37,73.39,high_O,low_C,O>C,O>P>M>C,T,T,T,F,F,F
1782856100.932,15309,73.36,73.33,73.34,73.34,high_O,low_C,O>C,TIE,T,T,T,F,F,TIE
1782856152.867,15310,73.33,73.26,73.27,73.26,high_O,TIE,TIE,TIE,T,T,T,F,TIE,T
1782856261.478,15311,73.26,73.34,73.31,73.32,high_C,low_O,C>O,C>P>M>O,F,F,F,T,T,F
1782856422.013,15312,73.34,73.4,73.33,73.3,high_C,low_P,C>P,C>O>M>P,F,T,T,T,T,T
1782856560.228,15313,73.4,73.41,73.38,73.37,high_C,low_P,C>P,C>O>M>P,F,T,T,T,T,T
1782856801.518,15314,73.41,73.48,73.42,73.43,high_C,low_O,C>O,C>P>M>O,F,F,F,T,T,F
1782856830.985,15315,73.48,73.55,73.49,73.48,high_C,TIE,TIE,TIE,F,F,TIE,T,T,T
1782856878.118,15316,73.55,73.51,73.49,73.49,high_O,TIE,TIE,TIE,T,T,T,T,T,TIE
1782856878.119,15317,73.51,73.55,73.53,73.53,high_C,low_O,C>O,TIE,F,F,F,T,T,TIE
1782856878.163,15318,73.55,73.56,73.57,73.56,high_M,low_O,M>O,TIE,F,F,F,F,TIE,T
1782856879.991,15319,73.56,73.51,73.56,73.58,high_P,low_C,P>C,TIE,T,TIE,F,F,F,F
1782856936.943,15320,73.51,73.56,73.54,73.56,TIE,low_O,TIE,TIE,F,F,F,T,TIE,F
1782856978.477,15321,73.56,73.6,73.6,73.6,TIE,low_O,TIE,TIE,F,F,F,TIE,TIE,TIE
1782857008.995,15322,73.6,73.62,73.62,73.6,TIE,TIE,TIE,TIE,F,F,TIE,TIE,T,T
1782857103.064,15323,73.62,73.61,73.62,73.62,TIE,low_C,TIE,TIE,T,TIE,TIE,F,F,TIE
1782857265.351,15324,73.61,73.66,73.64,73.64,high_C,low_O,C>O,TIE,F,F,F,T,T,TIE
1782857364.614,15325,73.66,73.6,73.64,73.64,high_O,low_C,O>C,TIE,T,T,T,F,F,TIE
1782857425.424,15326,73.6,73.54,73.57,73.57,high_O,low_C,O>C,TIE,T,T,T,F,F,TIE
1782857502.584,15327,73.54,73.51,73.5,73.5,high_O,TIE,TIE,TIE,T,T,T,T,T,TIE
1782857651.115,15328,73.51,73.56,73.51,73.52,high_C,TIE,TIE,TIE,F,TIE,F,T,T,F
1782857725.517,15329,73.56,73.66,73.61,73.6,high_C,low_O,C>O,C>M>P>O,F,F,F,T,T,T
1782857887.088,15331,73.64,73.64,73.66,73.67,high_P,TIE,TIE,TIE,TIE,F,F,F,F,F
1782857916.245,15332,73.64,73.6,73.6,73.6,high_O,TIE,TIE,TIE,T,T,T,TIE,TIE,TIE
1782857989.455,15334,73.7,73.7,73.7,73.7,TIE,TIE,TIE,TIE,TIE,TIE,TIE,TIE,TIE,TIE
1782857992.432,15335,73.7,73.72,73.7,73.68,high_C,low_P,C>P,TIE,F,TIE,T,T,T,T
1782858015.875,15336,73.72,73.67,73.7,73.7,high_O,low_C,O>C,TIE,T,T,T,F,F,TIE
1782858051.177,15337,73.67,73.66,73.68,73.69,high_P,low_C,P>C,P>M>O>C,T,F,F,F,F,F
1782858151.45,15338,73.66,73.59,73.59,73.59,high_O,TIE,TIE,TIE,T,T,T,TIE,TIE,TIE
1782858327.576,15339,73.59,73.6,73.59,73.59,high_C,TIE,TIE,TIE,F,TIE,TIE,T,T,TIE
1782858489.316,15340,73.6,73.54,73.56,73.56,high_O,low_C,O>C,TIE,T,T,T,F,F,TIE
1782858514.487,15341,73.54,73.52,73.53,73.53,high_O,low_C,O>C,TIE,T,T,T,F,F,TIE
1782858592.488,15342,73.52,73.49,73.52,73.52,TIE,low_C,TIE,TIE,T,TIE,TIE,F,F,TIE
1782858610.628,15343,73.49,73.42,73.44,73.44,high_O,low_C,O>C,TIE,T,T,T,F,F,TIE
1782858639.909,15344,73.42,73.38,73.4,73.38,high_O,TIE,TIE,TIE,T,T,T,F,TIE,T
1782858655.878,15345,73.38,73.39,73.37,73.36,high_C,low_P,C>P,C>O>M>P,F,T,T,T,T,T
1782858656.06,15346,73.39,73.38,73.37,73.38,high_O,low_M,O>M,TIE,T,T,T,T,TIE,F
1782858656.844,15347,73.38,73.46,73.42,73.46,TIE,low_O,TIE,TIE,F,F,F,T,TIE,F
1782858683.983,15348,73.46,73.32,73.37,73.36,high_O,low_C,O>C,O>M>P>C,T,T,T,F,F,T
1782858688.585,15349,73.32,73.3,73.31,73.32,TIE,low_C,TIE,TIE,T,T,TIE,F,F,F
1782858688.586,15350,73.3,73.27,73.28,73.28,high_O,low_C,O>C,TIE,T,T,T,F,F,TIE
1782858698.926,15351,73.27,73.32,73.28,73.27,high_C,TIE,TIE,TIE,F,F,TIE,T,T,T
1782858718.704,15352,73.32,73.3,73.31,73.32,TIE,low_C,TIE,TIE,T,T,TIE,F,F,F
1782858730.518,15353,73.3,73.29,73.31,73.3,high_M,low_C,M>C,TIE,T,F,TIE,F,F,T
1782858730.519,15354,73.29,73.26,73.27,73.27,high_O,low_C,O>C,TIE,T,T,T,F,F,TIE
1782858730.523,15355,73.26,73.24,73.25,73.25,high_O,low_C,O>C,TIE,T,T,T,F,F,TIE
1782858733.067,15356,73.24,73.26,73.27,73.27,TIE,low_O,TIE,TIE,F,F,F,F,F,TIE
1782858740.64,15358,73.25,73.25,73.26,73.25,high_M,TIE,TIE,TIE,TIE,F,TIE,F,TIE,T
1782858766.266,15359,73.25,73.3,73.25,73.25,high_C,TIE,TIE,TIE,F,TIE,TIE,T,T,TIE
1782858780.153,15360,73.3,73.34,73.35,73.35,TIE,low_O,TIE,TIE,F,F,F,F,F,TIE
1782858850.139,15361,73.34,73.32,73.34,73.35,high_P,low_C,P>C,TIE,T,TIE,F,F,F,F
1782858903.655,15362,73.32,73.3,73.33,73.32,high_M,low_C,M>C,TIE,T,F,TIE,F,F,T
1782858947.678,15363,73.3,73.29,73.28,73.28,high_O,TIE,TIE,TIE,T,T,T,T,T,TIE
1782858961.888,15364,73.29,73.28,73.27,73.26,high_O,low_P,O>P,O>C>M>P,T,T,T,T,T,T
1782859064.041,15365,73.28,73.34,73.32,73.35,high_P,low_O,P>O,P>C>M>O,F,F,F,T,F,F
1782859231.395,15366,73.34,73.4,73.39,73.42,high_P,low_O,P>O,P>C>M>O,F,F,F,T,F,F
1782859243.009,15367,73.4,73.42,73.41,73.41,high_C,low_O,C>O,TIE,F,F,F,T,T,TIE
1782859271.598,15368,73.42,73.44,73.43,73.45,high_P,low_O,P>O,P>C>M>O,F,F,F,T,F,F
1782859284.635,15369,73.44,73.43,73.43,73.43,high_O,TIE,TIE,TIE,T,T,T,TIE,TIE,TIE
1782859353.684,15370,73.43,73.42,73.43,73.43,TIE,low_C,TIE,TIE,T,TIE,TIE,F,F,TIE
1782859554.143,15371,73.42,73.4,73.42,73.42,TIE,low_C,TIE,TIE,T,TIE,TIE,F,F,TIE
1782859606.914,15372,73.4,73.35,73.38,73.38,high_O,low_C,O>C,TIE,T,T,T,F,F,TIE
1782859619.434,15373,73.35,73.37,73.37,73.37,TIE,low_O,TIE,TIE,F,F,F,TIE,TIE,TIE
1782859766.104,15374,73.37,73.41,73.37,73.37,high_C,TIE,TIE,TIE,F,TIE,TIE,T,T,TIE
1782859903.318,15375,73.41,73.33,73.39,73.35,high_O,low_C,O>C,O>M>P>C,T,T,T,F,F,T
1782859962.911,15376,73.33,73.34,73.34,73.34,TIE,low_O,TIE,TIE,F,F,F,TIE,TIE,TIE
1782860104.14,15377,73.34,73.36,73.36,73.36,TIE,low_O,TIE,TIE,F,F,F,TIE,TIE,TIE
1782860258.646,15378,73.36,73.4,73.37,73.37,high_C,low_O,C>O,TIE,F,F,F,T,T,TIE
1782860384.992,15379,73.4,73.39,73.4,73.4,TIE,low_C,TIE,TIE,T,TIE,TIE,F,F,TIE
1782860456.732,15380,73.39,73.35,73.4,73.4,TIE,low_C,TIE,TIE,T,F,F,F,F,TIE
1782860637.21,15382,73.38,73.38,73.37,73.39,high_P,low_M,P>M,TIE,TIE,T,F,T,F,F
1782860721.493,15383,73.38,73.32,73.33,73.3,high_O,low_P,O>P,O>M>C>P,T,T,T,F,T,T
1782860895.971,15384,73.32,73.45,73.39,73.39,high_C,low_O,C>O,TIE,F,F,F,T,T,TIE
1782861035.176,15385,73.45,73.39,73.4,73.39,high_O,TIE,TIE,TIE,T,T,T,F,TIE,T
1782861171.677,15386,73.39,73.36,73.38,73.4,high_P,low_C,P>C,P>O>M>C,T,T,F,F,F,F
1782861261.567,15387,73.36,73.32,73.33,73.33,high_O,low_C,O>C,TIE,T,T,T,F,F,TIE
1782861378.006,15388,73.32,73.39,73.34,73.34,high_C,low_O,C>O,TIE,F,F,F,T,T,TIE
1782861442.205,15389,73.39,73.44,73.43,73.44,TIE,low_O,TIE,TIE,F,F,F,T,TIE,F
1782861476.22,15390,73.44,73.4,73.43,73.43,high_O,low_C,O>C,TIE,T,T,T,F,F,TIE
1782861638.8,15391,73.4,73.51,73.44,73.4,high_C,TIE,TIE,TIE,F,F,TIE,T,T,T
1782861667.085,15392,73.51,73.44,73.47,73.5,high_O,low_C,O>C,O>P>M>C,T,T,T,F,F,F
1782861774.334,15393,73.44,73.5,73.48,73.46,high_C,low_O,C>O,C>M>P>O,F,F,F,T,T,T
1782861793.378,15394,73.5,73.53,73.5,73.5,high_C,TIE,TIE,TIE,F,TIE,TIE,T,T,TIE
1782861814.255,15395,73.53,73.5,73.52,73.51,high_O,low_C,O>C,O>M>P>C,T,T,T,F,F,T
1782861893.602,15396,73.5,73.53,73.51,73.51,high_C,low_O,C>O,TIE,F,F,F,T,T,TIE
1782861949.398,15397,73.53,73.56,73.54,73.53,high_C,TIE,TIE,TIE,F,F,TIE,T,T,T
1782862012.907,15398,73.56,73.61,73.59,73.59,high_C,low_O,C>O,TIE,F,F,F,T,T,TIE
1782862046.452,15399,73.61,73.63,73.63,73.63,TIE,low_O,TIE,TIE,F,F,F,TIE,TIE,TIE
1782862175.458,15400,73.63,73.58,73.6,73.63,TIE,low_C,TIE,TIE,T,T,TIE,F,F,F
1782862254.274,15401,73.58,73.56,73.57,73.58,TIE,low_C,TIE,TIE,T,T,TIE,F,F,F
1782862355.51,15402,73.56,73.57,73.52,73.52,high_C,TIE,TIE,TIE,F,T,T,T,T,TIE
1782862445.648,15403,73.57,73.54,73.57,73.57,TIE,low_C,TIE,TIE,T,TIE,TIE,F,F,TIE
1782862475.228,15404,73.54,73.58,73.55,73.54,high_C,TIE,TIE,TIE,F,F,TIE,T,T,T
1782862500.796,15405,73.58,73.67,73.65,73.68,high_P,low_O,P>O,P>C>M>O,F,F,F,T,F,F
1782862559.97,15406,73.67,73.63,73.66,73.67,TIE,low_C,TIE,TIE,T,T,TIE,F,F,F
1782862579.814,15407,73.63,73.56,73.58,73.58,high_O,low_C,O>C,TIE,T,T,T,F,F,TIE
1782862701.492,15408,73.56,73.57,73.57,73.57,TIE,low_O,TIE,TIE,F,F,F,TIE,TIE,TIE
1782862837.809,15409,73.57,73.53,73.54,73.53,high_O,TIE,TIE,TIE,T,T,T,F,TIE,T
1782862900.939,15410,73.53,73.48,73.51,73.54,high_P,low_C,P>C,P>O>M>C,T,T,F,F,F,F
1782862973.335,15411,73.48,73.51,73.49,73.49,high_C,low_O,C>O,TIE,F,F,F,T,T,TIE
1782863093.164,15412,73.51,73.53,73.52,73.52,high_C,low_O,C>O,TIE,F,F,F,T,T,TIE
1782863145.849,15413,73.53,73.58,73.55,73.54,high_C,low_O,C>O,C>M>P>O,F,F,F,T,T,T
1782863178.665,15414,73.58,73.6,73.59,73.59,high_C,low_O,C>O,TIE,F,F,F,T,T,TIE
1782863240.646,15415,73.6,73.63,73.62,73.63,TIE,low_O,TIE,TIE,F,F,F,T,TIE,F
1782863315.787,15416,73.63,73.66,73.65,73.66,TIE,low_O,TIE,TIE,F,F,F,T,TIE,F
1782863387.267,15417,73.66,73.64,73.67,73.67,TIE,low_C,TIE,TIE,T,F,F,F,F,TIE
1782863495.945,15418,73.64,73.63,73.64,73.64,TIE,low_C,TIE,TIE,T,TIE,TIE,F,F,TIE
1782863647.744,15419,73.63,73.6,73.59,73.57,high_O,low_P,O>P,O>C>M>P,T,T,T,T,T,T
1782863731.001,15420,73.6,73.59,73.59,73.59,high_O,TIE,TIE,TIE,T,T,T,TIE,TIE,TIE
1782863735.364,15421,73.59,73.57,73.58,73.57,high_O,TIE,TIE,TIE,T,T,T,F,TIE,T
1782863762.696,15422,73.57,73.58,73.57,73.58,TIE,TIE,TIE,TIE,F,TIE,F,T,TIE,F
1782863904.84,15423,73.58,73.61,73.6,73.58,high_C,TIE,TIE,TIE,F,F,TIE,T,T,T
1782863993.207,15425,73.64,73.64,73.65,73.65,TIE,TIE,TIE,TIE,TIE,F,F,F,F,TIE
1782864002.319,15426,73.64,73.66,73.63,73.63,high_C,TIE,TIE,TIE,F,T,T,T,T,TIE
1782864021.168,15427,73.66,73.64,73.66,73.66,TIE,low_C,TIE,TIE,T,TIE,TIE,F,F,TIE
1782864034.649,15428,73.64,73.7,73.68,73.68,high_C,low_O,C>O,TIE,F,F,F,T,T,TIE
1782864061.806,15429,73.7,73.64,73.69,73.69,high_O,low_C,O>C,TIE,T,T,T,F,F,TIE
1782864119.09,15430,73.64,73.59,73.62,73.62,high_O,low_C,O>C,TIE,T,T,T,F,F,TIE
1782864133.812,15431,73.59,73.66,73.65,73.66,TIE,low_O,TIE,TIE,F,F,F,T,TIE,F
1782864133.813,15432,73.66,73.68,73.67,73.67,high_C,low_O,C>O,TIE,F,F,F,T,T,TIE
1782864133.813,15433,73.68,73.7,73.69,73.69,high_C,low_O,C>O,TIE,F,F,F,T,T,TIE
1782864171.604,15434,73.7,73.61,73.63,73.63,high_O,low_C,O>C,TIE,T,T,T,F,F,TIE
1782864211.02,15435,73.61,73.54,73.54,73.54,high_O,TIE,TIE,TIE,T,T,T,TIE,TIE,TIE
1782864227.31,15436,73.54,73.61,73.54,73.54,high_C,TIE,TIE,TIE,F,TIE,TIE,T,T,TIE
1782864228.863,15437,73.61,73.6,73.61,73.61,TIE,low_C,TIE,TIE,T,TIE,TIE,F,F,TIE
1782864279.988,15438,73.6,73.59,73.6,73.6,TIE,low_C,TIE,TIE,T,TIE,TIE,F,F,TIE
1782864298.513,15439,73.59,73.64,73.59,73.59,high_C,TIE,TIE,TIE,F,TIE,TIE,T,T,TIE
1782864341.12,15440,73.64,73.66,73.67,73.67,TIE,low_O,TIE,TIE,F,F,F,F,F,TIE
1782864407.095,15442,73.68,73.68,73.69,73.69,TIE,TIE,TIE,TIE,TIE,F,F,F,F,TIE
1782864541.317,15444,73.69,73.69,73.69,73.69,TIE,TIE,TIE,TIE,TIE,TIE,TIE,TIE,TIE,TIE
1782864586.15,15445,73.69,73.65,73.67,73.65,high_O,TIE,TIE,TIE,T,T,T,F,TIE,T
1782864612.737,15446,73.65,73.6,73.62,73.65,TIE,low_C,TIE,TIE,T,T,TIE,F,F,F
1782864678.503,15447,73.6,73.69,73.66,73.69,TIE,low_O,TIE,TIE,F,F,F,T,TIE,F
1782864755.691,15448,73.69,73.66,73.69,73.7,high_P,low_C,P>C,TIE,T,TIE,F,F,F,F
1782864770.44,15449,73.66,73.62,73.64,73.63,high_O,low_C,O>C,O>M>P>C,T,T,T,F,F,T
1782864830.77,15450,73.62,73.7,73.6,73.6,high_C,TIE,TIE,TIE,F,T,T,T,T,TIE
1782864893.578,15451,73.7,73.69,73.71,73.71,TIE,low_C,TIE,TIE,T,F,F,F,F,TIE
1782864900.8,15452,73.69,73.75,73.71,73.68,high_C,low_P,C>P,C>M>O>P,F,F,T,T,T,T
1782864900.856,15453,73.75,73.73,73.75,73.75,TIE,low_C,TIE,TIE,T,TIE,TIE,F,F,TIE
1782864907.738,15454,73.73,73.74,73.73,73.73,high_C,TIE,TIE,TIE,F,TIE,TIE,T,T,TIE
1782864914.567,15455,73.74,73.8,73.78,73.8,TIE,low_O,TIE,TIE,F,F,F,T,TIE,F
1782864926.511,15456,73.8,73.73,73.76,73.8,TIE,low_C,TIE,TIE,T,T,TIE,F,F,F
1782864961.944,15457,73.73,73.65,73.64,73.64,high_O,TIE,TIE,TIE,T,T,T,T,T,TIE
1782865018.746,15458,73.65,73.71,73.71,73.71,TIE,low_O,TIE,TIE,F,F,F,TIE,TIE,TIE
1782865056.35,15459,73.71,73.68,73.66,73.65,high_O,low_P,O>P,O>C>M>P,T,T,T,T,T,T
1782865093.601,15460,73.68,73.64,73.65,73.64,high_O,TIE,TIE,TIE,T,T,T,F,TIE,T
1782865147.208,15461,73.64,73.59,73.6,73.59,high_O,TIE,TIE,TIE,T,T,T,F,TIE,T
1782865156.473,15462,73.59,73.52,73.54,73.54,high_O,low_C,O>C,TIE,T,T,T,F,F,TIE
1782865156.473,15463,73.52,73.51,73.51,73.51,high_O,TIE,TIE,TIE,T,T,T,TIE,TIE,TIE
1782865156.559,15464,73.51,73.54,73.51,73.5,high_C,low_P,C>P,TIE,F,TIE,T,T,T,T
1782865198.079,15465,73.54,73.51,73.55,73.55,TIE,low_C,TIE,TIE,T,F,F,F,F,TIE
1782865226.84,15466,73.51,73.53,73.53,73.53,TIE,low_O,TIE,TIE,F,F,F,TIE,TIE,TIE
1782865271.482,15467,73.53,73.56,73.57,73.59,high_P,low_O,P>O,P>M>C>O,F,F,F,F,F,F
1782865295.689,15468,73.56,73.49,73.52,73.52,high_O,low_C,O>C,TIE,T,T,T,F,F,TIE
1782865303.708,15469,73.49,73.48,73.47,73.47,high_O,TIE,TIE,TIE,T,T,T,T,T,TIE
1782865312.94,15471,73.45,73.45,73.44,73.44,TIE,TIE,TIE,TIE,TIE,T,T,T,T,TIE
1782865315.457,15472,73.45,73.49,73.46,73.46,high_C,low_O,C>O,TIE,F,F,F,T,T,TIE
1782865325.21,15473,73.49,73.43,73.44,73.42,high_O,low_P,O>P,O>M>C>P,T,T,T,F,T,T
1782865331.863,15474,73.43,73.42,73.43,73.43,TIE,low_C,TIE,TIE,T,TIE,TIE,F,F,TIE
1782865347.95,15475,73.42,73.4,73.42,73.42,TIE,low_C,TIE,TIE,T,TIE,TIE,F,F,TIE
1782865360.477,15476,73.4,73.43,73.41,73.41,high_C,low_O,C>O,TIE,F,F,F,T,T,TIE
1782865401.057,15477,73.43,73.4,73.43,73.42,TIE,low_C,TIE,TIE,T,TIE,T,F,F,T
1782865413.565,15478,73.4,73.43,73.4,73.39,high_C,low_P,C>P,TIE,F,TIE,T,T,T,T
1782865441.716,15479,73.43,73.45,73.44,73.44,high_C,low_O,C>O,TIE,F,F,F,T,T,TIE
1782865464.883,15480,73.45,73.44,73.44,73.44,high_O,TIE,TIE,TIE,T,T,T,TIE,TIE,TIE
1782865518.6,15481,73.44,73.46,73.45,73.45,high_C,low_O,C>O,TIE,F,F,F,T,T,TIE
1782865539.927,15482,73.46,73.4,73.41,73.4,high_O,TIE,TIE,TIE,T,T,T,F,TIE,T
1782865540.049,15483,73.4,73.37,73.4,73.4,TIE,low_C,TIE,TIE,T,TIE,TIE,F,F,TIE
1782865564.279,15486,73.38,73.38,73.38,73.39,high_P,TIE,TIE,TIE,TIE,TIE,F,TIE,F,F
1782865581.671,15487,73.38,73.37,73.37,73.37,high_O,TIE,TIE,TIE,T,T,T,TIE,TIE,TIE
1782865596.35,15488,73.37,73.34,73.35,73.35,high_O,low_C,O>C,TIE,T,T,T,F,F,TIE
1782865606.955,15489,73.34,73.35,73.34,73.34,high_C,TIE,TIE,TIE,F,TIE,TIE,T,T,TIE
1782865625.236,15490,73.35,73.37,73.36,73.36,high_C,low_O,C>O,TIE,F,F,F,T,T,TIE
1782865636.272,15491,73.37,73.39,73.39,73.4,high_P,low_O,P>O,TIE,F,F,F,TIE,F,F
1782865658.196,15492,73.39,73.4,73.39,73.39,high_C,TIE,TIE,TIE,F,TIE,TIE,T,T,TIE
1782865694.1,15493,73.4,73.45,73.41,73.42,high_C,low_O,C>O,C>P>M>O,F,F,F,T,T,F
1782865733.556,15494,73.45,73.5,73.49,73.5,TIE,low_O,TIE,TIE,F,F,F,T,TIE,F
1782865773.432,15495,73.5,73.49,73.51,73.5,high_M,low_C,M>C,TIE,T,F,TIE,F,F,T
1782865805.84,15496,73.49,73.52,73.49,73.49,high_C,TIE,TIE,TIE,F,TIE,TIE,T,T,TIE
1782865835.694,15497,73.52,73.51,73.52,73.52,TIE,low_C,TIE,TIE,T,TIE,TIE,F,F,TIE
1782865851.58,15498,73.51,73.61,73.59,73.59,high_C,low_O,C>O,TIE,F,F,F,T,T,TIE
1782865866.554,15499,73.61,73.71,73.67,73.71,TIE,low_O,TIE,TIE,F,F,F,T,TIE,F
1782865871.397,15500,73.71,73.81,73.77,73.72,high_C,low_O,C>O,C>M>P>O,F,F,F,T,T,T
1782865872.501,15501,73.81,73.83,73.81,73.81,high_C,TIE,TIE,TIE,F,TIE,TIE,T,T,TIE
1782865872.981,15502,73.83,73.84,73.84,73.84,TIE,low_O,TIE,TIE,F,F,F,TIE,TIE,TIE
1782865882.594,15503,73.84,73.74,73.79,73.76,high_O,low_C,O>C,O>M>P>C,T,T,T,F,F,T
1782865913.728,15504,73.74,73.72,73.73,73.72,high_O,TIE,TIE,TIE,T,T,T,F,TIE,T
1782865921.714,15505,73.72,73.68,73.68,73.71,high_O,TIE,TIE,TIE,T,T,T,TIE,F,F
1782865953.756,15506,73.68,73.75,73.67,73.65,high_C,low_P,C>P,C>O>M>P,F,T,T,T,T,T
1782865981.245,15507,73.75,73.77,73.74,73.74,high_C,TIE,TIE,TIE,F,T,T,T,T,TIE
1782865987.954,15508,73.77,73.72,73.73,73.73,high_O,low_C,O>C,TIE,T,T,T,F,F,TIE
1782866023.886,15509,73.72,73.75,73.7,73.7,high_C,TIE,TIE,TIE,F,T,T,T,T,TIE
1782866032.811,15510,73.75,73.72,73.74,73.75,TIE,low_C,TIE,TIE,T,T,TIE,F,F,F
1782866081.123,15511,73.72,73.68,73.71,73.72,TIE,low_C,TIE,TIE,T,T,TIE,F,F,F
1782866127.113,15512,73.68,73.6,73.66,73.67,high_O,low_C,O>C,O>P>M>C,T,T,T,F,F,F
1782866224.602,15513,73.6,73.58,73.58,73.58,high_O,TIE,TIE,TIE,T,T,T,TIE,TIE,TIE
1782866316.534,15514,73.58,73.63,73.62,73.6,high_C,low_O,C>O,C>M>P>O,F,F,F,T,T,T
1782866369.78,15516,73.6,73.6,73.6,73.6,TIE,TIE,TIE,TIE,TIE,TIE,TIE,TIE,TIE,TIE
1782866443.188,15517,73.6,73.63,73.59,73.57,high_C,low_P,C>P,C>O>M>P,F,T,T,T,T,T
1782866493.172,15518,73.63,73.59,73.58,73.57,high_O,low_P,O>P,O>C>M>P,T,T,T,T,T,T
1782866724.719,15520,73.56,73.56,73.58,73.58,TIE,TIE,TIE,TIE,TIE,F,F,F,F,TIE
1782866786.309,15521,73.56,73.58,73.61,73.61,TIE,low_O,TIE,TIE,F,F,F,F,F,TIE
1782866894.708,15522,73.58,73.55,73.58,73.58,TIE,low_C,TIE,TIE,T,TIE,TIE,F,F,TIE
1782866963.226,15523,73.55,73.61,73.58,73.58,high_C,low_O,C>O,TIE,F,F,F,T,T,TIE
1782867052.236,15524,73.61,73.58,73.6,73.6,high_O,low_C,O>C,TIE,T,T,T,F,F,TIE
1782867110.418,15525,73.58,73.65,73.58,73.58,high_C,TIE,TIE,TIE,F,TIE,TIE,T,T,TIE
1782867143.649,15526,73.65,73.71,73.69,73.7,high_C,low_O,C>O,C>P>M>O,F,F,F,T,T,F
1782867166.487,15527,73.71,73.8,73.72,73.8,TIE,low_O,TIE,TIE,F,F,F,T,TIE,F
1782867169.348,15528,73.8,73.77,73.78,73.78,high_O,low_C,O>C,TIE,T,T,T,F,F,TIE
1782867205.774,15529,73.77,73.7,73.75,73.75,high_O,low_C,O>C,TIE,T,T,T,F,F,TIE
1782867272.583,15530,73.7,73.67,73.68,73.69,high_O,low_C,O>C,O>P>M>C,T,T,T,F,F,F
1782867326.278,15532,73.66,73.66,73.66,73.66,TIE,TIE,TIE,TIE,TIE,TIE,TIE,TIE,TIE,TIE
1782867465.032,15534,73.65,73.65,73.66,73.66,TIE,TIE,TIE,TIE,TIE,F,F,F,F,TIE
1782867465.033,15535,73.65,73.63,73.64,73.64,high_O,low_C,O>C,TIE,T,T,T,F,F,TIE
1782867481.187,15536,73.63,73.67,73.66,73.67,TIE,low_O,TIE,TIE,F,F,F,T,TIE,F
1782867544.207,15537,73.67,73.61,73.61,73.61,high_O,TIE,TIE,TIE,T,T,T,TIE,TIE,TIE
1782867618.871,15538,73.61,73.63,73.61,73.61,high_C,TIE,TIE,TIE,F,TIE,TIE,T,T,TIE
1782867736.532,15540,73.55,73.55,73.57,73.6,high_P,TIE,TIE,TIE,TIE,F,F,F,F,F
1782867832.893,15542,73.49,73.49,73.49,73.49,TIE,TIE,TIE,TIE,TIE,TIE,TIE,TIE,TIE,TIE
1782867855.719,15543,73.49,73.4,73.46,73.47,high_O,low_C,O>C,O>P>M>C,T,T,T,F,F,F
1782867861.167,15544,73.4,73.37,73.38,73.38,high_O,low_C,O>C,TIE,T,T,T,F,F,TIE
1782867874.615,15545,73.37,73.39,73.4,73.4,TIE,low_O,TIE,TIE,F,F,F,F,F,TIE
1782867901.079,15546,73.39,73.33,73.36,73.36,high_O,low_C,O>C,TIE,T,T,T,F,F,TIE
1782867915.908,15547,73.33,73.29,73.32,73.34,high_P,low_C,P>C,P>O>M>C,T,T,F,F,F,F
1782867922.476,15548,73.29,73.26,73.28,73.29,TIE,low_C,TIE,TIE,T,T,TIE,F,F,F
1782867925.537,15549,73.26,73.24,73.24,73.24,high_O,TIE,TIE,TIE,T,T,T,TIE,TIE,TIE
1782867952.274,15550,73.24,73.23,73.25,73.23,high_M,TIE,TIE,TIE,T,F,T,F,TIE,T
1782867972.615,15551,73.23,73.3,73.28,73.28,high_C,low_O,C>O,TIE,F,F,F,T,T,TIE
1782867995.067,15552,73.3,73.21,73.28,73.28,high_O,low_C,O>C,TIE,T,T,T,F,F,TIE
1782867997.477,15553,73.21,73.2,73.2,73.2,high_O,TIE,TIE,TIE,T,T,T,TIE,TIE,TIE
1782868001.371,15555,73.19,73.19,73.17,73.17,TIE,TIE,TIE,TIE,TIE,T,T,T,T,TIE
1782868022.885,15556,73.19,73.18,73.22,73.23,high_P,low_C,P>C,P>M>O>C,T,F,F,F,F,F
1782868050.575,15558,73.2,73.2,73.21,73.21,TIE,TIE,TIE,TIE,TIE,F,F,F,F,TIE
1782868065.319,15559,73.2,73.22,73.22,73.22,TIE,low_O,TIE,TIE,F,F,F,TIE,TIE,TIE
1782868088.214,15560,73.22,73.19,73.2,73.2,high_O,low_C,O>C,TIE,T,T,T,F,F,TIE
1782868119.153,15561,73.19,73.12,73.16,73.17,high_O,low_C,O>C,O>P>M>C,T,T,T,F,F,F
1782868121.587,15562,73.12,73.11,73.11,73.12,TIE,TIE,TIE,TIE,T,T,TIE,TIE,F,F
1782868121.6,15563,73.11,73.09,73.06,73.05,high_O,low_P,O>P,O>C>M>P,T,T,T,T,T,T
1782868121.967,15564,73.09,73.12,73.1,73.1,high_C,low_O,C>O,TIE,F,F,F,T,T,TIE
1782868131.188,15565,73.12,73.06,73.11,73.12,TIE,low_C,TIE,TIE,T,T,TIE,F,F,F
1782868131.398,15566,73.06,73.03,73.04,73.03,high_O,TIE,TIE,TIE,T,T,T,F,TIE,T
1782868131.398,15567,73.03,73.02,73.02,73.02,high_O,TIE,TIE,TIE,T,T,T,TIE,TIE,TIE
1782868132.396,15569,73.03,73.03,73.04,73.04,TIE,TIE,TIE,TIE,TIE,F,F,F,F,TIE
1782868137.047,15570,73.03,73.06,73.06,73.06,TIE,low_O,TIE,TIE,F,F,F,TIE,TIE,TIE
1782868140.457,15571,73.06,73.0,73.04,73.04,high_O,low_C,O>C,TIE,T,T,T,F,F,TIE
1782868140.753,15572,73.0,73.01,73.0,73.0,high_C,TIE,TIE,TIE,F,TIE,TIE,T,T,TIE
1782868152.71,15573,73.01,73.05,73.04,73.04,high_C,low_O,C>O,TIE,F,F,F,T,T,TIE
1782868155.376,15574,73.05,73.03,73.04,73.04,high_O,low_C,O>C,TIE,T,T,T,F,F,TIE
1782868174.579,15576,73.01,73.01,73.01,73.01,TIE,TIE,TIE,TIE,TIE,TIE,TIE,TIE,TIE,TIE
1782868177.856,15579,73.0,72.98,72.98,72.98,high_O,TIE,TIE,TIE,T,T,T,TIE,TIE,TIE
1782868187.932,15581,72.97,72.97,72.97,72.97,TIE,TIE,TIE,TIE,TIE,TIE,TIE,TIE,TIE,TIE
1782868200.999,15583,72.95,72.95,72.96,72.96,TIE,TIE,TIE,TIE,TIE,F,F,F,F,TIE
1782868204.132,15584,72.95,72.96,72.96,72.96,TIE,low_O,TIE,TIE,F,F,F,TIE,TIE,TIE
1782868205.99,15585,72.96,72.94,72.97,72.97,TIE,low_C,TIE,TIE,T,F,F,F,F,TIE
1782868209.823,15586,72.94,72.93,72.94,72.94,TIE,low_C,TIE,TIE,T,TIE,TIE,F,F,TIE
1782868215.181,15587,72.93,72.92,72.92,72.92,high_O,TIE,TIE,TIE,T,T,T,TIE,TIE,TIE
1782868217.097,15589,72.88,72.88,72.88,72.88,TIE,TIE,TIE,TIE,TIE,TIE,TIE,TIE,TIE,TIE
1782868218.604,15590,72.88,72.87,72.86,72.88,TIE,low_M,TIE,TIE,T,T,TIE,T,F,F
1782868222.741,15592,72.88,72.88,72.88,72.88,TIE,TIE,TIE,TIE,TIE,TIE,TIE,TIE,TIE,TIE
1782868223.673,15593,72.88,72.89,72.89,72.89,TIE,low_O,TIE,TIE,F,F,F,TIE,TIE,TIE
1782868232.61,15594,72.89,72.84,72.85,72.85,high_O,low_C,O>C,TIE,T,T,T,F,F,TIE
1782868235.278,15595,72.84,72.81,72.84,72.84,TIE,low_C,TIE,TIE,T,TIE,TIE,F,F,TIE
1782868235.513,15596,72.81,72.84,72.82,72.82,high_C,low_O,C>O,TIE,F,F,F,T,T,TIE
1782868236.644,15597,72.84,72.83,72.82,72.81,high_O,low_P,O>P,O>C>M>P,T,T,T,T,T,T
1782868239.03,15598,72.83,72.78,72.78,72.78,high_O,TIE,TIE,TIE,T,T,T,TIE,TIE,TIE
1782868241.318,15599,72.78,72.77,72.78,72.78,TIE,low_C,TIE,TIE,T,TIE,TIE,F,F,TIE
1782868249.263,15600,72.77,72.75,72.76,72.75,high_O,TIE,TIE,TIE,T,T,T,F,TIE,T
1782868257.546,15601,72.75,72.72,72.74,72.73,high_O,low_C,O>C,O>M>P>C,T,T,T,F,F,T
1782868262.407,15602,72.72,72.73,72.72,72.72,high_C,TIE,TIE,TIE,F,TIE,TIE,T,T,TIE
1782868268.945,15603,72.73,72.76,72.75,72.75,high_C,low_O,C>O,TIE,F,F,F,T,T,TIE
1782868273.606,15604,72.76,72.74,72.77,72.77,TIE,low_C,TIE,TIE,T,F,F,F,F,TIE
1782868287.422,15605,72.74,72.77,72.75,72.75,high_C,low_O,C>O,TIE,F,F,F,T,T,TIE
1782868297.33,15607,72.78,72.78,72.78,72.77,TIE,low_P,TIE,TIE,TIE,TIE,T,TIE,T,T
1782868306.838,15608,72.78,72.74,72.78,72.78,TIE,low_C,TIE,TIE,T,TIE,TIE,F,F,TIE
1782868314.303,15609,72.74,72.76,72.74,72.74,high_C,TIE,TIE,TIE,F,TIE,TIE,T,T,TIE
1782868325.144,15610,72.76,72.86,72.82,72.85,high_C,low_O,C>O,C>P>M>O,F,F,F,T,T,F
1782868333.743,15611,72.86,72.84,72.86,72.86,TIE,low_C,TIE,TIE,T,TIE,TIE,F,F,TIE
1782868343.422,15612,72.84,72.8,72.82,72.82,high_O,low_C,O>C,TIE,T,T,T,F,F,TIE
1782868355.279,15613,72.8,72.74,72.76,72.76,high_O,low_C,O>C,TIE,T,T,T,F,F,TIE
1782868355.357,15614,72.74,72.7,72.7,72.7,high_O,TIE,TIE,TIE,T,T,T,TIE,TIE,TIE
1782868364.357,15615,72.7,72.72,72.72,72.73,high_P,low_O,P>O,TIE,F,F,F,TIE,F,F
1782868364.934,15616,72.72,72.66,72.68,72.68,high_O,low_C,O>C,TIE,T,T,T,F,F,TIE
1782868365.207,15617,72.66,72.6,72.65,72.65,high_O,low_C,O>C,TIE,T,T,T,F,F,TIE
1782868365.796,15618,72.6,72.5,72.57,72.6,TIE,low_C,TIE,TIE,T,T,TIE,F,F,F
1782868365.953,15619,72.5,72.46,72.5,72.5,TIE,low_C,TIE,TIE,T,TIE,TIE,F,F,TIE
1782868366.013,15620,72.46,72.44,72.45,72.45,high_O,low_C,O>C,TIE,T,T,T,F,F,TIE
1782868366.189,15621,72.44,72.41,72.43,72.43,high_O,low_C,O>C,TIE,T,T,T,F,F,TIE
1782868366.326,15622,72.41,72.44,72.41,72.41,high_C,TIE,TIE,TIE,F,TIE,TIE,T,T,TIE
1782868366.624,15623,72.44,72.38,72.41,72.41,high_O,low_C,O>C,TIE,T,T,T,F,F,TIE
1782868366.757,15624,72.38,72.43,72.42,72.42,high_C,low_O,C>O,TIE,F,F,F,T,T,TIE
1782868366.931,15625,72.43,72.4,72.39,72.37,high_O,low_P,O>P,O>C>M>P,T,T,T,T,T,T
1782868367.206,15626,72.4,72.43,72.42,72.43,TIE,low_O,TIE,TIE,F,F,F,T,TIE,F
1782868367.208,15627,72.43,72.39,72.4,72.39,high_O,TIE,TIE,TIE,T,T,T,F,TIE,T
1782868367.219,15628,72.39,72.37,72.39,72.39,TIE,low_C,TIE,TIE,T,TIE,TIE,F,F,TIE
1782868367.549,15629,72.37,72.38,72.42,72.42,TIE,low_O,TIE,TIE,F,F,F,F,F,TIE
1782868367.74,15630,72.38,72.42,72.4,72.41,high_C,low_O,C>O,C>P>M>O,F,F,F,T,T,F
1782868368.022,15631,72.42,72.48,72.45,72.48,TIE,low_O,TIE,TIE,F,F,F,T,TIE,F
1782868368.528,15633,72.43,72.43,72.45,72.44,high_M,TIE,TIE,TIE,TIE,F,F,F,F,T
1782868368.693,15634,72.43,72.46,72.45,72.45,high_C,low_O,C>O,TIE,F,F,F,T,T,TIE
1782868369.059,15635,72.46,72.45,72.44,72.44,high_O,TIE,TIE,TIE,T,T,T,T,T,TIE
1782868369.65,15636,72.45,72.42,72.44,72.44,high_O,low_C,O>C,TIE,T,T,T,F,F,TIE
1782868369.843,15637,72.42,72.45,72.43,72.43,high_C,low_O,C>O,TIE,F,F,F,T,T,TIE
1782868370.099,15638,72.45,72.44,72.44,72.44,high_O,TIE,TIE,TIE,T,T,T,TIE,TIE,TIE
1782868370.567,15639,72.44,72.46,72.45,72.45,high_C,low_O,C>O,TIE,F,F,F,T,T,TIE
1782868372.099,15640,72.46,72.47,72.46,72.46,high_C,TIE,TIE,TIE,F,TIE,TIE,T,T,TIE
1782868372.552,15641,72.47,72.43,72.45,72.47,TIE,low_C,TIE,TIE,T,T,TIE,F,F,F
1782868372.553,15642,72.43,72.4,72.42,72.42,high_O,low_C,O>C,TIE,T,T,T,F,F,TIE
1782868372.561,15643,72.4,72.39,72.39,72.39,high_O,TIE,TIE,TIE,T,T,T,TIE,TIE,TIE
1782868372.91,15644,72.39,72.38,72.4,72.4,TIE,low_C,TIE,TIE,T,F,F,F,F,TIE
1782868373.751,15645,72.38,72.45,72.42,72.4,high_C,low_O,C>O,C>M>P>O,F,F,F,T,T,T
1782868375.072,15646,72.45,72.5,72.5,72.52,high_P,low_O,P>O,TIE,F,F,F,TIE,F,F
1782868376.146,15647,72.5,72.39,72.44,72.4,high_O,low_C,O>C,O>M>P>C,T,T,T,F,F,T
1782868378.887,15649,72.38,72.38,72.36,72.36,TIE,TIE,TIE,TIE,TIE,T,T,T,T,TIE
1782868379.164,15650,72.38,72.35,72.38,72.38,TIE,low_C,TIE,TIE,T,TIE,TIE,F,F,TIE
1782868379.942,15651,72.35,72.36,72.34,72.34,high_C,TIE,TIE,TIE,F,T,T,T,T,TIE
1782868382.003,15653,72.39,72.39,72.39,72.39,TIE,TIE,TIE,TIE,TIE,TIE,TIE,TIE,TIE,TIE
1782868383.426,15654,72.39,72.38,72.36,72.34,high_O,low_P,O>P,O>C>M>P,T,T,T,T,T,T
1782868384.673,15655,72.38,72.35,72.39,72.39,TIE,low_C,TIE,TIE,T,F,F,F,F,TIE
1782868389.957,15657,72.34,72.34,72.35,72.34,high_M,TIE,TIE,TIE,TIE,F,TIE,F,TIE,T
1782868391.252,15658,72.34,72.36,72.34,72.34,high_C,TIE,TIE,TIE,F,TIE,TIE,T,T,TIE
1782868394.142,15659,72.36,72.33,72.36,72.36,TIE,low_C,TIE,TIE,T,TIE,TIE,F,F,TIE
1782868394.438,15660,72.33,72.29,72.3,72.3,high_O,low_C,O>C,TIE,T,T,T,F,F,TIE
1782868395.193,15661,72.29,72.33,72.3,72.29,high_C,TIE,TIE,TIE,F,F,TIE,T,T,T
1782868396.788,15662,72.33,72.35,72.34,72.34,high_C,low_O,C>O,TIE,F,F,F,T,T,TIE
1782868398.063,15663,72.35,72.31,72.34,72.34,high_O,low_C,O>C,TIE,T,T,T,F,F,TIE
1782868398.632,15664,72.31,72.27,72.29,72.28,high_O,low_C,O>C,O>M>P>C,T,T,T,F,F,T
1782868401.108,15665,72.27,72.28,72.29,72.29,TIE,low_O,TIE,TIE,F,F,F,F,F,TIE
1782868401.442,15666,72.28,72.27,72.27,72.27,high_O,TIE,TIE,TIE,T,T,T,TIE,TIE,TIE
1782868401.633,15667,72.27,72.26,72.27,72.27,TIE,low_C,TIE,TIE,T,TIE,TIE,F,F,TIE
1782868403.401,15668,72.26,72.29,72.28,72.28,high_C,low_O,C>O,TIE,F,F,F,T,T,TIE
1782868405.833,15669,72.29,72.24,72.26,72.26,high_O,low_C,O>C,TIE,T,T,T,F,F,TIE
1782868407.928,15670,72.24,72.27,72.25,72.25,high_C,low_O,C>O,TIE,F,F,F,T,T,TIE
1782868412.188,15671,72.27,72.26,72.27,72.28,high_P,low_C,P>C,TIE,T,TIE,F,F,F,F
1782868413.478,15672,72.26,72.31,72.31,72.29,TIE,low_O,TIE,TIE,F,F,F,TIE,T,T
1782868414.898,15673,72.31,72.3,72.3,72.3,high_O,TIE,TIE,TIE,T,T,T,TIE,TIE,TIE
1782868417.937,15674,72.3,72.33,72.28,72.32,high_C,low_M,C>M,C>P>O>M,F,T,F,T,T,F
1782868423.907,15675,72.33,72.35,72.34,72.34,high_C,low_O,C>O,TIE,F,F,F,T,T,TIE
1782868425.913,15676,72.35,72.4,72.36,72.36,high_C,low_O,C>O,TIE,F,F,F,T,T,TIE
1782868427.521,15677,72.4,72.46,72.45,72.45,high_C,low_O,C>O,TIE,F,F,F,T,T,TIE
1782868433.503,15679,72.56,72.56,72.56,72.56,TIE,TIE,TIE,TIE,TIE,TIE,TIE,TIE,TIE,TIE
1782868436.47,15680,72.56,72.64,72.61,72.63,high_C,low_O,C>O,C>P>M>O,F,F,F,T,T,F
1782868436.47,15681,72.64,72.66,72.65,72.66,TIE,low_O,TIE,TIE,F,F,F,T,TIE,F
1782868436.47,15682,72.66,72.68,72.67,72.67,high_C,low_O,C>O,TIE,F,F,F,T,T,TIE
1782868437.103,15683,72.68,72.7,72.68,72.68,high_C,TIE,TIE,TIE,F,TIE,TIE,T,T,TIE
1782868439.211,15684,72.7,72.72,72.72,72.71,TIE,low_O,TIE,TIE,F,F,F,TIE,T,T
1782868441.428,15685,72.72,72.81,72.75,72.74,high_C,low_O,C>O,C>M>P>O,F,F,F,T,T,T
1782868443.239,15686,72.81,72.85,72.83,72.81,high_C,TIE,TIE,TIE,F,F,TIE,T,T,T
1782868445.278,15687,72.85,72.88,72.85,72.85,high_C,TIE,TIE,TIE,F,TIE,TIE,T,T,TIE
1782868447.348,15688,72.88,72.84,72.89,72.89,TIE,low_C,TIE,TIE,T,F,F,F,F,TIE
1782868450.172,15689,72.84,72.81,72.8,72.79,high_O,low_P,O>P,O>C>M>P,T,T,T,T,T,T
1782868456.426,15690,72.81,72.74,72.75,72.77,high_O,low_C,O>C,O>P>M>C,T,T,T,F,F,F
1782868462.776,15691,72.74,72.84,72.81,72.81,high_C,low_O,C>O,TIE,F,F,F,T,T,TIE
1782868465.587,15692,72.84,72.78,72.8,72.8,high_O,low_C,O>C,TIE,T,T,T,F,F,TIE
1782868475.753,15693,72.78,72.76,72.77,72.77,high_O,low_C,O>C,TIE,T,T,T,F,F,TIE
1782868480.7,15694,72.76,72.78,72.77,72.78,TIE,low_O,TIE,TIE,F,F,F,T,TIE,F
1782868485.343,15695,72.78,72.74,72.77,72.75,high_O,low_C,O>C,O>M>P>C,T,T,T,F,F,T
1782868489.803,15696,72.74,72.77,72.71,72.71,high_C,TIE,TIE,TIE,F,T,T,T,T,TIE
1782868499.604,15697,72.77,72.83,72.81,72.83,TIE,low_O,TIE,TIE,F,F,F,T,TIE,F
1782868499.641,15698,72.83,72.84,72.84,72.84,TIE,low_O,TIE,TIE,F,F,F,TIE,TIE,TIE
1782868501.513,15699,72.84,72.91,72.9,72.9,high_C,low_O,C>O,TIE,F,F,F,T,T,TIE
1782868502.727,15700,72.91,72.92,72.91,72.91,high_C,TIE,TIE,TIE,F,TIE,TIE,T,T,TIE
1782868502.728,15701,72.92,72.93,72.93,72.93,TIE,low_O,TIE,TIE,F,F,F,TIE,TIE,TIE
1782868506.019,15702,72.93,72.94,72.94,72.94,TIE,low_O,TIE,TIE,F,F,F,TIE,TIE,TIE
1782868507.525,15703,72.94,72.98,72.93,72.92,high_C,low_P,C>P,C>O>M>P,F,T,T,T,T,T
1782868508.868,15704,72.98,73.04,73.0,72.99,high_C,low_O,C>O,C>M>P>O,F,F,F,T,T,T
1782868511.667,15706,73.1,73.1,73.11,73.11,TIE,TIE,TIE,TIE,TIE,F,F,F,F,TIE
1782868514.39,15707,73.1,73.03,73.06,73.1,TIE,low_C,TIE,TIE,T,T,TIE,F,F,F
1782868517.366,15708,73.03,73.04,73.0,73.0,high_C,TIE,TIE,TIE,F,T,T,T,T,TIE
1782868519.476,15709,73.04,73.06,73.04,73.06,TIE,TIE,TIE,TIE,F,TIE,F,T,TIE,F
1782868520.135,15710,73.06,73.08,73.08,73.08,TIE,low_O,TIE,TIE,F,F,F,TIE,TIE,TIE
1782868523.959,15711,73.08,73.11,73.1,73.1,high_C,low_O,C>O,TIE,F,F,F,T,T,TIE
1782868525.553,15712,73.11,73.16,73.15,73.15,high_C,low_O,C>O,TIE,F,F,F,T,T,TIE
1782868527.046,15713,73.16,73.17,73.15,73.15,high_C,TIE,TIE,TIE,F,T,T,T,T,TIE
1782868531.08,15714,73.17,73.16,73.16,73.15,high_O,low_P,O>P,TIE,T,T,T,TIE,T,T
1782868531.206,15715,73.16,73.12,73.14,73.14,high_O,low_C,O>C,TIE,T,T,T,F,F,TIE
1782868533.753,15716,73.12,73.1,73.12,73.12,TIE,low_C,TIE,TIE,T,TIE,TIE,F,F,TIE
1782868542.539,15717,73.1,73.13,73.07,73.06,high_C,low_P,C>P,C>O>M>P,F,T,T,T,T,T
1782868548.773,15718,73.13,73.1,73.16,73.16,TIE,low_C,TIE,TIE,T,F,F,F,F,TIE
1782868556.374,15719,73.1,73.07,73.07,73.07,high_O,TIE,TIE,TIE,T,T,T,TIE,TIE,TIE
1782868567.09,15720,73.07,72.97,73.01,73.05,high_O,low_C,O>C,O>P>M>C,T,T,T,F,F,F
1782868572.298,15721,72.97,72.95,72.95,72.95,high_O,TIE,TIE,TIE,T,T,T,TIE,TIE,TIE
1782868578.809,15722,72.95,72.89,72.94,72.97,high_P,low_C,P>C,P>O>M>C,T,T,F,F,F,F
1782868582.336,15723,72.89,72.87,72.88,72.88,high_O,low_C,O>C,TIE,T,T,T,F,F,TIE
1782868582.552,15724,72.87,72.86,72.87,72.87,TIE,low_C,TIE,TIE,T,TIE,TIE,F,F,TIE
1782868584.545,15725,72.86,72.84,72.87,72.87,TIE,low_C,TIE,TIE,T,F,F,F,F,TIE
1782868592.083,15726,72.84,72.81,72.85,72.86,high_P,low_C,P>C,P>M>O>C,T,F,F,F,F,F
1782868596.544,15727,72.81,72.75,72.77,72.77,high_O,low_C,O>C,TIE,T,T,T,F,F,TIE
1782868600.295,15728,72.75,72.76,72.77,72.75,high_M,TIE,TIE,TIE,F,F,TIE,F,T,T
1782868602.942,15729,72.76,72.74,72.75,72.75,high_O,low_C,O>C,TIE,T,T,T,F,F,TIE
1782868608.782,15730,72.74,72.72,72.74,72.75,high_P,low_C,P>C,TIE,T,TIE,F,F,F,F
1782868617.021,15731,72.72,72.7,72.71,72.72,TIE,low_C,TIE,TIE,T,T,TIE,F,F,F
1782868622.783,15732,72.7,72.73,72.73,72.73,TIE,low_O,TIE,TIE,F,F,F,TIE,TIE,TIE
1782868628.391,15733,72.73,72.76,72.74,72.74,high_C,low_O,C>O,TIE,F,F,F,T,T,TIE
1782868637.763,15734,72.76,72.78,72.79,72.79,TIE,low_O,TIE,TIE,F,F,F,F,F,TIE
1782868644.508,15735,72.78,72.9,72.9,72.91,high_P,low_O,P>O,TIE,F,F,F,TIE,F,F
1782868651.667,15736,72.9,72.86,72.89,72.89,high_O,low_C,O>C,TIE,T,T,T,F,F,TIE
1782868664.231,15737,72.86,72.79,72.83,72.84,high_O,low_C,O>C,O>P>M>C,T,T,T,F,F,F
1782868680.713,15738,72.79,72.85,72.88,72.88,TIE,low_O,TIE,TIE,F,F,F,F,F,TIE
1782868684.714,15739,72.85,72.89,72.83,72.83,high_C,TIE,TIE,TIE,F,T,T,T,T,TIE
1782868695.171,15740,72.89,72.88,72.87,72.87,high_O,TIE,TIE,TIE,T,T,T,T,T,TIE
1782868705.104,15741,72.88,72.85,72.87,72.85,high_O,TIE,TIE,TIE,T,T,T,F,TIE,T
1782868712.92,15742,72.85,72.84,72.84,72.84,high_O,TIE,TIE,TIE,T,T,T,TIE,TIE,TIE
1782868721.252,15744,72.94,72.94,72.95,72.95,TIE,TIE,TIE,TIE,TIE,F,F,F,F,TIE
1782868733.244,15746,73.0,73.0,73.0,73.0,TIE,TIE,TIE,TIE,TIE,TIE,TIE,TIE,TIE,TIE
1782868747.85,15747,73.0,72.97,73.0,73.01,high_P,low_C,P>C,TIE,T,TIE,F,F,F,F
1782868754.287,15748,72.97,72.98,72.98,72.98,TIE,low_O,TIE,TIE,F,F,F,TIE,TIE,TIE
1782868762.481,15749,72.98,73.02,73.0,73.0,high_C,low_O,C>O,TIE,F,F,F,T,T,TIE
1782868775.046,15750,73.02,73.05,73.02,73.02,high_C,TIE,TIE,TIE,F,TIE,TIE,T,T,TIE
1782868778.059,15751,73.05,73.07,73.05,73.05,high_C,TIE,TIE,TIE,F,TIE,TIE,T,T,TIE
1782868778.201,15752,73.07,73.1,73.08,73.08,high_C,low_O,C>O,TIE,F,F,F,T,T,TIE
1782868780.204,15753,73.1,73.09,73.1,73.1,TIE,low_C,TIE,TIE,T,TIE,TIE,F,F,TIE
1782868797.217,15754,73.09,73.1,73.09,73.09,high_C,TIE,TIE,TIE,F,TIE,TIE,T,T,TIE
1782868812.698,15756,73.08,73.08,73.08,73.08,TIE,TIE,TIE,TIE,TIE,TIE,TIE,TIE,TIE,TIE
1782868826.664,15757,73.08,73.03,73.07,73.08,TIE,low_C,TIE,TIE,T,T,TIE,F,F,F
1782868827.69,15758,73.03,73.05,73.03,73.03,high_C,TIE,TIE,TIE,F,TIE,TIE,T,T,TIE
1782868834.778,15759,73.05,73.13,73.07,73.07,high_C,low_O,C>O,TIE,F,F,F,T,T,TIE
1782868839.472,15760,73.13,73.2,73.16,73.16,high_C,low_O,C>O,TIE,F,F,F,T,T,TIE
1782868839.476,15761,73.2,73.23,73.2,73.2,high_C,TIE,TIE,TIE,F,TIE,TIE,T,T,TIE
1782868841.656,15762,73.23,73.21,73.23,73.23,TIE,low_C,TIE,TIE,T,TIE,TIE,F,F,TIE
1782868850.214,15763,73.21,73.19,73.2,73.2,high_O,low_C,O>C,TIE,T,T,T,F,F,TIE
1782868855.028,15764,73.19,73.2,73.19,73.19,high_C,TIE,TIE,TIE,F,TIE,TIE,T,T,TIE
1782868864.323,15765,73.2,73.19,73.21,73.2,high_M,low_C,M>C,TIE,T,F,TIE,F,F,T
1782868876.276,15766,73.19,73.26,73.22,73.22,high_C,low_O,C>O,TIE,F,F,F,T,T,TIE
1782868883.278,15767,73.26,73.23,73.25,73.26,TIE,low_C,TIE,TIE,T,T,TIE,F,F,F
1782868896.196,15768,73.23,73.27,73.27,73.27,TIE,low_O,TIE,TIE,F,F,F,TIE,TIE,TIE
1782868907.003,15769,73.27,73.2,73.22,73.25,high_O,low_C,O>C,O>P>M>C,T,T,T,F,F,F
1782868927.945,15770,73.2,73.19,73.18,73.18,high_O,TIE,TIE,TIE,T,T,T,T,T,TIE
1782868931.923,15771,73.19,73.2,73.18,73.18,high_C,TIE,TIE,TIE,F,T,T,T,T,TIE
1782868943.657,15772,73.2,73.23,73.2,73.2,high_C,TIE,TIE,TIE,F,TIE,TIE,T,T,TIE
1782868949.876,15773,73.23,73.27,73.27,73.27,TIE,low_O,TIE,TIE,F,F,F,TIE,TIE,TIE
1782868951.111,15774,73.27,73.3,73.29,73.29,high_C,low_O,C>O,TIE,F,F,F,T,T,TIE
1782868951.844,15775,73.3,73.34,73.33,73.34,TIE,low_O,TIE,TIE,F,F,F,T,TIE,F
1782868960.048,15776,73.34,73.3,73.33,73.35,high_P,low_C,P>C,P>O>M>C,T,T,F,F,F,F
1782868963.363,15777,73.3,73.4,73.39,73.39,high_C,low_O,C>O,TIE,F,F,F,T,T,TIE
1782868970.74,15778,73.4,73.41,73.4,73.41,TIE,TIE,TIE,TIE,F,TIE,F,T,TIE,F
1782868970.847,15779,73.41,73.42,73.41,73.41,high_C,TIE,TIE,TIE,F,TIE,TIE,T,T,TIE
1782868976.219,15780,73.42,73.4,73.44,73.44,TIE,low_C,TIE,TIE,T,F,F,F,F,TIE
1782868978.427,15781,73.4,73.37,73.38,73.4,TIE,low_C,TIE,TIE,T,T,TIE,F,F,F
1782868986.47,15782,73.37,73.33,73.34,73.34,high_O,low_C,O>C,TIE,T,T,T,F,F,TIE
1782869003.026,15783,73.33,73.35,73.33,73.35,TIE,TIE,TIE,TIE,F,TIE,F,T,TIE,F
1782869016.117,15784,73.35,73.28,73.3,73.29,high_O,low_C,O>C,O>M>P>C,T,T,T,F,F,T
1782869037.055,15785,73.28,73.24,73.26,73.24,high_O,TIE,TIE,TIE,T,T,T,F,TIE,T
1782869062.741,15786,73.24,73.21,73.24,73.24,TIE,low_C,TIE,TIE,T,TIE,TIE,F,F,TIE
1782869086.486,15787,73.21,73.18,73.23,73.25,high_P,low_C,P>C,P>M>O>C,T,F,F,F,F,F
1782869105.146,15788,73.18,73.2,73.12,73.1,high_C,low_P,C>P,C>O>M>P,F,T,T,T,T,T
1782869144.52,15789,73.2,73.18,73.21,73.22,high_P,low_C,P>C,P>M>O>C,T,F,F,F,F,F
1782869162.328,15790,73.18,73.06,73.14,73.17,high_O,low_C,O>C,O>P>M>C,T,T,T,F,F,F
1782869167.953,15794,73.11,73.11,73.11,73.11,TIE,TIE,TIE,TIE,TIE,TIE,TIE,TIE,TIE,TIE
1782869170.373,15795,73.11,73.1,73.1,73.1,high_O,TIE,TIE,TIE,T,T,T,TIE,TIE,TIE
1782869189.033,15796,73.1,73.17,73.11,73.1,high_C,TIE,TIE,TIE,F,F,TIE,T,T,T
1782869214.783,15797,73.17,73.2,73.18,73.18,high_C,low_O,C>O,TIE,F,F,F,T,T,TIE
1782869249.201,15798,73.2,73.18,73.19,73.2,TIE,low_C,TIE,TIE,T,T,TIE,F,F,F
1782869294.946,15800,73.25,73.25,73.25,73.24,TIE,low_P,TIE,TIE,TIE,TIE,T,TIE,T,T
1782869299.173,15801,73.25,73.24,73.25,73.25,TIE,low_C,TIE,TIE,T,TIE,TIE,F,F,TIE
1782869303.841,15802,73.24,73.26,73.23,73.22,high_C,low_P,C>P,C>O>M>P,F,T,T,T,T,T
1782869307.522,15803,73.26,73.25,73.26,73.26,TIE,low_C,TIE,TIE,T,TIE,TIE,F,F,TIE
1782869310.841,15804,73.25,73.32,73.3,73.3,high_C,low_O,C>O,TIE,F,F,F,T,T,TIE
1782869313.083,15805,73.32,73.34,73.33,73.33,high_C,low_O,C>O,TIE,F,F,F,T,T,TIE
1782869317.644,15806,73.34,73.26,73.28,73.27,high_O,low_C,O>C,O>M>P>C,T,T,T,F,F,T
1782869325.101,15807,73.26,73.24,73.26,73.26,TIE,low_C,TIE,TIE,T,TIE,TIE,F,F,TIE
1782869325.422,15808,73.24,73.21,73.23,73.23,high_O,low_C,O>C,TIE,T,T,T,F,F,TIE
1782869327.748,15809,73.21,73.24,73.21,73.2,high_C,low_P,C>P,TIE,F,TIE,T,T,T,T
1782869344.851,15810,73.24,73.29,73.26,73.24,high_C,TIE,TIE,TIE,F,F,TIE,T,T,T
1782869349.79,15811,73.29,73.28,73.28,73.28,high_O,TIE,TIE,TIE,T,T,T,TIE,TIE,TIE
1782869370.746,15812,73.28,73.27,73.27,73.27,high_O,TIE,TIE,TIE,T,T,T,TIE,TIE,TIE
1782869382.05,15813,73.27,73.26,73.27,73.26,TIE,TIE,TIE,TIE,T,TIE,T,F,TIE,T
1782869410.945,15814,73.26,73.31,73.26,73.24,high_C,low_P,C>P,TIE,F,TIE,T,T,T,T
1782869424.187,15815,73.31,73.36,73.3,73.3,high_C,TIE,TIE,TIE,F,T,T,T,T,TIE
1782869441.107,15816,73.36,73.37,73.37,73.37,TIE,low_O,TIE,TIE,F,F,F,TIE,TIE,TIE
1782869456.773,15817,73.37,73.36,73.37,73.36,TIE,TIE,TIE,TIE,T,TIE,T,F,TIE,T
1782869464.211,15820,73.4,73.42,73.4,73.4,high_C,TIE,TIE,TIE,F,TIE,TIE,T,T,TIE
1782869478.319,15821,73.42,73.39,73.4,73.41,high_O,low_C,O>C,O>P>M>C,T,T,T,F,F,F
1782869482.278,15822,73.39,73.43,73.41,73.42,high_C,low_O,C>O,C>P>M>O,F,F,F,T,T,F
1782869492.366,15823,73.43,73.35,73.4,73.4,high_O,low_C,O>C,TIE,T,T,T,F,F,TIE
1782869520.613,15824,73.35,73.36,73.33,73.33,high_C,TIE,TIE,TIE,F,T,T,T,T,TIE
1782869545.024,15825,73.36,73.39,73.36,73.36,high_C,TIE,TIE,TIE,F,TIE,TIE,T,T,TIE
1782869570.349,15826,73.39,73.41,73.4,73.4,high_C,low_O,C>O,TIE,F,F,F,T,T,TIE
1782869592.675,15827,73.41,73.38,73.37,73.33,high_O,low_P,O>P,O>C>M>P,T,T,T,T,T,T
1782869610.456,15828,73.38,73.31,73.29,73.28,high_O,low_P,O>P,O>C>M>P,T,T,T,T,T,T
1782869628.051,15829,73.31,73.27,73.29,73.28,high_O,low_C,O>C,O>M>P>C,T,T,T,F,F,T
1782869656.46,15830,73.27,73.26,73.28,73.29,high_P,low_C,P>C,P>M>O>C,T,F,F,F,F,F
1782869672.615,15831,73.26,73.3,73.25,73.23,high_C,low_P,C>P,C>O>M>P,F,T,T,T,T,T
1782869710.985,15832,73.3,73.33,73.31,73.3,high_C,TIE,TIE,TIE,F,F,TIE,T,T,T
1782869776.81,15834,73.34,73.34,73.37,73.37,TIE,TIE,TIE,TIE,TIE,F,F,F,F,TIE
1782869807.395,15835,73.34,73.39,73.35,73.34,high_C,TIE,TIE,TIE,F,F,TIE,T,T,T
1782869848.627,15837,73.4,73.4,73.37,73.37,TIE,TIE,TIE,TIE,TIE,T,T,T,T,TIE
1782869879.459,15838,73.4,73.41,73.4,73.4,high_C,TIE,TIE,TIE,F,TIE,TIE,T,T,TIE
1782869883.17,15839,73.41,73.39,73.4,73.4,high_O,low_C,O>C,TIE,T,T,T,F,F,TIE
1782869892.658,15840,73.39,73.47,73.45,73.45,high_C,low_O,C>O,TIE,F,F,F,T,T,TIE
1782869906.103,15841,73.47,73.5,73.48,73.48,high_C,low_O,C>O,TIE,F,F,F,T,T,TIE
1782869909.584,15842,73.5,73.51,73.5,73.5,high_C,TIE,TIE,TIE,F,TIE,TIE,T,T,TIE
1782869920.948,15843,73.51,73.54,73.53,73.52,high_C,low_O,C>O,C>M>P>O,F,F,F,T,T,T
1782869926.143,15844,73.54,73.6,73.59,73.6,TIE,low_O,TIE,TIE,F,F,F,T,TIE,F
1782869926.298,15845,73.6,73.62,73.61,73.61,high_C,low_O,C>O,TIE,F,F,F,T,T,TIE
1782869927.225,15846,73.62,73.66,73.66,73.66,TIE,low_O,TIE,TIE,F,F,F,TIE,TIE,TIE
1782869930.028,15847,73.66,73.65,73.65,73.65,high_O,TIE,TIE,TIE,T,T,T,TIE,TIE,TIE
1782869934.719,15848,73.65,73.68,73.67,73.67,high_C,low_O,C>O,TIE,F,F,F,T,T,TIE
1782869936.151,15849,73.68,73.73,73.72,73.73,TIE,low_O,TIE,TIE,F,F,F,T,TIE,F
1782869937.454,15850,73.73,73.72,73.72,73.72,high_O,TIE,TIE,TIE,T,T,T,TIE,TIE,TIE
1782869941.77,15851,73.72,73.69,73.7,73.71,high_O,low_C,O>C,O>P>M>C,T,T,T,F,F,F
1782869944.047,15852,73.69,73.76,73.73,73.69,high_C,TIE,TIE,TIE,F,F,TIE,T,T,T
1782869946.258,15853,73.76,73.79,73.77,73.77,high_C,low_O,C>O,TIE,F,F,F,T,T,TIE
1782869946.419,15854,73.79,73.84,73.81,73.81,high_C,low_O,C>O,TIE,F,F,F,T,T,TIE
1782869946.578,15855,73.84,73.87,73.86,73.86,high_C,low_O,C>O,TIE,F,F,F,T,T,TIE
1782869947.656,15856,73.87,73.9,73.88,73.87,high_C,TIE,TIE,TIE,F,F,TIE,T,T,T
1782869948.05,15857,73.9,73.93,73.93,73.92,TIE,low_O,TIE,TIE,F,F,F,TIE,T,T
1782869949.797,15859,73.95,73.95,73.95,73.95,TIE,TIE,TIE,TIE,TIE,TIE,TIE,TIE,TIE,TIE
1782869951.159,15860,73.95,73.9,73.92,73.92,high_O,low_C,O>C,TIE,T,T,T,F,F,TIE
1782869953.598,15861,73.9,73.95,73.9,73.9,high_C,TIE,TIE,TIE,F,TIE,TIE,T,T,TIE
1782869955.266,15862,73.95,73.96,73.96,73.95,TIE,TIE,TIE,TIE,F,F,TIE,TIE,T,T
1782869957.175,15863,73.96,73.95,73.96,73.96,TIE,low_C,TIE,TIE,T,TIE,TIE,F,F,TIE
1782869959.218,15864,73.95,73.93,73.93,73.94,high_O,TIE,TIE,TIE,T,T,T,TIE,F,F
1782869964.007,15865,73.93,73.94,73.94,73.95,high_P,low_O,P>O,TIE,F,F,F,TIE,F,F
1782869967.645,15869,74.0,74.0,74.0,74.0,TIE,TIE,TIE,TIE,TIE,TIE,TIE,TIE,TIE,TIE
1782869968.558,15870,74.0,73.99,73.99,73.99,high_O,TIE,TIE,TIE,T,T,T,TIE,TIE,TIE
1782869969.087,15873,74.0,74.06,74.06,74.06,TIE,low_O,TIE,TIE,F,F,F,TIE,TIE,TIE
1782869969.458,15874,74.06,74.13,74.1,74.1,high_C,low_O,C>O,TIE,F,F,F,T,T,TIE
1782869969.679,15875,74.13,74.16,74.14,74.14,high_C,low_O,C>O,TIE,F,F,F,T,T,TIE
1782869970.08,15876,74.16,74.14,74.14,74.14,high_O,TIE,TIE,TIE,T,T,T,TIE,TIE,TIE
1782869970.58,15877,74.14,74.1,74.14,74.15,high_P,low_C,P>C,TIE,T,TIE,F,F,F,F
1782869971.052,15878,74.1,74.08,74.08,74.08,high_O,TIE,TIE,TIE,T,T,T,TIE,TIE,TIE
1782869971.539,15879,74.08,74.11,74.1,74.1,high_C,low_O,C>O,TIE,F,F,F,T,T,TIE
1782869971.54,15880,74.11,74.13,74.12,74.12,high_C,low_O,C>O,TIE,F,F,F,T,T,TIE
1782869971.54,15881,74.13,74.15,74.14,74.14,high_C,low_O,C>O,TIE,F,F,F,T,T,TIE
1782869972.059,15882,74.15,74.08,74.08,74.08,high_O,TIE,TIE,TIE,T,T,T,TIE,TIE,TIE
1782869973.643,15883,74.08,74.05,74.07,74.08,TIE,low_C,TIE,TIE,T,T,TIE,F,F,F
1782869980.029,15884,74.05,73.95,73.97,73.94,high_O,low_P,O>P,O>M>C>P,T,T,T,F,T,T
1782869985.186,15885,73.95,74.05,74.01,74.0,high_C,low_O,C>O,C>M>P>O,F,F,F,T,T,T
1782869985.186,15886,74.05,74.09,74.08,74.09,TIE,low_O,TIE,TIE,F,F,F,T,TIE,F
1782869990.354,15887,74.09,74.07,74.07,74.07,high_O,TIE,TIE,TIE,T,T,T,TIE,TIE,TIE
1782869995.142,15889,74.03,74.03,74.02,74.03,TIE,low_M,TIE,TIE,TIE,T,TIE,T,TIE,F
1782869995.426,15890,74.03,74.05,74.04,74.03,high_C,TIE,TIE,TIE,F,F,TIE,T,T,T
1782870001.227,15891,74.05,73.91,73.98,73.97,high_O,low_C,O>C,O>M>P>C,T,T,T,F,F,T
1782870004.913,15892,73.91,73.93,73.91,73.91,high_C,TIE,TIE,TIE,F,TIE,TIE,T,T,TIE
1782870012.97,15893,73.93,73.95,73.94,73.94,high_C,low_O,C>O,TIE,F,F,F,T,T,TIE
1782870019.997,15894,73.95,73.94,73.92,73.92,high_O,TIE,TIE,TIE,T,T,T,T,T,TIE
1782870027.43,15895,73.94,73.98,73.94,73.94,high_C,TIE,TIE,TIE,F,TIE,TIE,T,T,TIE
1782870034.817,15896,73.98,73.92,73.97,73.97,high_O,low_C,O>C,TIE,T,T,T,F,F,TIE
1782870034.851,15897,73.92,73.89,73.91,73.91,high_O,low_C,O>C,TIE,T,T,T,F,F,TIE
1782870039.937,15898,73.89,73.94,73.89,73.89,high_C,TIE,TIE,TIE,F,TIE,TIE,T,T,TIE
1782870050.938,15899,73.94,74.01,73.97,73.97,high_C,low_O,C>O,TIE,F,F,F,T,T,TIE
1782870056.601,15900,74.01,74.08,74.06,74.06,high_C,low_O,C>O,TIE,F,F,F,T,T,TIE
1782870062.119,15901,74.08,74.13,74.1,74.1,high_C,low_O,C>O,TIE,F,F,F,T,T,TIE
1782870066.799,15902,74.13,74.09,74.08,74.08,high_O,TIE,TIE,TIE,T,T,T,T,T,TIE
1782870067.889,15903,74.09,74.18,74.14,74.18,TIE,low_O,TIE,TIE,F,F,F,T,TIE,F
1782870068.189,15904,74.18,74.22,74.21,74.22,TIE,low_O,TIE,TIE,F,F,F,T,TIE,F
1782870068.352,15905,74.22,74.25,74.22,74.22,high_C,TIE,TIE,TIE,F,TIE,TIE,T,T,TIE
1782870068.385,15906,74.25,74.28,74.27,74.28,TIE,low_O,TIE,TIE,F,F,F,T,TIE,F
1782870068.744,15907,74.28,74.3,74.28,74.28,high_C,TIE,TIE,TIE,F,TIE,TIE,T,T,TIE
1782870069.194,15908,74.3,74.32,74.31,74.31,high_C,low_O,C>O,TIE,F,F,F,T,T,TIE
1782870069.368,15909,74.32,74.29,74.32,74.32,TIE,low_C,TIE,TIE,T,TIE,TIE,F,F,TIE
1782870070.186,15910,74.29,74.28,74.29,74.29,TIE,low_C,TIE,TIE,T,TIE,TIE,F,F,TIE
1782870070.746,15911,74.28,74.27,74.29,74.29,TIE,low_C,TIE,TIE,T,F,F,F,F,TIE
1782870071.616,15912,74.27,74.3,74.3,74.3,TIE,low_O,TIE,TIE,F,F,F,TIE,TIE,TIE
1782870072.359,15913,74.3,74.35,74.32,74.32,high_C,low_O,C>O,TIE,F,F,F,T,T,TIE
1782870072.36,15914,74.35,74.37,74.36,74.36,high_C,low_O,C>O,TIE,F,F,F,T,T,TIE
1782870073.253,15915,74.37,74.32,74.32,74.32,high_O,TIE,TIE,TIE,T,T,T,TIE,TIE,TIE
1782870075.013,15917,74.29,74.29,74.31,74.32,high_P,TIE,TIE,TIE,TIE,F,F,F,F,F
1782870078.41,15918,74.29,74.26,74.32,74.32,TIE,low_C,TIE,TIE,T,F,F,F,F,TIE
1782870081.677,15919,74.26,74.24,74.25,74.26,TIE,low_C,TIE,TIE,T,T,TIE,F,F,F
1782870086.367,15920,74.24,74.23,74.25,74.25,TIE,low_C,TIE,TIE,T,F,F,F,F,TIE
1782870095.693,15921,74.23,74.22,74.23,74.22,TIE,TIE,TIE,TIE,T,TIE,T,F,TIE,T
1782870100.439,15922,74.22,74.24,74.22,74.22,high_C,TIE,TIE,TIE,F,TIE,TIE,T,T,TIE
1782870103.065,15923,74.24,74.16,74.23,74.25,high_P,low_C,P>C,P>O>M>C,T,T,F,F,F,F
1782870113.95,15925,74.08,74.08,74.09,74.09,TIE,TIE,TIE,TIE,TIE,F,F,F,F,TIE
1782870123.004,15926,74.08,74.03,74.08,74.09,high_P,low_C,P>C,TIE,T,TIE,F,F,F,F
1782870127.754,15927,74.03,74.01,74.04,74.04,TIE,low_C,TIE,TIE,T,F,F,F,F,TIE
1782870135.127,15928,74.01,74.0,74.01,74.02,high_P,low_C,P>C,TIE,T,TIE,F,F,F,F
1782870148.772,15929,74.0,74.01,74.02,74.01,high_M,low_O,M>O,TIE,F,F,F,F,TIE,T
1782870155.999,15930,74.01,74.04,74.04,74.04,TIE,low_O,TIE,TIE,F,F,F,TIE,TIE,TIE
1782870164.632,15931,74.04,74.08,74.07,74.08,TIE,low_O,TIE,TIE,F,F,F,T,TIE,F
1782870173.56,15932,74.08,74.09,74.09,74.09,TIE,low_O,TIE,TIE,F,F,F,TIE,TIE,TIE
1782870182.564,15933,74.09,74.1,74.1,74.1,TIE,low_O,TIE,TIE,F,F,F,TIE,TIE,TIE
1782870208.737,15935,74.14,74.14,74.12,74.12,TIE,TIE,TIE,TIE,TIE,T,T,T,T,TIE
1782870211.636,15936,74.14,74.15,74.14,74.14,high_C,TIE,TIE,TIE,F,TIE,TIE,T,T,TIE
1782870234.499,15940,74.19,74.19,74.2,74.2,TIE,TIE,TIE,TIE,TIE,F,F,F,F,TIE
1782870241.064,15941,74.19,74.26,74.22,74.2,high_C,low_O,C>O,C>M>P>O,F,F,F,T,T,T
1782870248.271,15942,74.26,74.2,74.26,74.27,high_P,low_C,P>C,TIE,T,TIE,F,F,F,F
1782870261.408,15943,74.2,74.16,74.15,74.14,high_O,low_P,O>P,O>C>M>P,T,T,T,T,T,T
1782870285.495,15945,74.2,74.2,74.19,74.19,TIE,TIE,TIE,TIE,TIE,T,T,T,T,TIE
1782870304.718,15946,74.2,74.15,74.16,74.15,high_O,TIE,TIE,TIE,T,T,T,F,TIE,T
1782870314.062,15947,74.15,74.12,74.11,74.12,high_O,low_M,O>M,TIE,T,T,T,T,TIE,F
1782870328.693,15948,74.12,74.15,74.13,74.12,high_C,TIE,TIE,TIE,F,F,TIE,T,T,T
1782870336.378,15949,74.15,74.2,74.16,74.14,high_C,low_P,C>P,C>M>O>P,F,F,T,T,T,T
1782870341.239,15950,74.2,74.28,74.22,74.2,high_C,TIE,TIE,TIE,F,F,TIE,T,T,T
1782870353.224,15951,74.28,74.14,74.22,74.24,high_O,low_C,O>C,O>P>M>C,T,T,T,F,F,F
1782870363.372,15952,74.14,74.04,74.11,74.12,high_O,low_C,O>C,O>P>M>C,T,T,T,F,F,F
1782870377.758,15953,74.04,74.1,74.09,74.09,high_C,low_O,C>O,TIE,F,F,F,T,T,TIE
1782870386.262,15954,74.1,74.07,74.08,74.09,high_O,low_C,O>C,O>P>M>C,T,T,T,F,F,F
1782870389.853,15955,74.07,74.03,74.04,74.03,high_O,TIE,TIE,TIE,T,T,T,F,TIE,T
1782870395.151,15956,74.03,74.01,74.02,74.02,high_O,low_C,O>C,TIE,T,T,T,F,F,TIE
1782870395.721,15957,74.01,73.96,73.98,73.99,high_O,low_C,O>C,O>P>M>C,T,T,T,F,F,F
1782870404.474,15959,73.94,73.94,73.94,73.94,TIE,TIE,TIE,TIE,TIE,TIE,TIE,TIE,TIE,TIE
1782870413.432,15960,73.94,74.0,73.95,73.94,high_C,TIE,TIE,TIE,F,F,TIE,T,T,T
1782870420.493,15961,74.0,73.97,73.97,74.0,TIE,TIE,TIE,TIE,T,T,TIE,TIE,F,F
1782870426.994,15962,73.97,73.95,73.98,73.98,TIE,low_C,TIE,TIE,T,F,F,F,F,TIE
1782870441.813,15963,73.95,73.98,73.97,73.98,TIE,low_O,TIE,TIE,F,F,F,T,TIE,F
1782870464.412,15964,73.98,74.0,73.96,73.96,high_C,TIE,TIE,TIE,F,T,T,T,T,TIE
1782870476.845,15965,74.0,74.01,74.0,74.0,high_C,TIE,TIE,TIE,F,TIE,TIE,T,T,TIE
1782870496.287,15966,74.01,74.02,74.01,74.0,high_C,low_P,C>P,TIE,F,TIE,T,T,T,T
1782870535.413,15968,73.91,73.91,73.93,73.94,high_P,TIE,TIE,TIE,TIE,F,F,F,F,F
1782870553.748,15969,73.91,73.9,73.9,73.9,high_O,TIE,TIE,TIE,T,T,T,TIE,TIE,TIE
1782870569.859,15970,73.9,73.89,73.92,73.92,TIE,low_C,TIE,TIE,T,F,F,F,F,TIE
1782870573.241,15971,73.89,73.9,73.9,73.9,TIE,low_O,TIE,TIE,F,F,F,TIE,TIE,TIE
1782870580.822,15972,73.9,73.88,73.89,73.89,high_O,low_C,O>C,TIE,T,T,T,F,F,TIE
1782870601.042,15973,73.88,73.91,73.89,73.87,high_C,low_P,C>P,C>M>O>P,F,F,T,T,T,T
1782870606.351,15974,73.91,73.85,73.85,73.85,high_O,TIE,TIE,TIE,T,T,T,TIE,TIE,TIE
1782870633.947,15975,73.85,73.83,73.83,73.82,high_O,low_P,O>P,TIE,T,T,T,TIE,T,T
1782870656.187,15976,73.83,73.81,73.82,73.81,high_O,TIE,TIE,TIE,T,T,T,F,TIE,T
1782870717.338,15979,73.8,73.8,73.82,73.82,TIE,TIE,TIE,TIE,TIE,F,F,F,F,TIE
1782870727.737,15980,73.8,73.77,73.8,73.79,TIE,low_C,TIE,TIE,T,TIE,T,F,F,T
1782870760.888,15981,73.77,73.87,73.81,73.79,high_C,low_O,C>O,C>M>P>O,F,F,F,T,T,T
1782870781.418,15982,73.87,73.86,73.87,73.87,TIE,low_C,TIE,TIE,T,TIE,TIE,F,F,TIE
1782870795.415,15983,73.86,73.88,73.9,73.9,TIE,low_O,TIE,TIE,F,F,F,F,F,TIE
1782870832.888,15984,73.88,73.92,73.89,73.9,high_C,low_O,C>O,C>P>M>O,F,F,F,T,T,F
1782870859.291,15985,73.92,73.94,73.93,73.93,high_C,low_O,C>O,TIE,F,F,F,T,T,TIE
1782870889.286,15987,73.98,73.98,73.98,73.98,TIE,TIE,TIE,TIE,TIE,TIE,TIE,TIE,TIE,TIE
1782870903.397,15988,73.98,74.07,74.0,73.99,high_C,low_O,C>O,C>M>P>O,F,F,F,T,T,T
1782870935.708,15989,74.07,74.03,74.03,74.02,high_O,low_P,O>P,TIE,T,T,T,TIE,T,T
1782870953.682,15990,74.03,74.11,74.09,74.12,high_P,low_O,P>O,P>C>M>O,F,F,F,T,F,F
1782870975.078,15991,74.11,74.03,74.07,74.07,high_O,low_C,O>C,TIE,T,T,T,F,F,TIE
1782871047.037,15993,74.0,74.0,74.04,74.06,high_P,TIE,TIE,TIE,TIE,F,F,F,F,F
1782871073.85,15994,74.0,73.97,73.97,73.97,high_O,TIE,TIE,TIE,T,T,T,TIE,TIE,TIE
1782871102.242,15995,73.97,73.94,73.94,73.93,high_O,low_P,O>P,TIE,T,T,T,TIE,T,T
1782871171.693,15996,73.94,73.95,73.94,73.92,high_C,low_P,C>P,TIE,F,TIE,T,T,T,T
1782871200.595,15997,73.95,73.91,73.95,73.95,TIE,low_C,TIE,TIE,T,TIE,TIE,F,F,TIE
1782871225.508,15999,73.98,73.98,73.99,73.99,TIE,TIE,TIE,TIE,TIE,F,F,F,F,TIE
1782871279.22,16000,73.98,74.01,73.98,73.97,high_C,low_P,C>P,TIE,F,TIE,T,T,T,T
1782871304.465,16001,74.01,73.97,74.02,74.02,TIE,low_C,TIE,TIE,T,F,F,F,F,TIE
1782871348.307,16002,73.97,73.98,73.96,73.97,high_C,low_M,C>M,TIE,F,T,TIE,T,T,F
1782871372.925,16003,73.98,74.06,74.0,74.0,high_C,low_O,C>O,TIE,F,F,F,T,T,TIE
1782871403.427,16004,74.06,74.01,74.05,74.06,TIE,low_C,TIE,TIE,T,T,TIE,F,F,F
1782871427.98,16005,74.01,74.08,74.06,74.08,TIE,low_O,TIE,TIE,F,F,F,T,TIE,F
1782871454.399,16006,74.08,74.04,74.05,74.06,high_O,low_C,O>C,O>P>M>C,T,T,T,F,F,F
1782871506.835,16007,74.04,73.93,73.97,73.96,high_O,low_C,O>C,O>M>P>C,T,T,T,F,F,T
1782871551.404,16009,73.87,73.87,73.87,73.87,TIE,TIE,TIE,TIE,TIE,TIE,TIE,TIE,TIE,TIE
1782871569.137,16010,73.87,73.8,73.85,73.83,high_O,low_C,O>C,O>M>P>C,T,T,T,F,F,T
1782871586.965,16011,73.8,73.82,73.82,73.82,TIE,low_O,TIE,TIE,F,F,F,TIE,TIE,TIE
1782871605.003,16012,73.82,73.76,73.81,73.82,TIE,low_C,TIE,TIE,T,T,TIE,F,F,F
1782871640.323,16013,73.76,73.79,73.78,73.79,TIE,low_O,TIE,TIE,F,F,F,T,TIE,F
1782871722.604,16015,73.84,73.84,73.85,73.84,high_M,TIE,TIE,TIE,TIE,F,TIE,F,TIE,T
1782871763.68,16016,73.84,73.87,73.85,73.89,high_P,low_O,P>O,P>C>M>O,F,F,F,T,F,F
1782871798.489,16017,73.87,73.93,73.92,73.93,TIE,low_O,TIE,TIE,F,F,F,T,TIE,F
1782871806.561,16018,73.93,73.96,73.94,73.94,high_C,low_O,C>O,TIE,F,F,F,T,T,TIE
1782871840.309,16019,73.96,74.0,74.0,74.01,high_P,low_O,P>O,TIE,F,F,F,TIE,F,F
1782871885.94,16020,74.0,74.01,73.99,74.0,high_C,low_M,C>M,TIE,F,T,TIE,T,T,F
1782871950.559,16022,74.08,74.08,74.08,74.08,TIE,TIE,TIE,TIE,TIE,TIE,TIE,TIE,TIE,TIE
1782871971.392,16024,74.11,74.11,74.1,74.1,TIE,TIE,TIE,TIE,TIE,T,T,T,T,TIE
1782871990.65,16025,74.11,74.19,74.17,74.19,TIE,low_O,TIE,TIE,F,F,F,T,TIE,F
1782871991.302,16026,74.19,74.25,74.2,74.19,high_C,TIE,TIE,TIE,F,F,TIE,T,T,T
1782871992.212,16027,74.25,74.2,74.25,74.25,TIE,low_C,TIE,TIE,T,TIE,TIE,F,F,TIE
1782872022.447,16028,74.2,74.17,74.19,74.2,TIE,low_C,TIE,TIE,T,T,TIE,F,F,F
1782872052.229,16029,74.17,74.16,74.16,74.16,high_O,TIE,TIE,TIE,T,T,T,TIE,TIE,TIE
1782872071.984,16030,74.16,74.09,74.12,74.12,high_O,low_C,O>C,TIE,T,T,T,F,F,TIE
1782872122.039,16031,74.09,74.07,74.11,74.11,TIE,low_C,TIE,TIE,T,F,F,F,F,TIE
1782872147.336,16032,74.07,74.16,74.07,74.05,high_C,low_P,C>P,TIE,F,TIE,T,T,T,T
1782872169.211,16033,74.16,74.24,74.22,74.23,high_C,low_O,C>O,C>P>M>O,F,F,F,T,T,F
1782872189.26,16034,74.24,74.2,74.22,74.22,high_O,low_C,O>C,TIE,T,T,T,F,F,TIE
1782872198.977,16035,74.2,74.29,74.27,74.29,TIE,low_O,TIE,TIE,F,F,F,T,TIE,F
1782872201.244,16036,74.29,74.31,74.3,74.3,high_C,low_O,C>O,TIE,F,F,F,T,T,TIE
1782872208.757,16037,74.31,74.36,74.33,74.35,high_C,low_O,C>O,C>P>M>O,F,F,F,T,T,F
1782872227.035,16038,74.36,74.28,74.31,74.29,high_O,low_C,O>C,O>M>P>C,T,T,T,F,F,T
1782872229.286,16039,74.28,74.23,74.25,74.25,high_O,low_C,O>C,TIE,T,T,T,F,F,TIE
1782872235.055,16040,74.23,74.31,74.23,74.23,high_C,TIE,TIE,TIE,F,TIE,TIE,T,T,TIE
1782872241.58,16041,74.31,74.28,74.29,74.28,high_O,TIE,TIE,TIE,T,T,T,F,TIE,T
1782872246.81,16042,74.28,74.29,74.27,74.27,high_C,TIE,TIE,TIE,F,T,T,T,T,TIE
1782872273.296,16043,74.29,74.23,74.25,74.25,high_O,low_C,O>C,TIE,T,T,T,F,F,TIE
1782872294.145,16044,74.23,74.28,74.28,74.28,TIE,low_O,TIE,TIE,F,F,F,TIE,TIE,TIE
1782872311.236,16045,74.28,74.22,74.28,74.28,TIE,low_C,TIE,TIE,T,TIE,TIE,F,F,TIE
1782872348.623,16046,74.22,74.19,74.21,74.21,high_O,low_C,O>C,TIE,T,T,T,F,F,TIE
1782872397.372,16047,74.19,74.16,74.15,74.15,high_O,TIE,TIE,TIE,T,T,T,T,T,TIE
1782872423.131,16048,74.16,74.12,74.11,74.11,high_O,TIE,TIE,TIE,T,T,T,T,T,TIE
1782872466.612,16049,74.12,74.19,74.18,74.18,high_C,low_O,C>O,TIE,F,F,F,T,T,TIE
1782872475.516,16050,74.19,74.21,74.2,74.2,high_C,low_O,C>O,TIE,F,F,F,T,T,TIE
1782872490.953,16051,74.21,74.33,74.28,74.28,high_C,low_O,C>O,TIE,F,F,F,T,T,TIE
1782872499.411,16052,74.33,74.36,74.34,74.34,high_C,low_O,C>O,TIE,F,F,F,T,T,TIE
1782872503.117,16053,74.36,74.33,74.36,74.36,TIE,low_C,TIE,TIE,T,TIE,TIE,F,F,TIE
1782872503.196,16054,74.33,74.29,74.31,74.3,high_O,low_C,O>C,O>M>P>C,T,T,T,F,F,T
1782872525.706,16055,74.29,74.39,74.34,74.33,high_C,low_O,C>O,C>M>P>O,F,F,F,T,T,T
1782872525.738,16056,74.39,74.38,74.4,74.4,TIE,low_C,TIE,TIE,T,F,F,F,F,TIE
1782872525.77,16057,74.38,74.41,74.41,74.43,high_P,low_O,P>O,TIE,F,F,F,TIE,F,F
1782872528.065,16059,74.42,74.42,74.44,74.44,TIE,TIE,TIE,TIE,TIE,F,F,F,F,TIE
1782872532.185,16060,74.42,74.46,74.43,74.42,high_C,TIE,TIE,TIE,F,F,TIE,T,T,T
1782872545.616,16061,74.46,74.41,74.45,74.46,TIE,low_C,TIE,TIE,T,T,TIE,F,F,F
1782872575.334,16062,74.41,74.43,74.42,74.42,high_C,low_O,C>O,TIE,F,F,F,T,T,TIE
1782872600.595,16064,74.33,74.33,74.33,74.33,TIE,TIE,TIE,TIE,TIE,TIE,TIE,TIE,TIE,TIE
1782872616.005,16065,74.33,74.42,74.39,74.39,high_C,low_O,C>O,TIE,F,F,F,T,T,TIE
1782872633.728,16066,74.42,74.48,74.45,74.42,high_C,TIE,TIE,TIE,F,F,TIE,T,T,T
1782872646.982,16067,74.48,74.45,74.45,74.45,high_O,TIE,TIE,TIE,T,T,T,TIE,TIE,TIE
1782872652.065,16068,74.45,74.41,74.43,74.41,high_O,TIE,TIE,TIE,T,T,T,F,TIE,T
1782872655.596,16069,74.41,74.43,74.41,74.42,high_C,TIE,TIE,TIE,F,TIE,F,T,T,F
1782872658.336,16071,74.44,74.44,74.44,74.43,TIE,low_P,TIE,TIE,TIE,TIE,T,TIE,T,T
1782872667.008,16072,74.44,74.46,74.47,74.47,TIE,low_O,TIE,TIE,F,F,F,F,F,TIE
1782872692.43,16073,74.46,74.44,74.44,74.44,high_O,TIE,TIE,TIE,T,T,T,TIE,TIE,TIE
1782872702.072,16074,74.44,74.4,74.42,74.42,high_O,low_C,O>C,TIE,T,T,T,F,F,TIE
1782872722.466,16075,74.4,74.39,74.39,74.38,high_O,low_P,O>P,TIE,T,T,T,TIE,T,T
1782872734.545,16076,74.39,74.36,74.38,74.38,high_O,low_C,O>C,TIE,T,T,T,F,F,TIE
1782872780.329,16078,74.37,74.37,74.37,74.37,TIE,TIE,TIE,TIE,TIE,TIE,TIE,TIE,TIE,TIE
1782872790.695,16079,74.37,74.46,74.41,74.43,high_C,low_O,C>O,C>P>M>O,F,F,F,T,T,F
1782872792.233,16081,74.49,74.49,74.5,74.5,TIE,TIE,TIE,TIE,TIE,F,F,F,F,TIE
1782872801.706,16082,74.49,74.46,74.47,74.47,high_O,low_C,O>C,TIE,T,T,T,F,F,TIE
1782872806.919,16083,74.46,74.55,74.51,74.55,TIE,low_O,TIE,TIE,F,F,F,T,TIE,F
1782872816.64,16084,74.55,74.54,74.54,74.54,high_O,TIE,TIE,TIE,T,T,T,TIE,TIE,TIE
1782872818.923,16085,74.54,74.53,74.53,74.53,high_O,TIE,TIE,TIE,T,T,T,TIE,TIE,TIE
1782872837.698,16086,74.53,74.44,74.46,74.45,high_O,low_C,O>C,O>M>P>C,T,T,T,F,F,T
1782872875.164,16087,74.44,74.47,74.45,74.47,TIE,low_O,TIE,TIE,F,F,F,T,TIE,F
1782872902.127,16088,74.47,74.55,74.49,74.55,TIE,low_O,TIE,TIE,F,F,F,T,TIE,F
1782872914.58,16089,74.55,74.56,74.55,74.55,high_C,TIE,TIE,TIE,F,TIE,TIE,T,T,TIE
1782872918.654,16090,74.56,74.51,74.56,74.57,high_P,low_C,P>C,TIE,T,TIE,F,F,F,F
1782872934.996,16091,74.51,74.49,74.49,74.48,high_O,low_P,O>P,TIE,T,T,T,TIE,T,T
1782872971.447,16092,74.49,74.48,74.46,74.46,high_O,TIE,TIE,TIE,T,T,T,T,T,TIE
1782873006.123,16094,74.49,74.49,74.46,74.46,TIE,TIE,TIE,TIE,TIE,T,T,T,T,TIE
1782873014.288,16095,74.49,74.44,74.44,74.44,high_O,TIE,TIE,TIE,T,T,T,TIE,TIE,TIE
1782873027.21,16097,74.43,74.43,74.43,74.43,TIE,TIE,TIE,TIE,TIE,TIE,TIE,TIE,TIE,TIE
1782873044.065,16099,74.51,74.51,74.51,74.51,TIE,TIE,TIE,TIE,TIE,TIE,TIE,TIE,TIE,TIE
1782873059.641,16100,74.51,74.52,74.52,74.52,TIE,low_O,TIE,TIE,F,F,F,TIE,TIE,TIE
1782873072.989,16101,74.52,74.57,74.56,74.56,high_C,low_O,C>O,TIE,F,F,F,T,T,TIE
1782873081.614,16102,74.57,74.59,74.59,74.59,TIE,low_O,TIE,TIE,F,F,F,TIE,TIE,TIE
1782873082.255,16103,74.59,74.63,74.59,74.59,high_C,TIE,TIE,TIE,F,TIE,TIE,T,T,TIE
1782873083.084,16104,74.63,74.67,74.65,74.64,high_C,low_O,C>O,C>M>P>O,F,F,F,T,T,T
1782873083.376,16105,74.67,74.71,74.7,74.7,high_C,low_O,C>O,TIE,F,F,F,T,T,TIE
1782873083.83,16106,74.71,74.76,74.72,74.7,high_C,low_P,C>P,C>M>O>P,F,F,T,T,T,T
1782873084.243,16107,74.76,74.74,74.76,74.76,TIE,low_C,TIE,TIE,T,TIE,TIE,F,F,TIE
1782873085.308,16108,74.74,74.72,74.74,74.73,TIE,low_C,TIE,TIE,T,TIE,T,F,F,T
1782873088.588,16109,74.72,74.69,74.74,74.74,TIE,low_C,TIE,TIE,T,F,F,F,F,TIE
1782873093.536,16110,74.69,74.67,74.69,74.69,TIE,low_C,TIE,TIE,T,TIE,TIE,F,F,TIE
1782873107.921,16111,74.67,74.59,74.62,74.61,high_O,low_C,O>C,O>M>P>C,T,T,T,F,F,T
1782873111.464,16112,74.59,74.54,74.59,74.59,TIE,low_C,TIE,TIE,T,TIE,TIE,F,F,TIE
1782873133.897,16113,74.54,74.46,74.5,74.51,high_O,low_C,O>C,O>P>M>C,T,T,T,F,F,F
1782873153.711,16114,74.46,74.58,74.53,74.58,TIE,low_O,TIE,TIE,F,F,F,T,TIE,F
1782873168.529,16115,74.58,74.52,74.58,74.52,TIE,TIE,TIE,TIE,T,TIE,T,F,TIE,T
1782873195.119,16116,74.52,74.45,74.51,74.46,high_O,low_C,O>C,O>M>P>C,T,T,T,F,F,T
1782873220.002,16117,74.45,74.54,74.49,74.49,high_C,low_O,C>O,TIE,F,F,F,T,T,TIE
1782873237.024,16119,74.56,74.56,74.53,74.52,TIE,low_P,TIE,TIE,TIE,T,T,T,T,T
1782873273.769,16120,74.56,74.65,74.59,74.6,high_C,low_O,C>O,C>P>M>O,F,F,F,T,T,F
1782873286.616,16121,74.65,74.62,74.64,74.67,high_P,low_C,P>C,P>O>M>C,T,T,F,F,F,F
1782873291.212,16122,74.62,74.64,74.64,74.64,TIE,low_O,TIE,TIE,F,F,F,TIE,TIE,TIE
1782873310.571,16124,74.66,74.66,74.64,74.64,TIE,TIE,TIE,TIE,TIE,T,T,T,T,TIE
1782873325.535,16125,74.66,74.68,74.67,74.67,high_C,low_O,C>O,TIE,F,F,F,T,T,TIE
1782873337.308,16126,74.68,74.71,74.7,74.7,high_C,low_O,C>O,TIE,F,F,F,T,T,TIE
1782873348.122,16127,74.71,74.74,74.72,74.72,high_C,low_O,C>O,TIE,F,F,F,T,T,TIE
1782873362.123,16129,74.7,74.7,74.7,74.7,TIE,TIE,TIE,TIE,TIE,TIE,TIE,TIE,TIE,TIE
1782873372.09,16130,74.7,74.68,74.71,74.7,high_M,low_C,M>C,TIE,T,F,TIE,F,F,T
1782873386.035,16131,74.68,74.75,74.72,74.74,high_C,low_O,C>O,C>P>M>O,F,F,F,T,T,F
1782873399.751,16132,74.75,74.74,74.74,74.72,high_O,low_P,O>P,TIE,T,T,T,TIE,T,T
1782873466.912,16135,74.7,74.7,74.7,74.7,TIE,TIE,TIE,TIE,TIE,TIE,TIE,TIE,TIE,TIE
1782873480.512,16137,74.73,74.73,74.73,74.73,TIE,TIE,TIE,TIE,TIE,TIE,TIE,TIE,TIE,TIE
1782873490.793,16138,74.73,74.79,74.75,74.75,high_C,low_O,C>O,TIE,F,F,F,T,T,TIE
1782873490.795,16139,74.79,74.8,74.8,74.8,TIE,low_O,TIE,TIE,F,F,F,TIE,TIE,TIE
1782873490.913,16140,74.8,74.87,74.86,74.87,TIE,low_O,TIE,TIE,F,F,F,T,TIE,F
1782873491.108,16141,74.87,74.85,74.88,74.88,TIE,low_C,TIE,TIE,T,F,F,F,F,TIE
1782873491.171,16142,74.85,74.86,74.85,74.85,high_C,TIE,TIE,TIE,F,TIE,TIE,T,T,TIE
1782873492.49,16143,74.86,74.87,74.87,74.87,TIE,low_O,TIE,TIE,F,F,F,TIE,TIE,TIE
1782873493.506,16144,74.87,74.86,74.86,74.86,high_O,TIE,TIE,TIE,T,T,T,TIE,TIE,TIE
1782873495.6,16145,74.86,74.87,74.87,74.87,TIE,low_O,TIE,TIE,F,F,F,TIE,TIE,TIE
1782873500.872,16146,74.87,74.91,74.91,74.91,TIE,low_O,TIE,TIE,F,F,F,TIE,TIE,TIE
1782873505.162,16149,74.93,74.86,74.9,74.93,TIE,low_C,TIE,TIE,T,T,TIE,F,F,F
1782873515.14,16150,74.86,74.95,74.92,74.94,high_C,low_O,C>O,C>P>M>O,F,F,F,T,T,F
1782873520.734,16151,74.95,74.94,74.93,74.93,high_O,TIE,TIE,TIE,T,T,T,T,T,TIE
1782873527.722,16152,74.94,74.97,74.94,74.93,high_C,low_P,C>P,TIE,F,TIE,T,T,T,T
1782873532.532,16153,74.97,74.95,74.97,74.98,high_P,low_C,P>C,TIE,T,TIE,F,F,F,F
1782873545.021,16154,74.95,74.93,74.95,74.96,high_P,low_C,P>C,TIE,T,TIE,F,F,F,F
1782873553.531,16155,74.93,74.94,74.93,74.93,high_C,TIE,TIE,TIE,F,TIE,TIE,T,T,TIE
1782873558.904,16156,74.94,74.9,74.92,74.92,high_O,low_C,O>C,TIE,T,T,T,F,F,TIE
1782873583.634,16158,74.87,74.87,74.87,74.87,TIE,TIE,TIE,TIE,TIE,TIE,TIE,TIE,TIE,TIE
1782873601.426,16159,74.87,74.82,74.86,74.87,TIE,low_C,TIE,TIE,T,T,TIE,F,F,F
1782873625.237,16160,74.82,74.77,74.78,74.8,high_O,low_C,O>C,O>P>M>C,T,T,T,F,F,F
1782873633.477,16161,74.77,74.76,74.77,74.76,TIE,TIE,TIE,TIE,T,TIE,T,F,TIE,T
1782873633.517,16162,74.76,74.74,74.74,74.74,high_O,TIE,TIE,TIE,T,T,T,TIE,TIE,TIE
1782873633.863,16163,74.74,74.81,74.8,74.8,high_C,low_O,C>O,TIE,F,F,F,T,T,TIE
1782873639.944,16164,74.81,74.8,74.8,74.8,high_O,TIE,TIE,TIE,T,T,T,TIE,TIE,TIE
1782873670.394,16165,74.8,74.76,74.75,74.75,high_O,TIE,TIE,TIE,T,T,T,T,T,TIE
1782873706.071,16166,74.76,74.84,74.81,74.82,high_C,low_O,C>O,C>P>M>O,F,F,F,T,T,F
1782873716.07,16167,74.84,74.83,74.83,74.83,high_O,TIE,TIE,TIE,T,T,T,TIE,TIE,TIE
1782873746.657,16169,74.86,74.86,74.85,74.85,TIE,TIE,TIE,TIE,TIE,T,T,T,T,TIE
1782873756.3,16170,74.86,74.83,74.85,74.85,high_O,low_C,O>C,TIE,T,T,T,F,F,TIE
1782873777.768,16171,74.83,74.85,74.85,74.85,TIE,low_O,TIE,TIE,F,F,F,TIE,TIE,TIE
1782873801.414,16172,74.85,74.9,74.88,74.87,high_C,low_O,C>O,C>M>P>O,F,F,F,T,T,T
1782873812.077,16173,74.9,74.89,74.88,74.88,high_O,TIE,TIE,TIE,T,T,T,T,T,TIE
1782873814.062,16174,74.89,74.88,74.89,74.9,high_P,low_C,P>C,TIE,T,TIE,F,F,F,F
1782873828.999,16175,74.88,74.9,74.91,74.91,TIE,low_O,TIE,TIE,F,F,F,F,F,TIE
1782873850.256,16176,74.9,74.92,74.92,74.91,TIE,low_O,TIE,TIE,F,F,F,TIE,T,T
1782873872.794,16177,74.92,74.98,74.96,74.97,high_C,low_O,C>O,C>P>M>O,F,F,F,T,T,F
1782873872.803,16179,75.0,75.0,75.0,75.0,TIE,TIE,TIE,TIE,TIE,TIE,TIE,TIE,TIE,TIE
1782873872.804,16180,75.0,74.99,75.0,75.0,TIE,low_C,TIE,TIE,T,TIE,TIE,F,F,TIE
1782873872.806,16181,74.99,75.0,74.98,74.97,high_C,low_P,C>P,C>O>M>P,F,T,T,T,T,T
1782873879.308,16182,75.0,74.98,74.99,74.98,high_O,TIE,TIE,TIE,T,T,T,F,TIE,T
1782873889.065,16183,74.98,74.99,75.0,75.0,TIE,low_O,TIE,TIE,F,F,F,F,F,TIE
1782873894.982,16184,74.99,74.98,74.98,74.98,high_O,TIE,TIE,TIE,T,T,T,TIE,TIE,TIE
1782873907.091,16185,74.98,74.94,74.98,74.98,TIE,low_C,TIE,TIE,T,TIE,TIE,F,F,TIE
1782873928.49,16186,74.94,74.89,74.92,74.93,high_O,low_C,O>C,O>P>M>C,T,T,T,F,F,F
1782873930.277,16187,74.89,74.94,74.93,74.93,high_C,low_O,C>O,TIE,F,F,F,T,T,TIE
1782873930.278,16188,74.94,74.96,74.95,74.95,high_C,low_O,C>O,TIE,F,F,F,T,T,TIE
1782873930.346,16189,74.96,74.94,74.96,74.96,TIE,low_C,TIE,TIE,T,TIE,TIE,F,F,TIE
1782873937.661,16190,74.94,75.0,74.99,74.99,high_C,low_O,C>O,TIE,F,F,F,T,T,TIE
1782873956.458,16191,75.0,74.95,74.97,74.99,high_O,low_C,O>C,O>P>M>C,T,T,T,F,F,F
1782873976.329,16192,74.95,74.87,74.9,74.9,high_O,low_C,O>C,TIE,T,T,T,F,F,TIE
1782873996.764,16193,74.87,74.83,74.83,74.83,high_O,TIE,TIE,TIE,T,T,T,TIE,TIE,TIE
1782874015.794,16194,74.83,74.79,74.8,74.79,high_O,TIE,TIE,TIE,T,T,T,F,TIE,T
1782874031.02,16195,74.79,74.71,74.77,74.77,high_O,low_C,O>C,TIE,T,T,T,F,F,TIE
1782874050.634,16196,74.71,74.72,74.71,74.71,high_C,TIE,TIE,TIE,F,TIE,TIE,T,T,TIE
1782874070.848,16197,74.72,74.74,74.75,74.75,TIE,low_O,TIE,TIE,F,F,F,F,F,TIE
1782874094.103,16198,74.74,74.69,74.69,74.69,high_O,TIE,TIE,TIE,T,T,T,TIE,TIE,TIE
1782874094.24,16199,74.69,74.75,74.7,74.7,high_C,low_O,C>O,TIE,F,F,F,T,T,TIE
1782874095.163,16200,74.75,74.84,74.81,74.84,TIE,low_O,TIE,TIE,F,F,F,T,TIE,F
1782874098.654,16201,74.84,74.8,74.82,74.82,high_O,low_C,O>C,TIE,T,T,T,F,F,TIE
1782874122.235,16202,74.8,74.77,74.78,74.78,high_O,low_C,O>C,TIE,T,T,T,F,F,TIE
1782874234.202,16204,74.72,74.72,74.73,74.73,TIE,TIE,TIE,TIE,TIE,F,F,F,F,TIE
1782874268.417,16205,74.72,74.78,74.73,74.73,high_C,low_O,C>O,TIE,F,F,F,T,T,TIE
1782874297.732,16206,74.78,74.77,74.79,74.8,high_P,low_C,P>C,P>M>O>C,T,F,F,F,F,F
1782874326.18,16207,74.77,74.73,74.74,74.74,high_O,low_C,O>C,TIE,T,T,T,F,F,TIE
1782874326.181,16208,74.73,74.76,74.75,74.74,high_C,low_O,C>O,C>M>P>O,F,F,F,T,T,T
1782874333.842,16211,74.78,74.78,74.76,74.77,TIE,low_M,TIE,TIE,TIE,T,T,T,T,F
1782874334.118,16212,74.78,74.76,74.78,74.78,TIE,low_C,TIE,TIE,T,TIE,TIE,F,F,TIE
1782874365.06,16213,74.76,74.73,74.73,74.73,high_O,TIE,TIE,TIE,T,T,T,TIE,TIE,TIE
1782874413.672,16214,74.73,74.78,74.76,74.73,high_C,TIE,TIE,TIE,F,F,TIE,T,T,T
1782874458.676,16215,74.78,74.86,74.84,74.85,high_C,low_O,C>O,C>P>M>O,F,F,F,T,T,F
1782874485.371,16216,74.86,74.83,74.85,74.85,high_O,low_C,O>C,TIE,T,T,T,F,F,TIE
1782874524.49,16217,74.83,74.89,74.89,74.92,high_P,low_O,P>O,TIE,F,F,F,TIE,F,F
1782874581.263,16218,74.89,74.83,74.87,74.87,high_O,low_C,O>C,TIE,T,T,T,F,F,TIE
1782874666.61,16219,74.83,74.85,74.83,74.85,TIE,TIE,TIE,TIE,F,TIE,F,T,TIE,F
1782874800.396,16221,74.77,74.77,74.77,74.77,TIE,TIE,TIE,TIE,TIE,TIE,TIE,TIE,TIE,TIE
1782874800.81,16222,74.77,74.81,74.8,74.81,TIE,low_O,TIE,TIE,F,F,F,T,TIE,F
1782874842.933,16223,74.81,74.74,74.77,74.81,TIE,low_C,TIE,TIE,T,T,TIE,F,F,F
1782874889.26,16224,74.74,74.72,74.75,74.75,TIE,low_C,TIE,TIE,T,F,F,F,F,TIE
1782874911.703,16227,74.7,74.69,74.7,74.7,TIE,low_C,TIE,TIE,T,TIE,TIE,F,F,TIE
1782874911.788,16228,74.69,74.66,74.67,74.67,high_O,low_C,O>C,TIE,T,T,T,F,F,TIE
1782874911.789,16229,74.66,74.64,74.65,74.66,TIE,low_C,TIE,TIE,T,T,TIE,F,F,F
1782874911.789,16230,74.64,74.61,74.62,74.63,high_O,low_C,O>C,O>P>M>C,T,T,T,F,F,F
1782874911.79,16231,74.61,74.58,74.59,74.59,high_O,low_C,O>C,TIE,T,T,T,F,F,TIE
1782874911.791,16232,74.58,74.55,74.56,74.56,high_O,low_C,O>C,TIE,T,T,T,F,F,TIE
1782874911.791,16233,74.55,74.54,74.55,74.55,TIE,low_C,TIE,TIE,T,TIE,TIE,F,F,TIE
1782874911.808,16234,74.54,74.55,74.58,74.53,high_M,low_P,M>P,M>C>O>P,F,F,T,F,T,T
1782874911.977,16235,74.55,74.65,74.64,74.64,high_C,low_O,C>O,TIE,F,F,F,T,T,TIE
1782874923.032,16236,74.65,74.66,74.64,74.64,high_C,TIE,TIE,TIE,F,T,T,T,T,TIE
1782874939.528,16237,74.66,74.65,74.66,74.65,TIE,TIE,TIE,TIE,T,TIE,T,F,TIE,T
1782874978.111,16238,74.65,74.59,74.63,74.66,high_P,low_C,P>C,P>O>M>C,T,T,F,F,F,F
1782874981.791,16239,74.59,74.62,74.62,74.62,TIE,low_O,TIE,TIE,F,F,F,TIE,TIE,TIE
1782875013.233,16240,74.62,74.61,74.61,74.62,TIE,TIE,TIE,TIE,T,T,TIE,TIE,F,F
1782875035.648,16241,74.61,74.56,74.59,74.61,TIE,low_C,TIE,TIE,T,T,TIE,F,F,F
1782875093.324,16242,74.56,74.55,74.58,74.58,TIE,low_C,TIE,TIE,T,F,F,F,F,TIE
1782875142.706,16243,74.55,74.69,74.6,74.7,high_P,low_O,P>O,P>C>M>O,F,F,F,T,F,F
1782875176.639,16244,74.69,74.76,74.73,74.73,high_C,low_O,C>O,TIE,F,F,F,T,T,TIE
1782875213.969,16245,74.76,74.82,74.8,74.8,high_C,low_O,C>O,TIE,F,F,F,T,T,TIE
1782875235.114,16246,74.82,74.83,74.84,74.84,TIE,low_O,TIE,TIE,F,F,F,F,F,TIE
1782875247.43,16247,74.83,74.84,74.81,74.81,high_C,TIE,TIE,TIE,F,T,T,T,T,TIE
1782875286.128,16248,74.84,74.85,74.87,74.88,high_P,low_O,P>O,P>M>C>O,F,F,F,F,F,F
1782875302.087,16249,74.85,74.78,74.79,74.79,high_O,low_C,O>C,TIE,T,T,T,F,F,TIE
1782875327.998,16250,74.78,74.71,74.75,74.78,TIE,low_C,TIE,TIE,T,T,TIE,F,F,F
1782875371.427,16251,74.71,74.68,74.7,74.71,TIE,low_C,TIE,TIE,T,T,TIE,F,F,F
1782875407.5,16252,74.68,74.63,74.68,74.7,high_P,low_C,P>C,TIE,T,TIE,F,F,F,F
1782875464.525,16253,74.63,74.65,74.65,74.65,TIE,low_O,TIE,TIE,F,F,F,TIE,TIE,TIE
1782875539.97,16254,74.65,74.66,74.64,74.65,high_C,low_M,C>M,TIE,F,T,TIE,T,T,F
1782875604.567,16255,74.66,74.64,74.66,74.66,TIE,low_C,TIE,TIE,T,TIE,TIE,F,F,TIE
1782875672.301,16256,74.64,74.66,74.64,74.66,TIE,TIE,TIE,TIE,F,TIE,F,T,TIE,F
1782875765.165,16257,74.66,74.57,74.58,74.58,high_O,low_C,O>C,TIE,T,T,T,F,F,TIE
1782875797.25,16258,74.57,74.52,74.52,74.52,high_O,TIE,TIE,TIE,T,T,T,TIE,TIE,TIE
1782875805.176,16259,74.52,74.45,74.5,74.52,TIE,low_C,TIE,TIE,T,T,TIE,F,F,F
1782875842.775,16260,74.45,74.54,74.49,74.47,high_C,low_O,C>O,C>M>P>O,F,F,F,T,T,T
1782875864.348,16261,74.54,74.5,74.5,74.5,high_O,TIE,TIE,TIE,T,T,T,TIE,TIE,TIE
1782875880.593,16262,74.5,74.43,74.44,74.43,high_O,TIE,TIE,TIE,T,T,T,F,TIE,T
1782875895.787,16263,74.43,74.44,74.42,74.4,high_C,low_P,C>P,C>O>M>P,F,T,T,T,T,T
1782875921.594,16264,74.44,74.46,74.46,74.46,TIE,low_O,TIE,TIE,F,F,F,TIE,TIE,TIE
1782875999.093,16265,74.46,74.39,74.44,74.45,high_O,low_C,O>C,O>P>M>C,T,T,T,F,F,F
1782876043.78,16266,74.39,74.36,74.34,74.34,high_O,TIE,TIE,TIE,T,T,T,T,T,TIE
1782876115.426,16267,74.36,74.39,74.4,74.41,high_P,low_O,P>O,P>M>C>O,F,F,F,F,F,F
1782876211.711,16268,74.39,74.43,74.46,74.46,TIE,low_O,TIE,TIE,F,F,F,F,F,TIE
1782876333.318,16270,74.47,74.47,74.44,74.43,TIE,low_P,TIE,TIE,TIE,T,T,T,T,T
1782876338.451,16271,74.47,74.48,74.48,74.49,high_P,low_O,P>O,TIE,F,F,F,TIE,F,F
1782876339.211,16272,74.48,74.43,74.47,74.47,high_O,low_C,O>C,TIE,T,T,T,F,F,TIE
1782876362.066,16273,74.43,74.41,74.42,74.43,TIE,low_C,TIE,TIE,T,T,TIE,F,F,F
1782876383.298,16274,74.41,74.4,74.4,74.4,high_O,TIE,TIE,TIE,T,T,T,TIE,TIE,TIE
1782876455.099,16276,74.38,74.38,74.4,74.41,high_P,TIE,TIE,TIE,TIE,F,F,F,F,F
1782876479.969,16277,74.38,74.42,74.44,74.44,TIE,low_O,TIE,TIE,F,F,F,F,F,TIE
1782876529.499,16278,74.42,74.5,74.5,74.5,TIE,low_O,TIE,TIE,F,F,F,TIE,TIE,TIE
1782876609.101,16279,74.5,74.55,74.51,74.5,high_C,TIE,TIE,TIE,F,F,TIE,T,T,T
1782876685.889,16280,74.55,74.5,74.51,74.53,high_O,low_C,O>C,O>P>M>C,T,T,T,F,F,F
1782876777.722,16281,74.5,74.45,74.44,74.44,high_O,TIE,TIE,TIE,T,T,T,T,T,TIE
1782876874.202,16282,74.45,74.52,74.52,74.56,high_P,low_O,P>O,TIE,F,F,F,TIE,F,F
1782876940.689,16283,74.52,74.6,74.56,74.56,high_C,low_O,C>O,TIE,F,F,F,T,T,TIE
1782876978.027,16284,74.6,74.62,74.6,74.6,high_C,TIE,TIE,TIE,F,TIE,TIE,T,T,TIE
1782876990.462,16285,74.62,74.71,74.67,74.68,high_C,low_O,C>O,C>P>M>O,F,F,F,T,T,F
1782876993.905,16286,74.71,74.79,74.78,74.72,high_C,low_O,C>O,C>M>P>O,F,F,F,T,T,T
1782876997.979,16287,74.79,74.83,74.82,74.81,high_C,low_O,C>O,C>M>P>O,F,F,F,T,T,T
1782877009.35,16288,74.83,74.9,74.89,74.89,high_C,low_O,C>O,TIE,F,F,F,T,T,TIE
1782877026.713,16289,74.9,74.96,74.86,74.85,high_C,low_P,C>P,C>O>M>P,F,T,T,T,T,T
1782877028.574,16290,74.96,75.0,75.0,75.0,TIE,low_O,TIE,TIE,F,F,F,TIE,TIE,TIE
1782877028.787,16291,75.0,75.1,75.08,75.09,high_C,low_O,C>O,C>P>M>O,F,F,F,T,T,F
1782877029.138,16292,75.1,75.07,75.11,75.12,high_P,low_C,P>C,P>M>O>C,T,F,F,F,F,F
1782877030.386,16293,75.07,75.11,75.1,75.09,high_C,low_O,C>O,C>M>P>O,F,F,F,T,T,T
1782877031.362,16294,75.11,75.13,75.13,75.14,high_P,low_O,P>O,TIE,F,F,F,TIE,F,F
1782877031.895,16295,75.13,75.15,75.14,75.14,high_C,low_O,C>O,TIE,F,F,F,T,T,TIE
1782877032.639,16296,75.15,75.19,75.19,75.19,TIE,low_O,TIE,TIE,F,F,F,TIE,TIE,TIE
1782877033.018,16297,75.19,75.15,75.16,75.15,high_O,TIE,TIE,TIE,T,T,T,F,TIE,T
1782877034.483,16298,75.15,75.12,75.14,75.14,high_O,low_C,O>C,TIE,T,T,T,F,F,TIE
1782877035.779,16299,75.12,75.13,75.1,75.1,high_C,TIE,TIE,TIE,F,T,T,T,T,TIE
1782877043.917,16300,75.13,75.14,75.13,75.13,high_C,TIE,TIE,TIE,F,TIE,TIE,T,T,TIE
1782877053.199,16301,75.14,75.16,75.15,75.15,high_C,low_O,C>O,TIE,F,F,F,T,T,TIE
1782877059.14,16302,75.16,75.14,75.17,75.16,high_M,low_C,M>C,TIE,T,F,TIE,F,F,T
1782877075.633,16303,75.14,75.05,75.15,75.16,high_P,low_C,P>C,P>M>O>C,T,F,F,F,F,F
1782877086.45,16304,75.05,74.94,75.01,75.05,TIE,low_C,TIE,TIE,T,T,TIE,F,F,F
1782877117.02,16305,74.94,74.96,74.97,74.97,TIE,low_O,TIE,TIE,F,F,F,F,F,TIE
1782877148.559,16306,74.96,74.94,74.96,74.95,TIE,low_C,TIE,TIE,T,TIE,T,F,F,T
1782877157.547,16309,75.0,75.01,75.0,75.0,high_C,TIE,TIE,TIE,F,TIE,TIE,T,T,TIE
1782877164.068,16310,75.01,75.0,75.01,75.01,TIE,low_C,TIE,TIE,T,TIE,TIE,F,F,TIE
1782877204.075,16311,75.0,74.99,75.0,75.01,high_P,low_C,P>C,TIE,T,TIE,F,F,F,F
1782877241.289,16312,74.99,75.01,75.0,75.0,high_C,low_O,C>O,TIE,F,F,F,T,T,TIE
1782877277.777,16313,75.01,74.96,74.92,74.91,high_O,low_P,O>P,O>C>M>P,T,T,T,T,T,T
1782877304.278,16314,74.96,74.89,74.96,74.98,high_P,low_C,P>C,TIE,T,TIE,F,F,F,F
1782877354.412,16315,74.89,74.85,74.89,74.9,high_P,low_C,P>C,TIE,T,TIE,F,F,F,F
1782877413.881,16317,74.78,74.78,74.77,74.77,TIE,TIE,TIE,TIE,TIE,T,T,T,T,TIE
1782877444.474,16318,74.78,74.79,74.81,74.82,high_P,low_O,P>O,P>M>C>O,F,F,F,F,F,F
1782877521.452,16319,74.79,74.8,74.8,74.8,TIE,low_O,TIE,TIE,F,F,F,TIE,TIE,TIE
1782877533.515,16320,74.8,74.86,74.8,74.8,high_C,TIE,TIE,TIE,F,TIE,TIE,T,T,TIE
1782877569.86,16321,74.86,74.94,74.86,74.86,high_C,TIE,TIE,TIE,F,TIE,TIE,T,T,TIE
1782877584.517,16322,74.94,74.96,74.94,74.94,high_C,TIE,TIE,TIE,F,TIE,TIE,T,T,TIE
1782877584.702,16323,74.96,75.06,75.0,75.06,TIE,low_O,TIE,TIE,F,F,F,T,TIE,F
1782877600.246,16324,75.06,75.08,75.06,75.08,TIE,TIE,TIE,TIE,F,TIE,F,T,TIE,F
1782877615.732,16325,75.08,75.11,75.11,75.11,TIE,low_O,TIE,TIE,F,F,F,TIE,TIE,TIE
1782877621.562,16326,75.11,75.24,75.2,75.14,high_C,low_O,C>O,C>M>P>O,F,F,F,T,T,T
1782877623.113,16327,75.24,75.26,75.24,75.24,high_C,TIE,TIE,TIE,F,TIE,TIE,T,T,TIE
1782877623.457,16328,75.26,75.27,75.28,75.27,high_M,low_O,M>O,TIE,F,F,F,F,TIE,T
1782877631.116,16329,75.27,75.24,75.26,75.27,TIE,low_C,TIE,TIE,T,T,TIE,F,F,F
1782877635.41,16330,75.24,75.25,75.21,75.21,high_C,TIE,TIE,TIE,F,T,T,T,T,TIE
1782877635.511,16331,75.25,75.35,75.32,75.35,TIE,low_O,TIE,TIE,F,F,F,T,TIE,F
1782877635.634,16332,75.35,75.39,75.39,75.38,TIE,low_O,TIE,TIE,F,F,F,TIE,T,T
1782877637.064,16333,75.39,75.35,75.38,75.38,high_O,low_C,O>C,TIE,T,T,T,F,F,TIE
1782877638.159,16334,75.35,75.36,75.37,75.37,TIE,low_O,TIE,TIE,F,F,F,F,F,TIE
1782877641.931,16336,75.45,75.45,75.45,75.44,TIE,low_P,TIE,TIE,TIE,TIE,T,TIE,T,T
1782877652.598,16337,75.45,75.5,75.44,75.44,high_C,TIE,TIE,TIE,F,T,T,T,T,TIE
1782877655.029,16338,75.5,75.43,75.48,75.5,TIE,low_C,TIE,TIE,T,T,TIE,F,F,F
1782877660.774,16339,75.43,75.4,75.4,75.4,high_O,TIE,TIE,TIE,T,T,T,TIE,TIE,TIE
1782877670.125,16340,75.4,75.33,75.36,75.4,TIE,low_C,TIE,TIE,T,T,TIE,F,F,F
1782877670.127,16341,75.33,75.36,75.34,75.34,high_C,low_O,C>O,TIE,F,F,F,T,T,TIE
1782877683.105,16342,75.36,75.25,75.29,75.23,high_O,low_P,O>P,O>M>C>P,T,T,T,F,T,T
1782877690.278,16343,75.25,75.23,75.26,75.26,TIE,low_C,TIE,TIE,T,F,F,F,F,TIE
1782877725.468,16344,75.23,75.2,75.24,75.25,high_P,low_C,P>C,P>M>O>C,T,F,F,F,F,F
1782877763.032,16345,75.2,75.22,75.22,75.22,TIE,low_O,TIE,TIE,F,F,F,TIE,TIE,TIE
1782877801.851,16346,75.22,75.29,75.24,75.25,high_C,low_O,C>O,C>P>M>O,F,F,F,T,T,F
1782877820.691,16347,75.29,75.27,75.27,75.28,high_O,TIE,TIE,TIE,T,T,T,TIE,F,F
1782877850.219,16348,75.27,75.31,75.31,75.3,TIE,low_O,TIE,TIE,F,F,F,TIE,T,T
1782877865.994,16349,75.31,75.29,75.33,75.32,high_M,low_C,M>C,M>P>O>C,T,F,F,F,F,T
1782877923.85,16351,75.27,75.27,75.25,75.25,TIE,TIE,TIE,TIE,TIE,T,T,T,T,TIE
1782877932.789,16352,75.27,75.31,75.3,75.3,high_C,low_O,C>O,TIE,F,F,F,T,T,TIE
1782877934.606,16353,75.31,75.37,75.35,75.37,TIE,low_O,TIE,TIE,F,F,F,T,TIE,F
1782877937.773,16356,75.35,75.42,75.38,75.38,high_C,low_O,C>O,TIE,F,F,F,T,T,TIE
1782877939.216,16357,75.42,75.5,75.48,75.5,TIE,low_O,TIE,TIE,F,F,F,T,TIE,F
1782877939.535,16358,75.5,75.54,75.53,75.53,high_C,low_O,C>O,TIE,F,F,F,T,T,TIE
1782877943.599,16359,75.54,75.5,75.49,75.49,high_O,TIE,TIE,TIE,T,T,T,T,T,TIE
1782877966.17,16360,75.5,75.43,75.48,75.44,high_O,low_C,O>C,O>M>P>C,T,T,T,F,F,T
1782877970.067,16361,75.43,75.48,75.47,75.47,high_C,low_O,C>O,TIE,F,F,F,T,T,TIE
1782877987.341,16362,75.48,75.38,75.46,75.46,high_O,low_C,O>C,TIE,T,T,T,F,F,TIE
1782878005.66,16363,75.38,75.4,75.4,75.38,TIE,TIE,TIE,TIE,F,F,TIE,TIE,T,T
1782878017.171,16364,75.4,75.44,75.41,75.4,high_C,TIE,TIE,TIE,F,F,TIE,T,T,T
1782878047.955,16365,75.44,75.43,75.46,75.45,high_M,low_C,M>C,M>P>O>C,T,F,F,F,F,T
1782878076.559,16366,75.43,75.47,75.47,75.48,high_P,low_O,P>O,TIE,F,F,F,TIE,F,F
1782878078.057,16367,75.47,75.61,75.54,75.53,high_C,low_O,C>O,C>M>P>O,F,F,F,T,T,T
1782878080.97,16368,75.61,75.57,75.56,75.55,high_O,low_P,O>P,O>C>M>P,T,T,T,T,T,T
1782878101.945,16369,75.57,75.53,75.56,75.57,TIE,low_C,TIE,TIE,T,T,TIE,F,F,F
1782878113.849,16370,75.53,75.57,75.54,75.55,high_C,low_O,C>O,C>P>M>O,F,F,F,T,T,F
1782878119.252,16371,75.57,75.67,75.6,75.56,high_C,low_P,C>P,C>M>O>P,F,F,T,T,T,T
1782878132.846,16372,75.67,75.56,75.63,75.63,high_O,low_C,O>C,TIE,T,T,T,F,F,TIE
1782878150.643,16373,75.56,75.51,75.54,75.55,high_O,low_C,O>C,O>P>M>C,T,T,T,F,F,F
1782878152.848,16374,75.51,75.55,75.5,75.5,high_C,TIE,TIE,TIE,F,T,T,T,T,TIE
1782878194.32,16375,75.55,75.52,75.53,75.54,high_O,low_C,O>C,O>P>M>C,T,T,T,F,F,F
1782878228.594,16376,75.52,75.51,75.52,75.51,TIE,TIE,TIE,TIE,T,TIE,T,F,TIE,T
1782878241.796,16377,75.51,75.46,75.5,75.51,TIE,low_C,TIE,TIE,T,T,TIE,F,F,F
1782878266.84,16378,75.46,75.49,75.49,75.49,TIE,low_O,TIE,TIE,F,F,F,TIE,TIE,TIE
1782878331.667,16380,75.46,75.46,75.43,75.42,TIE,low_P,TIE,TIE,TIE,T,T,T,T,T
1782878378.199,16381,75.46,75.43,75.43,75.42,high_O,low_P,O>P,TIE,T,T,T,TIE,T,T
1782878402.398,16382,75.43,75.49,75.45,75.44,high_C,low_O,C>O,C>M>P>O,F,F,F,T,T,T
1782878431.372,16385,75.5,75.5,75.5,75.5,TIE,TIE,TIE,TIE,TIE,TIE,TIE,TIE,TIE,TIE
1782878440.142,16386,75.5,75.46,75.5,75.51,high_P,low_C,P>C,TIE,T,TIE,F,F,F,F
1782878447.469,16387,75.46,75.45,75.44,75.44,high_O,TIE,TIE,TIE,T,T,T,T,T,TIE
1782878459.2,16388,75.45,75.4,75.43,75.43,high_O,low_C,O>C,TIE,T,T,T,F,F,TIE
1782878463.005,16389,75.4,75.42,75.42,75.42,TIE,low_O,TIE,TIE,F,F,F,TIE,TIE,TIE
1782878474.997,16390,75.42,75.4,75.41,75.41,high_O,low_C,O>C,TIE,T,T,T,F,F,TIE
1782878479.573,16391,75.4,75.36,75.37,75.36,high_O,TIE,TIE,TIE,T,T,T,F,TIE,T
1782878490.305,16392,75.36,75.43,75.4,75.39,high_C,low_O,C>O,C>M>P>O,F,F,F,T,T,T
1782878506.681,16393,75.43,75.4,75.42,75.42,high_O,low_C,O>C,TIE,T,T,T,F,F,TIE
1782878540.17,16395,75.38,75.38,75.36,75.37,TIE,low_M,TIE,TIE,TIE,T,T,T,T,F
1782878560.492,16396,75.38,75.41,75.44,75.45,high_P,low_O,P>O,P>M>C>O,F,F,F,F,F,F
1782878589.164,16397,75.41,75.4,75.38,75.39,high_O,low_M,O>M,O>C>P>M,T,T,T,T,T,F
1782878618.606,16398,75.4,75.41,75.41,75.41,TIE,low_O,TIE,TIE,F,F,F,TIE,TIE,TIE
1782878672.79,16399,75.41,75.47,75.45,75.47,TIE,low_O,TIE,TIE,F,F,F,T,TIE,F
1782878707.093,16401,75.5,75.5,75.5,75.5,TIE,TIE,TIE,TIE,TIE,TIE,TIE,TIE,TIE,TIE
1782878719.225,16402,75.5,75.55,75.53,75.54,high_C,low_O,C>O,C>P>M>O,F,F,F,T,T,F
1782878750.49,16403,75.55,75.62,75.58,75.59,high_C,low_O,C>O,C>P>M>O,F,F,F,T,T,F
1782878782.754,16404,75.62,75.59,75.59,75.59,high_O,TIE,TIE,TIE,T,T,T,TIE,TIE,TIE
1782878831.628,16405,75.59,75.49,75.52,75.49,high_O,TIE,TIE,TIE,T,T,T,F,TIE,T
1782878910.885,16406,75.49,75.47,75.49,75.49,TIE,low_C,TIE,TIE,T,TIE,TIE,F,F,TIE
1782879029.86,16407,75.47,75.46,75.45,75.45,high_O,TIE,TIE,TIE,T,T,T,T,T,TIE
1782879062.916,16408,75.46,75.48,75.46,75.46,high_C,TIE,TIE,TIE,F,TIE,TIE,T,T,TIE
1782879062.935,16409,75.48,75.49,75.49,75.49,TIE,low_O,TIE,TIE,F,F,F,TIE,TIE,TIE
1782879109.391,16410,75.49,75.42,75.46,75.42,high_O,TIE,TIE,TIE,T,T,T,F,TIE,T
1782879169.751,16411,75.42,75.48,75.43,75.42,high_C,TIE,TIE,TIE,F,F,TIE,T,T,T
1782879220.289,16412,75.48,75.42,75.45,75.44,high_O,low_C,O>C,O>M>P>C,T,T,T,F,F,T
1782879269.318,16413,75.42,75.34,75.4,75.42,TIE,low_C,TIE,TIE,T,T,TIE,F,F,F
1782879316.677,16414,75.34,75.35,75.34,75.35,TIE,TIE,TIE,TIE,F,TIE,F,T,TIE,F
1782879370.916,16415,75.35,75.39,75.35,75.33,high_C,low_P,C>P,TIE,F,TIE,T,T,T,T
1782879499.005,16417,75.32,75.32,75.31,75.3,TIE,low_P,TIE,TIE,TIE,T,T,T,T,T
1782879607.827,16418,75.32,75.26,75.32,75.32,TIE,low_C,TIE,TIE,T,TIE,TIE,F,F,TIE
1782879662.495,16419,75.26,75.32,75.24,75.22,high_C,low_P,C>P,C>O>M>P,F,T,T,T,T,T
1782879754.618,16420,75.32,75.36,75.3,75.3,high_C,TIE,TIE,TIE,F,T,T,T,T,TIE
1782879810.159,16421,75.36,75.31,75.32,75.35,high_O,low_C,O>C,O>P>M>C,T,T,T,F,F,F
1782879856.195,16422,75.31,75.33,75.33,75.32,TIE,low_O,TIE,TIE,F,F,F,TIE,T,T
1782880007.179,16424,75.31,75.31,75.27,75.27,TIE,TIE,TIE,TIE,TIE,T,T,T,T,TIE
1782880073.624,16425,75.31,75.38,75.35,75.35,high_C,low_O,C>O,TIE,F,F,F,T,T,TIE
1782880110.269,16426,75.38,75.39,75.4,75.39,high_M,low_O,M>O,TIE,F,F,F,F,TIE,T
1782880230.038,16427,75.39,75.4,75.41,75.43,high_P,low_O,P>O,P>M>C>O,F,F,F,F,F,F
1782880249.248,16428,75.4,75.43,75.38,75.38,high_C,TIE,TIE,TIE,F,T,T,T,T,TIE
1782880249.531,16429,75.43,75.46,75.45,75.45,high_C,low_O,C>O,TIE,F,F,F,T,T,TIE
1782880266.866,16430,75.46,75.55,75.46,75.39,high_C,low_P,C>P,TIE,F,TIE,T,T,T,T
1782880277.858,16431,75.55,75.5,75.53,75.49,high_O,low_P,O>P,O>M>C>P,T,T,T,F,T,T
1782880277.877,16432,75.5,75.51,75.52,75.53,high_P,low_O,P>O,P>M>C>O,F,F,F,F,F,F
1782880280.131,16433,75.51,75.61,75.6,75.62,high_P,low_O,P>O,P>C>M>O,F,F,F,T,F,F
1782880283.909,16434,75.61,75.65,75.64,75.64,high_C,low_O,C>O,TIE,F,F,F,T,T,TIE
1782880287.05,16436,75.74,75.74,75.74,75.74,TIE,TIE,TIE,TIE,TIE,TIE,TIE,TIE,TIE,TIE
1782880289.203,16437,75.74,75.79,75.75,75.75,high_C,low_O,C>O,TIE,F,F,F,T,T,TIE
1782880306.088,16438,75.79,75.6,75.74,75.79,TIE,low_C,TIE,TIE,T,T,TIE,F,F,F
1782880326.558,16439,75.6,75.62,75.58,75.57,high_C,low_P,C>P,C>O>M>P,F,T,T,T,T,T
1782880350.402,16440,75.62,75.64,75.62,75.63,high_C,TIE,TIE,TIE,F,TIE,F,T,T,F
1782880356.044,16441,75.64,75.61,75.6,75.61,high_O,low_M,O>M,TIE,T,T,T,T,TIE,F
1782880402.058,16442,75.61,75.54,75.61,75.61,TIE,low_C,TIE,TIE,T,TIE,TIE,F,F,TIE
1782880440.987,16443,75.54,75.47,75.53,75.55,high_P,low_C,P>C,P>O>M>C,T,T,F,F,F,F
1782880492.362,16444,75.47,75.52,75.47,75.47,high_C,TIE,TIE,TIE,F,TIE,TIE,T,T,TIE
1782880542.209,16445,75.52,75.42,75.42,75.41,high_O,low_P,O>P,TIE,T,T,T,TIE,T,T
1782880584.28,16446,75.42,75.36,75.36,75.36,high_O,TIE,TIE,TIE,T,T,T,TIE,TIE,TIE
1782880675.133,16447,75.36,75.41,75.41,75.43,high_P,low_O,P>O,TIE,F,F,F,TIE,F,F
1782880840.475,16449,75.43,75.43,75.42,75.43,TIE,low_M,TIE,TIE,TIE,T,TIE,T,TIE,F
1782880913.032,16450,75.43,75.51,75.51,75.44,TIE,low_O,TIE,TIE,F,F,F,TIE,T,T
1782880977.056,16451,75.51,75.58,75.55,75.55,high_C,low_O,C>O,TIE,F,F,F,T,T,TIE
1782881070.936,16452,75.58,75.55,75.56,75.55,high_O,TIE,TIE,TIE,T,T,T,F,TIE,T
1782881127.214,16453,75.55,75.6,75.56,75.56,high_C,low_O,C>O,TIE,F,F,F,T,T,TIE
1782881150.16,16454,75.6,75.79,75.66,75.66,high_C,low_O,C>O,TIE,F,F,F,T,T,TIE
1782881152.421,16455,75.79,75.73,75.75,75.75,high_O,low_C,O>C,TIE,T,T,T,F,F,TIE
1782881173.52,16456,75.73,75.72,75.74,75.73,high_M,low_C,M>C,TIE,T,F,TIE,F,F,T
1782881186.684,16457,75.72,75.82,75.8,75.8,high_C,low_O,C>O,TIE,F,F,F,T,T,TIE
1782881205.979,16458,75.82,75.65,75.71,75.67,high_O,low_C,O>C,O>M>P>C,T,T,T,F,F,T
1782881221.53,16459,75.65,75.74,75.75,75.75,TIE,low_O,TIE,TIE,F,F,F,F,F,TIE
1782881284.143,16460,75.74,75.73,75.7,75.67,high_O,low_P,O>P,O>C>M>P,T,T,T,T,T,T
1782881350.013,16461,75.73,75.68,75.72,75.72,high_O,low_C,O>C,TIE,T,T,T,F,F,TIE
1782881351.845,16462,75.68,75.71,75.67,75.67,high_C,TIE,TIE,TIE,F,T,T,T,T,TIE
1782881406.336,16463,75.71,75.68,75.7,75.69,high_O,low_C,O>C,O>M>P>C,T,T,T,F,F,T
1782881516.518,16465,75.69,75.69,75.68,75.68,TIE,TIE,TIE,TIE,TIE,T,T,T,T,TIE
1782881587.195,16466,75.69,75.61,75.63,75.61,high_O,TIE,TIE,TIE,T,T,T,F,TIE,T
1782881605.054,16467,75.61,75.57,75.6,75.6,high_O,low_C,O>C,TIE,T,T,T,F,F,TIE
1782881659.494,16468,75.57,75.62,75.59,75.58,high_C,low_O,C>O,C>M>P>O,F,F,F,T,T,T
1782881735.406,16469,75.62,75.65,75.63,75.64,high_C,low_O,C>O,C>P>M>O,F,F,F,T,T,F
1782881767.28,16470,75.65,75.59,75.62,75.63,high_O,low_C,O>C,O>P>M>C,T,T,T,F,F,F
1782881845.515,16471,75.59,75.58,75.59,75.59,TIE,low_C,TIE,TIE,T,TIE,TIE,F,F,TIE
1782881942.235,16472,75.58,75.52,75.54,75.53,high_O,low_C,O>C,O>M>P>C,T,T,T,F,F,T
1782882033.023,16473,75.53,75.52,75.52,75.51,high_O,low_P,O>P,TIE,T,T,T,TIE,T,T
1782882072.611,16474,75.52,75.6,75.54,75.55,high_C,low_O,C>O,C>P>M>O,F,F,F,T,T,F
1782882299.45,16476,75.59,75.59,75.57,75.59,TIE,low_M,TIE,TIE,TIE,T,TIE,T,TIE,F
1782882359.09,16477,75.59,75.73,75.69,75.69,high_C,low_O,C>O,TIE,F,F,F,T,T,TIE
1782882388.354,16478,75.73,75.69,75.73,75.72,TIE,low_C,TIE,TIE,T,TIE,T,F,F,T
1782882397.255,16479,75.69,75.66,75.68,75.69,TIE,low_C,TIE,TIE,T,T,TIE,F,F,F
1782882472.701,16480,75.66,75.64,75.64,75.64,high_O,TIE,TIE,TIE,T,T,T,TIE,TIE,TIE
1782882561.83,16481,75.64,75.55,75.64,75.65,high_P,low_C,P>C,TIE,T,TIE,F,F,F,F
1782882588.452,16482,75.55,75.46,75.54,75.57,high_P,low_C,P>C,P>O>M>C,T,T,F,F,F,F
1782882593.382,16483,75.46,75.4,75.42,75.41,high_O,low_C,O>C,O>M>P>C,T,T,T,F,F,T
1782882675.324,16485,75.41,75.41,75.4,75.4,TIE,TIE,TIE,TIE,TIE,T,T,T,T,TIE
1782882740.483,16486,75.41,75.39,75.41,75.42,high_P,low_C,P>C,TIE,T,TIE,F,F,F,F
1782882846.125,16487,75.39,75.43,75.43,75.42,TIE,low_O,TIE,TIE,F,F,F,TIE,T,T
1782882927.455,16488,75.43,75.53,75.46,75.46,high_C,low_O,C>O,TIE,F,F,F,T,T,TIE
1782882999.149,16489,75.53,75.56,75.52,75.52,high_C,TIE,TIE,TIE,F,T,T,T,T,TIE
1782883095.895,16490,75.56,75.58,75.58,75.58,TIE,low_O,TIE,TIE,F,F,F,TIE,TIE,TIE
1782883181.374,16491,75.58,75.51,75.53,75.53,high_O,low_C,O>C,TIE,T,T,T,F,F,TIE
1782883273.069,16492,75.51,75.36,75.42,75.42,high_O,low_C,O>C,TIE,T,T,T,F,F,TIE
1782883291.521,16493,75.36,75.3,75.32,75.32,high_O,low_C,O>C,TIE,T,T,T,F,F,TIE
1782883298.696,16494,75.3,75.29,75.28,75.28,high_O,TIE,TIE,TIE,T,T,T,T,T,TIE
1782883378.268,16497,75.27,75.27,75.27,75.28,high_P,TIE,TIE,TIE,TIE,TIE,F,TIE,F,F
1782883502.604,16498,75.27,75.34,75.3,75.33,high_C,low_O,C>O,C>P>M>O,F,F,F,T,T,F
1782883565.676,16499,75.34,75.25,75.33,75.34,TIE,low_C,TIE,TIE,T,T,TIE,F,F,F
1782883592.902,16500,75.25,75.23,75.23,75.23,high_O,TIE,TIE,TIE,T,T,T,TIE,TIE,TIE
1782883619.664,16502,75.16,75.16,75.17,75.18,high_P,TIE,TIE,TIE,TIE,F,F,F,F,F
1782883684.791,16504,75.2,75.2,75.2,75.21,high_P,TIE,TIE,TIE,TIE,TIE,F,TIE,F,F
1782883707.598,16505,75.2,75.24,75.19,75.18,high_C,low_P,C>P,C>O>M>P,F,T,T,T,T,T
1782883735.577,16506,75.24,75.19,75.19,75.19,high_O,TIE,TIE,TIE,T,T,T,TIE,TIE,TIE
1782883796.756,16507,75.19,75.15,75.15,75.13,high_O,low_P,O>P,TIE,T,T,T,TIE,T,T
1782883877.373,16508,75.15,75.22,75.19,75.21,high_C,low_O,C>O,C>P>M>O,F,F,F,T,T,F
1782883926.259,16509,75.22,75.2,75.24,75.25,high_P,low_C,P>C,P>M>O>C,T,F,F,F,F,F
1782884007.893,16510,75.2,75.22,75.22,75.22,TIE,low_O,TIE,TIE,F,F,F,TIE,TIE,TIE
1782884040.186,16511,75.22,75.15,75.2,75.2,high_O,low_C,O>C,TIE,T,T,T,F,F,TIE
1782884124.125,16512,75.15,75.25,75.23,75.23,high_C,low_O,C>O,TIE,F,F,F,T,T,TIE
1782884237.145,16513,75.25,75.18,75.19,75.19,high_O,low_C,O>C,TIE,T,T,T,F,F,TIE
1782884297.226,16514,75.18,75.15,75.14,75.15,high_O,low_M,O>M,TIE,T,T,T,T,TIE,F
1782884382.903,16515,75.15,75.2,75.2,75.2,TIE,low_O,TIE,TIE,F,F,F,TIE,TIE,TIE
1782884467.565,16516,75.2,75.31,75.28,75.29,high_C,low_O,C>O,C>P>M>O,F,F,F,T,T,F
1782884549.724,16517,75.31,75.27,75.31,75.31,TIE,low_C,TIE,TIE,T,TIE,TIE,F,F,TIE
1782884681.627,16518,75.27,75.28,75.26,75.27,high_C,low_M,C>M,TIE,F,T,TIE,T,T,F
1782884714.21,16519,75.28,75.38,75.36,75.36,high_C,low_O,C>O,TIE,F,F,F,T,T,TIE
1782884781.917,16520,75.38,75.34,75.36,75.36,high_O,low_C,O>C,TIE,T,T,T,F,F,TIE
1782884801.403,16521,75.34,75.29,75.29,75.28,high_O,low_P,O>P,TIE,T,T,T,TIE,T,T
1782884908.31,16522,75.29,75.2,75.21,75.21,high_O,low_C,O>C,TIE,T,T,T,F,F,TIE
1782884982.524,16523,75.2,75.17,75.18,75.15,high_O,low_P,O>P,O>M>C>P,T,T,T,F,T,T
1782884997.234,16524,75.17,75.14,75.17,75.2,high_P,low_C,P>C,TIE,T,TIE,F,F,F,F
1782885028.065,16525,75.14,75.2,75.14,75.14,high_C,TIE,TIE,TIE,F,TIE,TIE,T,T,TIE
1782885141.877,16526,75.2,75.24,75.25,75.25,TIE,low_O,TIE,TIE,F,F,F,F,F,TIE
1782885144.639,16527,75.24,75.18,75.18,75.16,high_O,low_P,O>P,TIE,T,T,T,TIE,T,T
1782885266.266,16528,75.18,75.17,75.16,75.15,high_O,low_P,O>P,O>C>M>P,T,T,T,T,T,T
1782885408.947,16529,75.17,75.21,75.17,75.17,high_C,TIE,TIE,TIE,F,TIE,TIE,T,T,TIE
1782885613.749,16530,75.21,75.23,75.22,75.22,high_C,low_O,C>O,TIE,F,F,F,T,T,TIE
1782885680.099,16531,75.23,75.12,75.17,75.13,high_O,low_C,O>C,O>M>P>C,T,T,T,F,F,T
1782885727.31,16532,75.12,75.09,75.1,75.1,high_O,low_C,O>C,TIE,T,T,T,F,F,TIE
1782885767.212,16533,75.09,75.11,75.08,75.07,high_C,low_P,C>P,C>O>M>P,F,T,T,T,T,T
1782885819.485,16534,75.11,75.05,75.06,75.04,high_O,low_P,O>P,O>M>C>P,T,T,T,F,T,T
1782885889.501,16535,75.05,75.04,75.08,75.12,high_P,low_C,P>C,P>M>O>C,T,F,F,F,F,F
1782885965.455,16536,75.04,75.06,75.06,75.08,high_P,low_O,P>O,TIE,F,F,F,TIE,F,F
1782885979.218,16537,75.06,75.01,75.02,75.01,high_O,TIE,TIE,TIE,T,T,T,F,TIE,T
1782886034.057,16538,75.01,75.06,75.07,75.07,TIE,low_O,TIE,TIE,F,F,F,F,F,TIE
1782886076.163,16539,75.06,75.02,75.02,75.02,high_O,TIE,TIE,TIE,T,T,T,TIE,TIE,TIE
1782886129.068,16540,75.02,74.99,75.01,75.02,TIE,low_C,TIE,TIE,T,T,TIE,F,F,F
1782886159.238,16541,74.99,74.98,74.97,74.97,high_O,TIE,TIE,TIE,T,T,T,T,T,TIE
1782886177.144,16542,74.98,74.93,74.93,74.91,high_O,low_P,O>P,TIE,T,T,T,TIE,T,T
1782886244.366,16543,74.93,75.0,74.95,74.92,high_C,low_P,C>P,C>M>O>P,F,F,T,T,T,T
1782886264.13,16544,75.0,75.03,74.99,74.99,high_C,TIE,TIE,TIE,F,T,T,T,T,TIE
1782886359.119,16545,75.03,75.0,75.01,75.01,high_O,low_C,O>C,TIE,T,T,T,F,F,TIE
1782886448.185,16546,75.0,74.93,74.93,74.92,high_O,low_P,O>P,TIE,T,T,T,TIE,T,T
1782886550.674,16547,74.93,75.01,74.99,74.99,high_C,low_O,C>O,TIE,F,F,F,T,T,TIE
1782886551.585,16548,75.01,74.93,74.97,74.92,high_O,low_P,O>P,O>M>C>P,T,T,T,F,T,T
1782886605.911,16549,74.93,75.04,75.0,74.98,high_C,low_O,C>O,C>M>P>O,F,F,F,T,T,T
1782886642.274,16550,75.04,74.99,75.04,75.04,TIE,low_C,TIE,TIE,T,TIE,TIE,F,F,TIE
1782886742.27,16551,74.99,74.87,74.93,74.94,high_O,low_C,O>C,O>P>M>C,T,T,T,F,F,F
1782886786.781,16552,74.87,74.84,74.87,74.88,high_P,low_C,P>C,TIE,T,TIE,F,F,F,F
1782886800.258,16553,74.84,74.82,74.83,74.83,high_O,low_C,O>C,TIE,T,T,T,F,F,TIE
1782886818.796,16554,74.82,74.78,74.8,74.78,high_O,TIE,TIE,TIE,T,T,T,F,TIE,T
1782886827.495,16555,74.78,74.73,74.73,74.73,high_O,TIE,TIE,TIE,T,T,T,TIE,TIE,TIE
1782886833.473,16556,74.73,74.71,74.72,74.72,high_O,low_C,O>C,TIE,T,T,T,F,F,TIE
1782886857.363,16557,74.71,74.7,74.71,74.71,TIE,low_C,TIE,TIE,T,TIE,TIE,F,F,TIE
1782886872.568,16558,74.7,74.71,74.7,74.7,high_C,TIE,TIE,TIE,F,TIE,TIE,T,T,TIE
1782886900.983,16559,74.71,74.64,74.72,74.72,TIE,low_C,TIE,TIE,T,F,F,F,F,TIE
1782886920.792,16560,74.64,74.55,74.62,74.64,TIE,low_C,TIE,TIE,T,T,TIE,F,F,F
1782886932.842,16561,74.55,74.54,74.58,74.58,TIE,low_C,TIE,TIE,T,F,F,F,F,TIE
1782886952.708,16562,74.54,74.56,74.56,74.54,TIE,TIE,TIE,TIE,F,F,TIE,TIE,T,T
1782886987.811,16563,74.56,74.6,74.59,74.6,TIE,low_O,TIE,TIE,F,F,F,T,TIE,F
1782887019.019,16564,74.6,74.64,74.6,74.56,high_C,low_P,C>P,TIE,F,TIE,T,T,T,T
1782887047.044,16565,74.64,74.62,74.67,74.67,TIE,low_C,TIE,TIE,T,F,F,F,F,TIE
1782887091.552,16566,74.62,74.68,74.63,74.62,high_C,TIE,TIE,TIE,F,F,TIE,T,T,T
1782887128.331,16567,74.68,74.61,74.67,74.7,high_P,low_C,P>C,P>O>M>C,T,T,F,F,F,F
1782887182.224,16568,74.61,74.68,74.63,74.64,high_C,low_O,C>O,C>P>M>O,F,F,F,T,T,F
1782887223.13,16569,74.68,74.7,74.68,74.71,high_P,TIE,TIE,TIE,F,TIE,F,T,F,F
1782887293.71,16570,74.7,74.67,74.69,74.7,TIE,low_C,TIE,TIE,T,T,TIE,F,F,F
1782887469.282,16572,74.72,74.72,74.7,74.7,TIE,TIE,TIE,TIE,TIE,T,T,T,T,TIE
1782887512.461,16573,74.72,74.68,74.73,74.7,high_M,low_C,M>C,M>O>P>C,T,F,T,F,F,T
1782887575.223,16574,74.68,74.74,74.73,74.74,TIE,low_O,TIE,TIE,F,F,F,T,TIE,F
1782887596.075,16575,74.74,74.71,74.73,74.74,TIE,low_C,TIE,TIE,T,T,TIE,F,F,F
1782887601.947,16576,74.71,74.61,74.68,74.69,high_O,low_C,O>C,O>P>M>C,T,T,T,F,F,F
1782887626.656,16577,74.61,74.48,74.54,74.5,high_O,low_C,O>C,O>M>P>C,T,T,T,F,F,T
1782887629.318,16578,74.48,74.49,74.49,74.49,TIE,low_O,TIE,TIE,F,F,F,TIE,TIE,TIE
1782887647.739,16579,74.49,74.56,74.5,74.5,high_C,low_O,C>O,TIE,F,F,F,T,T,TIE
1782887672.725,16580,74.56,74.51,74.54,74.52,high_O,low_C,O>C,O>M>P>C,T,T,T,F,F,T
1782887689.595,16581,74.51,74.45,74.45,74.43,high_O,low_P,O>P,TIE,T,T,T,TIE,T,T
1782887698.183,16582,74.45,74.4,74.42,74.42,high_O,low_C,O>C,TIE,T,T,T,F,F,TIE
1782887700.25,16583,74.4,74.42,74.42,74.4,TIE,TIE,TIE,TIE,F,F,TIE,TIE,T,T
1782887711.077,16584,74.42,74.45,74.39,74.44,high_C,low_M,C>M,C>P>O>M,F,T,F,T,T,F
1782887731.08,16585,74.45,74.35,74.41,74.41,high_O,low_C,O>C,TIE,T,T,T,F,F,TIE
1782887738.346,16586,74.35,74.33,74.34,74.33,high_O,TIE,TIE,TIE,T,T,T,F,TIE,T
1782887751.179,16587,74.33,74.38,74.37,74.41,high_P,low_O,P>O,P>C>M>O,F,F,F,T,F,F
1782887751.18,16588,74.38,74.34,74.36,74.36,high_O,low_C,O>C,TIE,T,T,T,F,F,TIE
1782887751.181,16589,74.34,74.31,74.33,74.32,high_O,low_C,O>C,O>M>P>C,T,T,T,F,F,T
1782887751.198,16590,74.31,74.3,74.3,74.3,high_O,TIE,TIE,TIE,T,T,T,TIE,TIE,TIE
1782887751.247,16591,74.3,74.27,74.3,74.3,TIE,low_C,TIE,TIE,T,TIE,TIE,F,F,TIE
1782887772.039,16597,74.3,74.27,74.31,74.3,high_M,low_C,M>C,TIE,T,F,TIE,F,F,T
1782887775.285,16598,74.27,74.23,74.26,74.23,high_O,TIE,TIE,TIE,T,T,T,F,TIE,T
1782887775.413,16600,74.18,74.18,74.18,74.19,high_P,TIE,TIE,TIE,TIE,TIE,F,TIE,F,F
1782887777.024,16601,74.18,74.2,74.2,74.2,TIE,low_O,TIE,TIE,F,F,F,TIE,TIE,TIE
1782887782.583,16602,74.2,74.17,74.19,74.19,high_O,low_C,O>C,TIE,T,T,T,F,F,TIE
1782887804.345,16607,74.2,74.24,74.2,74.2,high_C,TIE,TIE,TIE,F,TIE,TIE,T,T,TIE
1782887815.433,16608,74.24,74.19,74.21,74.21,high_O,low_C,O>C,TIE,T,T,T,F,F,TIE
1782887823.346,16609,74.19,74.13,74.16,74.17,high_O,low_C,O>C,O>P>M>C,T,T,T,F,F,F
1782887824.814,16610,74.13,74.05,74.11,74.12,high_O,low_C,O>C,O>P>M>C,T,T,T,F,F,F
1782887833.681,16611,74.05,74.09,74.08,74.08,high_C,low_O,C>O,TIE,F,F,F,T,T,TIE
1782887852.924,16612,74.09,74.15,74.09,74.11,high_C,TIE,TIE,TIE,F,TIE,F,T,T,F
1782887856.937,16613,74.15,74.09,74.11,74.11,high_O,low_C,O>C,TIE,T,T,T,F,F,TIE
1782887869.859,16614,74.09,74.07,74.09,74.09,TIE,low_C,TIE,TIE,T,TIE,TIE,F,F,TIE
1782887882.103,16615,74.07,74.13,74.07,74.09,high_C,TIE,TIE,TIE,F,TIE,F,T,T,F
1782887887.632,16616,74.13,74.0,74.1,74.1,high_O,low_C,O>C,TIE,T,T,T,F,F,TIE
1782887887.643,16617,74.0,74.01,74.02,74.0,high_M,TIE,TIE,TIE,F,F,TIE,F,T,T
1782887890.96,16618,74.01,73.97,74.01,74.01,TIE,low_C,TIE,TIE,T,TIE,TIE,F,F,TIE
1782887895.234,16619,73.97,73.96,73.97,73.98,high_P,low_C,P>C,TIE,T,TIE,F,F,F,F
1782887906.628,16620,73.96,73.98,73.96,73.96,high_C,TIE,TIE,TIE,F,TIE,TIE,T,T,TIE
1782887920.474,16621,73.98,73.92,73.97,73.97,high_O,low_C,O>C,TIE,T,T,T,F,F,TIE
1782887936.353,16622,73.92,73.98,73.94,73.92,high_C,TIE,TIE,TIE,F,F,TIE,T,T,T
1782887938.88,16623,73.98,73.96,73.98,73.97,TIE,low_C,TIE,TIE,T,TIE,T,F,F,T
1782887942.971,16624,73.96,74.03,73.99,73.99,high_C,low_O,C>O,TIE,F,F,F,T,T,TIE
1782887967.709,16625,74.03,74.08,74.05,74.07,high_C,low_O,C>O,C>P>M>O,F,F,F,T,T,F
1782887982.707,16626,74.08,74.12,74.11,74.11,high_C,low_O,C>O,TIE,F,F,F,T,T,TIE
1782888000.168,16627,74.12,74.11,74.12,74.1,TIE,low_P,TIE,TIE,T,TIE,T,F,T,T
1782888060.476,16629,74.13,74.13,74.15,74.15,TIE,TIE,TIE,TIE,TIE,F,F,F,F,TIE
1782888080.277,16630,74.13,74.03,74.12,74.12,high_O,low_C,O>C,TIE,T,T,T,F,F,TIE
1782888104.051,16631,74.03,74.07,74.05,74.06,high_C,low_O,C>O,C>P>M>O,F,F,F,T,T,F
1782888130.028,16632,74.07,74.1,74.08,74.07,high_C,TIE,TIE,TIE,F,F,TIE,T,T,T
1782888159.271,16633,74.1,74.11,74.1,74.1,high_C,TIE,TIE,TIE,F,TIE,TIE,T,T,TIE
1782888190.924,16634,74.11,74.14,74.14,74.14,TIE,low_O,TIE,TIE,F,F,F,TIE,TIE,TIE
1782888224.224,16635,74.14,74.18,74.16,74.16,high_C,low_O,C>O,TIE,F,F,F,T,T,TIE
1782888268.927,16636,74.18,74.14,74.15,74.15,high_O,low_C,O>C,TIE,T,T,T,F,F,TIE
1782888302.085,16637,74.14,74.22,74.2,74.16,high_C,low_O,C>O,C>M>P>O,F,F,F,T,T,T
1782888326.625,16638,74.22,74.17,74.18,74.18,high_O,low_C,O>C,TIE,T,T,T,F,F,TIE
1782888355.239,16639,74.17,74.2,74.14,74.11,high_C,low_P,C>P,C>O>M>P,F,T,T,T,T,T
1782888375.427,16640,74.2,74.0,74.08,74.08,high_O,low_C,O>C,TIE,T,T,T,F,F,TIE
1782888442.838,16642,74.03,74.03,74.03,74.0,TIE,low_P,TIE,TIE,TIE,TIE,T,TIE,T,T
1782888468.455,16643,74.03,73.99,74.01,74.02,high_O,low_C,O>C,O>P>M>C,T,T,T,F,F,F
1782888516.732,16644,73.99,74.03,74.04,74.05,high_P,low_O,P>O,P>M>C>O,F,F,F,F,F,F
1782888567.842,16645,74.03,74.09,74.06,74.06,high_C,low_O,C>O,TIE,F,F,F,T,T,TIE
1782888636.971,16646,74.09,74.17,74.14,74.14,high_C,low_O,C>O,TIE,F,F,F,T,T,TIE
1782888699.611,16647,74.17,74.19,74.17,74.16,high_C,low_P,C>P,TIE,F,TIE,T,T,T,T
1782888725.379,16648,74.19,74.18,74.21,74.22,high_P,low_C,P>C,P>M>O>C,T,F,F,F,F,F
1782888755.403,16649,74.18,74.24,74.23,74.23,high_C,low_O,C>O,TIE,F,F,F,T,T,TIE
1782888782.892,16650,74.24,74.27,74.27,74.27,TIE,low_O,TIE,TIE,F,F,F,TIE,TIE,TIE
1782888803.212,16651,74.27,74.29,74.3,74.3,TIE,low_O,TIE,TIE,F,F,F,F,F,TIE
1782888874.163,16652,74.29,74.25,74.27,74.27,high_O,low_C,O>C,TIE,T,T,T,F,F,TIE
1782888967.29,16653,74.25,74.27,74.25,74.25,high_C,TIE,TIE,TIE,F,TIE,TIE,T,T,TIE
1782888994.084,16654,74.27,74.21,74.27,74.27,TIE,low_C,TIE,TIE,T,TIE,TIE,F,F,TIE
1782889037.797,16655,74.21,74.3,74.26,74.28,high_C,low_O,C>O,C>P>M>O,F,F,F,T,T,F
1782889121.103,16656,74.3,74.28,74.29,74.29,high_O,low_C,O>C,TIE,T,T,T,F,F,TIE
1782889129.113,16657,74.28,74.24,74.25,74.24,high_O,TIE,TIE,TIE,T,T,T,F,TIE,T
1782889204.046,16658,74.24,74.33,74.23,74.26,high_C,low_M,C>M,C>P>O>M,F,T,F,T,T,F
1782889252.507,16659,74.33,74.24,74.32,74.33,TIE,low_C,TIE,TIE,T,T,TIE,F,F,F
1782889325.185,16660,74.24,74.19,74.27,74.27,TIE,low_C,TIE,TIE,T,F,F,F,F,TIE
1782889380.669,16661,74.19,74.27,74.27,74.27,TIE,low_O,TIE,TIE,F,F,F,TIE,TIE,TIE
1782889444.392,16662,74.27,74.22,74.21,74.21,high_O,TIE,TIE,TIE,T,T,T,T,T,TIE
1782889524.749,16663,74.22,74.17,74.21,74.21,high_O,low_C,O>C,TIE,T,T,T,F,F,TIE
1782889550.875,16664,74.17,74.19,74.19,74.19,TIE,low_O,TIE,TIE,F,F,F,TIE,TIE,TIE
1782889596.295,16665,74.19,74.17,74.19,74.19,TIE,low_C,TIE,TIE,T,TIE,TIE,F,F,TIE
1782889646.35,16666,74.17,74.05,74.13,74.13,high_O,low_C,O>C,TIE,T,T,T,F,F,TIE
1782889689.596,16667,74.05,74.07,74.1,74.1,TIE,low_O,TIE,TIE,F,F,F,F,F,TIE
1782889742.473,16668,74.07,74.22,74.16,74.17,high_C,low_O,C>O,C>P>M>O,F,F,F,T,T,F
1782889861.0,16669,74.22,74.24,74.21,74.14,high_C,low_P,C>P,C>O>M>P,F,T,T,T,T,T
1782889943.543,16670,74.24,74.34,74.24,74.24,high_C,TIE,TIE,TIE,F,TIE,TIE,T,T,TIE
1782889978.079,16671,74.34,74.38,74.38,74.39,high_P,low_O,P>O,TIE,F,F,F,TIE,F,F
1782890017.5,16672,74.38,74.33,74.31,74.33,high_O,low_M,O>M,TIE,T,T,T,T,TIE,F
1782890101.442,16673,74.33,74.39,74.34,74.33,high_C,TIE,TIE,TIE,F,F,TIE,T,T,T
1782890171.208,16674,74.39,74.35,74.37,74.38,high_O,low_C,O>C,O>P>M>C,T,T,T,F,F,F
1782890220.604,16675,74.35,74.47,74.39,74.39,high_C,low_O,C>O,TIE,F,F,F,T,T,TIE
1782890254.18,16676,74.47,74.49,74.49,74.49,TIE,low_O,TIE,TIE,F,F,F,TIE,TIE,TIE
1782890298.796,16677,74.49,74.38,74.46,74.49,TIE,low_C,TIE,TIE,T,T,TIE,F,F,F
1782890309.806,16678,74.38,74.34,74.38,74.38,TIE,low_C,TIE,TIE,T,TIE,TIE,F,F,TIE
1782890321.342,16679,74.34,74.45,74.43,74.43,high_C,low_O,C>O,TIE,F,F,F,T,T,TIE
1782890396.93,16680,74.45,74.41,74.43,74.43,high_O,low_C,O>C,TIE,T,T,T,F,F,TIE
1782890408.175,16681,74.41,74.43,74.43,74.43,TIE,low_O,TIE,TIE,F,F,F,TIE,TIE,TIE
1782890430.188,16682,74.43,74.37,74.37,74.37,high_O,TIE,TIE,TIE,T,T,T,TIE,TIE,TIE
1782890451.686,16683,74.37,74.27,74.33,74.35,high_O,low_C,O>C,O>P>M>C,T,T,T,F,F,F
1782890451.688,16684,74.27,74.23,74.25,74.25,high_O,low_C,O>C,TIE,T,T,T,F,F,TIE
1782890460.006,16685,74.23,74.25,74.24,74.24,high_C,low_O,C>O,TIE,F,F,F,T,T,TIE
1782890469.89,16686,74.25,74.21,74.23,74.22,high_O,low_C,O>C,O>M>P>C,T,T,T,F,F,T
1782890543.569,16687,74.21,74.48,74.33,74.2,high_C,low_P,C>P,C>M>O>P,F,F,T,T,T,T
1782890572.622,16688,74.48,74.55,74.54,74.55,TIE,low_O,TIE,TIE,F,F,F,T,TIE,F
1782890583.567,16689,74.55,74.6,74.6,74.58,TIE,low_O,TIE,TIE,F,F,F,TIE,T,T
1782890600.572,16690,74.6,74.71,74.67,74.63,high_C,low_O,C>O,C>M>P>O,F,F,F,T,T,T
1782890618.161,16691,74.71,74.69,74.71,74.71,TIE,low_C,TIE,TIE,T,TIE,TIE,F,F,TIE
1782890643.337,16692,74.69,74.68,74.72,74.72,TIE,low_C,TIE,TIE,T,F,F,F,F,TIE
1782890681.546,16693,74.68,74.62,74.63,74.63,high_O,low_C,O>C,TIE,T,T,T,F,F,TIE
1782890767.954,16694,74.62,74.65,74.66,74.69,high_P,low_O,P>O,P>M>C>O,F,F,F,F,F,F
1782890797.935,16695,74.65,74.58,74.6,74.6,high_O,low_C,O>C,TIE,T,T,T,F,F,TIE
1782890799.197,16696,74.58,74.57,74.56,74.56,high_O,TIE,TIE,TIE,T,T,T,T,T,TIE
1782890838.909,16697,74.57,74.58,74.59,74.59,TIE,low_O,TIE,TIE,F,F,F,F,F,TIE
1782890925.106,16698,74.58,74.56,74.59,74.6,high_P,low_C,P>C,P>M>O>C,T,F,F,F,F,F
1782890987.893,16699,74.56,74.55,74.55,74.55,high_O,TIE,TIE,TIE,T,T,T,TIE,TIE,TIE
1782891015.452,16700,74.55,74.42,74.5,74.5,high_O,low_C,O>C,TIE,T,T,T,F,F,TIE
1782891052.028,16701,74.42,74.37,74.4,74.4,high_O,low_C,O>C,TIE,T,T,T,F,F,TIE
1782891055.834,16702,74.37,74.51,74.44,74.41,high_C,low_O,C>O,C>M>P>O,F,F,F,T,T,T
1782891074.04,16703,74.51,74.59,74.51,74.55,high_C,TIE,TIE,TIE,F,TIE,F,T,T,F
1782891171.384,16704,74.59,74.52,74.57,74.57,high_O,low_C,O>C,TIE,T,T,T,F,F,TIE
1782891269.842,16705,74.52,74.6,74.56,74.57,high_C,low_O,C>O,C>P>M>O,F,F,F,T,T,F
1782891323.102,16706,74.6,74.67,74.6,74.62,high_C,TIE,TIE,TIE,F,TIE,F,T,T,F
1782891402.693,16707,74.67,74.61,74.61,74.61,high_O,TIE,TIE,TIE,T,T,T,TIE,TIE,TIE
1782891534.099,16708,74.61,74.6,74.62,74.65,high_P,low_C,P>C,P>M>O>C,T,F,F,F,F,F
1782891600.34,16709,74.6,74.62,74.6,74.59,high_C,low_P,C>P,TIE,F,TIE,T,T,T,T
1782891660.343,16710,74.62,74.6,74.57,74.57,high_O,TIE,TIE,TIE,T,T,T,T,T,TIE
1782891714.873,16711,74.6,74.75,74.7,74.73,high_C,low_O,C>O,C>P>M>O,F,F,F,T,T,F
1782891715.065,16712,74.75,74.81,74.8,74.8,high_C,low_O,C>O,TIE,F,F,F,T,T,TIE
1782891747.523,16713,74.81,74.79,74.8,74.8,high_O,low_C,O>C,TIE,T,T,T,F,F,TIE
1782891804.762,16714,74.79,74.71,74.73,74.73,high_O,low_C,O>C,TIE,T,T,T,F,F,TIE
1782891949.392,16715,74.71,74.61,74.67,74.69,high_O,low_C,O>C,O>P>M>C,T,T,T,F,F,F
1782892075.142,16716,74.61,74.68,74.63,74.64,high_C,low_O,C>O,C>P>M>O,F,F,F,T,T,F
1782892160.125,16717,74.68,74.76,74.75,74.76,TIE,low_O,TIE,TIE,F,F,F,T,TIE,F
1782892171.54,16718,74.76,74.9,74.8,74.81,high_C,low_O,C>O,C>P>M>O,F,F,F,T,T,F
1782892210.713,16720,74.88,74.88,74.88,74.88,TIE,TIE,TIE,TIE,TIE,TIE,TIE,TIE,TIE,TIE
1782892225.912,16721,74.88,74.85,74.88,74.88,TIE,low_C,TIE,TIE,T,TIE,TIE,F,F,TIE
1782892449.987,16723,74.74,74.74,74.75,74.76,high_P,TIE,TIE,TIE,TIE,F,F,F,F,F
1782892543.549,16724,74.74,74.73,74.74,74.74,TIE,low_C,TIE,TIE,T,TIE,TIE,F,F,TIE
1782892631.759,16725,74.73,74.79,74.78,74.78,high_C,low_O,C>O,TIE,F,F,F,T,T,TIE
1782892686.197,16726,74.79,74.86,74.83,74.83,high_C,low_O,C>O,TIE,F,F,F,T,T,TIE
1782892802.34,16727,74.86,74.8,74.83,74.85,high_O,low_C,O>C,O>P>M>C,T,T,T,F,F,F
1782892815.827,16728,74.8,74.74,74.82,74.83,high_P,low_C,P>C,P>M>O>C,T,F,F,F,F,F
1782892894.375,16729,74.74,74.72,74.76,74.76,TIE,low_C,TIE,TIE,T,F,F,F,F,TIE
1782892946.882,16730,74.72,74.65,74.71,74.71,high_O,low_C,O>C,TIE,T,T,T,F,F,TIE
1782892977.123,16731,74.65,74.79,74.65,74.65,high_C,TIE,TIE,TIE,F,TIE,TIE,T,T,TIE
1782892985.413,16732,74.79,74.89,74.8,74.8,high_C,low_O,C>O,TIE,F,F,F,T,T,TIE
1782893067.643,16733,74.89,74.84,74.84,74.84,high_O,TIE,TIE,TIE,T,T,T,TIE,TIE,TIE
1782893088.085,16734,74.84,74.87,74.92,74.93,high_P,low_O,P>O,P>M>C>O,F,F,F,F,F,F
1782893199.015,16735,74.87,74.93,74.92,74.85,high_C,low_P,C>P,C>M>O>P,F,F,T,T,T,T
1782893239.838,16736,74.93,74.98,74.92,74.92,high_C,TIE,TIE,TIE,F,T,T,T,T,TIE
1782893253.62,16737,74.98,75.0,75.0,75.0,TIE,low_O,TIE,TIE,F,F,F,TIE,TIE,TIE
1782893296.978,16738,75.0,75.01,74.98,74.98,high_C,TIE,TIE,TIE,F,T,T,T,T,TIE
1782893366.34,16739,75.01,74.86,74.97,75.0,high_O,low_C,O>C,O>P>M>C,T,T,T,F,F,F
1782893380.008,16740,74.86,75.02,74.93,74.9,high_C,low_O,C>O,C>M>P>O,F,F,F,T,T,T
1782893390.126,16741,75.02,74.97,75.02,75.03,high_P,low_C,P>C,TIE,T,TIE,F,F,F,F
1782893417.909,16742,74.97,74.96,74.95,74.95,high_O,TIE,TIE,TIE,T,T,T,T,T,TIE
1782893529.566,16743,74.96,74.81,74.91,74.92,high_O,low_C,O>C,O>P>M>C,T,T,T,F,F,F
1782893609.795,16744,74.81,74.92,74.91,74.91,high_C,low_O,C>O,TIE,F,F,F,T,T,TIE
1782893665.592,16746,74.88,74.88,74.88,74.88,TIE,TIE,TIE,TIE,TIE,TIE,TIE,TIE,TIE,TIE
1782893696.218,16747,74.88,74.85,74.88,74.88,TIE,low_C,TIE,TIE,T,TIE,TIE,F,F,TIE
1782893714.342,16748,74.85,74.82,74.82,74.82,high_O,TIE,TIE,TIE,T,T,T,TIE,TIE,TIE
1782893807.309,16752,74.85,74.86,74.85,74.85,high_C,TIE,TIE,TIE,F,TIE,TIE,T,T,TIE
1782893884.492,16753,74.86,74.81,74.8,74.8,high_O,TIE,TIE,TIE,T,T,T,T,T,TIE
1782893925.952,16754,74.81,74.79,74.8,74.8,high_O,low_C,O>C,TIE,T,T,T,F,F,TIE
1782893925.953,16755,74.79,74.76,74.77,74.77,high_O,low_C,O>C,TIE,T,T,T,F,F,TIE
1782893925.955,16756,74.76,74.71,74.73,74.73,high_O,low_C,O>C,TIE,T,T,T,F,F,TIE
1782893926.042,16757,74.71,74.73,74.7,74.7,high_C,TIE,TIE,TIE,F,T,T,T,T,TIE
1782893947.829,16758,74.73,74.79,74.74,74.73,high_C,TIE,TIE,TIE,F,F,TIE,T,T,T
1782894002.835,16759,74.79,74.72,74.78,74.78,high_O,low_C,O>C,TIE,T,T,T,F,F,TIE
1782894074.229,16760,74.72,74.73,74.69,74.69,high_C,TIE,TIE,TIE,F,T,T,T,T,TIE
1782894122.542,16761,74.73,74.59,74.62,74.66,high_O,low_C,O>C,O>P>M>C,T,T,T,F,F,F
1782894170.993,16762,74.59,74.51,74.56,74.56,high_O,low_C,O>C,TIE,T,T,T,F,F,TIE
1782894193.581,16763,74.51,74.58,74.54,74.54,high_C,low_O,C>O,TIE,F,F,F,T,T,TIE
1782894265.148,16765,74.49,74.49,74.51,74.5,high_M,TIE,TIE,TIE,TIE,F,F,F,F,T
1782894309.178,16766,74.49,74.57,74.53,74.5,high_C,low_O,C>O,C>M>P>O,F,F,F,T,T,T
1782894381.014,16767,74.57,74.6,74.6,74.6,TIE,low_O,TIE,TIE,F,F,F,TIE,TIE,TIE
1782894405.495,16768,74.6,74.68,74.67,74.67,high_C,low_O,C>O,TIE,F,F,F,T,T,TIE
1782894548.658,16769,74.68,74.66,74.68,74.71,high_P,low_C,P>C,TIE,T,TIE,F,F,F,F
1782894634.825,16770,74.66,74.71,74.66,74.66,high_C,TIE,TIE,TIE,F,TIE,TIE,T,T,TIE
1782894667.746,16771,74.71,74.7,74.7,74.69,high_O,low_P,O>P,TIE,T,T,T,TIE,T,T
1782894738.927,16772,74.7,74.66,74.7,74.7,TIE,low_C,TIE,TIE,T,TIE,TIE,F,F,TIE
1782894812.37,16773,74.66,74.51,74.59,74.59,high_O,low_C,O>C,TIE,T,T,T,F,F,TIE
1782894832.629,16774,74.51,74.5,74.51,74.5,TIE,TIE,TIE,TIE,T,TIE,T,F,TIE,T
1782894835.296,16775,74.5,74.44,74.49,74.49,high_O,low_C,O>C,TIE,T,T,T,F,F,TIE
1782894858.74,16776,74.44,74.55,74.5,74.5,high_C,low_O,C>O,TIE,F,F,F,T,T,TIE
1782895123.834,16779,74.61,74.61,74.6,74.61,TIE,low_M,TIE,TIE,TIE,T,TIE,T,TIE,F
1782895189.727,16780,74.61,74.65,74.65,74.65,TIE,low_O,TIE,TIE,F,F,F,TIE,TIE,TIE
1782895270.509,16781,74.65,74.66,74.66,74.65,TIE,TIE,TIE,TIE,F,F,TIE,TIE,T,T
1782895305.258,16782,74.66,74.65,74.66,74.65,TIE,TIE,TIE,TIE,T,TIE,T,F,TIE,T
1782895357.498,16783,74.65,74.71,74.67,74.67,high_C,low_O,C>O,TIE,F,F,F,T,T,TIE
1782895383.816,16784,74.71,74.74,74.75,74.75,TIE,low_O,TIE,TIE,F,F,F,F,F,TIE
1782895428.129,16785,74.74,74.77,74.75,74.76,high_C,low_O,C>O,C>P>M>O,F,F,F,T,T,F
1782895488.711,16786,74.77,74.85,74.8,74.84,high_C,low_O,C>O,C>P>M>O,F,F,F,T,T,F
1782895501.66,16787,74.85,74.81,74.84,74.83,high_O,low_C,O>C,O>M>P>C,T,T,T,F,F,T
1782895582.846,16788,74.81,74.8,74.8,74.8,high_O,TIE,TIE,TIE,T,T,T,TIE,TIE,TIE
1782895734.914,16789,74.8,74.72,74.73,74.72,high_O,TIE,TIE,TIE,T,T,T,F,TIE,T
1782895831.405,16790,74.72,74.66,74.67,74.65,high_O,low_P,O>P,O>M>C>P,T,T,T,F,T,T
1782895934.537,16791,74.66,74.83,74.79,74.79,high_C,low_O,C>O,TIE,F,F,F,T,T,TIE
1782896083.4,16792,74.83,74.82,74.81,74.81,high_O,TIE,TIE,TIE,T,T,T,T,T,TIE
1782896105.747,16793,74.82,74.8,74.81,74.81,high_O,low_C,O>C,TIE,T,T,T,F,F,TIE
1782896127.137,16794,74.8,74.91,74.88,74.91,TIE,low_O,TIE,TIE,F,F,F,T,TIE,F
1782896144.529,16795,74.91,74.92,74.94,74.94,TIE,low_O,TIE,TIE,F,F,F,F,F,TIE
1782896192.369,16796,74.92,74.94,74.95,74.95,TIE,low_O,TIE,TIE,F,F,F,F,F,TIE
1782896222.172,16797,74.94,75.0,74.96,74.96,high_C,low_O,C>O,TIE,F,F,F,T,T,TIE
1782896227.087,16799,75.08,75.08,75.1,75.08,high_M,TIE,TIE,TIE,TIE,F,TIE,F,TIE,T
1782896257.198,16800,75.08,75.13,75.12,75.12,high_C,low_O,C>O,TIE,F,F,F,T,T,TIE
1782896264.453,16801,75.13,75.17,75.13,75.11,high_C,low_P,C>P,TIE,F,TIE,T,T,T,T
1782896264.455,16802,75.17,75.21,75.19,75.2,high_C,low_O,C>O,C>P>M>O,F,F,F,T,T,F
1782896264.48,16803,75.21,75.17,75.22,75.22,TIE,low_C,TIE,TIE,T,F,F,F,F,TIE
1782896269.687,16804,75.17,75.16,75.18,75.17,high_M,low_C,M>C,TIE,T,F,TIE,F,F,T
1782896280.92,16805,75.16,75.27,75.23,75.23,high_C,low_O,C>O,TIE,F,F,F,T,T,TIE
1782896289.058,16806,75.27,75.33,75.29,75.3,high_C,low_O,C>O,C>P>M>O,F,F,F,T,T,F
1782896293.684,16807,75.33,75.34,75.33,75.31,high_C,low_P,C>P,TIE,F,TIE,T,T,T,T
1782896310.67,16808,75.34,75.37,75.34,75.33,high_C,low_P,C>P,TIE,F,TIE,T,T,T,T
1782896315.384,16809,75.37,75.46,75.42,75.41,high_C,low_O,C>O,C>M>P>O,F,F,F,T,T,T
1782896322.708,16810,75.46,75.42,75.45,75.48,high_P,low_C,P>C,P>O>M>C,T,T,F,F,F,F
1782896349.75,16811,75.42,75.41,75.41,75.41,high_O,TIE,TIE,TIE,T,T,T,TIE,TIE,TIE
1782896371.53,16812,75.41,75.45,75.42,75.42,high_C,low_O,C>O,TIE,F,F,F,T,T,TIE
1782896392.004,16813,75.45,75.4,75.42,75.4,high_O,TIE,TIE,TIE,T,T,T,F,TIE,T
1782896405.14,16814,75.4,75.31,75.4,75.4,TIE,low_C,TIE,TIE,T,TIE,TIE,F,F,TIE
1782896415.216,16815,75.31,75.25,75.27,75.28,high_O,low_C,O>C,O>P>M>C,T,T,T,F,F,F
1782896428.528,16816,75.25,75.18,75.22,75.22,high_O,low_C,O>C,TIE,T,T,T,F,F,TIE
1782896458.56,16817,75.18,75.16,75.18,75.2,high_P,low_C,P>C,TIE,T,TIE,F,F,F,F
1782896463.327,16818,75.16,75.15,75.14,75.15,high_O,low_M,O>M,TIE,T,T,T,T,TIE,F
1782896491.523,16819,75.15,75.14,75.14,75.14,high_O,TIE,TIE,TIE,T,T,T,TIE,TIE,TIE
1782896514.532,16820,75.14,75.11,75.13,75.13,high_O,low_C,O>C,TIE,T,T,T,F,F,TIE
1782896525.445,16821,75.11,75.21,75.2,75.2,high_C,low_O,C>O,TIE,F,F,F,T,T,TIE
1782896550.844,16823,75.23,75.23,75.24,75.25,high_P,TIE,TIE,TIE,TIE,F,F,F,F,F
1782896621.715,16824,75.23,75.12,75.15,75.13,high_O,low_C,O>C,O>M>P>C,T,T,T,F,F,T
1782896678.847,16825,75.12,75.22,75.17,75.17,high_C,low_O,C>O,TIE,F,F,F,T,T,TIE
1782896717.391,16826,75.22,75.24,75.22,75.21,high_C,low_P,C>P,TIE,F,TIE,T,T,T,T
1782896760.825,16827,75.24,75.27,75.28,75.28,TIE,low_O,TIE,TIE,F,F,F,F,F,TIE
1782896810.102,16828,75.27,75.33,75.3,75.3,high_C,low_O,C>O,TIE,F,F,F,T,T,TIE
1782896860.799,16829,75.33,75.37,75.36,75.38,high_P,low_O,P>O,P>C>M>O,F,F,F,T,F,F
1782896868.649,16830,75.37,75.31,75.3,75.3,high_O,TIE,TIE,TIE,T,T,T,T,T,TIE
1782896928.987,16831,75.31,75.25,75.3,75.31,TIE,low_C,TIE,TIE,T,T,TIE,F,F,F
1782897021.479,16832,75.25,75.24,75.25,75.25,TIE,low_C,TIE,TIE,T,TIE,TIE,F,F,TIE
1782897136.378,16834,75.23,75.23,75.22,75.23,TIE,low_M,TIE,TIE,TIE,T,TIE,T,TIE,F
1782897172.165,16837,75.24,75.23,75.24,75.24,TIE,low_C,TIE,TIE,T,TIE,TIE,F,F,TIE
1782897272.379,16840,75.22,75.13,75.2,75.21,high_O,low_C,O>C,O>P>M>C,T,T,T,F,F,F
1782897342.855,16841,75.13,75.15,75.12,75.12,high_C,TIE,TIE,TIE,F,T,T,T,T,TIE
1782897342.926,16842,75.15,75.22,75.18,75.23,high_P,low_O,P>O,P>C>M>O,F,F,F,T,F,F
1782897346.9,16843,75.22,75.3,75.26,75.28,high_C,low_O,C>O,C>P>M>O,F,F,F,T,T,F
1782897373.039,16844,75.3,75.29,75.33,75.33,TIE,low_C,TIE,TIE,T,F,F,F,F,TIE
1782897421.076,16845,75.29,75.31,75.28,75.29,high_C,low_M,C>M,TIE,F,T,TIE,T,T,F
1782897512.342,16846,75.31,75.22,75.34,75.34,TIE,low_C,TIE,TIE,T,F,F,F,F,TIE
1782897603.61,16847,75.22,75.18,75.19,75.19,high_O,low_C,O>C,TIE,T,T,T,F,F,TIE
1782897644.645,16848,75.18,75.11,75.13,75.13,high_O,low_C,O>C,TIE,T,T,T,F,F,TIE
1782897705.126,16849,75.11,75.12,75.11,75.11,high_C,TIE,TIE,TIE,F,TIE,TIE,T,T,TIE
1782897752.084,16850,75.12,75.1,75.12,75.12,TIE,low_C,TIE,TIE,T,TIE,TIE,F,F,TIE
1782897900.612,16851,75.1,75.11,75.13,75.1,high_M,TIE,TIE,TIE,F,F,TIE,F,T,T
1782897904.179,16852,75.11,75.1,75.11,75.09,TIE,low_P,TIE,TIE,T,TIE,T,F,T,T
1782898152.685,16854,75.07,75.07,75.07,75.07,TIE,TIE,TIE,TIE,TIE,TIE,TIE,TIE,TIE,TIE
1782898198.662,16855,75.07,75.12,75.12,75.12,TIE,low_O,TIE,TIE,F,F,F,TIE,TIE,TIE
1782898250.147,16856,75.12,75.08,75.1,75.12,TIE,low_C,TIE,TIE,T,T,TIE,F,F,F
1782898274.784,16857,75.08,75.2,75.17,75.19,high_C,low_O,C>O,C>P>M>O,F,F,F,T,T,F
1782898324.223,16858,75.2,75.22,75.21,75.22,TIE,low_O,TIE,TIE,F,F,F,T,TIE,F
1782898456.456,16859,75.22,75.28,75.25,75.26,high_C,low_O,C>O,C>P>M>O,F,F,F,T,T,F
1782898491.727,16860,75.28,75.3,75.28,75.28,high_C,TIE,TIE,TIE,F,TIE,TIE,T,T,TIE
1782898592.505,16861,75.3,75.26,75.24,75.24,high_O,TIE,TIE,TIE,T,T,T,T,T,TIE
1782898709.022,16862,75.26,75.22,75.25,75.22,high_O,TIE,TIE,TIE,T,T,T,F,TIE,T
1782898709.023,16863,75.22,75.18,75.2,75.2,high_O,low_C,O>C,TIE,T,T,T,F,F,TIE
1782898711.186,16864,75.18,75.21,75.17,75.17,high_C,TIE,TIE,TIE,F,T,T,T,T,TIE
1782898787.107,16865,75.21,75.2,75.21,75.22,high_P,low_C,P>C,TIE,T,TIE,F,F,F,F
1782898888.252,16866,75.2,75.18,75.16,75.16,high_O,TIE,TIE,TIE,T,T,T,T,T,TIE
1782899045.792,16867,75.18,75.15,75.18,75.17,TIE,low_C,TIE,TIE,T,TIE,T,F,F,T
1782899147.7,16870,75.2,75.25,75.24,75.25,TIE,low_O,TIE,TIE,F,F,F,T,TIE,F
1782899202.37,16871,75.25,75.12,75.22,75.22,high_O,low_C,O>C,TIE,T,T,T,F,F,TIE
1782899270.015,16872,75.12,75.16,75.15,75.16,TIE,low_O,TIE,TIE,F,F,F,T,TIE,F
1782899343.592,16873,75.16,75.13,75.15,75.15,high_O,low_C,O>C,TIE,T,T,T,F,F,TIE
1782899343.593,16874,75.13,75.09,75.11,75.1,high_O,low_C,O>C,O>M>P>C,T,T,T,F,F,T
1782899343.767,16875,75.09,75.03,75.06,75.06,high_O,low_C,O>C,TIE,T,T,T,F,F,TIE
1782899354.978,16877,75.1,75.1,75.08,75.08,TIE,TIE,TIE,TIE,TIE,T,T,T,T,TIE
1782899404.182,16878,75.1,75.17,75.13,75.13,high_C,low_O,C>O,TIE,F,F,F,T,T,TIE
1782899528.338,16879,75.17,75.18,75.16,75.15,high_C,low_P,C>P,C>O>M>P,F,T,T,T,T,T
1782899528.339,16880,75.18,75.22,75.2,75.21,high_C,low_O,C>O,C>P>M>O,F,F,F,T,T,F
1782899528.34,16881,75.22,75.25,75.23,75.23,high_C,low_O,C>O,TIE,F,F,F,T,T,TIE
1782899528.418,16882,75.25,75.3,75.27,75.26,high_C,low_O,C>O,C>M>P>O,F,F,F,T,T,T
1782899546.275,16883,75.3,75.36,75.35,75.37,high_P,low_O,P>O,P>C>M>O,F,F,F,T,F,F
1782899698.755,16885,75.38,75.38,75.37,75.36,TIE,low_P,TIE,TIE,TIE,T,T,T,T,T
1782899742.449,16886,75.38,75.4,75.38,75.37,high_C,low_P,C>P,TIE,F,TIE,T,T,T,T
1782899742.449,16887,75.4,75.43,75.41,75.4,high_C,TIE,TIE,TIE,F,F,TIE,T,T,T
1782899742.451,16888,75.43,75.47,75.46,75.46,high_C,low_O,C>O,TIE,F,F,F,T,T,TIE
1782899742.476,16889,75.47,75.48,75.48,75.47,TIE,TIE,TIE,TIE,F,F,TIE,TIE,T,T
1782899747.604,16894,75.5,75.53,75.5,75.5,high_C,TIE,TIE,TIE,F,TIE,TIE,T,T,TIE
1782899764.778,16895,75.53,75.44,75.5,75.51,high_O,low_C,O>C,O>P>M>C,T,T,T,F,F,F
1782899859.207,16896,75.44,75.4,75.45,75.45,TIE,low_C,TIE,TIE,T,F,F,F,F,TIE
1782899952.949,16897,75.4,75.3,75.3,75.29,high_O,low_P,O>P,TIE,T,T,T,TIE,T,T
1782899981.532,16899,75.47,75.47,75.47,75.47,TIE,TIE,TIE,TIE,TIE,TIE,TIE,TIE,TIE,TIE
1782900015.836,16900,75.47,75.39,75.42,75.41,high_O,low_C,O>C,O>M>P>C,T,T,T,F,F,T
1782900077.463,16901,75.39,75.23,75.28,75.25,high_O,low_C,O>C,O>M>P>C,T,T,T,F,F,T
1782900234.05,16903,75.3,75.3,75.28,75.29,TIE,low_M,TIE,TIE,TIE,T,T,T,T,F
1782900234.051,16904,75.3,75.33,75.31,75.3,high_C,TIE,TIE,TIE,F,F,TIE,T,T,T
1782900234.052,16905,75.33,75.38,75.36,75.37,high_C,low_O,C>O,C>P>M>O,F,F,F,T,T,F
1782900234.086,16906,75.38,75.41,75.4,75.4,high_C,low_O,C>O,TIE,F,F,F,T,T,TIE
1782900236.805,16907,75.41,75.43,75.4,75.4,high_C,TIE,TIE,TIE,F,T,T,T,T,TIE
1782900246.382,16908,75.43,75.47,75.47,75.47,TIE,low_O,TIE,TIE,F,F,F,TIE,TIE,TIE
1782900334.037,16909,75.47,75.46,75.46,75.47,TIE,TIE,TIE,TIE,T,T,TIE,TIE,F,F
1782900410.431,16910,75.46,75.37,75.4,75.38,high_O,low_C,O>C,O>M>P>C,T,T,T,F,F,T
1782900506.891,16911,75.37,75.36,75.35,75.35,high_O,TIE,TIE,TIE,T,T,T,T,T,TIE
1782900506.892,16912,75.36,75.4,75.38,75.39,high_C,low_O,C>O,C>P>M>O,F,F,F,T,T,F
1782900506.893,16913,75.4,75.43,75.42,75.43,TIE,low_O,TIE,TIE,F,F,F,T,TIE,F
1782900507.016,16914,75.43,75.48,75.46,75.48,TIE,low_O,TIE,TIE,F,F,F,T,TIE,F
1782900510.374,16915,75.48,75.52,75.5,75.5,high_C,low_O,C>O,TIE,F,F,F,T,T,TIE
1782900563.187,16916,75.52,75.49,75.5,75.49,high_O,TIE,TIE,TIE,T,T,T,F,TIE,T
1782900610.203,16917,75.49,75.45,75.46,75.46,high_O,low_C,O>C,TIE,T,T,T,F,F,TIE
1782900639.441,16918,75.45,75.3,75.43,75.45,TIE,low_C,TIE,TIE,T,T,TIE,F,F,F
1782900706.741,16920,75.27,75.27,75.28,75.27,high_M,TIE,TIE,TIE,TIE,F,TIE,F,TIE,T
1782900712.641,16921,75.27,75.32,75.32,75.32,TIE,low_O,TIE,TIE,F,F,F,TIE,TIE,TIE
1782900776.876,16922,75.32,75.33,75.34,75.34,TIE,low_O,TIE,TIE,F,F,F,F,F,TIE
1782900789.014,16923,75.33,75.31,75.28,75.28,high_O,TIE,TIE,TIE,T,T,T,T,T,TIE
1782900848.837,16924,75.31,75.3,75.31,75.32,high_P,low_C,P>C,TIE,T,TIE,F,F,F,F
1782900888.961,16925,75.3,75.23,75.27,75.27,high_O,low_C,O>C,TIE,T,T,T,F,F,TIE
1782900945.897,16926,75.23,75.27,75.21,75.2,high_C,low_P,C>P,C>O>M>P,F,T,T,T,T,T
1782900985.535,16927,75.27,75.26,75.27,75.28,high_P,low_C,P>C,TIE,T,TIE,F,F,F,F
1782901012.743,16928,75.26,75.31,75.31,75.32,high_P,low_O,P>O,TIE,F,F,F,TIE,F,F
1782901092.077,16929,75.31,75.42,75.39,75.36,high_C,low_O,C>O,C>M>P>O,F,F,F,T,T,T
1782901125.717,16930,75.42,75.4,75.38,75.38,high_O,TIE,TIE,TIE,T,T,T,T,T,TIE
1782901230.076,16931,75.4,75.45,75.39,75.38,high_C,low_P,C>P,C>O>M>P,F,T,T,T,T,T
1782901301.485,16932,75.45,75.46,75.47,75.48,high_P,low_O,P>O,P>M>C>O,F,F,F,F,F,F
1782901428.328,16933,75.46,75.38,75.4,75.38,high_O,TIE,TIE,TIE,T,T,T,F,TIE,T
1782901449.779,16934,75.38,75.3,75.35,75.3,high_O,TIE,TIE,TIE,T,T,T,F,TIE,T
1782901528.243,16935,75.3,75.25,75.28,75.3,TIE,low_C,TIE,TIE,T,T,TIE,F,F,F
1782901551.943,16936,75.25,75.15,75.19,75.19,high_O,low_C,O>C,TIE,T,T,T,F,F,TIE
1782901572.924,16937,75.15,75.14,75.16,75.16,TIE,low_C,TIE,TIE,T,F,F,F,F,TIE
1782901621.176,16938,75.14,75.17,75.16,75.16,high_C,low_O,C>O,TIE,F,F,F,T,T,TIE
1782901662.807,16939,75.17,75.19,75.16,75.16,high_C,TIE,TIE,TIE,F,T,T,T,T,TIE
1782901804.896,16940,75.19,75.31,75.24,75.23,high_C,low_O,C>O,C>M>P>O,F,F,F,T,T,T
1782901925.48,16941,75.31,75.26,75.28,75.28,high_O,low_C,O>C,TIE,T,T,T,F,F,TIE
1782901973.844,16942,75.26,75.25,75.29,75.3,high_P,low_C,P>C,P>M>O>C,T,F,F,F,F,F
1782901979.583,16943,75.25,75.24,75.24,75.24,high_O,TIE,TIE,TIE,T,T,T,TIE,TIE,TIE
1782901979.584,16944,75.24,75.25,75.24,75.24,high_C,TIE,TIE,TIE,F,TIE,TIE,T,T,TIE
1782902043.494,16945,75.25,75.35,75.26,75.25,high_C,TIE,TIE,TIE,F,F,TIE,T,T,T
1782902120.118,16946,75.35,75.18,75.23,75.23,high_O,low_C,O>C,TIE,T,T,T,F,F,TIE
1782902196.264,16947,75.18,75.12,75.13,75.12,high_O,TIE,TIE,TIE,T,T,T,F,TIE,T
1782902265.264,16948,75.12,75.2,75.14,75.14,high_C,low_O,C>O,TIE,F,F,F,T,T,TIE
1782902299.819,16949,75.2,75.18,75.2,75.2,TIE,low_C,TIE,TIE,T,TIE,TIE,F,F,TIE
1782902402.105,16950,75.18,75.07,75.16,75.18,TIE,low_C,TIE,TIE,T,T,TIE,F,F,F
1782902433.037,16951,75.07,75.11,75.09,75.09,high_C,low_O,C>O,TIE,F,F,F,T,T,TIE
1782902574.447,16953,75.06,75.06,75.04,75.04,TIE,TIE,TIE,TIE,TIE,T,T,T,T,TIE
1782902590.604,16954,75.06,75.03,75.07,75.07,TIE,low_C,TIE,TIE,T,F,F,F,F,TIE
1782902592.64,16955,75.03,74.97,75.0,75.0,high_O,low_C,O>C,TIE,T,T,T,F,F,TIE
1782902602.99,16956,74.97,75.01,75.0,75.01,TIE,low_O,TIE,TIE,F,F,F,T,TIE,F
1782902656.343,16957,75.01,75.04,75.02,75.04,TIE,low_O,TIE,TIE,F,F,F,T,TIE,F
1782902746.486,16958,75.04,75.08,75.04,75.04,high_C,TIE,TIE,TIE,F,TIE,TIE,T,T,TIE
1782902835.851,16959,75.08,75.09,75.1,75.1,TIE,low_O,TIE,TIE,F,F,F,F,F,TIE
1782902935.306,16960,75.09,75.12,75.11,75.11,high_C,low_O,C>O,TIE,F,F,F,T,T,TIE
1782903133.786,16961,75.12,75.11,75.14,75.15,high_P,low_C,P>C,P>M>O>C,T,F,F,F,F,F
1782903400.742,16963,75.07,75.07,75.06,75.07,TIE,low_M,TIE,TIE,TIE,T,TIE,T,TIE,F
1782903515.823,16964,75.07,75.05,75.05,75.05,high_O,TIE,TIE,TIE,T,T,T,TIE,TIE,TIE
1782903558.768,16965,75.05,74.97,74.97,74.95,high_O,low_P,O>P,TIE,T,T,T,TIE,T,T
1782903641.02,16968,74.95,74.95,74.97,74.97,TIE,TIE,TIE,TIE,TIE,F,F,F,F,TIE
1782903649.611,16970,74.85,74.85,74.84,74.84,TIE,TIE,TIE,TIE,TIE,T,T,T,T,TIE
1782903652.131,16971,74.85,74.76,74.8,74.79,high_O,low_C,O>C,O>M>P>C,T,T,T,F,F,T
1782903664.087,16972,74.76,74.85,74.83,74.83,high_C,low_O,C>O,TIE,F,F,F,T,T,TIE
1782903683.506,16973,74.85,74.8,74.82,74.82,high_O,low_C,O>C,TIE,T,T,T,F,F,TIE
1782903692.946,16974,74.8,74.71,74.74,74.74,high_O,low_C,O>C,TIE,T,T,T,F,F,TIE
1782903696.125,16975,74.71,74.68,74.67,74.67,high_O,TIE,TIE,TIE,T,T,T,T,T,TIE
1782903700.043,16976,74.68,74.7,74.69,74.69,high_C,low_O,C>O,TIE,F,F,F,T,T,TIE
1782903713.227,16978,74.66,74.66,74.71,74.71,TIE,TIE,TIE,TIE,TIE,F,F,F,F,TIE
1782903723.156,16979,74.66,74.68,74.65,74.65,high_C,TIE,TIE,TIE,F,T,T,T,T,TIE
1782903734.556,16980,74.68,74.65,74.66,74.65,high_O,TIE,TIE,TIE,T,T,T,F,TIE,T
1782903764.675,16981,74.65,74.77,74.77,74.79,high_P,low_O,P>O,TIE,F,F,F,TIE,F,F
1782903804.53,16982,74.77,74.85,74.79,74.8,high_C,low_O,C>O,C>P>M>O,F,F,F,T,T,F
1782903848.059,16983,74.85,74.83,74.87,74.82,high_M,low_P,M>P,M>O>C>P,T,F,T,F,T,T
1782903916.054,16984,74.83,74.89,74.86,74.86,high_C,low_O,C>O,TIE,F,F,F,T,T,TIE
1782903933.382,16985,74.89,74.93,74.92,74.92,high_C,low_O,C>O,TIE,F,F,F,T,T,TIE
1782904021.808,16986,74.93,74.86,74.89,74.89,high_O,low_C,O>C,TIE,T,T,T,F,F,TIE
1782904058.142,16987,74.86,74.91,74.88,74.9,high_C,low_O,C>O,C>P>M>O,F,F,F,T,T,F
1782904098.413,16988,74.91,74.94,74.92,74.92,high_C,low_O,C>O,TIE,F,F,F,T,T,TIE
1782904161.915,16989,74.94,74.78,74.83,74.9,high_O,low_C,O>C,O>P>M>C,T,T,T,F,F,F
1782904165.19,16990,74.78,74.82,74.82,74.82,TIE,low_O,TIE,TIE,F,F,F,TIE,TIE,TIE
1782904235.739,16991,74.82,74.76,74.79,74.77,high_O,low_C,O>C,O>M>P>C,T,T,T,F,F,T
1782904296.176,16992,74.76,74.94,74.91,74.94,TIE,low_O,TIE,TIE,F,F,F,T,TIE,F
1782904296.178,16993,74.94,75.0,74.97,74.97,high_C,low_O,C>O,TIE,F,F,F,T,T,TIE
1782904297.303,16994,75.0,74.99,74.99,75.0,TIE,TIE,TIE,TIE,T,T,TIE,TIE,F,F
1782904325.647,16995,74.99,74.98,74.96,74.98,high_O,low_M,O>M,TIE,T,T,T,T,TIE,F
1782904370.4,16996,74.98,75.0,74.98,74.97,high_C,low_P,C>P,TIE,F,TIE,T,T,T,T
1782904421.475,16997,75.0,75.04,75.0,74.99,high_C,low_P,C>P,TIE,F,TIE,T,T,T,T
1782904475.074,16998,75.04,75.1,75.05,75.05,high_C,low_O,C>O,TIE,F,F,F,T,T,TIE
1782904508.063,16999,75.1,75.13,75.11,75.11,high_C,low_O,C>O,TIE,F,F,F,T,T,TIE
1782904526.938,17000,75.13,75.2,75.14,75.14,high_C,low_O,C>O,TIE,F,F,F,T,T,TIE
1782904573.847,17001,75.2,75.13,75.17,75.2,TIE,low_C,TIE,TIE,T,T,TIE,F,F,F
1782904619.171,17002,75.13,75.11,75.1,75.09,high_O,low_P,O>P,O>C>M>P,T,T,T,T,T,T
1782904681.645,17003,75.11,75.1,75.12,75.15,high_P,low_C,P>C,P>M>O>C,T,F,F,F,F,F
1782904723.361,17004,75.1,75.18,75.1,75.1,high_C,TIE,TIE,TIE,F,TIE,TIE,T,T,TIE
1782904744.911,17005,75.18,75.27,75.24,75.24,high_C,low_O,C>O,TIE,F,F,F,T,T,TIE
1782904819.514,17006,75.27,75.15,75.22,75.25,high_O,low_C,O>C,O>P>M>C,T,T,T,F,F,F
1782904892.585,17007,75.15,75.16,75.12,75.12,high_C,TIE,TIE,TIE,F,T,T,T,T,TIE
1782904942.399,17008,75.16,75.1,75.1,75.1,high_O,TIE,TIE,TIE,T,T,T,TIE,TIE,TIE
1782904957.02,17009,75.1,75.11,75.1,75.1,high_C,TIE,TIE,TIE,F,TIE,TIE,T,T,TIE
1782905041.098,17010,75.11,74.99,75.03,74.99,high_O,TIE,TIE,TIE,T,T,T,F,TIE,T
1782905164.26,17011,74.99,75.12,75.04,75.04,high_C,low_O,C>O,TIE,F,F,F,T,T,TIE
1782905318.233,17012,75.12,75.01,75.09,75.09,high_O,low_C,O>C,TIE,T,T,T,F,F,TIE
1782905460.738,17013,75.01,75.02,75.0,74.99,high_C,low_P,C>P,C>O>M>P,F,T,T,T,T,T
1782905528.12,17014,75.02,75.0,75.0,75.0,high_O,TIE,TIE,TIE,T,T,T,TIE,TIE,TIE
1782905558.577,17015,75.0,74.91,74.93,74.95,high_O,low_C,O>C,O>P>M>C,T,T,T,F,F,F
1782905616.424,17016,74.91,74.87,74.94,74.94,TIE,low_C,TIE,TIE,T,F,F,F,F,TIE
1782905619.53,17017,74.87,74.82,74.84,74.84,high_O,low_C,O>C,TIE,T,T,T,F,F,TIE
1782905619.538,17018,74.82,74.78,74.8,74.8,high_O,low_C,O>C,TIE,T,T,T,F,F,TIE
1782905635.279,17019,74.78,74.85,74.84,74.85,TIE,low_O,TIE,TIE,F,F,F,T,TIE,F
1782905668.742,17020,74.85,74.83,74.85,74.84,TIE,low_C,TIE,TIE,T,TIE,T,F,F,T
1782905674.128,17021,74.83,74.82,74.82,74.82,high_O,TIE,TIE,TIE,T,T,T,TIE,TIE,TIE
1782905692.248,17022,74.82,74.88,74.82,74.82,high_C,TIE,TIE,TIE,F,TIE,TIE,T,T,TIE
1782905702.409,17023,74.88,74.84,74.86,74.86,high_O,low_C,O>C,TIE,T,T,T,F,F,TIE
1782905749.587,17024,74.84,74.93,74.85,74.85,high_C,low_O,C>O,TIE,F,F,F,T,T,TIE
1782905850.786,17025,74.93,74.92,74.94,74.92,high_M,TIE,TIE,TIE,T,F,T,F,TIE,T
1782905901.266,17026,74.92,74.99,74.94,74.94,high_C,low_O,C>O,TIE,F,F,F,T,T,TIE
1782905906.459,17027,74.99,74.98,75.0,75.0,TIE,low_C,TIE,TIE,T,F,F,F,F,TIE
1782906000.239,17028,74.98,74.88,74.87,74.87,high_O,TIE,TIE,TIE,T,T,T,T,T,TIE
1782906097.55,17029,74.88,74.87,74.88,74.86,TIE,low_P,TIE,TIE,T,TIE,T,F,T,T
1782906212.989,17030,74.87,74.83,74.84,74.83,high_O,TIE,TIE,TIE,T,T,T,F,TIE,T
1782906343.732,17031,74.83,74.92,74.9,74.9,high_C,low_O,C>O,TIE,F,F,F,T,T,TIE
1782906478.869,17032,74.92,74.89,74.93,74.92,high_M,low_C,M>C,TIE,T,F,TIE,F,F,T
1782906551.521,17033,74.89,74.82,74.84,74.82,high_O,TIE,TIE,TIE,T,T,T,F,TIE,T
1782906599.942,17034,74.82,74.81,74.82,74.81,TIE,TIE,TIE,TIE,T,TIE,T,F,TIE,T
1782906599.963,17035,74.81,74.76,74.78,74.78,high_O,low_C,O>C,TIE,T,T,T,F,F,TIE
1782906600.022,17036,74.76,74.74,74.78,74.78,TIE,low_C,TIE,TIE,T,F,F,F,F,TIE
1782906601.181,17037,74.74,74.75,74.75,74.74,TIE,TIE,TIE,TIE,F,F,TIE,TIE,T,T
1782906617.445,17038,74.75,74.78,74.77,74.78,TIE,low_O,TIE,TIE,F,F,F,T,TIE,F
1782906663.775,17039,74.78,74.77,74.78,74.77,TIE,TIE,TIE,TIE,T,TIE,T,F,TIE,T
1782906756.496,17040,74.77,74.8,74.8,74.8,TIE,low_O,TIE,TIE,F,F,F,TIE,TIE,TIE
1782906812.001,17041,74.8,74.76,74.79,74.8,TIE,low_C,TIE,TIE,T,T,TIE,F,F,F
1782906850.82,17042,74.76,74.79,74.76,74.75,high_C,low_P,C>P,TIE,F,TIE,T,T,T,T
1782906914.475,17043,74.79,74.75,74.78,74.78,high_O,low_C,O>C,TIE,T,T,T,F,F,TIE
1782906974.689,17044,74.75,74.73,74.74,74.74,high_O,low_C,O>C,TIE,T,T,T,F,F,TIE
1782906984.375,17045,74.73,74.62,74.65,74.64,high_O,low_C,O>C,O>M>P>C,T,T,T,F,F,T
1782906991.105,17046,74.62,74.64,74.62,74.61,high_C,low_P,C>P,TIE,F,TIE,T,T,T,T
1782907019.143,17047,74.64,74.68,74.63,74.63,high_C,TIE,TIE,TIE,F,T,T,T,T,TIE
1782907108.918,17048,74.68,74.77,74.73,74.75,high_C,low_O,C>O,C>P>M>O,F,F,F,T,T,F
1782907180.636,17049,74.77,74.81,74.81,74.8,TIE,low_O,TIE,TIE,F,F,F,TIE,T,T
1782907212.018,17050,74.81,74.91,74.85,74.81,high_C,TIE,TIE,TIE,F,F,TIE,T,T,T
1782907244.353,17051,74.91,74.82,74.91,74.92,high_P,low_C,P>C,TIE,T,TIE,F,F,F,F
1782907329.697,17052,74.82,74.73,74.75,74.71,high_O,low_P,O>P,O>M>C>P,T,T,T,F,T,T
1782907389.483,17053,74.73,74.67,74.69,74.68,high_O,low_C,O>C,O>M>P>C,T,T,T,F,F,T
1782907510.131,17054,74.67,74.66,74.66,74.65,high_O,low_P,O>P,TIE,T,T,T,TIE,T,T
1782907573.062,17055,74.66,74.71,74.72,74.72,TIE,low_O,TIE,TIE,F,F,F,F,F,TIE
1782907653.229,17056,74.71,74.62,74.68,74.68,high_O,low_C,O>C,TIE,T,T,T,F,F,TIE
1782907658.577,17057,74.62,74.56,74.57,74.57,high_O,low_C,O>C,TIE,T,T,T,F,F,TIE
1782907658.577,17058,74.56,74.53,74.54,74.53,high_O,TIE,TIE,TIE,T,T,T,F,TIE,T
1782907658.598,17059,74.53,74.5,74.51,74.51,high_O,low_C,O>C,TIE,T,T,T,F,F,TIE
1782907687.723,17060,74.5,74.6,74.54,74.54,high_C,low_O,C>O,TIE,F,F,F,T,T,TIE
1782907751.464,17061,74.6,74.68,74.62,74.65,high_C,low_O,C>O,C>P>M>O,F,F,F,T,T,F
1782907773.747,17062,74.68,74.75,74.73,74.74,high_C,low_O,C>O,C>P>M>O,F,F,F,T,T,F
1782907773.748,17063,74.75,74.78,74.76,74.77,high_C,low_O,C>O,C>P>M>O,F,F,F,T,T,F
1782907800.165,17064,74.78,74.73,74.74,74.73,high_O,TIE,TIE,TIE,T,T,T,F,TIE,T
1782907837.754,17065,74.73,74.8,74.79,74.79,high_C,low_O,C>O,TIE,F,F,F,T,T,TIE
1782907854.845,17066,74.8,74.75,74.8,74.8,TIE,low_C,TIE,TIE,T,TIE,TIE,F,F,TIE
1782907871.757,17067,74.75,74.69,74.74,74.75,TIE,low_C,TIE,TIE,T,T,TIE,F,F,F
1782907876.032,17068,74.69,74.63,74.65,74.66,high_O,low_C,O>C,O>P>M>C,T,T,T,F,F,F
1782907907.163,17069,74.63,74.56,74.61,74.62,high_O,low_C,O>C,O>P>M>C,T,T,T,F,F,F
1782907920.385,17070,74.56,74.49,74.51,74.49,high_O,TIE,TIE,TIE,T,T,T,F,TIE,T
1782907937.128,17071,74.49,74.56,74.51,74.51,high_C,low_O,C>O,TIE,F,F,F,T,T,TIE
1782907965.507,17072,74.56,74.48,74.51,74.49,high_O,low_C,O>C,O>M>P>C,T,T,T,F,F,T
1782908004.829,17073,74.48,74.5,74.52,74.53,high_P,low_O,P>O,P>M>C>O,F,F,F,F,F,F
1782908027.326,17074,74.5,74.45,74.49,74.51,high_P,low_C,P>C,P>O>M>C,T,T,F,F,F,F
1782908058.37,17075,74.45,74.44,74.47,74.47,TIE,low_C,TIE,TIE,T,F,F,F,F,TIE
1782908060.144,17076,74.44,74.36,74.38,74.35,high_O,low_P,O>P,O>M>C>P,T,T,T,F,T,T
1782908070.917,17077,74.36,74.39,74.35,74.35,high_C,TIE,TIE,TIE,F,T,T,T,T,TIE
1782908073.074,17079,74.36,74.36,74.34,74.34,TIE,TIE,TIE,TIE,TIE,T,T,T,T,TIE
1782908092.376,17080,74.36,74.45,74.38,74.38,high_C,low_O,C>O,TIE,F,F,F,T,T,TIE
1782908114.082,17081,74.45,74.57,74.51,74.52,high_C,low_O,C>O,C>P>M>O,F,F,F,T,T,F
1782908144.692,17082,74.57,74.58,74.58,74.55,TIE,low_P,TIE,TIE,F,F,T,TIE,T,T
1782908221.635,17083,74.58,74.57,74.57,74.56,high_O,low_P,O>P,TIE,T,T,T,TIE,T,T
1782908231.784,17084,74.57,74.55,74.55,74.55,high_O,TIE,TIE,TIE,T,T,T,TIE,TIE,TIE
1782908252.751,17085,74.55,74.5,74.55,74.55,TIE,low_C,TIE,TIE,T,TIE,TIE,F,F,TIE
1782908294.817,17086,74.5,74.49,74.48,74.47,high_O,low_P,O>P,O>C>M>P,T,T,T,T,T,T
1782908388.133,17087,74.49,74.57,74.55,74.55,high_C,low_O,C>O,TIE,F,F,F,T,T,TIE
1782908495.982,17088,74.57,74.55,74.56,74.57,TIE,low_C,TIE,TIE,T,T,TIE,F,F,F
1782908564.336,17089,74.55,74.54,74.52,74.52,high_O,TIE,TIE,TIE,T,T,T,T,T,TIE
1782908660.005,17090,74.54,74.57,74.56,74.57,TIE,low_O,TIE,TIE,F,F,F,T,TIE,F
1782908670.226,17091,74.57,74.61,74.58,74.58,high_C,low_O,C>O,TIE,F,F,F,T,T,TIE
1782908743.711,17092,74.61,74.58,74.63,74.63,TIE,low_C,TIE,TIE,T,F,F,F,F,TIE
1782908787.1,17093,74.58,74.52,74.56,74.58,TIE,low_C,TIE,TIE,T,T,TIE,F,F,F
1782908834.705,17094,74.52,74.58,74.54,74.53,high_C,low_O,C>O,C>M>P>O,F,F,F,T,T,T
1782908933.819,17095,74.58,74.63,74.6,74.63,TIE,low_O,TIE,TIE,F,F,F,T,TIE,F
1782909026.609,17096,74.63,74.5,74.58,74.5,high_O,TIE,TIE,TIE,T,T,T,F,TIE,T
1782909056.548,17097,74.5,74.45,74.45,74.43,high_O,low_P,O>P,TIE,T,T,T,TIE,T,T
1782909120.688,17098,74.45,74.57,74.53,74.56,high_C,low_O,C>O,C>P>M>O,F,F,F,T,T,F
1782909193.489,17099,74.57,74.54,74.54,74.54,high_O,TIE,TIE,TIE,T,T,T,TIE,TIE,TIE
1782909238.909,17100,74.54,74.66,74.6,74.66,TIE,low_O,TIE,TIE,F,F,F,T,TIE,F
1782909259.654,17101,74.66,74.53,74.59,74.59,high_O,low_C,O>C,TIE,T,T,T,F,F,TIE
1782909260.075,17102,74.53,74.5,74.51,74.5,high_O,TIE,TIE,TIE,T,T,T,F,TIE,T
1782909261.169,17103,74.5,74.44,74.45,74.45,high_O,low_C,O>C,TIE,T,T,T,F,F,TIE
1782909292.276,17104,74.44,74.41,74.44,74.44,TIE,low_C,TIE,TIE,T,TIE,TIE,F,F,TIE
1782909296.811,17105,74.41,74.35,74.4,74.4,high_O,low_C,O>C,TIE,T,T,T,F,F,TIE
1782909307.666,17106,74.35,74.39,74.34,74.34,high_C,TIE,TIE,TIE,F,T,T,T,T,TIE
1782909334.609,17107,74.39,74.41,74.41,74.39,TIE,TIE,TIE,TIE,F,F,TIE,TIE,T,T
1782909339.636,17110,74.4,74.4,74.4,74.4,TIE,TIE,TIE,TIE,TIE,TIE,TIE,TIE,TIE,TIE
1782909350.605,17111,74.4,74.41,74.4,74.4,high_C,TIE,TIE,TIE,F,TIE,TIE,T,T,TIE
1782909452.17,17113,74.37,74.37,74.37,74.37,TIE,TIE,TIE,TIE,TIE,TIE,TIE,TIE,TIE,TIE
1782909537.937,17115,74.44,74.44,74.44,74.44,TIE,TIE,TIE,TIE,TIE,TIE,TIE,TIE,TIE,TIE
1782909621.737,17116,74.44,74.37,74.44,74.44,TIE,low_C,TIE,TIE,T,TIE,TIE,F,F,TIE
1782909708.118,17117,74.37,74.49,74.43,74.41,high_C,low_O,C>O,C>M>P>O,F,F,F,T,T,T
1782909914.94,17119,74.46,74.46,74.47,74.47,TIE,TIE,TIE,TIE,TIE,F,F,F,F,TIE
1782910067.754,17120,74.46,74.42,74.43,74.43,high_O,low_C,O>C,TIE,T,T,T,F,F,TIE
1782910127.274,17121,74.42,74.34,74.38,74.38,high_O,low_C,O>C,TIE,T,T,T,F,F,TIE
1782910204.861,17122,74.34,74.41,74.38,74.34,high_C,TIE,TIE,TIE,F,F,TIE,T,T,T
1782910242.32,17123,74.41,74.49,74.5,74.5,TIE,low_O,TIE,TIE,F,F,F,F,F,TIE
1782910302.741,17124,74.49,74.46,74.5,74.49,high_M,low_C,M>C,TIE,T,F,TIE,F,F,T
1782910354.797,17125,74.46,74.4,74.44,74.4,high_O,TIE,TIE,TIE,T,T,T,F,TIE,T
1782910380.625,17126,74.4,74.42,74.42,74.42,TIE,low_O,TIE,TIE,F,F,F,TIE,TIE,TIE
1782910413.88,17127,74.42,74.3,74.35,74.35,high_O,low_C,O>C,TIE,T,T,T,F,F,TIE
1782910413.89,17128,74.3,74.25,74.28,74.28,high_O,low_C,O>C,TIE,T,T,T,F,F,TIE
1782910425.674,17129,74.25,74.26,74.28,74.28,TIE,low_O,TIE,TIE,F,F,F,F,F,TIE
1782910435.518,17130,74.26,74.24,74.25,74.25,high_O,low_C,O>C,TIE,T,T,T,F,F,TIE
1782910465.357,17131,74.24,74.37,74.28,74.24,high_C,TIE,TIE,TIE,F,F,TIE,T,T,T
1782910516.078,17132,74.37,74.39,74.36,74.34,high_C,low_P,C>P,C>O>M>P,F,T,T,T,T,T
1782910577.966,17133,74.39,74.44,74.4,74.44,TIE,low_O,TIE,TIE,F,F,F,T,TIE,F
1782910627.139,17134,74.44,74.47,74.47,74.47,TIE,low_O,TIE,TIE,F,F,F,TIE,TIE,TIE
1782910685.33,17135,74.47,74.52,74.49,74.49,high_C,low_O,C>O,TIE,F,F,F,T,T,TIE
1782910730.731,17136,74.52,74.49,74.52,74.53,high_P,low_C,P>C,TIE,T,TIE,F,F,F,F
1782910741.238,17137,74.49,74.55,74.51,74.52,high_C,low_O,C>O,C>P>M>O,F,F,F,T,T,F
1782910773.746,17138,74.55,74.54,74.53,74.53,high_O,TIE,TIE,TIE,T,T,T,T,T,TIE
1782910799.491,17139,74.54,74.57,74.55,74.57,TIE,low_O,TIE,TIE,F,F,F,T,TIE,F
1782910818.052,17140,74.57,74.63,74.62,74.63,TIE,low_O,TIE,TIE,F,F,F,T,TIE,F
1782910856.768,17142,74.62,74.62,74.63,74.65,high_P,TIE,TIE,TIE,TIE,F,F,F,F,F
1782910875.067,17143,74.62,74.7,74.69,74.72,high_P,low_O,P>O,P>C>M>O,F,F,F,T,F,F
1782910891.788,17144,74.7,74.79,74.71,74.71,high_C,low_O,C>O,TIE,F,F,F,T,T,TIE
1782910918.78,17145,74.79,74.8,74.75,74.75,high_C,TIE,TIE,TIE,F,T,T,T,T,TIE
1782910924.572,17146,74.8,74.83,74.83,74.84,high_P,low_O,P>O,TIE,F,F,F,TIE,F,F
1782910936.713,17147,74.83,74.82,74.85,74.86,high_P,low_C,P>C,P>M>O>C,T,F,F,F,F,F
1782910945.144,17148,74.82,74.91,74.86,74.86,high_C,low_O,C>O,TIE,F,F,F,T,T,TIE
1782910952.023,17149,74.91,74.85,74.85,74.85,high_O,TIE,TIE,TIE,T,T,T,TIE,TIE,TIE
1782910980.474,17150,74.85,74.91,74.86,74.86,high_C,low_O,C>O,TIE,F,F,F,T,T,TIE
1782910989.218,17151,74.91,74.96,74.93,74.9,high_C,low_P,C>P,C>M>O>P,F,F,T,T,T,T
1782911009.831,17152,74.96,74.91,74.96,74.97,high_P,low_C,P>C,TIE,T,TIE,F,F,F,F
1782911033.057,17153,74.91,74.82,74.88,74.88,high_O,low_C,O>C,TIE,T,T,T,F,F,TIE
1782911069.043,17154,74.82,74.84,74.82,74.84,TIE,TIE,TIE,TIE,F,TIE,F,T,TIE,F
1782911130.972,17155,74.84,74.83,74.79,74.77,high_O,low_P,O>P,O>C>M>P,T,T,T,T,T,T
1782911222.77,17158,74.84,74.84,74.88,74.88,TIE,TIE,TIE,TIE,TIE,F,F,F,F,TIE
1782911261.088,17159,74.84,74.8,74.82,74.82,high_O,low_C,O>C,TIE,T,T,T,F,F,TIE
1782911340.559,17160,74.8,74.79,74.79,74.79,high_O,TIE,TIE,TIE,T,T,T,TIE,TIE,TIE
1782911453.902,17161,74.79,74.84,74.82,74.82,high_C,low_O,C>O,TIE,F,F,F,T,T,TIE
1782911477.166,17162,74.84,74.9,74.9,74.9,TIE,low_O,TIE,TIE,F,F,F,TIE,TIE,TIE
1782911505.044,17163,74.9,74.94,74.91,74.91,high_C,low_O,C>O,TIE,F,F,F,T,T,TIE
1782911532.336,17164,74.94,75.0,74.99,74.99,high_C,low_O,C>O,TIE,F,F,F,T,T,TIE
1782911547.59,17165,75.0,74.97,75.0,75.01,high_P,low_C,P>C,TIE,T,TIE,F,F,F,F
1782911568.98,17166,74.97,75.01,74.98,74.98,high_C,low_O,C>O,TIE,F,F,F,T,T,TIE
1782911584.313,17167,75.01,74.97,74.99,75.0,high_O,low_C,O>C,O>P>M>C,T,T,T,F,F,F
1782911584.315,17168,74.97,74.93,74.96,74.96,high_O,low_C,O>C,TIE,T,T,T,F,F,TIE
1782911584.317,17169,74.93,74.87,74.9,74.9,high_O,low_C,O>C,TIE,T,T,T,F,F,TIE
1782911584.318,17170,74.87,74.8,74.84,74.86,high_O,low_C,O>C,O>P>M>C,T,T,T,F,F,F
1782911589.568,17171,74.8,74.94,74.9,74.9,high_C,low_O,C>O,TIE,F,F,F,T,T,TIE
1782911618.409,17173,75.02,75.02,75.02,75.02,TIE,TIE,TIE,TIE,TIE,TIE,TIE,TIE,TIE,TIE
1782911665.158,17174,75.02,74.89,74.93,74.91,high_O,low_C,O>C,O>M>P>C,T,T,T,F,F,T
1782911705.878,17175,74.89,74.95,74.9,74.9,high_C,low_O,C>O,TIE,F,F,F,T,T,TIE
1782911756.881,17176,74.95,74.97,74.97,74.99,high_P,low_O,P>O,TIE,F,F,F,TIE,F,F
1782911828.451,17177,74.97,74.96,74.96,74.96,high_O,TIE,TIE,TIE,T,T,T,TIE,TIE,TIE
1782911854.031,17178,74.96,75.02,75.03,75.03,TIE,low_O,TIE,TIE,F,F,F,F,F,TIE
1782911855.13,17181,75.03,75.03,75.03,75.03,TIE,TIE,TIE,TIE,TIE,TIE,TIE,TIE,TIE,TIE
1782911860.834,17182,75.03,75.08,75.06,75.03,high_C,TIE,TIE,TIE,F,F,TIE,T,T,T
1782911885.941,17183,75.08,75.07,75.05,75.02,high_O,low_P,O>P,O>C>M>P,T,T,T,T,T,T
1782911917.128,17184,75.07,75.04,75.08,75.08,TIE,low_C,TIE,TIE,T,F,F,F,F,TIE
1782911953.13,17185,75.04,74.89,75.01,75.02,high_O,low_C,O>C,O>P>M>C,T,T,T,F,F,F
1782911987.121,17186,74.89,74.81,74.85,74.86,high_O,low_C,O>C,O>P>M>C,T,T,T,F,F,F
1782912032.485,17187,74.81,74.88,74.84,74.84,high_C,low_O,C>O,TIE,F,F,F,T,T,TIE
1782912105.832,17188,74.88,75.04,74.93,74.93,high_C,low_O,C>O,TIE,F,F,F,T,T,TIE
1782912105.833,17189,75.04,75.09,75.06,75.06,high_C,low_O,C>O,TIE,F,F,F,T,T,TIE
1782912105.835,17190,75.09,75.15,75.11,75.11,high_C,low_O,C>O,TIE,F,F,F,T,T,TIE
1782912105.865,17192,75.2,75.2,75.2,75.2,TIE,TIE,TIE,TIE,TIE,TIE,TIE,TIE,TIE,TIE
1782912105.91,17193,75.2,75.12,75.17,75.23,high_P,low_C,P>C,P>O>M>C,T,T,F,F,F,F
1782912106.137,17194,75.12,75.1,75.14,75.14,TIE,low_C,TIE,TIE,T,F,F,F,F,TIE
1782912111.325,17195,75.1,75.24,75.2,75.2,high_C,low_O,C>O,TIE,F,F,F,T,T,TIE
1782912124.203,17196,75.24,75.2,75.22,75.22,high_O,low_C,O>C,TIE,T,T,T,F,F,TIE
1782912143.955,17197,75.2,75.26,75.22,75.19,high_C,low_P,C>P,C>M>O>P,F,F,T,T,T,T
1782912148.826,17198,75.26,75.25,75.28,75.29,high_P,low_C,P>C,P>M>O>C,T,F,F,F,F,F
1782912154.067,17199,75.25,75.22,75.23,75.23,high_O,low_C,O>C,TIE,T,T,T,F,F,TIE
1782912184.987,17200,75.22,75.25,75.25,75.25,TIE,low_O,TIE,TIE,F,F,F,TIE,TIE,TIE
1782912234.659,17201,75.25,75.23,75.21,75.21,high_O,TIE,TIE,TIE,T,T,T,T,T,TIE
1782912278.484,17202,75.23,75.22,75.22,75.22,high_O,TIE,TIE,TIE,T,T,T,TIE,TIE,TIE
1782912320.179,17203,75.22,75.08,75.14,75.13,high_O,low_C,O>C,O>M>P>C,T,T,T,F,F,T
1782912406.086,17206,75.01,75.16,75.07,75.07,high_C,low_O,C>O,TIE,F,F,F,T,T,TIE
1782912466.775,17207,75.16,75.19,75.17,75.16,high_C,TIE,TIE,TIE,F,F,TIE,T,T,T
1782912485.979,17208,75.19,75.24,75.24,75.24,TIE,low_O,TIE,TIE,F,F,F,TIE,TIE,TIE
1782912501.369,17209,75.24,75.18,75.2,75.2,high_O,low_C,O>C,TIE,T,T,T,F,F,TIE
1782912561.421,17210,75.18,75.21,75.22,75.21,high_M,low_O,M>O,TIE,F,F,F,F,TIE,T
1782912592.124,17211,75.21,75.33,75.29,75.2,high_C,low_P,C>P,C>M>O>P,F,F,T,T,T,T
1782912596.935,17212,75.33,75.36,75.35,75.35,high_C,low_O,C>O,TIE,F,F,F,T,T,TIE
1782912600.828,17213,75.36,75.21,75.25,75.21,high_O,TIE,TIE,TIE,T,T,T,F,TIE,T
1782912602.413,17214,75.21,75.2,75.2,75.2,high_O,TIE,TIE,TIE,T,T,T,TIE,TIE,TIE
1782912607.087,17215,75.2,75.1,75.13,75.13,high_O,low_C,O>C,TIE,T,T,T,F,F,TIE
1782912609.17,17216,75.1,74.98,75.08,75.08,high_O,low_C,O>C,TIE,T,T,T,F,F,TIE
1782912612.455,17217,74.98,74.87,74.93,74.9,high_O,low_C,O>C,O>M>P>C,T,T,T,F,F,T
1782912617.033,17218,74.87,74.91,74.87,74.87,high_C,TIE,TIE,TIE,F,TIE,TIE,T,T,TIE
1782912623.427,17219,74.91,74.8,74.8,74.8,high_O,TIE,TIE,TIE,T,T,T,TIE,TIE,TIE
1782912628.278,17220,74.8,74.65,74.69,74.63,high_O,low_P,O>P,O>M>C>P,T,T,T,F,T,T
1782912630.418,17221,74.65,74.71,74.66,74.67,high_C,low_O,C>O,C>P>M>O,F,F,F,T,T,F
1782912632.639,17222,74.71,74.63,74.66,74.69,high_O,low_C,O>C,O>P>M>C,T,T,T,F,F,F
1782912636.626,17223,74.63,74.69,74.64,74.64,high_C,low_O,C>O,TIE,F,F,F,T,T,TIE
1782912643.051,17224,74.69,74.77,74.71,74.71,high_C,low_O,C>O,TIE,F,F,F,T,T,TIE
1782912652.817,17225,74.77,74.96,74.89,74.89,high_C,low_O,C>O,TIE,F,F,F,T,T,TIE
1782912658.373,17226,74.96,75.0,75.01,75.03,high_P,low_O,P>O,P>M>C>O,F,F,F,F,F,F
1782912663.002,17229,74.99,74.99,74.99,74.99,TIE,TIE,TIE,TIE,TIE,TIE,TIE,TIE,TIE,TIE
1782912663.034,17230,74.99,74.98,74.99,74.99,TIE,low_C,TIE,TIE,T,TIE,TIE,F,F,TIE
1782912673.979,17231,74.98,74.99,74.98,74.98,high_C,TIE,TIE,TIE,F,TIE,TIE,T,T,TIE
1782912688.634,17232,74.99,75.0,74.99,74.99,high_C,TIE,TIE,TIE,F,TIE,TIE,T,T,TIE
1782912710.178,17233,75.0,74.99,74.98,74.99,high_O,low_M,O>M,TIE,T,T,T,T,TIE,F
1782912725.458,17234,74.99,75.22,75.11,75.1,high_C,low_O,C>O,C>M>P>O,F,F,F,T,T,T
1782912730.067,17235,75.22,75.26,75.26,75.26,TIE,low_O,TIE,TIE,F,F,F,TIE,TIE,TIE
1782912738.596,17236,75.26,75.2,75.22,75.27,high_P,low_C,P>C,P>O>M>C,T,T,F,F,F,F
1782912743.691,17241,75.3,75.38,75.37,75.3,high_C,TIE,TIE,TIE,F,F,TIE,T,T,T
1782912749.075,17242,75.38,75.3,75.32,75.31,high_O,low_C,O>C,O>M>P>C,T,T,T,F,F,T
1782912765.963,17243,75.3,75.24,75.27,75.26,high_O,low_C,O>C,O>M>P>C,T,T,T,F,F,T
1782912774.938,17246,75.25,75.31,75.31,75.32,high_P,low_O,P>O,TIE,F,F,F,TIE,F,F
1782912781.028,17248,75.25,75.25,75.25,75.25,TIE,TIE,TIE,TIE,TIE,TIE,TIE,TIE,TIE,TIE
1782912783.661,17249,75.25,75.13,75.25,75.25,TIE,low_C,TIE,TIE,T,TIE,TIE,F,F,TIE
1782912789.479,17251,75.06,75.06,75.05,75.06,TIE,low_M,TIE,TIE,TIE,T,TIE,T,TIE,F
1782912793.675,17252,75.06,75.0,75.04,75.04,high_O,low_C,O>C,TIE,T,T,T,F,F,TIE
1782912841.849,17254,75.1,75.1,75.12,75.14,high_P,TIE,TIE,TIE,TIE,F,F,F,F,F
1782912869.177,17255,75.1,75.21,75.12,75.11,high_C,low_O,C>O,C>M>P>O,F,F,F,T,T,T
1782912889.307,17256,75.21,75.23,75.22,75.23,TIE,low_O,TIE,TIE,F,F,F,T,TIE,F
1782912904.246,17257,75.23,75.33,75.28,75.28,high_C,low_O,C>O,TIE,F,F,F,T,T,TIE
1782912935.712,17258,75.33,75.21,75.27,75.21,high_O,TIE,TIE,TIE,T,T,T,F,TIE,T
1782912980.367,17259,75.21,75.17,75.17,75.17,high_O,TIE,TIE,TIE,T,T,T,TIE,TIE,TIE
1782913020.205,17260,75.17,75.19,75.17,75.16,high_C,low_P,C>P,TIE,F,TIE,T,T,T,T
1782913024.85,17261,75.19,75.4,75.26,75.26,high_C,low_O,C>O,TIE,F,F,F,T,T,TIE
1782913025.983,17262,75.4,75.5,75.5,75.5,TIE,low_O,TIE,TIE,F,F,F,TIE,TIE,TIE
1782913026.86,17263,75.5,75.53,75.51,75.5,high_C,TIE,TIE,TIE,F,F,TIE,T,T,T
1782913028.903,17264,75.53,75.52,75.5,75.51,high_O,low_M,O>M,O>C>P>M,T,T,T,T,T,F
1782913034.707,17265,75.52,75.46,75.54,75.54,TIE,low_C,TIE,TIE,T,F,F,F,F,TIE
1782913044.298,17266,75.46,75.47,75.46,75.47,TIE,TIE,TIE,TIE,F,TIE,F,T,TIE,F
1782913057.981,17267,75.47,75.55,75.52,75.52,high_C,low_O,C>O,TIE,F,F,F,T,T,TIE
1782913081.425,17268,75.55,75.33,75.43,75.47,high_O,low_C,O>C,O>P>M>C,T,T,T,F,F,F
1782913104.22,17269,75.33,75.31,75.29,75.28,high_O,low_P,O>P,O>C>M>P,T,T,T,T,T,T
1782913136.306,17270,75.31,75.3,75.28,75.27,high_O,low_P,O>P,O>C>M>P,T,T,T,T,T,T
1782913144.312,17271,75.3,75.34,75.34,75.34,TIE,low_O,TIE,TIE,F,F,F,TIE,TIE,TIE
1782913151.849,17272,75.34,75.38,75.34,75.34,high_C,TIE,TIE,TIE,F,TIE,TIE,T,T,TIE
1782913187.645,17273,75.38,75.32,75.33,75.32,high_O,TIE,TIE,TIE,T,T,T,F,TIE,T
1782913220.273,17274,75.32,75.5,75.41,75.5,TIE,low_O,TIE,TIE,F,F,F,T,TIE,F
1782913220.423,17275,75.5,75.46,75.5,75.5,TIE,low_C,TIE,TIE,T,TIE,TIE,F,F,TIE
1782913241.378,17276,75.46,75.39,75.43,75.45,high_O,low_C,O>C,O>P>M>C,T,T,T,F,F,F
1782913261.851,17277,75.39,75.49,75.45,75.45,high_C,low_O,C>O,TIE,F,F,F,T,T,TIE
1782913286.423,17280,75.5,75.5,75.5,75.5,TIE,TIE,TIE,TIE,TIE,TIE,TIE,TIE,TIE,TIE
1782913287.551,17281,75.5,75.57,75.5,75.5,high_C,TIE,TIE,TIE,F,TIE,TIE,T,T,TIE
1782913291.607,17282,75.57,75.58,75.55,75.55,high_C,TIE,TIE,TIE,F,T,T,T,T,TIE
1782913297.55,17284,75.59,75.59,75.59,75.6,high_P,TIE,TIE,TIE,TIE,TIE,F,TIE,F,F
1782913297.611,17285,75.59,75.62,75.6,75.6,high_C,low_O,C>O,TIE,F,F,F,T,T,TIE
1782913298.892,17286,75.62,75.57,75.63,75.65,high_P,low_C,P>C,P>M>O>C,T,F,F,F,F,F
1782913310.431,17287,75.57,75.64,75.61,75.6,high_C,low_O,C>O,C>M>P>O,F,F,F,T,T,T
1782913322.802,17288,75.64,75.5,75.56,75.64,TIE,low_C,TIE,TIE,T,T,TIE,F,F,F
1782913333.16,17289,75.5,75.45,75.47,75.47,high_O,low_C,O>C,TIE,T,T,T,F,F,TIE
1782913379.314,17291,75.48,75.48,75.45,75.45,TIE,TIE,TIE,TIE,TIE,T,T,T,T,TIE
1782913399.622,17292,75.48,75.42,75.44,75.46,high_O,low_C,O>C,O>P>M>C,T,T,T,F,F,F
1782913420.384,17293,75.42,75.44,75.45,75.42,high_M,TIE,TIE,TIE,F,F,TIE,F,T,T
1782913445.545,17294,75.44,75.45,75.45,75.44,TIE,TIE,TIE,TIE,F,F,TIE,TIE,T,T
1782913471.052,17295,75.45,75.46,75.5,75.52,high_P,low_O,P>O,P>M>C>O,F,F,F,F,F,F
1782913496.273,17296,75.46,75.49,75.46,75.5,high_P,TIE,TIE,TIE,F,TIE,F,T,F,F
1782913512.649,17297,75.49,75.35,75.38,75.38,high_O,low_C,O>C,TIE,T,T,T,F,F,TIE
1782913540.441,17298,75.35,75.5,75.45,75.46,high_C,low_O,C>O,C>P>M>O,F,F,F,T,T,F
1782913566.038,17299,75.5,75.6,75.54,75.52,high_C,low_O,C>O,C>M>P>O,F,F,F,T,T,T
1782913570.991,17304,75.65,75.61,75.65,75.65,TIE,low_C,TIE,TIE,T,TIE,TIE,F,F,TIE
1782913588.7,17305,75.61,75.55,75.6,75.6,high_O,low_C,O>C,TIE,T,T,T,F,F,TIE
1782913607.105,17306,75.55,75.63,75.58,75.62,high_C,low_O,C>O,C>P>M>O,F,F,F,T,T,F
1782913622.401,17307,75.63,75.6,75.59,75.6,high_O,low_M,O>M,TIE,T,T,T,T,TIE,F
1782913643.686,17308,75.6,75.64,75.62,75.62,high_C,low_O,C>O,TIE,F,F,F,T,T,TIE
1782913658.887,17309,75.64,75.49,75.62,75.63,high_O,low_C,O>C,O>P>M>C,T,T,T,F,F,F
1782913669.947,17310,75.49,75.59,75.5,75.48,high_C,low_P,C>P,C>M>O>P,F,F,T,T,T,T
1782913685.67,17311,75.59,75.57,75.53,75.55,high_O,low_M,O>M,O>C>P>M,T,T,T,T,T,F
1782913704.923,17312,75.57,75.55,75.58,75.59,high_P,low_C,P>C,P>M>O>C,T,F,F,F,F,F
1782913714.528,17313,75.55,75.63,75.62,75.62,high_C,low_O,C>O,TIE,F,F,F,T,T,TIE
1782913743.003,17314,75.63,75.49,75.56,75.56,high_O,low_C,O>C,TIE,T,T,T,F,F,TIE
1782913764.839,17315,75.49,75.6,75.54,75.54,high_C,low_O,C>O,TIE,F,F,F,T,T,TIE
1782913775.321,17320,75.65,75.69,75.65,75.65,high_C,TIE,TIE,TIE,F,TIE,TIE,T,T,TIE
1782913779.317,17321,75.69,75.7,75.7,75.7,TIE,low_O,TIE,TIE,F,F,F,TIE,TIE,TIE
1782913802.319,17322,75.7,75.62,75.65,75.72,high_P,low_C,P>C,P>O>M>C,T,T,F,F,F,F
1782913839.886,17324,75.53,75.53,75.59,75.59,TIE,TIE,TIE,TIE,TIE,F,F,F,F,TIE
1782913862.716,17325,75.53,75.6,75.58,75.58,high_C,low_O,C>O,TIE,F,F,F,T,T,TIE
1782913925.798,17327,75.72,75.72,75.71,75.72,TIE,low_M,TIE,TIE,TIE,T,TIE,T,TIE,F
1782913953.7,17328,75.72,75.66,75.67,75.68,high_O,low_C,O>C,O>P>M>C,T,T,T,F,F,F
1782913980.064,17329,75.66,75.7,75.68,75.65,high_C,low_P,C>P,C>M>O>P,F,F,T,T,T,T
1782913982.775,17330,75.7,75.8,75.75,75.75,high_C,low_O,C>O,TIE,F,F,F,T,T,TIE
1782913983.706,17331,75.8,75.83,75.82,75.82,high_C,low_O,C>O,TIE,F,F,F,T,T,TIE
1782913984.061,17332,75.83,75.89,75.85,75.84,high_C,low_O,C>O,C>M>P>O,F,F,F,T,T,T
1782913984.92,17333,75.89,75.86,75.88,75.88,high_O,low_C,O>C,TIE,T,T,T,F,F,TIE
1782913987.201,17334,75.86,75.91,75.88,75.88,high_C,low_O,C>O,TIE,F,F,F,T,T,TIE
1782913987.942,17336,75.97,75.97,75.98,75.98,TIE,TIE,TIE,TIE,TIE,F,F,F,F,TIE
1782913988.075,17338,76.0,76.0,76.0,76.0,TIE,TIE,TIE,TIE,TIE,TIE,TIE,TIE,TIE,TIE
1782913988.29,17339,76.0,76.07,76.02,76.0,high_C,TIE,TIE,TIE,F,F,TIE,T,T,T
1782913989.676,17340,76.07,76.05,76.04,76.01,high_O,low_P,O>P,O>C>M>P,T,T,T,T,T,T
1782913990.644,17341,76.05,76.04,76.03,76.03,high_O,TIE,TIE,TIE,T,T,T,T,T,TIE
1782914011.967,17343,75.99,75.99,75.97,76.0,high_P,low_M,P>M,TIE,TIE,T,F,T,F,F
1782914025.386,17345,75.98,75.98,75.99,75.99,TIE,TIE,TIE,TIE,TIE,F,F,F,F,TIE
1782914028.925,17346,75.98,76.03,76.01,75.97,high_C,low_P,C>P,C>M>O>P,F,F,T,T,T,T
1782914033.78,17347,76.03,76.01,76.02,76.01,high_O,TIE,TIE,TIE,T,T,T,F,TIE,T
1782914045.258,17348,76.01,75.84,75.96,75.96,high_O,low_C,O>C,TIE,T,T,T,F,F,TIE
1782914063.978,17349,75.84,75.89,75.87,75.87,high_C,low_O,C>O,TIE,F,F,F,T,T,TIE
1782914075.187,17350,75.89,75.87,75.9,75.9,TIE,low_C,TIE,TIE,T,F,F,F,F,TIE
1782914097.775,17351,75.87,75.96,75.89,75.89,high_C,low_O,C>O,TIE,F,F,F,T,T,TIE
1782914112.481,17352,75.96,76.0,75.96,75.95,high_C,low_P,C>P,TIE,F,TIE,T,T,T,T
1782914127.15,17353,76.0,75.88,76.0,76.0,TIE,low_C,TIE,TIE,T,TIE,TIE,F,F,TIE
1782914141.648,17354,75.88,76.0,75.95,75.99,high_C,low_O,C>O,C>P>M>O,F,F,F,T,T,F
1782914147.297,17355,76.0,76.1,76.04,76.1,TIE,low_O,TIE,TIE,F,F,F,T,TIE,F
1782914159.654,17356,76.1,76.01,76.07,76.07,high_O,low_C,O>C,TIE,T,T,T,F,F,TIE
1782914181.667,17357,76.01,75.93,75.97,75.96,high_O,low_C,O>C,O>M>P>C,T,T,T,F,F,T
1782914193.045,17358,75.93,75.86,75.89,75.92,high_O,low_C,O>C,O>P>M>C,T,T,T,F,F,F
1782914211.554,17359,75.86,75.89,75.88,75.89,TIE,low_O,TIE,TIE,F,F,F,T,TIE,F
1782914226.264,17360,75.89,76.0,75.94,76.0,TIE,low_O,TIE,TIE,F,F,F,T,TIE,F
1782914262.5,17361,76.0,75.87,75.92,75.88,high_O,low_C,O>C,O>M>P>C,T,T,T,F,F,T
1782914291.598,17362,75.87,75.97,75.89,75.89,high_C,low_O,C>O,TIE,F,F,F,T,T,TIE
1782914294.473,17363,75.97,76.0,76.0,76.0,TIE,low_O,TIE,TIE,F,F,F,TIE,TIE,TIE
1782914328.759,17364,76.0,76.04,76.0,76.0,high_C,TIE,TIE,TIE,F,TIE,TIE,T,T,TIE
1782914361.927,17365,76.04,75.92,75.92,75.9,high_O,low_P,O>P,TIE,T,T,T,TIE,T,T
1782914395.434,17366,75.92,75.99,75.96,75.97,high_C,low_O,C>O,C>P>M>O,F,F,F,T,T,F
1782914400.088,17367,75.99,75.94,75.99,76.01,high_P,low_C,P>C,TIE,T,TIE,F,F,F,F
1782914412.26,17368,75.94,75.86,75.96,75.97,high_P,low_C,P>C,P>M>O>C,T,F,F,F,F,F
1782914417.362,17369,75.86,75.89,75.85,75.86,high_C,low_M,C>M,TIE,F,T,TIE,T,T,F
1782914425.911,17370,75.89,75.91,75.91,75.91,TIE,low_O,TIE,TIE,F,F,F,TIE,TIE,TIE
1782914445.194,17371,75.91,75.8,75.83,75.8,high_O,TIE,TIE,TIE,T,T,T,F,TIE,T
1782914447.673,17372,75.8,75.85,75.81,75.8,high_C,TIE,TIE,TIE,F,F,TIE,T,T,T
1782914458.921,17373,75.85,75.83,75.84,75.84,high_O,low_C,O>C,TIE,T,T,T,F,F,TIE
1782914475.229,17374,75.83,75.76,75.82,75.77,high_O,low_C,O>C,O>M>P>C,T,T,T,F,F,T
1782914484.854,17375,75.76,75.69,75.7,75.7,high_O,low_C,O>C,TIE,T,T,T,F,F,TIE
1782914506.574,17376,75.69,75.62,75.66,75.66,high_O,low_C,O>C,TIE,T,T,T,F,F,TIE
1782914532.469,17377,75.62,75.77,75.7,75.65,high_C,low_O,C>O,C>M>P>O,F,F,F,T,T,T
1782914565.66,17378,75.77,75.69,75.74,75.72,high_O,low_C,O>C,O>M>P>C,T,T,T,F,F,T
1782914606.023,17379,75.69,75.75,75.71,75.7,high_C,low_O,C>O,C>M>P>O,F,F,F,T,T,T
1782914633.22,17380,75.75,75.78,75.75,75.75,high_C,TIE,TIE,TIE,F,TIE,TIE,T,T,TIE
1782914670.738,17381,75.78,75.83,75.82,75.81,high_C,low_O,C>O,C>M>P>O,F,F,F,T,T,T
1782914677.078,17382,75.83,75.87,75.86,75.86,high_C,low_O,C>O,TIE,F,F,F,T,T,TIE
1782914688.554,17383,75.87,75.89,75.88,75.89,TIE,low_O,TIE,TIE,F,F,F,T,TIE,F
1782914688.604,17384,75.89,75.93,75.93,75.93,TIE,low_O,TIE,TIE,F,F,F,TIE,TIE,TIE
1782914691.534,17385,75.93,76.0,75.95,75.93,high_C,TIE,TIE,TIE,F,F,TIE,T,T,T
1782914698.728,17386,76.0,75.9,75.96,76.0,TIE,low_C,TIE,TIE,T,T,TIE,F,F,F
1782914724.63,17387,75.9,75.75,75.79,75.8,high_O,low_C,O>C,O>P>M>C,T,T,T,F,F,F
1782914739.204,17388,75.75,75.88,75.8,75.8,high_C,low_O,C>O,TIE,F,F,F,T,T,TIE
1782914771.143,17389,75.88,75.76,75.87,75.88,TIE,low_C,TIE,TIE,T,T,TIE,F,F,F
1782914838.586,17390,75.76,75.78,75.81,75.76,high_M,TIE,TIE,TIE,F,F,TIE,F,T,T
1782914896.178,17391,75.78,75.9,75.8,75.77,high_C,low_P,C>P,C>M>O>P,F,F,T,T,T,T
1782914926.298,17392,75.9,75.86,75.9,75.9,TIE,low_C,TIE,TIE,T,TIE,TIE,F,F,TIE
1782914970.131,17393,75.86,75.85,75.89,75.88,high_M,low_C,M>C,M>P>O>C,T,F,F,F,F,T
1782915000.045,17394,75.85,75.92,75.88,75.87,high_C,low_O,C>O,C>M>P>O,F,F,F,T,T,T
1782915022.488,17395,75.92,76.04,76.0,76.0,high_C,low_O,C>O,TIE,F,F,F,T,T,TIE
1782915033.177,17396,76.04,76.09,76.06,76.06,high_C,low_O,C>O,TIE,F,F,F,T,T,TIE
1782915034.811,17397,76.09,76.13,76.1,76.1,high_C,low_O,C>O,TIE,F,F,F,T,T,TIE
1782915040.234,17398,76.13,76.15,76.13,76.12,high_C,low_P,C>P,TIE,F,TIE,T,T,T,T
1782915054.586,17399,76.15,76.18,76.16,76.16,high_C,low_O,C>O,TIE,F,F,F,T,T,TIE
1782915054.946,17400,76.18,76.2,76.2,76.2,TIE,low_O,TIE,TIE,F,F,F,TIE,TIE,TIE
1782915055.268,17401,76.2,76.26,76.24,76.2,high_C,TIE,TIE,TIE,F,F,TIE,T,T,T
1782915057.612,17402,76.26,76.2,76.26,76.26,TIE,low_C,TIE,TIE,T,TIE,TIE,F,F,TIE
1782915067.557,17404,76.18,76.18,76.2,76.19,high_M,TIE,TIE,TIE,TIE,F,F,F,F,T
1782915087.262,17405,76.18,76.19,76.19,76.19,TIE,low_O,TIE,TIE,F,F,F,TIE,TIE,TIE
1782915120.595,17407,76.18,76.18,76.2,76.2,TIE,TIE,TIE,TIE,TIE,F,F,F,F,TIE
1782915136.664,17408,76.18,76.11,76.11,76.11,high_O,TIE,TIE,TIE,T,T,T,TIE,TIE,TIE
1782915162.326,17409,76.11,76.15,76.12,76.14,high_C,low_O,C>O,C>P>M>O,F,F,F,T,T,F
1782915184.906,17410,76.15,76.16,76.15,76.15,high_C,TIE,TIE,TIE,F,TIE,TIE,T,T,TIE
1782915213.211,17411,76.16,76.19,76.16,76.16,high_C,TIE,TIE,TIE,F,TIE,TIE,T,T,TIE
1782915242.563,17412,76.19,76.24,76.23,76.23,high_C,low_O,C>O,TIE,F,F,F,T,T,TIE
1782915249.647,17413,76.24,76.28,76.28,76.29,high_P,low_O,P>O,TIE,F,F,F,TIE,F,F
1782915255.278,17414,76.28,76.16,76.24,76.24,high_O,low_C,O>C,TIE,T,T,T,F,F,TIE
1782915260.726,17415,76.16,76.19,76.18,76.19,TIE,low_O,TIE,TIE,F,F,F,T,TIE,F
1782915275.694,17416,76.19,76.18,76.16,76.16,high_O,TIE,TIE,TIE,T,T,T,T,T,TIE
1782915302.036,17417,76.18,76.3,76.26,76.27,high_C,low_O,C>O,C>P>M>O,F,F,F,T,T,F
1782915316.808,17418,76.3,76.29,76.24,76.24,high_O,TIE,TIE,TIE,T,T,T,T,T,TIE
1782915327.146,17419,76.29,76.32,76.32,76.32,TIE,low_O,TIE,TIE,F,F,F,TIE,TIE,TIE
1782915343.232,17420,76.32,76.23,76.25,76.25,high_O,low_C,O>C,TIE,T,T,T,F,F,TIE
1782915360.078,17421,76.23,76.24,76.27,76.27,TIE,low_O,TIE,TIE,F,F,F,F,F,TIE
1782915375.894,17422,76.24,76.32,76.23,76.23,high_C,TIE,TIE,TIE,F,T,T,T,T,TIE
1782915397.3,17423,76.32,76.27,76.32,76.35,high_P,low_C,P>C,TIE,T,TIE,F,F,F,F
1782915407.675,17424,76.27,76.38,76.35,76.31,high_C,low_O,C>O,C>M>P>O,F,F,F,T,T,T
1782915410.389,17425,76.38,76.41,76.4,76.4,high_C,low_O,C>O,TIE,F,F,F,T,T,TIE
1782915412.238,17426,76.41,76.5,76.5,76.5,TIE,low_O,TIE,TIE,F,F,F,TIE,TIE,TIE
1782915412.35,17427,76.5,76.6,76.58,76.5,high_C,TIE,TIE,TIE,F,F,TIE,T,T,T
1782915412.378,17428,76.6,76.63,76.64,76.64,TIE,low_O,TIE,TIE,F,F,F,F,F,TIE
1782915412.48,17429,76.63,76.72,76.67,76.67,high_C,low_O,C>O,TIE,F,F,F,T,T,TIE
1782915412.611,17430,76.72,76.73,76.73,76.72,TIE,TIE,TIE,TIE,F,F,TIE,TIE,T,T
1782915412.705,17431,76.73,76.68,76.71,76.72,high_O,low_C,O>C,O>P>M>C,T,T,T,F,F,F
1782915412.757,17432,76.68,76.76,76.71,76.68,high_C,TIE,TIE,TIE,F,F,TIE,T,T,T
1782915413.032,17433,76.76,76.73,76.73,76.73,high_O,TIE,TIE,TIE,T,T,T,TIE,TIE,TIE
1782915413.586,17435,76.8,76.8,76.8,76.8,TIE,TIE,TIE,TIE,TIE,TIE,TIE,TIE,TIE,TIE
1782915413.762,17436,76.8,76.92,76.89,76.89,high_C,low_O,C>O,TIE,F,F,F,T,T,TIE
1782915414.065,17437,76.92,76.82,76.91,76.91,high_O,low_C,O>C,TIE,T,T,T,F,F,TIE
1782915414.354,17438,76.82,76.9,76.87,76.91,high_P,low_O,P>O,P>C>M>O,F,F,F,T,F,F
1782915415.376,17440,76.89,76.89,76.9,76.89,high_M,TIE,TIE,TIE,TIE,F,TIE,F,TIE,T
1782915416.071,17441,76.89,76.88,76.92,76.92,TIE,low_C,TIE,TIE,T,F,F,F,F,TIE
1782915422.359,17443,76.81,76.81,76.83,76.82,high_M,TIE,TIE,TIE,TIE,F,F,F,F,T
1782915426.311,17444,76.81,76.86,76.87,76.85,high_M,low_O,M>O,M>C>P>O,F,F,F,F,T,T
1782915429.965,17445,76.86,76.9,76.88,76.89,high_C,low_O,C>O,C>P>M>O,F,F,F,T,T,F
1782915432.201,17446,76.9,76.98,76.9,76.9,high_C,TIE,TIE,TIE,F,TIE,TIE,T,T,TIE
1782915432.217,17447,76.98,77.0,77.0,77.0,TIE,low_O,TIE,TIE,F,F,F,TIE,TIE,TIE
1782915432.359,17448,77.0,77.15,77.09,77.1,high_C,low_O,C>O,C>P>M>O,F,F,F,T,T,F
1782915432.364,17449,77.15,77.05,77.18,77.19,high_P,low_C,P>C,P>M>O>C,T,F,F,F,F,F
1782915432.501,17450,77.05,77.06,77.12,77.21,high_P,low_O,P>O,P>M>C>O,F,F,F,F,F,F
1782915432.861,17451,77.06,77.09,77.09,77.09,TIE,low_O,TIE,TIE,F,F,F,TIE,TIE,TIE
1782915433.275,17452,77.09,77.11,77.13,77.12,high_M,low_O,M>O,M>P>C>O,F,F,F,F,F,T
1782915434.251,17453,77.11,77.02,77.05,77.05,high_O,low_C,O>C,TIE,T,T,T,F,F,TIE
1782915436.78,17454,77.02,77.05,77.04,77.04,high_C,low_O,C>O,TIE,F,F,F,T,T,TIE
1782915439.377,17455,77.05,76.97,77.0,77.0,high_O,low_C,O>C,TIE,T,T,T,F,F,TIE
1782915446.413,17456,76.97,77.02,77.0,77.0,high_C,low_O,C>O,TIE,F,F,F,T,T,TIE
1782915456.162,17458,77.07,77.07,77.07,77.06,TIE,low_P,TIE,TIE,TIE,TIE,T,TIE,T,T
1782915456.163,17459,77.07,77.16,77.11,77.1,high_C,low_O,C>O,C>M>P>O,F,F,F,T,T,T
1782915460.832,17460,77.16,77.19,77.13,77.16,high_C,low_M,C>M,TIE,F,T,TIE,T,T,F
1782915463.741,17461,77.19,77.25,77.19,77.17,high_C,low_P,C>P,TIE,F,TIE,T,T,T,T
1782915464.368,17462,77.25,77.21,77.23,77.23,high_O,low_C,O>C,TIE,T,T,T,F,F,TIE
1782915470.095,17463,77.21,77.08,77.16,77.16,high_O,low_C,O>C,TIE,T,T,T,F,F,TIE
1782915485.195,17465,77.13,77.13,77.15,77.16,high_P,TIE,TIE,TIE,TIE,F,F,F,F,F
1782915492.494,17466,77.13,77.03,77.1,77.02,high_O,low_P,O>P,O>M>C>P,T,T,T,F,T,T
1782915494.743,17467,77.03,77.09,77.06,77.08,high_C,low_O,C>O,C>P>M>O,F,F,F,T,T,F
1782915502.057,17468,77.09,77.02,77.03,77.0,high_O,low_P,O>P,O>M>C>P,T,T,T,F,T,T
1782915510.455,17469,77.02,77.08,77.03,77.0,high_C,low_P,C>P,C>M>O>P,F,F,T,T,T,T
1782915521.793,17471,77.06,77.06,77.08,77.08,TIE,TIE,TIE,TIE,TIE,F,F,F,F,TIE
1782915535.876,17473,77.0,77.0,76.99,77.0,TIE,low_M,TIE,TIE,TIE,T,TIE,T,TIE,F
1782915545.419,17474,77.0,76.86,76.95,76.89,high_O,low_C,O>C,O>M>P>C,T,T,T,F,F,T
1782915555.598,17475,76.86,76.9,76.9,76.9,TIE,low_O,TIE,TIE,F,F,F,TIE,TIE,TIE
1782915573.319,17476,76.9,76.89,76.91,76.9,high_M,low_C,M>C,TIE,T,F,TIE,F,F,T
1782915587.588,17477,76.89,76.91,76.91,76.88,TIE,low_P,TIE,TIE,F,F,T,TIE,T,T
1782915603.466,17478,76.91,76.89,76.92,76.93,high_P,low_C,P>C,P>M>O>C,T,F,F,F,F,F
1782915612.706,17479,76.89,77.0,76.96,76.96,high_C,low_O,C>O,TIE,F,F,F,T,T,TIE
1782915629.903,17480,77.0,77.01,77.01,77.0,TIE,TIE,TIE,TIE,F,F,TIE,TIE,T,T
1782915649.306,17481,77.01,76.94,77.0,77.0,high_O,low_C,O>C,TIE,T,T,T,F,F,TIE
1782915665.222,17482,76.94,76.89,76.85,76.9,high_O,low_M,O>M,O>P>C>M,T,T,T,T,F,F
1782915682.171,17483,76.89,76.8,76.83,76.87,high_O,low_C,O>C,O>P>M>C,T,T,T,F,F,F
1782915701.505,17484,76.8,76.92,76.85,76.9,high_C,low_O,C>O,C>P>M>O,F,F,F,T,T,F
1782915720.359,17485,76.92,76.97,76.94,76.95,high_C,low_O,C>O,C>P>M>O,F,F,F,T,T,F
1782915728.332,17486,76.97,76.99,76.97,76.97,high_C,TIE,TIE,TIE,F,TIE,TIE,T,T,TIE
1782915744.967,17487,76.99,76.93,76.94,76.94,high_O,low_C,O>C,TIE,T,T,T,F,F,TIE
1782915776.922,17488,76.93,76.89,76.91,76.9,high_O,low_C,O>C,O>M>P>C,T,T,T,F,F,T
1782915797.151,17489,76.89,76.96,76.92,76.92,high_C,low_O,C>O,TIE,F,F,F,T,T,TIE
1782915816.129,17490,76.96,76.97,76.96,76.97,TIE,TIE,TIE,TIE,F,TIE,F,T,TIE,F
1782915828.184,17491,76.97,76.92,76.99,76.97,high_M,low_C,M>C,TIE,T,F,TIE,F,F,T
1782915871.944,17493,76.85,76.85,76.86,76.86,TIE,TIE,TIE,TIE,TIE,F,F,F,F,TIE
1782915901.246,17494,76.85,76.83,76.84,76.89,high_P,low_C,P>C,P>O>M>C,T,T,F,F,F,F
1782915926.551,17495,76.83,76.84,76.85,76.86,high_P,low_O,P>O,P>M>C>O,F,F,F,F,F,F
1782915951.834,17496,76.84,76.74,76.77,76.77,high_O,low_C,O>C,TIE,T,T,T,F,F,TIE
1782915971.34,17497,76.74,76.67,76.72,76.72,high_O,low_C,O>C,TIE,T,T,T,F,F,TIE
1782915986.202,17498,76.67,76.72,76.69,76.7,high_C,low_O,C>O,C>P>M>O,F,F,F,T,T,F
1782916021.413,17499,76.72,76.71,76.68,76.68,high_O,TIE,TIE,TIE,T,T,T,T,T,TIE
1782916048.471,17500,76.71,76.62,76.65,76.7,high_O,low_C,O>C,O>P>M>C,T,T,T,F,F,F
1782916064.299,17501,76.62,76.56,76.59,76.56,high_O,TIE,TIE,TIE,T,T,T,F,TIE,T
1782916082.287,17502,76.56,76.57,76.6,76.57,high_M,low_O,M>O,TIE,F,F,F,F,TIE,T
1782916114.339,17503,76.57,76.65,76.61,76.61,high_C,low_O,C>O,TIE,F,F,F,T,T,TIE
1782916198.979,17505,76.64,76.64,76.63,76.63,TIE,TIE,TIE,TIE,TIE,T,T,T,T,TIE
1782916207.9,17506,76.64,76.7,76.65,76.63,high_C,low_P,C>P,C>M>O>P,F,F,T,T,T,T
1782916210.839,17507,76.7,76.78,76.75,76.73,high_C,low_O,C>O,C>M>P>O,F,F,F,T,T,T
1782916217.473,17509,76.86,76.86,76.88,76.87,high_M,TIE,TIE,TIE,TIE,F,F,F,F,T
1782916222.346,17511,76.91,76.91,76.91,76.9,TIE,low_P,TIE,TIE,TIE,TIE,T,TIE,T,T
1782916230.875,17513,76.84,76.84,76.83,76.83,TIE,TIE,TIE,TIE,TIE,T,T,T,T,TIE
1782916236.538,17514,76.84,76.85,76.86,76.86,TIE,low_O,TIE,TIE,F,F,F,F,F,TIE
1782916264.319,17516,76.71,76.71,76.68,76.65,TIE,low_P,TIE,TIE,TIE,T,T,T,T,T
1782916295.707,17517,76.71,76.66,76.69,76.71,TIE,low_C,TIE,TIE,T,T,TIE,F,F,F
1782916317.758,17518,76.66,76.74,76.67,76.69,high_C,low_O,C>O,C>P>M>O,F,F,F,T,T,F
1782916359.359,17519,76.74,76.61,76.65,76.61,high_O,TIE,TIE,TIE,T,T,T,F,TIE,T
1782916384.062,17520,76.61,76.54,76.59,76.58,high_O,low_C,O>C,O>M>P>C,T,T,T,F,F,T
1782916403.849,17521,76.54,76.52,76.54,76.54,TIE,low_C,TIE,TIE,T,TIE,TIE,F,F,TIE
1782916424.485,17522,76.52,76.46,76.5,76.5,high_O,low_C,O>C,TIE,T,T,T,F,F,TIE
1782916431.224,17523,76.46,76.39,76.44,76.47,high_P,low_C,P>C,P>O>M>C,T,T,F,F,F,F
1782916434.95,17524,76.39,76.41,76.41,76.42,high_P,low_O,P>O,TIE,F,F,F,TIE,F,F
1782916440.604,17525,76.41,76.39,76.4,76.4,high_O,low_C,O>C,TIE,T,T,T,F,F,TIE
1782916442.396,17526,76.39,76.36,76.37,76.37,high_O,low_C,O>C,TIE,T,T,T,F,F,TIE
1782916452.692,17527,76.36,76.34,76.37,76.38,high_P,low_C,P>C,P>M>O>C,T,F,F,F,F,F
1782916467.26,17528,76.34,76.46,76.45,76.47,high_P,low_O,P>O,P>C>M>O,F,F,F,T,F,F
1782916478.286,17529,76.46,76.53,76.51,76.51,high_C,low_O,C>O,TIE,F,F,F,T,T,TIE
1782916526.138,17531,76.63,76.63,76.65,76.62,high_M,low_P,M>P,TIE,TIE,F,T,F,T,T
1782916560.267,17532,76.63,76.54,76.58,76.58,high_O,low_C,O>C,TIE,T,T,T,F,F,TIE
1782916582.986,17533,76.54,76.49,76.51,76.52,high_O,low_C,O>C,O>P>M>C,T,T,T,F,F,F
1782916620.301,17534,76.49,76.48,76.48,76.48,high_O,TIE,TIE,TIE,T,T,T,TIE,TIE,TIE
1782916679.534,17535,76.48,76.44,76.5,76.5,TIE,low_C,TIE,TIE,T,F,F,F,F,TIE
1782916721.634,17536,76.44,76.64,76.47,76.44,high_C,TIE,TIE,TIE,F,F,TIE,T,T,T
1782916769.392,17537,76.64,76.67,76.62,76.57,high_C,low_P,C>P,C>O>M>P,F,T,T,T,T,T
1782916788.858,17538,76.67,76.74,76.72,76.75,high_P,low_O,P>O,P>C>M>O,F,F,F,T,F,F
1782916806.988,17539,76.74,76.84,76.81,76.85,high_P,low_O,P>O,P>C>M>O,F,F,F,T,F,F
1782916841.152,17540,76.84,76.76,76.81,76.82,high_O,low_C,O>C,O>P>M>C,T,T,T,F,F,F
1782916866.568,17541,76.76,76.78,76.77,76.78,TIE,low_O,TIE,TIE,F,F,F,T,TIE,F
1782916884.275,17542,76.78,76.76,76.78,76.79,high_P,low_C,P>C,TIE,T,TIE,F,F,F,F
1782916906.806,17543,76.76,76.83,76.77,76.76,high_C,TIE,TIE,TIE,F,F,TIE,T,T,T
1782916932.069,17544,76.83,76.87,76.83,76.82,high_C,low_P,C>P,TIE,F,TIE,T,T,T,T
1782916957.31,17545,76.87,76.95,76.9,76.89,high_C,low_O,C>O,C>M>P>O,F,F,F,T,T,T
1782916963.556,17546,76.95,76.87,76.9,76.87,high_O,TIE,TIE,TIE,T,T,T,F,TIE,T
1782916992.757,17547,76.87,76.94,76.87,76.84,high_C,low_P,C>P,TIE,F,TIE,T,T,T,T
1782917030.723,17548,76.94,76.9,76.93,76.93,high_O,low_C,O>C,TIE,T,T,T,F,F,TIE
1782917057.563,17549,76.9,76.94,76.93,76.9,high_C,TIE,TIE,TIE,F,F,TIE,T,T,T
1782917089.046,17550,76.94,76.82,76.83,76.83,high_O,low_C,O>C,TIE,T,T,T,F,F,TIE
1782917112.916,17551,76.82,76.75,76.8,76.82,TIE,low_C,TIE,TIE,T,T,TIE,F,F,F
1782917128.608,17552,76.75,76.64,76.67,76.71,high_O,low_C,O>C,O>P>M>C,T,T,T,F,F,F
1782917155.697,17553,76.64,76.57,76.66,76.66,TIE,low_C,TIE,TIE,T,F,F,F,F,TIE
1782917179.641,17554,76.57,76.5,76.56,76.56,high_O,low_C,O>C,TIE,T,T,T,F,F,TIE
1782917197.746,17555,76.5,76.42,76.44,76.4,high_O,low_P,O>P,O>M>C>P,T,T,T,F,T,T
1782917228.819,17556,76.42,76.63,76.53,76.53,high_C,low_O,C>O,TIE,F,F,F,T,T,TIE
1782917254.483,17557,76.63,76.75,76.74,76.75,TIE,low_O,TIE,TIE,F,F,F,T,TIE,F
1782917276.374,17558,76.75,76.8,76.83,76.83,TIE,low_O,TIE,TIE,F,F,F,F,F,TIE
1782917299.054,17559,76.8,76.82,76.84,76.84,TIE,low_O,TIE,TIE,F,F,F,F,F,TIE
1782917338.63,17560,76.82,76.94,76.9,76.92,high_C,low_O,C>O,C>P>M>O,F,F,F,T,T,F
1782917370.256,17562,77.0,77.0,77.03,77.0,high_M,TIE,TIE,TIE,TIE,F,TIE,F,TIE,T
1782917417.316,17563,77.0,76.9,76.9,76.88,high_O,low_P,O>P,TIE,T,T,T,TIE,T,T
1782917476.127,17564,76.9,76.97,76.91,76.95,high_C,low_O,C>O,C>P>M>O,F,F,F,T,T,F
1782917509.629,17565,76.97,77.07,77.0,76.99,high_C,low_O,C>O,C>M>P>O,F,F,F,T,T,T
1782917515.998,17566,77.07,77.06,77.1,77.12,high_P,low_C,P>C,P>M>O>C,T,F,F,F,F,F
1782917564.939,17567,77.06,77.01,77.0,77.0,high_O,TIE,TIE,TIE,T,T,T,T,T,TIE
1782917628.615,17569,77.1,77.1,77.07,77.1,TIE,low_M,TIE,TIE,TIE,T,TIE,T,TIE,F
1782917666.607,17570,77.1,76.94,77.06,77.07,high_O,low_C,O>C,O>P>M>C,T,T,T,F,F,F
1782917690.938,17571,76.94,76.86,76.9,76.86,high_O,TIE,TIE,TIE,T,T,T,F,TIE,T
1782917717.128,17572,76.86,76.87,76.89,76.86,high_M,TIE,TIE,TIE,F,F,TIE,F,T,T
1782917754.167,17573,76.87,76.74,76.8,76.75,high_O,low_C,O>C,O>M>P>C,T,T,T,F,F,T
1782917784.65,17574,76.74,76.78,76.74,76.73,high_C,low_P,C>P,TIE,F,TIE,T,T,T,T
1782917836.479,17575,76.78,76.83,76.86,76.86,TIE,low_O,TIE,TIE,F,F,F,F,F,TIE
1782917915.805,17576,76.83,76.89,76.86,76.84,high_C,low_O,C>O,C>M>P>O,F,F,F,T,T,T
1782917969.491,17577,76.89,76.82,76.81,76.81,high_O,TIE,TIE,TIE,T,T,T,T,T,TIE
1782918017.816,17578,76.82,76.92,76.92,76.93,high_P,low_O,P>O,TIE,F,F,F,TIE,F,F
1782918063.438,17579,76.92,76.85,76.91,76.9,high_O,low_C,O>C,O>M>P>C,T,T,T,F,F,T
1782918121.223,17580,76.85,76.95,76.93,76.96,high_P,low_O,P>O,P>C>M>O,F,F,F,T,F,F
1782918167.489,17581,76.95,77.03,76.95,76.95,high_C,TIE,TIE,TIE,F,TIE,TIE,T,T,TIE
1782918198.301,17582,77.03,77.11,77.08,77.04,high_C,low_O,C>O,C>M>P>O,F,F,F,T,T,T
1782918245.393,17583,77.11,77.04,77.04,77.03,high_O,low_P,O>P,TIE,T,T,T,TIE,T,T
1782918286.307,17584,77.04,77.06,77.04,77.05,high_C,TIE,TIE,TIE,F,TIE,F,T,T,F
1782918335.19,17585,77.06,77.13,77.08,77.08,high_C,low_O,C>O,TIE,F,F,F,T,T,TIE
1782918359.953,17586,77.13,77.07,77.1,77.1,high_O,low_C,O>C,TIE,T,T,T,F,F,TIE
1782918388.091,17587,77.07,77.3,77.2,77.2,high_C,low_O,C>O,TIE,F,F,F,T,T,TIE
1782918388.535,17588,77.3,77.38,77.33,77.33,high_C,low_O,C>O,TIE,F,F,F,T,T,TIE
1782918390.065,17589,77.38,77.39,77.39,77.39,TIE,low_O,TIE,TIE,F,F,F,TIE,TIE,TIE
1782918397.178,17590,77.39,77.28,77.35,77.42,high_P,low_C,P>C,P>O>M>C,T,T,F,F,F,F
1782918416.065,17591,77.28,77.3,77.3,77.31,high_P,low_O,P>O,TIE,F,F,F,TIE,F,F
1782918427.565,17592,77.3,77.32,77.31,77.31,high_C,low_O,C>O,TIE,F,F,F,T,T,TIE
1782918434.807,17593,77.32,77.38,77.38,77.4,high_P,low_O,P>O,TIE,F,F,F,TIE,F,F
1782918443.695,17594,77.38,77.42,77.41,77.43,high_P,low_O,P>O,P>C>M>O,F,F,F,T,F,F
1782918472.493,17595,77.42,77.37,77.37,77.36,high_O,low_P,O>P,TIE,T,T,T,TIE,T,T
1782918490.196,17596,77.37,77.2,77.27,77.19,high_O,low_P,O>P,O>M>C>P,T,T,T,F,T,T
1782918515.625,17597,77.2,77.05,77.12,77.12,high_O,low_C,O>C,TIE,T,T,T,F,F,TIE
1782918555.648,17598,77.05,76.97,77.01,77.02,high_O,low_C,O>C,O>P>M>C,T,T,T,F,F,F
1782918604.91,17599,76.97,77.03,77.01,77.03,TIE,low_O,TIE,TIE,F,F,F,T,TIE,F
1782918662.478,17600,77.03,77.07,77.03,77.07,TIE,TIE,TIE,TIE,F,TIE,F,T,TIE,F
1782918752.887,17601,77.07,77.0,77.04,77.05,high_O,low_C,O>C,O>P>M>C,T,T,T,F,F,F
1782918843.564,17602,77.0,76.99,77.01,77.0,high_M,low_C,M>C,TIE,T,F,TIE,F,F,T
1782918918.324,17603,76.99,77.01,76.98,76.99,high_C,low_M,C>M,TIE,F,T,TIE,T,T,F
1782919020.661,17605,76.88,76.88,76.87,76.87,TIE,TIE,TIE,TIE,TIE,T,T,T,T,TIE
1782919114.217,17606,76.88,76.84,76.89,76.89,TIE,low_C,TIE,TIE,T,F,F,F,F,TIE
1782919139.917,17607,76.84,76.8,76.83,76.84,TIE,low_C,TIE,TIE,T,T,TIE,F,F,F
1782919222.541,17608,76.8,76.82,76.86,76.84,high_M,low_O,M>O,M>P>C>O,F,F,F,F,F,T
1782919270.903,17609,76.82,77.01,76.92,76.92,high_C,low_O,C>O,TIE,F,F,F,T,T,TIE
1782919295.831,17610,77.01,77.11,77.05,77.05,high_C,low_O,C>O,TIE,F,F,F,T,T,TIE
1782919350.879,17611,77.11,77.04,77.02,77.01,high_O,low_P,O>P,O>C>M>P,T,T,T,T,T,T
1782919383.337,17612,77.04,77.16,77.11,77.11,high_C,low_O,C>O,TIE,F,F,F,T,T,TIE
1782919384.747,17613,77.16,77.46,77.35,77.4,high_C,low_O,C>O,C>P>M>O,F,F,F,T,T,F
1782919385.768,17614,77.46,77.48,77.46,77.46,high_C,TIE,TIE,TIE,F,TIE,TIE,T,T,TIE
1782919388.28,17616,77.45,77.45,77.44,77.45,TIE,low_M,TIE,TIE,TIE,T,TIE,T,TIE,F
1782919389.87,17617,77.45,77.48,77.46,77.46,high_C,low_O,C>O,TIE,F,F,F,T,T,TIE
1782919391.408,17618,77.48,77.57,77.5,77.5,high_C,low_O,C>O,TIE,F,F,F,T,T,TIE
1782919391.41,17619,77.57,77.66,77.63,77.63,high_C,low_O,C>O,TIE,F,F,F,T,T,TIE
1782919391.412,17620,77.66,77.74,77.69,77.67,high_C,low_O,C>O,C>M>P>O,F,F,F,T,T,T
1782919393.06,17621,77.74,77.68,77.68,77.74,TIE,TIE,TIE,TIE,T,T,TIE,TIE,F,F
1782919393.709,17622,77.68,77.75,77.71,77.7,high_C,low_O,C>O,C>M>P>O,F,F,F,T,T,T
1782919394.87,17623,77.75,77.66,77.72,77.72,high_O,low_C,O>C,TIE,T,T,T,F,F,TIE
1782919397.613,17624,77.66,77.63,77.65,77.68,high_P,low_C,P>C,P>O>M>C,T,T,F,F,F,F
1782919404.554,17625,77.63,77.68,77.64,77.66,high_C,low_O,C>O,C>P>M>O,F,F,F,T,T,F
1782919409.473,17626,77.68,77.64,77.74,77.76,high_P,low_C,P>C,P>M>O>C,T,F,F,F,F,F
1782919412.606,17627,77.64,77.68,77.63,77.63,high_C,TIE,TIE,TIE,F,T,T,T,T,TIE
1782919421.468,17628,77.68,77.57,77.64,77.64,high_O,low_C,O>C,TIE,T,T,T,F,F,TIE
1782919441.375,17629,77.57,77.64,77.6,77.58,high_C,low_O,C>O,C>M>P>O,F,F,F,T,T,T
1782919459.804,17630,77.64,77.52,77.57,77.53,high_O,low_C,O>C,O>M>P>C,T,T,T,F,F,T
1782919482.289,17631,77.52,77.57,77.56,77.56,high_C,low_O,C>O,TIE,F,F,F,T,T,TIE
1782919507.92,17632,77.57,77.5,77.51,77.52,high_O,low_C,O>C,O>P>M>C,T,T,T,F,F,F
1782919531.799,17633,77.5,77.47,77.48,77.47,high_O,TIE,TIE,TIE,T,T,T,F,TIE,T
1782919562.173,17634,77.47,77.49,77.49,77.5,high_P,low_O,P>O,TIE,F,F,F,TIE,F,F
1782919588.095,17636,77.55,77.55,77.55,77.55,TIE,TIE,TIE,TIE,TIE,TIE,TIE,TIE,TIE,TIE
1782919624.326,17637,77.55,77.62,77.55,77.55,high_C,TIE,TIE,TIE,F,TIE,TIE,T,T,TIE
1782919681.143,17638,77.62,77.64,77.63,77.63,high_C,low_O,C>O,TIE,F,F,F,T,T,TIE
1782919706.565,17639,77.64,77.6,77.64,77.6,TIE,TIE,TIE,TIE,T,TIE,T,F,TIE,T
1782919747.174,17640,77.6,77.53,77.56,77.56,high_O,low_C,O>C,TIE,T,T,T,F,F,TIE
1782919787.809,17641,77.53,77.48,77.51,77.51,high_O,low_C,O>C,TIE,T,T,T,F,F,TIE
1782919803.393,17642,77.48,77.54,77.53,77.53,high_C,low_O,C>O,TIE,F,F,F,T,T,TIE
1782919866.672,17643,77.54,77.48,77.51,77.51,high_O,low_C,O>C,TIE,T,T,T,F,F,TIE
1782919916.944,17644,77.48,77.49,77.46,77.5,high_P,low_M,P>M,P>C>O>M,F,T,F,T,F,F
1782919939.284,17645,77.49,77.36,77.35,77.35,high_O,TIE,TIE,TIE,T,T,T,T,T,TIE
1782920024.957,17646,77.36,77.38,77.38,77.38,TIE,low_O,TIE,TIE,F,F,F,TIE,TIE,TIE
1782920061.873,17647,77.38,77.18,77.25,77.25,high_O,low_C,O>C,TIE,T,T,T,F,F,TIE
1782920110.782,17649,77.24,77.24,77.25,77.28,high_P,TIE,TIE,TIE,TIE,F,F,F,F,F
1782920138.962,17650,77.24,77.3,77.24,77.24,high_C,TIE,TIE,TIE,F,TIE,TIE,T,T,TIE
1782920226.743,17651,77.3,77.33,77.24,77.21,high_C,low_P,C>P,C>O>M>P,F,T,T,T,T,T
1782920311.062,17652,77.33,77.31,77.29,77.29,high_O,TIE,TIE,TIE,T,T,T,T,T,TIE
1782920363.984,17653,77.31,77.25,77.26,77.27,high_O,low_C,O>C,O>P>M>C,T,T,T,F,F,F
1782920488.547,17654,77.25,77.28,77.25,77.27,high_C,TIE,TIE,TIE,F,TIE,F,T,T,F
1782920533.411,17655,77.28,77.36,77.32,77.32,high_C,low_O,C>O,TIE,F,F,F,T,T,TIE
1782920603.385,17656,77.36,77.33,77.37,77.36,high_M,low_C,M>C,TIE,T,F,TIE,F,F,T
1782920709.089,17657,77.33,77.38,77.39,77.37,high_M,low_O,M>O,M>C>P>O,F,F,F,F,T,T
1782920807.213,17658,77.38,77.34,77.34,77.35,high_O,TIE,TIE,TIE,T,T,T,TIE,F,F
1782920929.87,17659,77.34,77.24,77.33,77.36,high_P,low_C,P>C,P>O>M>C,T,T,F,F,F,F
1782920948.227,17660,77.24,77.17,77.2,77.18,high_O,low_C,O>C,O>M>P>C,T,T,T,F,F,T
1782921080.89,17662,77.19,77.19,77.15,77.13,TIE,low_P,TIE,TIE,TIE,T,T,T,T,T
1782921114.755,17663,77.19,77.11,77.13,77.14,high_O,low_C,O>C,O>P>M>C,T,T,T,F,F,F
1782921222.534,17664,77.11,77.22,77.16,77.2,high_C,low_O,C>O,C>P>M>O,F,F,F,T,T,F
1782921261.098,17665,77.22,77.14,77.21,77.21,high_O,low_C,O>C,TIE,T,T,T,F,F,TIE
1782921422.594,17666,77.14,77.28,77.19,77.17,high_C,low_O,C>O,C>M>P>O,F,F,F,T,T,T
1782921502.586,17667,77.28,77.43,77.36,77.33,high_C,low_O,C>O,C>M>P>O,F,F,F,T,T,T
1782921554.618,17668,77.43,77.42,77.44,77.44,TIE,low_C,TIE,TIE,T,F,F,F,F,TIE
1782921611.297,17669,77.42,77.35,77.4,77.39,high_O,low_C,O>C,O>M>P>C,T,T,T,F,F,T
1782921631.267,17670,77.35,77.28,77.34,77.35,TIE,low_C,TIE,TIE,T,T,TIE,F,F,F
1782921745.668,17672,77.26,77.26,77.27,77.26,high_M,TIE,TIE,TIE,TIE,F,TIE,F,TIE,T
1782921805.206,17673,77.26,77.31,77.26,77.26,high_C,TIE,TIE,TIE,F,TIE,TIE,T,T,TIE
1782921871.846,17674,77.31,77.18,77.3,77.31,TIE,low_C,TIE,TIE,T,T,TIE,F,F,F
1782921935.529,17675,77.18,77.22,77.18,77.16,high_C,low_P,C>P,TIE,F,TIE,T,T,T,T
1782922041.486,17676,77.22,77.4,77.36,77.37,high_C,low_O,C>O,C>P>M>O,F,F,F,T,T,F
1782922079.895,17677,77.4,77.45,77.39,77.34,high_C,low_P,C>P,C>O>M>P,F,T,T,T,T,T
1782922152.242,17678,77.45,77.41,77.43,77.43,high_O,low_C,O>C,TIE,T,T,T,F,F,TIE
1782922194.703,17679,77.41,77.34,77.34,77.34,high_O,TIE,TIE,TIE,T,T,T,TIE,TIE,TIE
1782922265.975,17680,77.34,77.37,77.31,77.34,high_C,low_M,C>M,TIE,F,T,TIE,T,T,F
1782922324.602,17681,77.37,77.44,77.42,77.43,high_C,low_O,C>O,C>P>M>O,F,F,F,T,T,F
1782922414.883,17682,77.44,77.39,77.43,77.43,high_O,low_C,O>C,TIE,T,T,T,F,F,TIE
1782922578.359,17683,77.39,77.31,77.27,77.25,high_O,low_P,O>P,O>C>M>P,T,T,T,T,T,T
1782922659.168,17684,77.31,77.5,77.44,77.48,high_C,low_O,C>O,C>P>M>O,F,F,F,T,T,F
1782922703.064,17685,77.5,77.42,77.51,77.52,high_P,low_C,P>C,P>M>O>C,T,F,F,F,F,F
1782922742.011,17686,77.42,77.46,77.42,77.46,TIE,TIE,TIE,TIE,F,TIE,F,T,TIE,F
1782922789.227,17687,77.46,77.56,77.56,77.45,TIE,low_P,TIE,TIE,F,F,T,TIE,T,T
1782922851.22,17688,77.56,77.41,77.45,77.44,high_O,low_C,O>C,O>M>P>C,T,T,T,F,F,T
1782922926.338,17689,77.41,77.34,77.35,77.35,high_O,low_C,O>C,TIE,T,T,T,F,F,TIE
1782923006.489,17690,77.33,77.36,77.31,77.3,high_C,low_P,C>P,C>O>M>P,F,T,T,T,T,T
1782923117.536,17691,77.36,77.35,77.32,77.31,high_O,low_P,O>P,O>C>M>P,T,T,T,T,T,T
1782923175.798,17692,77.35,77.6,77.47,77.5,high_C,low_O,C>O,C>P>M>O,F,F,F,T,T,F
1782923202.931,17693,77.6,77.67,77.66,77.61,high_C,low_O,C>O,C>M>P>O,F,F,F,T,T,T
1782923229.494,17694,77.67,77.69,77.66,77.66,high_C,TIE,TIE,TIE,F,T,T,T,T,TIE
1782923243.479,17695,77.69,77.77,77.73,77.74,high_C,low_O,C>O,C>P>M>O,F,F,F,T,T,F
1782923243.766,17696,77.77,77.87,77.85,77.87,TIE,low_O,TIE,TIE,F,F,F,T,TIE,F
1782923252.682,17697,77.87,77.84,77.83,77.81,high_O,low_P,O>P,O>C>M>P,T,T,T,T,T,T
1782923254.552,17698,77.84,78.0,77.97,78.0,TIE,low_O,TIE,TIE,F,F,F,T,TIE,F
1782923254.797,17699,78.0,78.19,78.0,78.0,high_C,TIE,TIE,TIE,F,TIE,TIE,T,T,TIE
1782923255.014,17700,78.19,78.2,78.2,78.19,TIE,TIE,TIE,TIE,F,F,TIE,TIE,T,T
1782923255.241,17701,78.2,78.17,78.2,78.2,TIE,low_C,TIE,TIE,T,TIE,TIE,F,F,TIE
1782923256.055,17702,78.17,78.13,78.13,78.13,high_O,TIE,TIE,TIE,T,T,T,TIE,TIE,TIE
1782923257.834,17703,78.13,78.11,78.13,78.13,TIE,low_C,TIE,TIE,T,TIE,TIE,F,F,TIE
1782923265.746,17704,78.11,78.04,78.05,78.04,high_O,TIE,TIE,TIE,T,T,T,F,TIE,T
1782923278.691,17705,78.04,77.96,77.92,77.91,high_O,low_P,O>P,O>C>M>P,T,T,T,T,T,T
1782923288.644,17706,77.96,78.01,78.01,77.95,TIE,low_P,TIE,TIE,F,F,T,TIE,T,T
1782923310.362,17707,78.01,77.88,77.92,77.92,high_O,low_C,O>C,TIE,T,T,T,F,F,TIE
1782923350.107,17708,77.88,77.79,77.84,77.83,high_O,low_C,O>C,O>M>P>C,T,T,T,F,F,T
1782923387.464,17709,77.79,77.74,77.77,77.77,high_O,low_C,O>C,TIE,T,T,T,F,F,TIE
1782923439.963,17710,77.74,77.76,77.71,77.69,high_C,low_P,C>P,C>O>M>P,F,T,T,T,T,T
1782923482.699,17711,77.76,77.7,77.73,77.72,high_O,low_C,O>C,O>M>P>C,T,T,T,F,F,T
1782923529.331,17712,77.7,77.75,77.72,77.73,high_C,low_O,C>O,C>P>M>O,F,F,F,T,T,F
1782923554.536,17713,77.75,77.68,77.69,77.68,high_O,TIE,TIE,TIE,T,T,T,F,TIE,T
1782923813.943,17715,77.58,77.58,77.58,77.58,TIE,TIE,TIE,TIE,TIE,TIE,TIE,TIE,TIE,TIE
1782923925.772,17716,77.58,77.5,77.57,77.58,TIE,low_C,TIE,TIE,T,T,TIE,F,F,F
1782924017.695,17717,77.5,77.47,77.47,77.45,high_O,low_P,O>P,TIE,T,T,T,TIE,T,T
1782924163.234,17718,77.47,77.51,77.5,77.5,high_C,low_O,C>O,TIE,F,F,F,T,T,TIE
1782924258.018,17719,77.51,77.57,77.58,77.6,high_P,low_O,P>O,P>M>C>O,F,F,F,F,F,F
1782924399.234,17720,77.57,77.49,77.57,77.61,high_P,low_C,P>C,TIE,T,TIE,F,F,F,F
1782924521.146,17721,77.49,77.45,77.56,77.56,TIE,low_C,TIE,TIE,T,F,F,F,F,TIE
1782924630.436,17723,77.35,77.35,77.32,77.3,TIE,low_P,TIE,TIE,TIE,T,T,T,T,T
1782924747.436,17724,77.35,77.3,77.31,77.3,high_O,TIE,TIE,TIE,T,T,T,F,TIE,T
1782924807.246,17725,77.3,77.22,77.27,77.27,high_O,low_C,O>C,TIE,T,T,T,F,F,TIE
1782924824.901,17726,77.22,77.21,77.2,77.2,high_O,TIE,TIE,TIE,T,T,T,T,T,TIE
1782924862.461,17727,77.21,77.17,77.18,77.18,high_O,low_C,O>C,TIE,T,T,T,F,F,TIE
1782924884.909,17728,77.17,77.16,77.16,77.17,TIE,TIE,TIE,TIE,T,T,TIE,TIE,F,F
1782924900.464,17729,77.16,77.15,77.12,77.12,high_O,TIE,TIE,TIE,T,T,T,T,T,TIE
1782924909.694,17730,77.15,77.1,77.12,77.1,high_O,TIE,TIE,TIE,T,T,T,F,TIE,T
1782924918.465,17731,77.1,77.09,77.09,77.09,high_O,TIE,TIE,TIE,T,T,T,TIE,TIE,TIE
1782924933.509,17732,77.09,76.97,77.05,77.09,TIE,low_C,TIE,TIE,T,T,TIE,F,F,F
1782924946.412,17733,76.97,76.92,76.95,76.96,high_O,low_C,O>C,O>P>M>C,T,T,T,F,F,F
1782924976.375,17734,76.92,76.87,76.92,76.92,TIE,low_C,TIE,TIE,T,TIE,TIE,F,F,TIE
1782925002.805,17735,76.87,76.92,76.91,76.92,TIE,low_O,TIE,TIE,F,F,F,T,TIE,F
1782925027.327,17736,76.92,77.01,76.97,76.96,high_C,low_O,C>O,C>M>P>O,F,F,F,T,T,T
1782925102.184,17737,77.01,77.1,77.01,77.01,high_C,TIE,TIE,TIE,F,TIE,TIE,T,T,TIE
1782925182.092,17738,77.1,77.06,77.1,77.12,high_P,low_C,P>C,TIE,T,TIE,F,F,F,F
1782925268.67,17739,77.06,77.1,77.11,77.1,high_M,low_O,M>O,TIE,F,F,F,F,TIE,T
1782925383.573,17740,77.1,77.0,77.01,77.0,high_O,TIE,TIE,TIE,T,T,T,F,TIE,T
1782925411.348,17741,77.0,76.94,76.97,76.96,high_O,low_C,O>C,O>M>P>C,T,T,T,F,F,T
1782925455.649,17742,76.94,76.89,76.87,76.87,high_O,TIE,TIE,TIE,T,T,T,T,T,TIE
1782925538.562,17743,76.89,76.95,76.92,76.94,high_C,low_O,C>O,C>P>M>O,F,F,F,T,T,F
1782925623.203,17744,76.95,76.97,76.89,76.92,high_C,low_M,C>M,C>O>P>M,F,T,T,T,T,F
1782925748.363,17745,76.97,77.03,77.0,77.0,high_C,low_O,C>O,TIE,F,F,F,T,T,TIE
1782925801.117,17746,77.03,77.13,77.1,77.09,high_C,low_O,C>O,C>M>P>O,F,F,F,T,T,T
1782925881.423,17747,77.13,77.1,77.14,77.13,high_M,low_C,M>C,TIE,T,F,TIE,F,F,T
1782925994.368,17748,77.1,77.21,77.15,77.21,TIE,low_O,TIE,TIE,F,F,F,T,TIE,F
1782926105.981,17749,77.21,77.23,77.18,77.18,high_C,TIE,TIE,TIE,F,T,T,T,T,TIE
1782926169.517,17750,77.23,77.31,77.27,77.27,high_C,low_O,C>O,TIE,F,F,F,T,T,TIE
1782926293.2,17751,77.31,77.18,77.23,77.29,high_O,low_C,O>C,O>P>M>C,T,T,T,F,F,F
1782926354.804,17752,77.18,77.37,77.32,77.35,high_C,low_O,C>O,C>P>M>O,F,F,F,T,T,F
1782926377.271,17753,77.37,77.45,77.45,77.45,TIE,low_O,TIE,TIE,F,F,F,TIE,TIE,TIE
1782926377.293,17754,77.45,77.49,77.49,77.49,TIE,low_O,TIE,TIE,F,F,F,TIE,TIE,TIE
1782926418.147,17755,77.49,77.56,77.49,77.51,high_C,TIE,TIE,TIE,F,TIE,F,T,T,F
1782926428.423,17756,77.56,77.66,77.6,77.6,high_C,low_O,C>O,TIE,F,F,F,T,T,TIE
1782926470.853,17757,77.66,77.47,77.57,77.55,high_O,low_C,O>C,O>M>P>C,T,T,T,F,F,T
1782926591.182,17758,77.47,77.52,77.45,77.43,high_C,low_P,C>P,C>O>M>P,F,T,T,T,T,T
1782926624.154,17759,77.52,77.62,77.6,77.62,TIE,low_O,TIE,TIE,F,F,F,T,TIE,F
1782926631.364,17760,77.62,77.83,77.71,77.63,high_C,low_O,C>O,C>M>P>O,F,F,F,T,T,T
1782926652.242,17761,77.83,77.81,77.81,77.82,high_O,TIE,TIE,TIE,T,T,T,TIE,F,F
1782926669.234,17762,77.81,77.83,77.79,77.79,high_C,TIE,TIE,TIE,F,T,T,T,T,TIE
1782926728.687,17763,77.83,77.79,77.8,77.8,high_O,low_C,O>C,TIE,T,T,T,F,F,TIE
1782926782.854,17764,77.79,77.83,77.8,77.79,high_C,TIE,TIE,TIE,F,F,TIE,T,T,T
1782926850.323,17765,77.83,77.77,77.8,77.81,high_O,low_C,O>C,O>P>M>C,T,T,T,F,F,F
1782927029.557,17767,77.67,77.67,77.67,77.67,TIE,TIE,TIE,TIE,TIE,TIE,TIE,TIE,TIE,TIE
1782927065.301,17768,77.67,77.76,77.76,77.79,high_P,low_O,P>O,TIE,F,F,F,TIE,F,F
1782927155.183,17769,77.76,77.68,77.76,77.67,TIE,low_P,TIE,TIE,T,TIE,T,F,T,T
1782927200.179,17770,77.68,77.56,77.64,77.66,high_O,low_C,O>C,O>P>M>C,T,T,T,F,F,F
1782927251.967,17771,77.56,77.61,77.57,77.57,high_C,low_O,C>O,TIE,F,F,F,T,T,TIE
1782927328.526,17772,77.6,77.62,77.63,77.66,high_P,low_O,P>O,P>M>C>O,F,F,F,F,F,F
1782927419.781,17773,77.62,77.68,77.69,77.69,TIE,low_O,TIE,TIE,F,F,F,F,F,TIE
1782927442.772,17774,77.68,77.83,77.73,77.69,high_C,low_O,C>O,C>M>P>O,F,F,F,T,T,T
1782927536.465,17775,77.83,77.73,77.76,77.72,high_O,low_P,O>P,O>M>C>P,T,T,T,F,T,T
1782927629.685,17776,77.73,77.71,77.71,77.71,high_O,TIE,TIE,TIE,T,T,T,TIE,TIE,TIE
1782927731.122,17777,77.71,77.65,77.71,77.71,TIE,low_C,TIE,TIE,T,TIE,TIE,F,F,TIE
1782927959.258,17778,77.65,77.75,77.7,77.71,high_C,low_O,C>O,C>P>M>O,F,F,F,T,T,F
1782928024.811,17779,77.75,77.77,77.73,77.77,TIE,low_M,TIE,TIE,F,T,F,T,TIE,F
1782928164.418,17780,77.77,77.83,77.8,77.8,high_C,low_O,C>O,TIE,F,F,F,T,T,TIE
1782928292.559,17781,77.83,77.69,77.78,77.83,TIE,low_C,TIE,TIE,T,T,TIE,F,F,F
1782928403.961,17782,77.69,77.81,77.73,77.74,high_C,low_O,C>O,C>P>M>O,F,F,F,T,T,F
1782928447.379,17783,77.81,77.82,77.82,77.82,TIE,low_O,TIE,TIE,F,F,F,TIE,TIE,TIE
1782928716.289,17785,77.72,77.72,77.72,77.72,TIE,TIE,TIE,TIE,TIE,TIE,TIE,TIE,TIE,TIE
1782928813.851,17786,77.72,77.69,77.7,77.69,high_O,TIE,TIE,TIE,T,T,T,F,TIE,T
1782929028.892,17788,77.79,77.79,77.8,77.8,TIE,TIE,TIE,TIE,TIE,F,F,F,F,TIE
1782929087.711,17789,77.79,77.8,77.82,77.82,TIE,low_O,TIE,TIE,F,F,F,F,F,TIE
1782929103.606,17790,77.8,77.85,77.8,77.8,high_C,TIE,TIE,TIE,F,TIE,TIE,T,T,TIE
1782929224.681,17791,77.85,77.72,77.75,77.69,high_O,low_P,O>P,O>M>C>P,T,T,T,F,T,T
1782929295.348,17792,77.72,77.63,77.66,77.66,high_O,low_C,O>C,TIE,T,T,T,F,F,TIE
1782929389.116,17793,77.63,77.62,77.62,77.62,high_O,TIE,TIE,TIE,T,T,T,TIE,TIE,TIE
1782929409.261,17794,77.62,77.64,77.64,77.64,TIE,low_O,TIE,TIE,F,F,F,TIE,TIE,TIE
1782929421.064,17795,77.64,77.53,77.55,77.64,TIE,low_C,TIE,TIE,T,T,TIE,F,F,F
1782929497.156,17796,77.53,77.52,77.53,77.53,TIE,low_C,TIE,TIE,T,TIE,TIE,F,F,TIE
1782929576.801,17797,77.52,77.61,77.57,77.52,high_C,TIE,TIE,TIE,F,F,TIE,T,T,T
1782929700.188,17798,77.61,77.69,77.64,77.63,high_C,low_O,C>O,C>M>P>O,F,F,F,T,T,T
1782929842.105,17799,77.69,77.7,77.6,77.6,high_C,TIE,TIE,TIE,F,T,T,T,T,TIE
1782930005.041,17800,77.7,77.77,77.72,77.63,high_C,low_P,C>P,C>M>O>P,F,F,T,T,T,T
1782930317.624,17801,77.77,77.6,77.59,77.6,high_O,low_M,O>M,TIE,T,T,T,T,TIE,F
1782930527.219,17802,77.6,77.57,77.57,77.57,high_O,TIE,TIE,TIE,T,T,T,TIE,TIE,TIE
1782930566.869,17803,77.57,77.55,77.55,77.55,high_O,TIE,TIE,TIE,T,T,T,TIE,TIE,TIE
1782930652.169,17804,77.55,77.43,77.47,77.47,high_O,low_C,O>C,TIE,T,T,T,F,F,TIE
1782930704.404,17805,77.43,77.51,77.4,77.43,high_C,low_M,C>M,TIE,F,T,TIE,T,T,F
1782930892.287,17806,77.51,77.61,77.54,77.56,high_C,low_O,C>O,C>P>M>O,F,F,F,T,T,F
1782930926.348,17807,77.61,77.63,77.6,77.63,TIE,low_M,TIE,TIE,F,T,F,T,TIE,F
1782931006.29,17808,77.63,77.69,77.68,77.68,high_C,low_O,C>O,TIE,F,F,F,T,T,TIE
1782931108.69,17809,77.69,77.63,77.67,77.63,high_O,TIE,TIE,TIE,T,T,T,F,TIE,T
1782931149.867,17810,77.63,77.67,77.63,77.63,high_C,TIE,TIE,TIE,F,TIE,TIE,T,T,TIE
1782931263.402,17811,77.67,77.71,77.7,77.7,high_C,low_O,C>O,TIE,F,F,F,T,T,TIE
1782931466.65,17812,77.71,77.69,77.68,77.66,high_O,low_P,O>P,O>C>M>P,T,T,T,T,T,T
1782931591.878,17813,77.69,77.59,77.65,77.6,high_O,low_C,O>C,O>M>P>C,T,T,T,F,F,T
1782931641.815,17814,77.59,77.4,77.48,77.41,high_O,low_C,O>C,O>M>P>C,T,T,T,F,F,T
1782931681.737,17815,77.4,77.41,77.38,77.39,high_C,low_M,C>M,C>O>P>M,F,T,T,T,T,F
1782931819.408,17816,77.41,77.54,77.45,77.42,high_C,low_O,C>O,C>M>P>O,F,F,F,T,T,T
1782931963.736,17817,77.54,77.41,77.53,77.51,high_O,low_C,O>C,O>M>P>C,T,T,T,F,F,T
1782932024.575,17818,77.41,77.38,77.37,77.4,high_O,low_M,O>M,O>P>C>M,T,T,T,T,F,F
1782932099.479,17819,77.38,77.32,77.34,77.35,high_O,low_C,O>C,O>P>M>C,T,T,T,F,F,F
1782932262.022,17821,77.33,77.33,77.31,77.31,TIE,TIE,TIE,TIE,TIE,T,T,T,T,TIE
1782932276.332,17822,77.33,77.28,77.29,77.3,high_O,low_C,O>C,O>P>M>C,T,T,T,F,F,F
1782932314.231,17823,77.28,77.32,77.34,77.35,high_P,low_O,P>O,P>M>C>O,F,F,F,F,F,F
1782932372.385,17824,77.32,77.38,77.33,77.33,high_C,low_O,C>O,TIE,F,F,F,T,T,TIE
1782932528.595,17825,77.38,77.52,77.4,77.4,high_C,low_O,C>O,TIE,F,F,F,T,T,TIE
1782932606.114,17826,77.52,77.61,77.55,77.55,high_C,low_O,C>O,TIE,F,F,F,T,T,TIE
1782932848.007,17827,77.61,77.54,77.56,77.56,high_O,low_C,O>C,TIE,T,T,T,F,F,TIE
1782933022.852,17828,77.54,77.58,77.55,77.54,high_C,TIE,TIE,TIE,F,F,TIE,T,T,T
1782933296.258,17830,77.43,77.43,77.41,77.43,TIE,low_M,TIE,TIE,TIE,T,TIE,T,TIE,F
1782933559.952,17833,77.5,77.5,77.51,77.51,TIE,TIE,TIE,TIE,TIE,F,F,F,F,TIE
1782933595.605,17834,77.5,77.52,77.51,77.49,high_C,low_P,C>P,C>M>O>P,F,F,T,T,T,T
1782933751.126,17835,77.52,77.43,77.43,77.41,high_O,low_P,O>P,TIE,T,T,T,TIE,T,T
1782933941.845,17836,77.43,77.29,77.36,77.29,high_O,TIE,TIE,TIE,T,T,T,F,TIE,T
1782933954.132,17837,77.29,77.17,77.2,77.18,high_O,low_C,O>C,O>M>P>C,T,T,T,F,F,T
1782933954.134,17838,77.17,77.1,77.14,77.15,high_O,low_C,O>C,O>P>M>C,T,T,T,F,F,F
1782933958.932,17839,77.1,77.17,77.16,77.17,TIE,low_O,TIE,TIE,F,F,F,T,TIE,F
1782933992.082,17840,77.17,77.15,77.16,77.16,high_O,low_C,O>C,TIE,T,T,T,F,F,TIE
1782934104.315,17842,77.19,77.19,77.19,77.19,TIE,TIE,TIE,TIE,TIE,TIE,TIE,TIE,TIE,TIE
1782934188.13,17843,77.19,77.17,77.19,77.19,TIE,low_C,TIE,TIE,T,TIE,TIE,F,F,TIE
1782934249.886,17844,77.17,77.29,77.24,77.23,high_C,low_O,C>O,C>M>P>O,F,F,F,T,T,T
1782934250.993,17845,77.29,77.38,77.34,77.36,high_C,low_O,C>O,C>P>M>O,F,F,F,T,T,F
1782934287.441,17846,77.38,77.26,77.33,77.32,high_O,low_C,O>C,O>M>P>C,T,T,T,F,F,T
1782934422.398,17847,77.26,77.29,77.27,77.25,high_C,low_P,C>P,C>M>O>P,F,F,T,T,T,T
1782934490.499,17848,77.29,77.33,77.32,77.32,high_C,low_O,C>O,TIE,F,F,F,T,T,TIE
1782934515.441,17849,77.33,77.21,77.33,77.33,TIE,low_C,TIE,TIE,T,TIE,TIE,F,F,TIE
1782934572.642,17850,77.21,77.19,77.18,77.18,high_O,TIE,TIE,TIE,T,T,T,T,T,TIE
1782934629.818,17851,77.19,77.28,77.2,77.18,high_C,low_P,C>P,C>M>O>P,F,F,T,T,T,T
1782934694.222,17852,77.28,77.3,77.26,77.26,high_C,TIE,TIE,TIE,F,T,T,T,T,TIE
1782934864.673,17853,77.3,77.2,77.26,77.26,high_O,low_C,O>C,TIE,T,T,T,F,F,TIE
1782934924.798,17854,77.2,77.24,77.22,77.23,high_C,low_O,C>O,C>P>M>O,F,F,F,T,T,F
1782935131.377,17855,77.24,77.21,77.24,77.26,high_P,low_C,P>C,TIE,T,TIE,F,F,F,F
1782935178.589,17856,77.21,77.12,77.19,77.21,TIE,low_C,TIE,TIE,T,T,TIE,F,F,F
1782935180.419,17857,77.12,77.09,77.07,77.07,high_O,TIE,TIE,TIE,T,T,T,T,T,TIE
1782935272.328,17858,77.09,77.13,77.13,77.13,TIE,low_O,TIE,TIE,F,F,F,TIE,TIE,TIE
1782935400.115,17859,77.13,77.16,77.12,77.12,high_C,TIE,TIE,TIE,F,T,T,T,T,TIE
1782935450.036,17860,77.16,77.18,77.18,77.14,TIE,low_P,TIE,TIE,F,F,T,TIE,T,T
1782935501.07,17861,77.18,77.02,77.09,77.02,high_O,TIE,TIE,TIE,T,T,T,F,TIE,T
1782935527.589,17862,77.02,77.0,77.01,77.0,high_O,TIE,TIE,TIE,T,T,T,F,TIE,T
1782935571.956,17863,77.0,77.02,76.99,76.98,high_C,low_P,C>P,C>O>M>P,F,T,T,T,T,T
1782935640.587,17864,77.02,77.07,77.01,77.01,high_C,TIE,TIE,TIE,F,T,T,T,T,TIE
1782935700.075,17865,77.07,76.99,77.01,76.99,high_O,TIE,TIE,TIE,T,T,T,F,TIE,T
1782935716.871,17866,76.99,76.98,76.99,76.99,TIE,low_C,TIE,TIE,T,TIE,TIE,F,F,TIE
1782935795.43,17867,76.98,76.96,76.96,76.96,high_O,TIE,TIE,TIE,T,T,T,TIE,TIE,TIE
1782935802.77,17868,76.96,76.94,76.95,76.96,TIE,low_C,TIE,TIE,T,T,TIE,F,F,F
1782935813.731,17869,76.94,76.9,76.93,76.93,high_O,low_C,O>C,TIE,T,T,T,F,F,TIE
1782935824.48,17870,76.9,76.83,76.88,76.9,TIE,low_C,TIE,TIE,T,T,TIE,F,F,F
1782935882.418,17872,76.84,76.84,76.85,76.86,high_P,TIE,TIE,TIE,TIE,F,F,F,F,F
1782935898.383,17873,76.84,76.85,76.82,76.83,high_C,low_M,C>M,C>O>P>M,F,T,T,T,T,F
1782935931.192,17874,76.85,76.81,76.8,76.76,high_O,low_P,O>P,O>C>M>P,T,T,T,T,T,T
1782935953.263,17875,76.81,76.91,76.86,76.82,high_C,low_O,C>O,C>M>P>O,F,F,F,T,T,T
1782935966.79,17876,76.91,76.93,76.9,76.9,high_C,TIE,TIE,TIE,F,T,T,T,T,TIE
1782935971.982,17877,76.93,76.87,76.89,76.88,high_O,low_C,O>C,O>M>P>C,T,T,T,F,F,T
1782935982.965,17878,76.87,76.92,76.9,76.9,high_C,low_O,C>O,TIE,F,F,F,T,T,TIE
1782935999.113,17879,76.92,76.97,76.92,76.92,high_C,TIE,TIE,TIE,F,TIE,TIE,T,T,TIE
1782936016.143,17880,76.97,76.99,76.97,76.97,high_C,TIE,TIE,TIE,F,TIE,TIE,T,T,TIE
1782936054.776,17881,76.99,76.84,76.93,76.98,high_O,low_C,O>C,O>P>M>C,T,T,T,F,F,F
1782936110.292,17882,76.84,76.76,76.79,76.75,high_O,low_P,O>P,O>M>C>P,T,T,T,F,T,T
1782936126.988,17883,76.76,76.77,76.76,76.75,high_C,low_P,C>P,TIE,F,TIE,T,T,T,T
1782936138.259,17884,76.77,76.8,76.79,76.79,high_C,low_O,C>O,TIE,F,F,F,T,T,TIE
1782936166.556,17885,76.8,76.74,76.74,76.73,high_O,low_P,O>P,TIE,T,T,T,TIE,T,T
1782936213.985,17886,76.74,76.83,76.76,76.74,high_C,TIE,TIE,TIE,F,F,TIE,T,T,T
1782936294.01,17887,76.83,76.82,76.83,76.83,TIE,low_C,TIE,TIE,T,TIE,TIE,F,F,TIE
1782936361.593,17888,76.82,76.77,76.82,76.82,TIE,low_C,TIE,TIE,T,TIE,TIE,F,F,TIE
1782936389.909,17889,76.77,76.79,76.8,76.79,high_M,low_O,M>O,TIE,F,F,F,F,TIE,T
1782936464.023,17890,76.79,76.84,76.79,76.77,high_C,low_P,C>P,TIE,F,TIE,T,T,T,T
1782936525.811,17891,76.84,76.8,76.82,76.8,high_O,TIE,TIE,TIE,T,T,T,F,TIE,T
1782936590.025,17892,76.8,76.67,76.73,76.73,high_O,low_C,O>C,TIE,T,T,T,F,F,TIE
1782936619.077,17893,76.67,76.65,76.67,76.65,TIE,TIE,TIE,TIE,T,TIE,T,F,TIE,T
1782936648.612,17894,76.65,76.68,76.68,76.68,TIE,low_O,TIE,TIE,F,F,F,TIE,TIE,TIE
1782936727.504,17895,76.68,76.72,76.7,76.68,high_C,TIE,TIE,TIE,F,F,TIE,T,T,T
1782936790.512,17896,76.72,76.75,76.7,76.7,high_C,TIE,TIE,TIE,F,T,T,T,T,TIE
1782936841.406,17897,76.75,76.86,76.77,76.76,high_C,low_O,C>O,C>M>P>O,F,F,F,T,T,T
1782936920.036,17898,76.86,76.76,76.85,76.85,high_O,low_C,O>C,TIE,T,T,T,F,F,TIE
1782936962.252,17899,76.76,76.65,76.67,76.65,high_O,TIE,TIE,TIE,T,T,T,F,TIE,T
1782936987.276,17900,76.65,76.64,76.63,76.63,high_O,TIE,TIE,TIE,T,T,T,T,T,TIE
1782937066.79,17901,76.64,76.62,76.66,76.66,TIE,low_C,TIE,TIE,T,F,F,F,F,TIE
1782937085.785,17902,76.62,76.61,76.61,76.6,high_O,low_P,O>P,TIE,T,T,T,TIE,T,T
1782937085.786,17903,76.61,76.56,76.58,76.56,high_O,TIE,TIE,TIE,T,T,T,F,TIE,T
1782937085.814,17904,76.56,76.59,76.54,76.54,high_C,TIE,TIE,TIE,F,T,T,T,T,TIE
1782937123.182,17905,76.59,76.61,76.61,76.61,TIE,low_O,TIE,TIE,F,F,F,TIE,TIE,TIE
1782937123.183,17906,76.61,76.56,76.58,76.57,high_O,low_C,O>C,O>M>P>C,T,T,T,F,F,T
1782937148.669,17907,76.56,76.61,76.58,76.58,high_C,low_O,C>O,TIE,F,F,F,T,T,TIE
1782937200.157,17908,76.61,76.6,76.61,76.63,high_P,low_C,P>C,TIE,T,TIE,F,F,F,F
1782937286.053,17909,76.6,76.62,76.6,76.6,high_C,TIE,TIE,TIE,F,TIE,TIE,T,T,TIE
1782937372.203,17910,76.62,76.64,76.65,76.66,high_P,low_O,P>O,P>M>C>O,F,F,F,F,F,F
1782937464.51,17911,76.64,76.65,76.63,76.63,high_C,TIE,TIE,TIE,F,T,T,T,T,TIE
1782937533.205,17912,76.65,76.7,76.68,76.7,TIE,low_O,TIE,TIE,F,F,F,T,TIE,F
1782937566.137,17913,76.7,76.72,76.71,76.71,high_C,low_O,C>O,TIE,F,F,F,T,T,TIE
1782937566.144,17914,76.72,76.76,76.74,76.73,high_C,low_O,C>O,C>M>P>O,F,F,F,T,T,T
1782937633.282,17916,76.75,76.75,76.74,76.73,TIE,low_P,TIE,TIE,TIE,T,T,T,T,T
1782937664.684,17917,76.75,76.77,76.77,76.77,TIE,low_O,TIE,TIE,F,F,F,TIE,TIE,TIE
1782937665.842,17918,76.77,76.78,76.77,76.77,high_C,TIE,TIE,TIE,F,TIE,TIE,T,T,TIE
1782937722.183,17919,76.78,76.8,76.82,76.83,high_P,low_O,P>O,P>M>C>O,F,F,F,F,F,F
1782937729.046,17920,76.8,76.83,76.84,76.81,high_M,low_O,M>O,M>C>P>O,F,F,F,F,T,T
1782937801.049,17921,76.83,76.84,76.83,76.81,high_C,low_P,C>P,TIE,F,TIE,T,T,T,T
1782937855.683,17922,76.84,76.82,76.83,76.82,high_O,TIE,TIE,TIE,T,T,T,F,TIE,T
1782937873.672,17923,76.82,76.8,76.82,76.82,TIE,low_C,TIE,TIE,T,TIE,TIE,F,F,TIE
1782937922.266,17924,76.8,76.94,76.9,76.84,high_C,low_O,C>O,C>M>P>O,F,F,F,T,T,T
1782937964.501,17925,76.94,76.88,76.94,76.9,TIE,low_C,TIE,TIE,T,TIE,T,F,F,T
1782937981.899,17928,76.9,76.9,76.92,76.9,high_M,TIE,TIE,TIE,TIE,F,TIE,F,TIE,T
1782937994.547,17929,76.9,76.98,76.9,76.9,high_C,TIE,TIE,TIE,F,TIE,TIE,T,T,TIE
1782938107.505,17930,76.98,76.91,76.93,76.93,high_O,low_C,O>C,TIE,T,T,T,F,F,TIE
1782938142.802,17931,76.91,76.9,76.89,76.9,high_O,low_M,O>M,TIE,T,T,T,T,TIE,F
1782938181.07,17932,76.9,76.87,76.88,76.87,high_O,TIE,TIE,TIE,T,T,T,F,TIE,T
1782938194.797,17934,76.9,76.9,76.9,76.9,TIE,TIE,TIE,TIE,TIE,TIE,TIE,TIE,TIE,TIE
1782938322.461,17935,76.9,76.97,76.91,76.95,high_C,low_O,C>O,C>P>M>O,F,F,F,T,T,F
1782938406.238,17936,76.97,77.06,76.98,76.98,high_C,low_O,C>O,TIE,F,F,F,T,T,TIE
1782938406.79,17937,77.06,77.16,77.14,77.15,high_C,low_O,C>O,C>P>M>O,F,F,F,T,T,F
1782938406.792,17938,77.16,77.22,77.19,77.17,high_C,low_O,C>O,C>M>P>O,F,F,F,T,T,T
1782938406.793,17939,77.22,77.27,77.24,77.23,high_C,low_O,C>O,C>M>P>O,F,F,F,T,T,T
1782938407.191,17940,77.27,77.16,77.21,77.27,TIE,low_C,TIE,TIE,T,T,TIE,F,F,F
1782938414.161,17941,77.16,77.14,77.18,77.19,high_P,low_C,P>C,P>M>O>C,T,F,F,F,F,F
1782938431.234,17942,77.14,77.17,77.16,77.17,TIE,low_O,TIE,TIE,F,F,F,T,TIE,F
1782938436.857,17943,77.17,77.24,77.2,77.22,high_C,low_O,C>O,C>P>M>O,F,F,F,T,T,F
1782938436.858,17944,77.24,77.32,77.28,77.28,high_C,low_O,C>O,TIE,F,F,F,T,T,TIE
1782938436.995,17945,77.32,77.28,77.33,77.33,TIE,low_C,TIE,TIE,T,F,F,F,F,TIE
1782938438.06,17946,77.28,77.27,77.28,77.27,TIE,TIE,TIE,TIE,T,TIE,T,F,TIE,T
1782938454.751,17947,77.27,77.15,77.22,77.17,high_O,low_C,O>C,O>M>P>C,T,T,T,F,F,T
1782938485.712,17948,77.15,77.07,77.11,77.12,high_O,low_C,O>C,O>P>M>C,T,T,T,F,F,F
1782938485.714,17949,77.07,77.02,77.05,77.07,TIE,low_C,TIE,TIE,T,T,TIE,F,F,F
1782938485.716,17950,77.02,76.96,76.99,76.99,high_O,low_C,O>C,TIE,T,T,T,F,F,TIE
1782938512.661,17951,76.96,77.05,77.02,77.08,high_P,low_O,P>O,P>C>M>O,F,F,F,T,F,F
1782938613.833,17952,77.05,77.08,77.08,77.08,TIE,low_O,TIE,TIE,F,F,F,TIE,TIE,TIE
1782938687.272,17953,77.08,77.2,77.18,77.18,high_C,low_O,C>O,TIE,F,F,F,T,T,TIE
1782938835.216,17954,77.2,77.23,77.23,77.23,TIE,low_O,TIE,TIE,F,F,F,TIE,TIE,TIE
1782938929.601,17955,77.23,77.27,77.25,77.25,high_C,low_O,C>O,TIE,F,F,F,T,T,TIE
1782938965.03,17956,77.27,77.38,77.28,77.26,high_C,low_P,C>P,C>M>O>P,F,F,T,T,T,T
1782939021.471,17957,77.38,77.33,77.4,77.46,high_P,low_C,P>C,P>M>O>C,T,F,F,F,F,F
1782939151.813,17958,77.33,77.39,77.37,77.37,high_C,low_O,C>O,TIE,F,F,F,T,T,TIE
1782939181.046,17959,77.39,77.34,77.35,77.34,high_O,TIE,TIE,TIE,T,T,T,F,TIE,T
1782939181.047,17960,77.34,77.3,77.32,77.33,high_O,low_C,O>C,O>P>M>C,T,T,T,F,F,F
1782939181.048,17961,77.3,77.25,77.27,77.25,high_O,TIE,TIE,TIE,T,T,T,F,TIE,T
1782939200.122,17962,77.25,77.32,77.31,77.31,high_C,low_O,C>O,TIE,F,F,F,T,T,TIE
1782939277.864,17963,77.32,77.33,77.3,77.32,high_C,low_M,C>M,TIE,F,T,TIE,T,T,F
1782939361.979,17964,77.33,77.39,77.36,77.36,high_C,low_O,C>O,TIE,F,F,F,T,T,TIE
1782939486.852,17965,77.39,77.38,77.38,77.38,high_O,TIE,TIE,TIE,T,T,T,TIE,TIE,TIE
1782939500.453,17966,77.38,77.42,77.42,77.42,TIE,low_O,TIE,TIE,F,F,F,TIE,TIE,TIE
1782939521.846,17967,77.42,77.39,77.42,77.42,TIE,low_C,TIE,TIE,T,TIE,TIE,F,F,TIE
1782939610.628,17968,77.39,77.45,77.39,77.37,high_C,low_P,C>P,TIE,F,TIE,T,T,T,T
1782939722.002,17969,77.45,77.5,77.44,77.44,high_C,TIE,TIE,TIE,F,T,T,T,T,TIE
1782939722.004,17970,77.5,77.57,77.54,77.56,high_C,low_O,C>O,C>P>M>O,F,F,F,T,T,F
1782939723.938,17971,77.57,77.6,77.59,77.63,high_P,low_O,P>O,P>C>M>O,F,F,F,T,F,F
1782939737.836,17972,77.6,77.56,77.56,77.55,high_O,low_P,O>P,TIE,T,T,T,TIE,T,T
1782939756.34,17973,77.56,77.54,77.56,77.58,high_P,low_C,P>C,TIE,T,TIE,F,F,F,F
1782939812.367,17975,77.56,77.56,77.58,77.58,TIE,TIE,TIE,TIE,TIE,F,F,F,F,TIE
1782939873.702,17976,77.56,77.73,77.63,77.66,high_C,low_O,C>O,C>P>M>O,F,F,F,T,T,F
1782939878.101,17977,77.73,77.7,77.73,77.7,TIE,TIE,TIE,TIE,T,TIE,T,F,TIE,T
1782939906.863,17978,77.7,77.71,77.68,77.69,high_C,low_M,C>M,C>O>P>M,F,T,T,T,T,F
1782939908.406,17979,77.71,77.7,77.73,77.74,high_P,low_C,P>C,P>M>O>C,T,F,F,F,F,F
1782939908.423,17980,77.7,77.67,77.69,77.7,TIE,low_C,TIE,TIE,T,T,TIE,F,F,F
1782939928.819,17981,77.67,77.74,77.74,77.75,high_P,low_O,P>O,TIE,F,F,F,TIE,F,F
1782939948.442,17982,77.74,77.7,77.75,77.75,TIE,low_C,TIE,TIE,T,F,F,F,F,TIE
1782939979.714,17983,77.7,77.73,77.72,77.71,high_C,low_O,C>O,C>M>P>O,F,F,F,T,T,T
1782940020.715,17984,77.73,77.72,77.72,77.72,high_O,TIE,TIE,TIE,T,T,T,TIE,TIE,TIE
1782940055.114,17985,77.72,77.69,77.7,77.69,high_O,TIE,TIE,TIE,T,T,T,F,TIE,T
1782940104.087,17986,77.69,77.73,77.74,77.75,high_P,low_O,P>O,P>M>C>O,F,F,F,F,F,F
1782940127.262,17987,77.73,77.78,77.77,77.77,high_C,low_O,C>O,TIE,F,F,F,T,T,TIE
1782940127.283,17989,77.84,77.84,77.86,77.86,TIE,TIE,TIE,TIE,TIE,F,F,F,F,TIE
1782940132.741,17990,77.84,77.8,77.83,77.79,high_O,low_P,O>P,O>M>C>P,T,T,T,F,T,T
1782940136.805,17991,77.8,77.9,77.82,77.81,high_C,low_O,C>O,C>M>P>O,F,F,F,T,T,T
1782940211.398,17993,77.83,77.83,77.84,77.83,high_M,TIE,TIE,TIE,TIE,F,TIE,F,TIE,T
1782940251.555,17994,77.83,77.81,77.83,77.83,TIE,low_C,TIE,TIE,T,TIE,TIE,F,F,TIE
1782940281.405,17995,77.81,77.92,77.88,77.88,high_C,low_O,C>O,TIE,F,F,F,T,T,TIE
1782940303.497,17996,77.92,77.94,77.93,77.93,high_C,low_O,C>O,TIE,F,F,F,T,T,TIE
1782940319.283,17997,77.94,78.0,77.97,77.97,high_C,low_O,C>O,TIE,F,F,F,T,T,TIE
1782940319.45,17998,78.0,78.08,78.04,78.0,high_C,TIE,TIE,TIE,F,F,TIE,T,T,T
1782940329.147,17999,78.08,77.98,78.04,78.03,high_O,low_C,O>C,O>M>P>C,T,T,T,F,F,T
1782940349.034,18000,77.98,77.86,77.86,77.84,high_O,low_P,O>P,TIE,T,T,T,TIE,T,T
1782940411.358,18001,77.86,77.83,77.87,77.87,TIE,low_C,TIE,TIE,T,F,F,F,F,TIE
1782940442.651,18002,77.83,77.72,77.77,77.79,high_O,low_C,O>C,O>P>M>C,T,T,T,F,F,F
1782940532.527,18003,77.72,77.82,77.79,77.72,high_C,TIE,TIE,TIE,F,F,TIE,T,T,T
1782940614.461,18004,77.82,77.74,77.73,77.72,high_O,low_P,O>P,O>C>M>P,T,T,T,T,T,T
1782940614.491,18005,77.74,77.7,77.71,77.71,high_O,low_C,O>C,TIE,T,T,T,F,F,TIE
1782940672.4,18006,77.7,77.87,77.84,77.88,high_P,low_O,P>O,P>C>M>O,F,F,F,T,F,F
1782940746.944,18007,77.87,77.73,77.79,77.8,high_O,low_C,O>C,O>P>M>C,T,T,T,F,F,F
1782940805.824,18008,77.73,77.84,77.74,77.72,high_C,low_P,C>P,C>M>O>P,F,F,T,T,T,T
1782940903.315,18009,77.84,77.78,77.77,77.75,high_O,low_P,O>P,O>C>M>P,T,T,T,T,T,T
1782941002.594,18010,77.78,77.79,77.82,77.81,high_M,low_O,M>O,M>P>C>O,F,F,F,F,F,T
1782941031.782,18011,77.79,77.74,77.74,77.74,high_O,TIE,TIE,TIE,T,T,T,TIE,TIE,TIE
1782941116.959,18012,77.74,77.72,77.76,77.76,TIE,low_C,TIE,TIE,T,F,F,F,F,TIE
1782941177.506,18013,77.72,77.79,77.72,77.7,high_C,low_P,C>P,TIE,F,TIE,T,T,T,T
1782941235.534,18014,77.79,77.75,77.8,77.79,high_M,low_C,M>C,TIE,T,F,TIE,F,F,T
1782941324.081,18015,77.75,77.87,77.8,77.8,high_C,low_O,C>O,TIE,F,F,F,T,T,TIE
1782941446.232,18016,77.87,77.85,77.82,77.8,high_O,low_P,O>P,O>C>M>P,T,T,T,T,T,T
1782941503.924,18017,77.85,77.97,77.97,77.97,TIE,low_O,TIE,TIE,F,F,F,TIE,TIE,TIE
1782941548.509,18018,77.97,77.96,77.96,77.96,high_O,TIE,TIE,TIE,T,T,T,TIE,TIE,TIE
1782941580.349,18019,77.96,78.01,77.99,78.0,high_C,low_O,C>O,C>P>M>O,F,F,F,T,T,F
1782941612.334,18020,78.01,78.05,78.0,77.95,high_C,low_P,C>P,C>O>M>P,F,T,T,T,T,T
1782941613.94,18021,78.05,78.12,78.1,78.1,high_C,low_O,C>O,TIE,F,F,F,T,T,TIE
1782941613.956,18022,78.12,78.17,78.15,78.15,high_C,low_O,C>O,TIE,F,F,F,T,T,TIE
1782941614.014,18023,78.17,78.15,78.11,78.04,high_O,low_P,O>P,O>C>M>P,T,T,T,T,T,T
1782941616.415,18024,78.15,78.13,78.1,78.09,high_O,low_P,O>P,O>C>M>P,T,T,T,T,T,T
1782941646.234,18025,78.13,78.15,78.14,78.14,high_C,low_O,C>O,TIE,F,F,F,T,T,TIE
1782941677.387,18028,78.2,78.24,78.2,78.2,high_C,TIE,TIE,TIE,F,TIE,TIE,T,T,TIE
1782941677.396,18029,78.24,78.29,78.27,78.25,high_C,low_O,C>O,C>M>P>O,F,F,F,T,T,T
1782941677.403,18030,78.29,78.37,78.33,78.36,high_C,low_O,C>O,C>P>M>O,F,F,F,T,T,F
1782941677.632,18031,78.37,78.4,78.3,78.27,high_C,low_P,C>P,C>O>M>P,F,T,T,T,T,T
1782941677.797,18032,78.4,78.47,78.46,78.47,TIE,low_O,TIE,TIE,F,F,F,T,TIE,F
1782941677.99,18033,78.47,78.46,78.5,78.5,TIE,low_C,TIE,TIE,T,F,F,F,F,TIE
1782941678.064,18034,78.46,78.56,78.5,78.5,high_C,low_O,C>O,TIE,F,F,F,T,T,TIE
1782941678.36,18035,78.56,78.58,78.57,78.56,high_C,TIE,TIE,TIE,F,F,TIE,T,T,T
1782941679.07,18036,78.58,78.56,78.59,78.6,high_P,low_C,P>C,P>M>O>C,T,F,F,F,F,F
1782941679.502,18037,78.56,78.51,78.53,78.52,high_O,low_C,O>C,O>M>P>C,T,T,T,F,F,T
1782941681.606,18038,78.51,78.44,78.44,78.44,high_O,TIE,TIE,TIE,T,T,T,TIE,TIE,TIE
1782941688.754,18039,78.44,78.32,78.39,78.34,high_O,low_C,O>C,O>M>P>C,T,T,T,F,F,T
1782941708.008,18040,78.32,78.27,78.26,78.27,high_O,low_M,O>M,TIE,T,T,T,T,TIE,F
1782941724.683,18041,78.27,78.25,78.25,78.27,TIE,TIE,TIE,TIE,T,T,TIE,TIE,F,F
1782941760.885,18042,78.25,78.31,78.3,78.28,high_C,low_O,C>O,C>M>P>O,F,F,F,T,T,T
1782941772.058,18043,78.31,78.36,78.3,78.29,high_C,low_P,C>P,C>O>M>P,F,T,T,T,T,T
1782941787.094,18044,78.36,78.29,78.3,78.29,high_O,TIE,TIE,TIE,T,T,T,F,TIE,T
1782941808.317,18045,78.29,78.23,78.26,78.26,high_O,low_C,O>C,TIE,T,T,T,F,F,TIE
1782941823.288,18046,78.23,78.27,78.27,78.3,high_P,low_O,P>O,TIE,F,F,F,TIE,F,F
1782941851.075,18047,78.27,78.24,78.27,78.27,TIE,low_C,TIE,TIE,T,TIE,TIE,F,F,TIE
1782941906.204,18048,78.24,78.21,78.19,78.19,high_O,TIE,TIE,TIE,T,T,T,T,T,TIE
1782941932.925,18049,78.21,78.33,78.34,78.39,high_P,low_O,P>O,P>M>C>O,F,F,F,F,F,F
1782941947.614,18050,78.33,78.23,78.26,78.26,high_O,low_C,O>C,TIE,T,T,T,F,F,TIE
1782941985.126,18051,78.23,78.22,78.28,78.27,high_M,low_C,M>C,M>P>O>C,T,F,F,F,F,T
1782942025.317,18052,78.22,78.26,78.2,78.26,TIE,low_M,TIE,TIE,F,T,F,T,TIE,F
1782942066.306,18053,78.26,78.27,78.29,78.3,high_P,low_O,P>O,P>M>C>O,F,F,F,F,F,F
1782942114.717,18054,78.27,78.26,78.26,78.25,high_O,low_P,O>P,TIE,T,T,T,TIE,T,T
1782942216.354,18055,78.26,78.15,78.13,78.13,high_O,TIE,TIE,TIE,T,T,T,T,T,TIE
1782942307.947,18056,78.15,78.2,78.19,78.19,high_C,low_O,C>O,TIE,F,F,F,T,T,TIE
1782942376.343,18057,78.2,78.15,78.19,78.18,high_O,low_C,O>C,O>M>P>C,T,T,T,F,F,T
1782942435.635,18058,78.15,78.1,78.13,78.13,high_O,low_C,O>C,TIE,T,T,T,F,F,TIE
1782942488.019,18059,78.1,78.27,78.16,78.16,high_C,low_O,C>O,TIE,F,F,F,T,T,TIE
1782942593.714,18060,78.27,78.29,78.26,78.26,high_C,TIE,TIE,TIE,F,T,T,T,T,TIE
1782942661.997,18061,78.29,78.24,78.23,78.23,high_O,TIE,TIE,TIE,T,T,T,T,T,TIE
1782942754.635,18062,78.24,78.4,78.32,78.32,high_C,low_O,C>O,TIE,F,F,F,T,T,TIE
1782942754.728,18064,78.48,78.48,78.51,78.51,TIE,TIE,TIE,TIE,TIE,F,F,F,F,TIE
1782942781.178,18067,78.66,78.66,78.64,78.64,TIE,TIE,TIE,TIE,TIE,T,T,T,T,TIE
1782942782.55,18068,78.66,78.67,78.66,78.66,high_C,TIE,TIE,TIE,F,TIE,TIE,T,T,TIE
1782942807.945,18069,78.67,78.52,78.61,78.67,TIE,low_C,TIE,TIE,T,T,TIE,F,F,F
1782942847.144,18070,78.52,78.43,78.52,78.53,high_P,low_C,P>C,TIE,T,TIE,F,F,F,F
1782942881.141,18071,78.43,78.4,78.46,78.47,high_P,low_C,P>C,P>M>O>C,T,F,F,F,F,F
1782942929.802,18072,78.4,78.42,78.39,78.37,high_C,low_P,C>P,C>O>M>P,F,T,T,T,T,T
1782942949.278,18073,78.42,78.49,78.46,78.49,TIE,low_O,TIE,TIE,F,F,F,T,TIE,F
1782942949.394,18074,78.49,78.56,78.55,78.55,high_C,low_O,C>O,TIE,F,F,F,T,T,TIE
1782942988.563,18075,78.56,78.51,78.5,78.5,high_O,TIE,TIE,TIE,T,T,T,T,T,TIE
1782943002.722,18076,78.51,78.5,78.5,78.5,high_O,TIE,TIE,TIE,T,T,T,TIE,TIE,TIE
1782943068.876,18077,78.5,78.44,78.45,78.45,high_O,low_C,O>C,TIE,T,T,T,F,F,TIE
1782943164.246,18078,78.44,78.4,78.43,78.44,TIE,low_C,TIE,TIE,T,T,TIE,F,F,F
1782943216.07,18079,78.4,78.36,78.35,78.35,high_O,TIE,TIE,TIE,T,T,T,T,T,TIE
1782943273.094,18080,78.36,78.3,78.27,78.26,high_O,low_P,O>P,O>C>M>P,T,T,T,T,T,T
1782943354.19,18081,78.3,78.28,78.28,78.28,high_O,TIE,TIE,TIE,T,T,T,TIE,TIE,TIE
1782943421.939,18082,78.28,78.24,78.29,78.24,high_M,TIE,TIE,TIE,T,F,T,F,TIE,T
1782943437.555,18083,78.24,78.27,78.24,78.23,high_C,low_P,C>P,TIE,F,TIE,T,T,T,T
1782943529.663,18084,78.27,78.26,78.24,78.28,high_P,low_M,P>M,P>O>C>M,T,T,F,T,F,F
1782943603.444,18085,78.26,78.21,78.24,78.23,high_O,low_C,O>C,O>M>P>C,T,T,T,F,F,T
1782943737.156,18087,78.26,78.26,78.28,78.28,TIE,TIE,TIE,TIE,TIE,F,F,F,F,TIE
1782943753.181,18088,78.26,78.29,78.29,78.29,TIE,low_O,TIE,TIE,F,F,F,TIE,TIE,TIE
1782943896.129,18089,78.29,78.31,78.28,78.27,high_C,low_P,C>P,C>O>M>P,F,T,T,T,T,T
1782944100.022,18090,78.31,78.25,78.27,78.27,high_O,low_C,O>C,TIE,T,T,T,F,F,TIE
1782944167.639,18091,78.25,78.34,78.28,78.25,high_C,TIE,TIE,TIE,F,F,TIE,T,T,T
1782944240.845,18092,78.34,78.38,78.34,78.35,high_C,TIE,TIE,TIE,F,TIE,F,T,T,F
1782944358.503,18093,78.38,78.31,78.31,78.31,high_O,TIE,TIE,TIE,T,T,T,TIE,TIE,TIE
1782944366.195,18094,78.31,78.36,78.34,78.34,high_C,low_O,C>O,TIE,F,F,F,T,T,TIE
1782944547.232,18095,78.36,78.59,78.37,78.36,high_C,TIE,TIE,TIE,F,F,TIE,T,T,T
1782944558.141,18096,78.59,78.6,78.59,78.59,high_C,TIE,TIE,TIE,F,TIE,TIE,T,T,TIE
1782944580.581,18097,78.6,78.79,78.72,78.75,high_C,low_O,C>O,C>P>M>O,F,F,F,T,T,F
1782944602.486,18098,78.79,78.8,78.73,78.7,high_C,low_P,C>P,C>O>M>P,F,T,T,T,T,T
1782944615.228,18099,78.8,78.79,78.79,78.79,high_O,TIE,TIE,TIE,T,T,T,TIE,TIE,TIE
1782944640.354,18100,78.79,78.65,78.71,78.64,high_O,low_P,O>P,O>M>C>P,T,T,T,F,T,T
1782944664.081,18101,78.65,78.6,78.58,78.58,high_O,TIE,TIE,TIE,T,T,T,T,T,TIE
1782944788.482,18102,78.6,78.53,78.59,78.66,high_P,low_C,P>C,P>O>M>C,T,T,F,F,F,F
1782944827.622,18103,78.53,78.46,78.56,78.57,high_P,low_C,P>C,P>M>O>C,T,F,F,F,F,F
1782944841.474,18104,78.46,78.4,78.43,78.42,high_O,low_C,O>C,O>M>P>C,T,T,T,F,F,T
1782944867.208,18105,78.4,78.42,78.44,78.43,high_M,low_O,M>O,M>P>C>O,F,F,F,F,F,T
1782944901.706,18106,78.42,78.38,78.37,78.36,high_O,low_P,O>P,O>C>M>P,T,T,T,T,T,T
1782944919.945,18107,78.38,78.35,78.37,78.38,TIE,low_C,TIE,TIE,T,T,TIE,F,F,F
1782944963.787,18108,78.35,78.27,78.33,78.34,high_O,low_C,O>C,O>P>M>C,T,T,T,F,F,F
1782944994.987,18109,78.27,78.22,78.27,78.21,TIE,low_P,TIE,TIE,T,TIE,T,F,T,T
1782945006.132,18110,78.22,78.32,78.28,78.3,high_C,low_O,C>O,C>P>M>O,F,F,F,T,T,F
1782945032.711,18111,78.32,78.28,78.27,78.26,high_O,low_P,O>P,O>C>M>P,T,T,T,T,T,T
1782945054.718,18112,78.28,78.32,78.34,78.36,high_P,low_O,P>O,P>M>C>O,F,F,F,F,F,F
1782945091.576,18113,78.32,78.27,78.27,78.27,high_O,TIE,TIE,TIE,T,T,T,TIE,TIE,TIE
1782945132.304,18114,78.27,78.21,78.21,78.21,high_O,TIE,TIE,TIE,T,T,T,TIE,TIE,TIE
1782945191.585,18115,78.21,78.2,78.23,78.2,high_M,TIE,TIE,TIE,T,F,T,F,TIE,T
1782945209.083,18116,78.2,78.13,78.13,78.13,high_O,TIE,TIE,TIE,T,T,T,TIE,TIE,TIE
1782945243.236,18117,78.13,78.24,78.19,78.13,high_C,TIE,TIE,TIE,F,F,TIE,T,T,T
1782945299.753,18118,78.24,78.16,78.22,78.22,high_O,low_C,O>C,TIE,T,T,T,F,F,TIE
1782945347.064,18119,78.16,78.13,78.14,78.14,high_O,low_C,O>C,TIE,T,T,T,F,F,TIE
1782945369.919,18120,78.13,78.24,78.19,78.16,high_C,low_O,C>O,C>M>P>O,F,F,F,T,T,T
1782945408.495,18121,78.24,78.07,78.18,78.1,high_O,low_C,O>C,O>M>P>C,T,T,T,F,F,T
1782945509.98,18123,78.01,78.01,78.03,78.01,high_M,TIE,TIE,TIE,TIE,F,TIE,F,TIE,T
1782945600.408,18124,78.01,78.06,78.04,78.04,high_C,low_O,C>O,TIE,F,F,F,T,T,TIE
1782945666.725,18125,78.06,78.08,78.08,78.13,high_P,low_O,P>O,TIE,F,F,F,TIE,F,F
1782945708.225,18126,78.08,78.19,78.19,78.2,high_P,low_O,P>O,TIE,F,F,F,TIE,F,F
1782945786.67,18127,78.19,78.14,78.16,78.15,high_O,low_C,O>C,O>M>P>C,T,T,T,F,F,T
1782945865.631,18128,78.14,78.02,78.1,78.02,high_O,TIE,TIE,TIE,T,T,T,F,TIE,T
1782945921.796,18129,78.02,77.98,78.02,78.01,TIE,low_C,TIE,TIE,T,TIE,T,F,F,T
1782945927.609,18131,77.94,77.94,77.92,77.92,TIE,TIE,TIE,TIE,TIE,T,T,T,T,TIE
1782945969.008,18136,77.89,77.89,77.89,77.89,TIE,TIE,TIE,TIE,TIE,TIE,TIE,TIE,TIE,TIE
1782945997.73,18137,77.89,77.92,77.86,77.85,high_C,low_P,C>P,C>O>M>P,F,T,T,T,T,T
1782946002.646,18138,77.92,77.87,77.89,77.88,high_O,low_C,O>C,O>M>P>C,T,T,T,F,F,T
1782946002.647,18139,77.87,77.83,77.85,77.84,high_O,low_C,O>C,O>M>P>C,T,T,T,F,F,T
1782946002.723,18140,77.83,77.87,77.83,77.83,high_C,TIE,TIE,TIE,F,TIE,TIE,T,T,TIE
1782946075.614,18141,77.87,77.95,77.89,77.92,high_C,low_O,C>O,C>P>M>O,F,F,F,T,T,F
1782946100.277,18142,77.95,77.9,77.93,77.94,high_O,low_C,O>C,O>P>M>C,T,T,T,F,F,F
1782946104.959,18143,77.9,77.88,77.89,77.89,high_O,low_C,O>C,TIE,T,T,T,F,F,TIE
1782946125.838,18145,77.91,77.91,77.93,77.93,TIE,TIE,TIE,TIE,TIE,F,F,F,F,TIE
1782946135.648,18146,77.91,77.9,77.91,77.91,TIE,low_C,TIE,TIE,T,TIE,TIE,F,F,TIE
1782946163.724,18147,77.9,77.88,77.9,77.9,TIE,low_C,TIE,TIE,T,TIE,TIE,F,F,TIE
1782946228.662,18148,77.88,77.76,77.81,77.81,high_O,low_C,O>C,TIE,T,T,T,F,F,TIE
1782946244.13,18149,77.76,77.84,77.76,77.76,high_C,TIE,TIE,TIE,F,TIE,TIE,T,T,TIE
1782946297.058,18150,77.84,77.89,77.81,77.79,high_C,low_P,C>P,C>O>M>P,F,T,T,T,T,T
1782946368.515,18151,77.89,77.87,77.87,77.87,high_O,TIE,TIE,TIE,T,T,T,TIE,TIE,TIE
1782946396.921,18152,77.87,77.88,77.91,77.91,TIE,low_O,TIE,TIE,F,F,F,F,F,TIE
1782946494.186,18153,77.88,77.87,77.87,77.88,TIE,TIE,TIE,TIE,T,T,TIE,TIE,F,F
1782946524.628,18154,77.87,77.8,77.86,77.8,high_O,TIE,TIE,TIE,T,T,T,F,TIE,T
1782946551.919,18155,77.8,77.79,77.81,77.8,high_M,low_C,M>C,TIE,T,F,TIE,F,F,T
1782946556.348,18156,77.79,77.78,77.79,77.79,TIE,low_C,TIE,TIE,T,TIE,TIE,F,F,TIE
1782946587.84,18158,77.74,77.74,77.73,77.72,TIE,low_P,TIE,TIE,TIE,T,T,T,T,T
1782946673.413,18159,77.74,77.78,77.76,77.76,high_C,low_O,C>O,TIE,F,F,F,T,T,TIE
1782946698.587,18160,77.78,77.89,77.79,77.79,high_C,low_O,C>O,TIE,F,F,F,T,T,TIE
1782946809.096,18161,77.89,77.77,77.86,77.86,high_O,low_C,O>C,TIE,T,T,T,F,F,TIE
1782946811.782,18162,77.77,77.8,77.78,77.8,TIE,low_O,TIE,TIE,F,F,F,T,TIE,F
1782946811.783,18163,77.8,77.84,77.82,77.81,high_C,low_O,C>O,C>M>P>O,F,F,F,T,T,T
1782946824.543,18164,77.84,77.77,77.82,77.82,high_O,low_C,O>C,TIE,T,T,T,F,F,TIE
1782946846.708,18165,77.77,77.66,77.69,77.65,high_O,low_P,O>P,O>M>C>P,T,T,T,F,T,T
1782946862.665,18166,77.66,77.61,77.62,77.63,high_O,low_C,O>C,O>P>M>C,T,T,T,F,F,F
1782946909.201,18167,77.61,77.65,77.64,77.65,TIE,low_O,TIE,TIE,F,F,F,T,TIE,F
1782946936.192,18168,77.65,77.53,77.64,77.65,TIE,low_C,TIE,TIE,T,T,TIE,F,F,F
1782946989.344,18169,77.53,77.64,77.56,77.56,high_C,low_O,C>O,TIE,F,F,F,T,T,TIE
1782947028.442,18170,77.64,77.71,77.7,77.71,TIE,low_O,TIE,TIE,F,F,F,T,TIE,F
1782947042.324,18171,77.71,77.62,77.69,77.71,TIE,low_C,TIE,TIE,T,T,TIE,F,F,F
1782947085.889,18172,77.62,77.58,77.62,77.62,TIE,low_C,TIE,TIE,T,TIE,TIE,F,F,TIE
1782947197.034,18173,77.58,77.61,77.6,77.6,high_C,low_O,C>O,TIE,F,F,F,T,T,TIE
1782947290.141,18174,77.61,77.56,77.59,77.56,high_O,TIE,TIE,TIE,T,T,T,F,TIE,T
1782947348.204,18175,77.56,77.65,77.64,77.65,TIE,low_O,TIE,TIE,F,F,F,T,TIE,F
1782947446.476,18176,77.65,77.69,77.69,77.69,TIE,low_O,TIE,TIE,F,F,F,TIE,TIE,TIE
1782947474.067,18177,77.69,77.58,77.66,77.69,TIE,low_C,TIE,TIE,T,T,TIE,F,F,F
1782947511.315,18178,77.58,77.57,77.56,77.56,high_O,TIE,TIE,TIE,T,T,T,T,T,TIE
1782947518.422,18179,77.57,77.5,77.51,77.5,high_O,TIE,TIE,TIE,T,T,T,F,TIE,T
1782947561.071,18180,77.5,77.46,77.5,77.5,TIE,low_C,TIE,TIE,T,TIE,TIE,F,F,TIE
1782947654.046,18181,77.46,77.47,77.5,77.5,TIE,low_O,TIE,TIE,F,F,F,F,F,TIE
1782947708.941,18182,77.47,77.48,77.49,77.49,TIE,low_O,TIE,TIE,F,F,F,F,F,TIE
1782947718.463,18184,77.43,77.43,77.43,77.42,TIE,low_P,TIE,TIE,TIE,TIE,T,TIE,T,T
1782947721.486,18185,77.43,77.34,77.38,77.38,high_O,low_C,O>C,TIE,T,T,T,F,F,TIE
1782947728.774,18186,77.34,77.41,77.38,77.37,high_C,low_O,C>O,C>M>P>O,F,F,F,T,T,T
1782947731.985,18187,77.41,77.38,77.4,77.39,high_O,low_C,O>C,O>M>P>C,T,T,T,F,F,T
1782947734.365,18188,77.38,77.35,77.37,77.37,high_O,low_C,O>C,TIE,T,T,T,F,F,TIE
1782947740.075,18189,77.35,77.34,77.34,77.34,high_O,TIE,TIE,TIE,T,T,T,TIE,TIE,TIE
1782947778.957,18190,77.34,77.46,77.41,77.43,high_C,low_O,C>O,C>P>M>O,F,F,F,T,T,F
1782947788.329,18191,77.46,77.49,77.48,77.48,high_C,low_O,C>O,TIE,F,F,F,T,T,TIE
1782947823.813,18192,77.49,77.51,77.51,77.51,TIE,low_O,TIE,TIE,F,F,F,TIE,TIE,TIE
1782947830.811,18193,77.51,77.53,77.53,77.53,TIE,low_O,TIE,TIE,F,F,F,TIE,TIE,TIE
1782947890.302,18194,77.53,77.56,77.56,77.56,TIE,low_O,TIE,TIE,F,F,F,TIE,TIE,TIE
1782947917.199,18195,77.56,77.53,77.53,77.52,high_O,low_P,O>P,TIE,T,T,T,TIE,T,T
1782947937.405,18196,77.53,77.55,77.55,77.55,TIE,low_O,TIE,TIE,F,F,F,TIE,TIE,TIE
1782947938.115,18197,77.55,77.54,77.54,77.54,high_O,TIE,TIE,TIE,T,T,T,TIE,TIE,TIE
1782947976.374,18198,77.54,77.63,77.61,77.66,high_P,low_O,P>O,P>C>M>O,F,F,F,T,F,F
1782948040.711,18199,77.63,77.58,77.6,77.6,high_O,low_C,O>C,TIE,T,T,T,F,F,TIE
1782948186.319,18200,77.58,77.64,77.6,77.59,high_C,low_O,C>O,C>M>P>O,F,F,F,T,T,T
1782948197.824,18201,77.64,77.7,77.68,77.69,high_C,low_O,C>O,C>P>M>O,F,F,F,T,T,F
1782948222.39,18202,77.7,77.59,77.66,77.7,TIE,low_C,TIE,TIE,T,T,TIE,F,F,F
1782948247.494,18203,77.59,77.63,77.59,77.59,high_C,TIE,TIE,TIE,F,TIE,TIE,T,T,TIE
1782948319.905,18204,77.63,77.67,77.6,77.6,high_C,TIE,TIE,TIE,F,T,T,T,T,TIE
1782948425.058,18205,77.67,77.61,77.65,77.65,high_O,low_C,O>C,TIE,T,T,T,F,F,TIE
1782948561.005,18206,77.61,77.63,77.59,77.59,high_C,TIE,TIE,TIE,F,T,T,T,T,TIE
1782948662.402,18207,77.63,77.69,77.65,77.65,high_C,low_O,C>O,TIE,F,F,F,T,T,TIE
1782948674.04,18208,77.69,77.76,77.73,77.73,high_C,low_O,C>O,TIE,F,F,F,T,T,TIE
1782948722.972,18209,77.76,77.66,77.72,77.74,high_O,low_C,O>C,O>P>M>C,T,T,T,F,F,F
1782948782.12,18210,77.67,77.6,77.66,77.61,high_O,low_C,O>C,O>M>P>C,T,T,T,F,F,T
1782948805.187,18211,77.6,77.57,77.59,77.59,high_O,low_C,O>C,TIE,T,T,T,F,F,TIE
1782948826.768,18212,77.57,77.69,77.59,77.59,high_C,low_O,C>O,TIE,F,F,F,T,T,TIE
1782948870.251,18213,77.69,77.68,77.7,77.7,TIE,low_C,TIE,TIE,T,F,F,F,F,TIE
1782948898.027,18214,77.68,77.64,77.66,77.65,high_O,low_C,O>C,O>M>P>C,T,T,T,F,F,T
1782948918.779,18215,77.64,77.55,77.61,77.61,high_O,low_C,O>C,TIE,T,T,T,F,F,TIE
1782948925.571,18216,77.55,77.52,77.52,77.52,high_O,TIE,TIE,TIE,T,T,T,TIE,TIE,TIE
1782948930.798,18217,77.52,77.5,77.51,77.51,high_O,low_C,O>C,TIE,T,T,T,F,F,TIE
1782948930.824,18218,77.5,77.49,77.5,77.5,TIE,low_C,TIE,TIE,T,TIE,TIE,F,F,TIE
1782948973.102,18219,77.49,77.48,77.5,77.49,high_M,low_C,M>C,TIE,T,F,TIE,F,F,T
1782949021.05,18220,77.48,77.51,77.5,77.51,TIE,low_O,TIE,TIE,F,F,F,T,TIE,F
1782949038.627,18221,77.51,77.49,77.48,77.47,high_O,low_P,O>P,O>C>M>P,T,T,T,T,T,T
1782949066.918,18222,77.49,77.59,77.59,77.6,high_P,low_O,P>O,TIE,F,F,F,TIE,F,F
1782949071.504,18223,77.59,77.56,77.57,77.57,high_O,low_C,O>C,TIE,T,T,T,F,F,TIE
1782949082.936,18224,77.56,77.53,77.53,77.56,TIE,TIE,TIE,TIE,T,T,TIE,TIE,F,F
1782949094.609,18226,77.55,77.55,77.55,77.55,TIE,TIE,TIE,TIE,TIE,TIE,TIE,TIE,TIE,TIE
1782949105.462,18227,77.55,77.53,77.55,77.55,TIE,low_C,TIE,TIE,T,TIE,TIE,F,F,TIE
1782949116.886,18228,77.53,77.55,77.54,77.53,high_C,TIE,TIE,TIE,F,F,TIE,T,T,T
1782949129.071,18229,77.55,77.53,77.54,77.54,high_O,low_C,O>C,TIE,T,T,T,F,F,TIE
1782949133.35,18230,77.53,77.54,77.52,77.52,high_C,TIE,TIE,TIE,F,T,T,T,T,TIE
1782949145.139,18231,77.54,77.51,77.53,77.53,high_O,low_C,O>C,TIE,T,T,T,F,F,TIE
1782949156.537,18232,77.51,77.5,77.5,77.5,high_O,TIE,TIE,TIE,T,T,T,TIE,TIE,TIE
1782949162.989,18233,77.5,77.51,77.5,77.49,high_C,low_P,C>P,TIE,F,TIE,T,T,T,T
1782949182.354,18235,77.5,77.5,77.51,77.5,high_M,TIE,TIE,TIE,TIE,F,TIE,F,TIE,T
1782949215.537,18236,77.5,77.48,77.49,77.49,high_O,low_C,O>C,TIE,T,T,T,F,F,TIE
1782949239.187,18237,77.48,77.45,77.46,77.46,high_O,low_C,O>C,TIE,T,T,T,F,F,TIE
1782949267.894,18238,77.45,77.48,77.45,77.45,high_C,TIE,TIE,TIE,F,TIE,TIE,T,T,TIE
1782949317.044,18239,77.48,77.49,77.49,77.49,TIE,low_O,TIE,TIE,F,F,F,TIE,TIE,TIE
1782949317.147,18240,77.49,77.44,77.47,77.47,high_O,low_C,O>C,TIE,T,T,T,F,F,TIE
1782949322.379,18241,77.44,77.46,77.43,77.43,high_C,TIE,TIE,TIE,F,T,T,T,T,TIE
1782949358.046,18242,77.46,77.53,77.48,77.47,high_C,low_O,C>O,C>M>P>O,F,F,F,T,T,T
1782949373.509,18243,77.53,77.55,77.54,77.53,high_C,TIE,TIE,TIE,F,F,TIE,T,T,T
1782949477.878,18244,77.55,77.5,77.5,77.5,high_O,TIE,TIE,TIE,T,T,T,TIE,TIE,TIE
1782949531.485,18245,77.5,77.45,77.49,77.49,high_O,low_C,O>C,TIE,T,T,T,F,F,TIE
1782949609.289,18246,77.45,77.42,77.44,77.45,TIE,low_C,TIE,TIE,T,T,TIE,F,F,F
1782949677.582,18247,77.42,77.44,77.42,77.42,high_C,TIE,TIE,TIE,F,TIE,TIE,T,T,TIE
1782949709.899,18248,77.44,77.51,77.51,77.58,high_P,low_O,P>O,TIE,F,F,F,TIE,F,F
1782949709.9,18249,77.51,77.47,77.49,77.49,high_O,low_C,O>C,TIE,T,T,T,F,F,TIE
1782949709.901,18250,77.47,77.43,77.45,77.43,high_O,TIE,TIE,TIE,T,T,T,F,TIE,T
1782949709.953,18253,77.4,77.39,77.4,77.4,TIE,low_C,TIE,TIE,T,TIE,TIE,F,F,TIE
1782949728.08,18254,77.39,77.33,77.38,77.38,high_O,low_C,O>C,TIE,T,T,T,F,F,TIE
1782949744.397,18255,77.33,77.29,77.32,77.33,TIE,low_C,TIE,TIE,T,T,TIE,F,F,F
1782949750.431,18256,77.29,77.22,77.25,77.25,high_O,low_C,O>C,TIE,T,T,T,F,F,TIE
1782949765.513,18257,77.22,77.25,77.27,77.29,high_P,low_O,P>O,P>M>C>O,F,F,F,F,F,F
1782949777.445,18258,77.25,77.27,77.26,77.26,high_C,low_O,C>O,TIE,F,F,F,T,T,TIE
1782949777.446,18259,77.27,77.3,77.29,77.3,TIE,low_O,TIE,TIE,F,F,F,T,TIE,F
1782949777.6,18260,77.3,77.38,77.31,77.31,high_C,low_O,C>O,TIE,F,F,F,T,T,TIE
1782949797.835,18261,77.38,77.37,77.34,77.32,high_O,low_P,O>P,O>C>M>P,T,T,T,T,T,T
1782949797.841,18262,77.37,77.41,77.4,77.4,high_C,low_O,C>O,TIE,F,F,F,T,T,TIE
1782949863.144,18263,77.41,77.39,77.39,77.39,high_O,TIE,TIE,TIE,T,T,T,TIE,TIE,TIE
1782949899.604,18264,77.39,77.42,77.4,77.4,high_C,low_O,C>O,TIE,F,F,F,T,T,TIE
1782950020.447,18265,77.42,77.44,77.4,77.41,high_C,low_M,C>M,C>O>P>M,F,T,T,T,T,F
1782950203.885,18266,77.44,77.43,77.44,77.44,TIE,low_C,TIE,TIE,T,TIE,TIE,F,F,TIE
1782950349.349,18267,77.43,77.4,77.44,77.44,TIE,low_C,TIE,TIE,T,F,F,F,F,TIE
1782950416.557,18268,77.4,77.39,77.39,77.39,high_O,TIE,TIE,TIE,T,T,T,TIE,TIE,TIE
1782950424.962,18269,77.39,77.42,77.4,77.39,high_C,TIE,TIE,TIE,F,F,TIE,T,T,T
1782950457.764,18270,77.42,77.3,77.36,77.41,high_O,low_C,O>C,O>P>M>C,T,T,T,F,F,F
1782950473.592,18271,77.3,77.26,77.26,77.24,high_O,low_P,O>P,TIE,T,T,T,TIE,T,T
1782950509.505,18272,77.26,77.33,77.29,77.3,high_C,low_O,C>O,C>P>M>O,F,F,F,T,T,F
1782950559.224,18273,77.33,77.26,77.3,77.35,high_P,low_C,P>C,P>O>M>C,T,T,F,F,F,F
1782950578.499,18274,77.26,77.18,77.23,77.24,high_O,low_C,O>C,O>P>M>C,T,T,T,F,F,F
1782950593.264,18275,77.18,77.19,77.19,77.19,TIE,low_O,TIE,TIE,F,F,F,TIE,TIE,TIE
1782950593.265,18276,77.19,77.15,77.17,77.17,high_O,low_C,O>C,TIE,T,T,T,F,F,TIE
1782950601.612,18277,77.15,77.13,77.15,77.15,TIE,low_C,TIE,TIE,T,TIE,TIE,F,F,TIE
1782950608.399,18278,77.13,77.15,77.12,77.11,high_C,low_P,C>P,C>O>M>P,F,T,T,T,T,T
1782950608.4,18279,77.15,77.19,77.17,77.17,high_C,low_O,C>O,TIE,F,F,F,T,T,TIE
1782950608.763,18280,77.19,77.26,77.21,77.2,high_C,low_O,C>O,C>M>P>O,F,F,F,T,T,T
1782950617.895,18281,77.26,77.28,77.26,77.27,high_C,TIE,TIE,TIE,F,TIE,F,T,T,F
1782950617.948,18282,77.28,77.3,77.3,77.3,TIE,low_O,TIE,TIE,F,F,F,TIE,TIE,TIE
1782950644.155,18283,77.3,77.32,77.32,77.31,TIE,low_O,TIE,TIE,F,F,F,TIE,T,T
1782950690.59,18284,77.32,77.25,77.31,77.31,high_O,low_C,O>C,TIE,T,T,T,F,F,TIE
1782950710.308,18285,77.25,77.32,77.25,77.25,high_C,TIE,TIE,TIE,F,TIE,TIE,T,T,TIE
1782950722.047,18286,77.32,77.33,77.33,77.33,TIE,low_O,TIE,TIE,F,F,F,TIE,TIE,TIE
1782950722.052,18287,77.33,77.36,77.34,77.34,high_C,low_O,C>O,TIE,F,F,F,T,T,TIE
1782950739.134,18288,77.36,77.32,77.32,77.32,high_O,TIE,TIE,TIE,T,T,T,TIE,TIE,TIE
1782950744.872,18289,77.32,77.27,77.3,77.29,high_O,low_C,O>C,O>M>P>C,T,T,T,F,F,T
1782950798.657,18290,77.27,77.34,77.35,77.35,TIE,low_O,TIE,TIE,F,F,F,F,F,TIE
1782950807.704,18291,77.34,77.31,77.32,77.32,high_O,low_C,O>C,TIE,T,T,T,F,F,TIE
1782950880.427,18292,77.31,77.35,77.31,77.31,high_C,TIE,TIE,TIE,F,TIE,TIE,T,T,TIE
1782950945.013,18293,77.35,77.36,77.39,77.4,high_P,low_O,P>O,P>M>C>O,F,F,F,F,F,F
1782951048.879,18294,77.36,77.34,77.35,77.35,high_O,low_C,O>C,TIE,T,T,T,F,F,TIE
1782951218.617,18295,77.34,77.36,77.34,77.35,high_C,TIE,TIE,TIE,F,TIE,F,T,T,F
1782951401.777,18296,77.36,77.25,77.31,77.29,high_O,low_C,O>C,O>M>P>C,T,T,T,F,F,T
1782951456.223,18297,77.25,77.18,77.24,77.24,high_O,low_C,O>C,TIE,T,T,T,F,F,TIE
1782951508.125,18298,77.18,77.12,77.13,77.14,high_O,low_C,O>C,O>P>M>C,T,T,T,F,F,F
1782951559.409,18299,77.12,77.11,77.11,77.11,high_O,TIE,TIE,TIE,T,T,T,TIE,TIE,TIE
1782951600.297,18300,77.11,77.08,77.07,77.07,high_O,TIE,TIE,TIE,T,T,T,T,T,TIE
1782951665.712,18301,77.08,77.15,77.08,77.09,high_C,TIE,TIE,TIE,F,TIE,F,T,T,F
1782951755.066,18302,77.15,77.34,77.28,77.29,high_C,low_O,C>O,C>P>M>O,F,F,F,T,T,F
1782951862.283,18303,77.34,77.29,77.29,77.3,high_O,TIE,TIE,TIE,T,T,T,TIE,F,F
1782951976.492,18304,77.29,77.26,77.26,77.25,high_O,low_P,O>P,TIE,T,T,T,TIE,T,T
1782952097.141,18305,77.26,77.15,77.18,77.16,high_O,low_C,O>C,O>M>P>C,T,T,T,F,F,T
1782952228.65,18306,77.15,77.11,77.16,77.16,TIE,low_C,TIE,TIE,T,F,F,F,F,TIE
1782952320.331,18307,77.11,77.09,77.1,77.1,high_O,low_C,O>C,TIE,T,T,T,F,F,TIE
1782952442.616,18308,77.09,77.05,77.07,77.1,high_P,low_C,P>C,P>O>M>C,T,T,F,F,F,F
1782952483.449,18309,77.05,77.03,77.03,77.02,high_O,low_P,O>P,TIE,T,T,T,TIE,T,T
1782952501.087,18310,77.03,77.0,77.0,77.0,high_O,TIE,TIE,TIE,T,T,T,TIE,TIE,TIE
1782952535.035,18311,77.0,76.97,76.99,77.0,TIE,low_C,TIE,TIE,T,T,TIE,F,F,F
1782952673.61,18312,76.97,77.01,77.04,77.04,TIE,low_O,TIE,TIE,F,F,F,F,F,TIE
1782952758.945,18313,77.01,76.92,76.95,76.95,high_O,low_C,O>C,TIE,T,T,T,F,F,TIE
1782952827.13,18314,76.92,76.9,76.92,76.92,TIE,low_C,TIE,TIE,T,TIE,TIE,F,F,TIE
1782952906.058,18315,76.9,76.97,76.96,76.97,TIE,low_O,TIE,TIE,F,F,F,T,TIE,F
1782952983.831,18316,76.97,76.91,76.96,76.97,TIE,low_C,TIE,TIE,T,T,TIE,F,F,F
1782953050.878,18317,76.91,76.9,76.88,76.88,high_O,TIE,TIE,TIE,T,T,T,T,T,TIE
1782953121.536,18318,76.9,76.96,76.95,76.96,TIE,low_O,TIE,TIE,F,F,F,T,TIE,F
1782953192.706,18319,76.96,77.02,77.0,77.0,high_C,low_O,C>O,TIE,F,F,F,T,T,TIE
1782953277.929,18320,77.02,77.03,77.02,77.02,high_C,TIE,TIE,TIE,F,TIE,TIE,T,T,TIE
1782953321.314,18321,77.03,77.1,77.05,77.04,high_C,low_O,C>O,C>M>P>O,F,F,F,T,T,T
1782953379.237,18322,77.1,77.09,77.1,77.1,TIE,low_C,TIE,TIE,T,TIE,TIE,F,F,TIE
1782953380.161,18323,77.09,77.14,77.12,77.12,high_C,low_O,C>O,TIE,F,F,F,T,T,TIE
1782953385.917,18324,77.14,77.18,77.15,77.15,high_C,low_O,C>O,TIE,F,F,F,T,T,TIE
1782953393.956,18325,77.18,77.22,77.2,77.19,high_C,low_O,C>O,C>M>P>O,F,F,F,T,T,T
1782953438.456,18327,77.31,77.31,77.29,77.3,TIE,low_M,TIE,TIE,TIE,T,T,T,T,F
1782953479.751,18328,77.31,77.26,77.26,77.26,high_O,TIE,TIE,TIE,T,T,T,TIE,TIE,TIE
1782953517.927,18329,77.26,77.31,77.26,77.26,high_C,TIE,TIE,TIE,F,TIE,TIE,T,T,TIE
1782953534.651,18330,77.31,77.26,77.32,77.32,TIE,low_C,TIE,TIE,T,F,F,F,F,TIE
1782953628.735,18331,77.26,77.28,77.27,77.27,high_C,low_O,C>O,TIE,F,F,F,T,T,TIE
1782953696.404,18332,77.28,77.19,77.22,77.2,high_O,low_C,O>C,O>M>P>C,T,T,T,F,F,T
1782953852.922,18333,77.19,77.22,77.2,77.18,high_C,low_P,C>P,C>M>O>P,F,F,T,T,T,T
1782953942.869,18334,77.22,77.17,77.19,77.19,high_O,low_C,O>C,TIE,T,T,T,F,F,TIE
1782954022.336,18335,77.17,77.23,77.18,77.16,high_C,low_P,C>P,C>M>O>P,F,F,T,T,T,T
1782954129.886,18336,77.23,77.22,77.21,77.2,high_O,low_P,O>P,O>C>M>P,T,T,T,T,T,T
1782954196.651,18338,77.35,77.35,77.35,77.34,TIE,low_P,TIE,TIE,TIE,TIE,T,TIE,T,T
1782954230.548,18340,77.37,77.37,77.36,77.35,TIE,low_P,TIE,TIE,TIE,T,T,T,T,T
1782954275.502,18341,77.37,77.27,77.26,77.23,high_O,low_P,O>P,O>C>M>P,T,T,T,T,T,T
1782954320.256,18342,77.27,77.24,77.25,77.25,high_O,low_C,O>C,TIE,T,T,T,F,F,TIE
1782954381.656,18343,77.24,77.26,77.27,77.27,TIE,low_O,TIE,TIE,F,F,F,F,F,TIE
1782954455.678,18344,77.26,77.27,77.25,77.27,TIE,low_M,TIE,TIE,F,T,F,T,TIE,F
1782954562.618,18345,77.27,77.39,77.35,77.39,TIE,low_O,TIE,TIE,F,F,F,T,TIE,F
1782954581.46,18346,77.39,77.4,77.39,77.39,high_C,TIE,TIE,TIE,F,TIE,TIE,T,T,TIE
1782954604.34,18347,77.4,77.41,77.41,77.4,TIE,TIE,TIE,TIE,F,F,TIE,TIE,T,T
1782954627.434,18348,77.41,77.45,77.45,77.45,TIE,low_O,TIE,TIE,F,F,F,TIE,TIE,TIE
1782954674.435,18349,77.45,77.4,77.39,77.38,high_O,low_P,O>P,O>C>M>P,T,T,T,T,T,T
1782954738.149,18350,77.4,77.49,77.4,77.4,high_C,TIE,TIE,TIE,F,TIE,TIE,T,T,TIE
1782954759.268,18351,77.49,77.54,77.54,77.55,high_P,low_O,P>O,TIE,F,F,F,TIE,F,F
1782954891.722,18355,77.59,77.59,77.58,77.59,TIE,low_M,TIE,TIE,TIE,T,TIE,T,TIE,F
1782954939.615,18356,77.59,77.62,77.61,77.62,TIE,low_O,TIE,TIE,F,F,F,T,TIE,F
1782954980.084,18357,77.62,77.65,77.62,77.62,high_C,TIE,TIE,TIE,F,TIE,TIE,T,T,TIE
1782955008.806,18358,77.65,77.63,77.64,77.64,high_O,low_C,O>C,TIE,T,T,T,F,F,TIE
1782955048.283,18359,77.63,77.53,77.62,77.62,high_O,low_C,O>C,TIE,T,T,T,F,F,TIE
1782955120.53,18360,77.53,77.72,77.55,77.51,high_C,low_P,C>P,C>M>O>P,F,F,T,T,T,T
1782955143.536,18361,77.72,77.78,77.73,77.71,high_C,low_P,C>P,C>M>O>P,F,F,T,T,T,T
1782955225.421,18363,77.73,77.73,77.74,77.74,TIE,TIE,TIE,TIE,TIE,F,F,F,F,TIE
1782955319.364,18364,77.73,77.66,77.7,77.69,high_O,low_C,O>C,O>M>P>C,T,T,T,F,F,T
1782955380.701,18365,77.66,77.63,77.65,77.65,high_O,low_C,O>C,TIE,T,T,T,F,F,TIE
1782955440.129,18366,77.63,77.74,77.71,77.64,high_C,low_O,C>O,C>M>P>O,F,F,F,T,T,T
1782955529.362,18367,77.74,77.8,77.74,77.73,high_C,low_P,C>P,TIE,F,TIE,T,T,T,T
1782955595.778,18368,77.8,77.84,77.85,77.85,TIE,low_O,TIE,TIE,F,F,F,F,F,TIE
1782955665.255,18369,77.84,77.77,77.82,77.83,high_O,low_C,O>C,O>P>M>C,T,T,T,F,F,F
1782955764.641,18370,77.77,77.84,77.77,77.77,high_C,TIE,TIE,TIE,F,TIE,TIE,T,T,TIE
1782955819.426,18371,77.84,77.95,77.91,77.94,high_C,low_O,C>O,C>P>M>O,F,F,F,T,T,F
1782955821.479,18372,77.95,77.99,77.99,77.99,TIE,low_O,TIE,TIE,F,F,F,TIE,TIE,TIE
1782955840.818,18373,77.99,78.04,78.02,77.99,high_C,TIE,TIE,TIE,F,F,TIE,T,T,T
1782955854.116,18374,78.04,78.05,78.06,78.04,high_M,TIE,TIE,TIE,F,F,TIE,F,T,T
1782955907.998,18376,78.12,78.12,78.13,78.12,high_M,TIE,TIE,TIE,TIE,F,TIE,F,TIE,T
1782955931.577,18377,78.12,78.16,78.16,78.16,TIE,low_O,TIE,TIE,F,F,F,TIE,TIE,TIE
1782955957.563,18378,78.16,78.21,78.19,78.2,high_C,low_O,C>O,C>P>M>O,F,F,F,T,T,F
1782955984.481,18379,78.21,78.27,78.24,78.24,high_C,low_O,C>O,TIE,F,F,F,T,T,TIE
1782955992.163,18381,78.31,78.31,78.33,78.34,high_P,TIE,TIE,TIE,TIE,F,F,F,F,F
1782956002.517,18382,78.31,78.24,78.27,78.26,high_O,low_C,O>C,O>M>P>C,T,T,T,F,F,T
1782956024.743,18383,78.24,78.22,78.27,78.27,TIE,low_C,TIE,TIE,T,F,F,F,F,TIE
1782956043.762,18384,78.22,78.13,78.18,78.13,high_O,TIE,TIE,TIE,T,T,T,F,TIE,T
1782956070.224,18385,78.13,78.25,78.23,78.23,high_C,low_O,C>O,TIE,F,F,F,T,T,TIE
1782956091.419,18386,78.25,78.29,78.26,78.25,high_C,TIE,TIE,TIE,F,F,TIE,T,T,T
1782956113.068,18387,78.29,78.24,78.26,78.27,high_O,low_C,O>C,O>P>M>C,T,T,T,F,F,F
1782956184.788,18388,78.24,78.28,78.24,78.23,high_C,low_P,C>P,TIE,F,TIE,T,T,T,T
1782956233.103,18389,78.28,78.4,78.3,78.3,high_C,low_O,C>O,TIE,F,F,F,T,T,TIE
1782956269.25,18390,78.4,78.34,78.38,78.38,high_O,low_C,O>C,TIE,T,T,T,F,F,TIE
1782956317.004,18391,78.34,78.35,78.33,78.33,high_C,TIE,TIE,TIE,F,T,T,T,T,TIE
1782956370.081,18392,78.35,78.34,78.34,78.34,high_O,TIE,TIE,TIE,T,T,T,TIE,TIE,TIE
1782956414.556,18394,78.43,78.43,78.46,78.44,high_M,TIE,TIE,TIE,TIE,F,F,F,F,T
1782956426.74,18395,78.43,78.54,78.5,78.5,high_C,low_O,C>O,TIE,F,F,F,T,T,TIE
1782956426.745,18396,78.54,78.62,78.62,78.63,high_P,low_O,P>O,TIE,F,F,F,TIE,F,F
1782956430.271,18397,78.62,78.53,78.58,78.59,high_O,low_C,O>C,O>P>M>C,T,T,T,F,F,F
1782956436.084,18398,78.53,78.62,78.53,78.62,TIE,TIE,TIE,TIE,F,TIE,F,T,TIE,F
1782956453.021,18399,78.62,78.56,78.63,78.65,high_P,low_C,P>C,P>M>O>C,T,F,F,F,F,F
1782956470.757,18400,78.56,78.46,78.51,78.57,high_P,low_C,P>C,P>O>M>C,T,T,F,F,F,F
1782956484.467,18401,78.46,78.39,78.42,78.42,high_O,low_C,O>C,TIE,T,T,T,F,F,TIE
1782956515.0,18402,78.39,78.29,78.33,78.29,high_O,TIE,TIE,TIE,T,T,T,F,TIE,T
1782956553.126,18403,78.29,78.31,78.3,78.3,high_C,low_O,C>O,TIE,F,F,F,T,T,TIE
1782956591.916,18404,78.31,78.28,78.28,78.28,high_O,TIE,TIE,TIE,T,T,T,TIE,TIE,TIE
1782956623.937,18405,78.28,78.31,78.28,78.28,high_C,TIE,TIE,TIE,F,TIE,TIE,T,T,TIE
1782956706.409,18406,78.31,78.25,78.27,78.27,high_O,low_C,O>C,TIE,T,T,T,F,F,TIE
1782956765.891,18407,78.25,78.27,78.26,78.28,high_P,low_O,P>O,P>C>M>O,F,F,F,T,F,F
1782956831.618,18408,78.27,78.36,78.3,78.28,high_C,low_O,C>O,C>M>P>O,F,F,F,T,T,T
1782956895.791,18409,78.36,78.3,78.32,78.34,high_O,low_C,O>C,O>P>M>C,T,T,T,F,F,F
1782956971.693,18410,78.3,78.18,78.27,78.32,high_P,low_C,P>C,P>O>M>C,T,T,F,F,F,F
1782956995.436,18411,78.18,78.17,78.18,78.18,TIE,low_C,TIE,TIE,T,TIE,TIE,F,F,TIE
1782957006.082,18412,78.17,78.16,78.17,78.18,high_P,low_C,P>C,TIE,T,TIE,F,F,F,F
1782957038.644,18413,78.16,78.09,78.15,78.15,high_O,low_C,O>C,TIE,T,T,T,F,F,TIE
1782957054.41,18414,78.09,78.02,78.06,78.01,high_O,low_P,O>P,O>M>C>P,T,T,T,F,T,T
1782957110.316,18415,78.02,78.0,78.02,78.0,TIE,TIE,TIE,TIE,T,TIE,T,F,TIE,T
1782957143.181,18416,78.0,77.98,78.0,78.0,TIE,low_C,TIE,TIE,T,TIE,TIE,F,F,TIE
1782957178.011,18417,77.98,78.03,77.99,77.98,high_C,TIE,TIE,TIE,F,F,TIE,T,T,T
1782957283.125,18418,78.03,78.05,78.04,78.06,high_P,low_O,P>O,P>C>M>O,F,F,F,T,F,F
1782957330.506,18419,78.05,77.97,78.04,78.04,high_O,low_C,O>C,TIE,T,T,T,F,F,TIE
1782957395.702,18420,77.97,78.05,78.03,78.07,high_P,low_O,P>O,P>C>M>O,F,F,F,T,F,F
1782957506.646,18421,78.05,78.13,78.07,78.06,high_C,low_O,C>O,C>M>P>O,F,F,F,T,T,T
1782957604.177,18422,78.13,78.12,78.13,78.14,high_P,low_C,P>C,TIE,T,TIE,F,F,F,F
1782957685.19,18423,78.12,78.02,78.02,78.01,high_O,low_P,O>P,TIE,T,T,T,TIE,T,T
1782957709.71,18424,78.02,78.07,78.03,78.05,high_C,low_O,C>O,C>P>M>O,F,F,F,T,T,F
1782957716.312,18425,78.07,78.02,78.0,78.0,high_O,TIE,TIE,TIE,T,T,T,T,T,TIE
1782957768.663,18426,78.02,77.95,77.99,77.98,high_O,low_C,O>C,O>M>P>C,T,T,T,F,F,T
1782957837.49,18427,77.95,77.93,77.96,77.96,TIE,low_C,TIE,TIE,T,F,F,F,F,TIE
1782957891.192,18428,77.93,78.08,77.96,77.96,high_C,low_O,C>O,TIE,F,F,F,T,T,TIE
1782958002.843,18429,78.08,78.07,78.06,78.05,high_O,low_P,O>P,O>C>M>P,T,T,T,T,T,T
1782958103.773,18430,78.07,77.97,77.99,77.96,high_O,low_P,O>P,O>M>C>P,T,T,T,F,T,T
1782958152.03,18431,77.97,77.91,77.91,77.91,high_O,TIE,TIE,TIE,T,T,T,TIE,TIE,TIE
1782958204.438,18432,77.91,77.89,77.9,77.9,high_O,low_C,O>C,TIE,T,T,T,F,F,TIE
1782958234.996,18433,77.89,77.79,77.83,77.82,high_O,low_C,O>C,O>M>P>C,T,T,T,F,F,T
1782958285.052,18434,77.79,77.85,77.79,77.78,high_C,low_P,C>P,TIE,F,TIE,T,T,T,T
1782958370.07,18435,77.85,77.94,77.9,77.93,high_C,low_O,C>O,C>P>M>O,F,F,F,T,T,F
1782958397.031,18436,77.94,78.04,78.0,77.98,high_C,low_O,C>O,C>M>P>O,F,F,F,T,T,T
1782958498.761,18437,78.04,78.0,78.03,78.03,high_O,low_C,O>C,TIE,T,T,T,F,F,TIE
1782958563.783,18438,78.0,78.15,78.12,78.13,high_C,low_O,C>O,C>P>M>O,F,F,F,T,T,F
1782958591.4,18439,78.15,78.07,78.16,78.16,TIE,low_C,TIE,TIE,T,F,F,F,F,TIE
1782958661.714,18440,78.07,78.1,78.1,78.1,TIE,low_O,TIE,TIE,F,F,F,TIE,TIE,TIE
1782958783.5,18441,78.1,78.03,78.05,78.05,high_O,low_C,O>C,TIE,T,T,T,F,F,TIE
1782958880.212,18442,78.03,78.13,78.09,78.09,high_C,low_O,C>O,TIE,F,F,F,T,T,TIE
1782958972.445,18443,78.13,78.1,78.11,78.13,TIE,low_C,TIE,TIE,T,T,TIE,F,F,F
1782959077.155,18444,78.1,78.17,78.14,78.16,high_C,low_O,C>O,C>P>M>O,F,F,F,T,T,F
1782959232.933,18446,78.21,78.21,78.18,78.17,TIE,low_P,TIE,TIE,TIE,T,T,T,T,T
1782959292.597,18447,78.21,78.17,78.2,78.21,TIE,low_C,TIE,TIE,T,T,TIE,F,F,F
1782959374.355,18448,78.17,78.15,78.15,78.14,high_O,low_P,O>P,TIE,T,T,T,TIE,T,T
1782959440.405,18449,78.15,78.09,78.14,78.15,TIE,low_C,TIE,TIE,T,T,TIE,F,F,F
1782959488.91,18450,78.09,78.23,78.26,78.29,high_P,low_O,P>O,P>M>C>O,F,F,F,F,F,F
1782959589.049,18451,78.23,78.29,78.26,78.31,high_P,low_O,P>O,P>C>M>O,F,F,F,T,F,F
1782959693.636,18452,78.29,78.27,78.25,78.23,high_O,low_P,O>P,O>C>M>P,T,T,T,T,T,T
1782959794.934,18453,78.27,78.29,78.3,78.27,high_M,TIE,TIE,TIE,F,F,TIE,F,T,T
1782959922.633,18455,78.45,78.45,78.44,78.45,TIE,low_M,TIE,TIE,TIE,T,TIE,T,TIE,F
1782959978.462,18456,78.45,78.39,78.42,78.45,TIE,low_C,TIE,TIE,T,T,TIE,F,F,F
1782960064.12,18457,78.39,78.38,78.38,78.37,high_O,low_P,O>P,TIE,T,T,T,TIE,T,T
1782960107.461,18458,78.38,78.44,78.41,78.41,high_C,low_O,C>O,TIE,F,F,F,T,T,TIE
1782960111.395,18459,78.44,78.46,78.46,78.47,high_P,low_O,P>O,TIE,F,F,F,TIE,F,F
1782960262.404,18461,78.47,78.47,78.45,78.47,TIE,low_M,TIE,TIE,TIE,T,TIE,T,TIE,F
1782960300.083,18462,78.47,78.45,78.46,78.46,high_O,low_C,O>C,TIE,T,T,T,F,F,TIE
1782960404.8,18463,78.45,78.43,78.43,78.43,high_O,TIE,TIE,TIE,T,T,T,TIE,TIE,TIE
1782960436.673,18464,78.43,78.46,78.44,78.44,high_C,low_O,C>O,TIE,F,F,F,T,T,TIE
1782960437.76,18465,78.46,78.51,78.48,78.46,high_C,TIE,TIE,TIE,F,F,TIE,T,T,T
1782960467.26,18466,78.51,78.52,78.54,78.55,high_P,low_O,P>O,P>M>C>O,F,F,F,F,F,F
1782960493.835,18467,78.52,78.49,78.51,78.5,high_O,low_C,O>C,O>M>P>C,T,T,T,F,F,T
1782960544.489,18468,78.49,78.43,78.47,78.5,high_P,low_C,P>C,P>O>M>C,T,T,F,F,F,F
1782960552.958,18469,78.43,78.39,78.41,78.4,high_O,low_C,O>C,O>M>P>C,T,T,T,F,F,T
1782960589.198,18470,78.39,78.34,78.34,78.34,high_O,TIE,TIE,TIE,T,T,T,TIE,TIE,TIE
1782960668.258,18471,78.34,78.28,78.32,78.32,high_O,low_C,O>C,TIE,T,T,T,F,F,TIE
1782960731.036,18472,78.28,78.36,78.31,78.26,high_C,low_P,C>P,C>M>O>P,F,F,T,T,T,T
1782960941.383,18474,78.35,78.35,78.36,78.35,high_M,TIE,TIE,TIE,TIE,F,TIE,F,TIE,T
1782961070.849,18475,78.35,78.43,78.41,78.41,high_C,low_O,C>O,TIE,F,F,F,T,T,TIE
1782961160.944,18476,78.43,78.39,78.41,78.41,high_O,low_C,O>C,TIE,T,T,T,F,F,TIE
1782961226.414,18477,78.39,78.41,78.4,78.4,high_C,low_O,C>O,TIE,F,F,F,T,T,TIE
1782961289.483,18478,78.41,78.47,78.45,78.45,high_C,low_O,C>O,TIE,F,F,F,T,T,TIE
1782961383.262,18479,78.47,78.46,78.46,78.46,high_O,TIE,TIE,TIE,T,T,T,TIE,TIE,TIE
1782961455.574,18480,78.46,78.41,78.42,78.46,TIE,low_C,TIE,TIE,T,T,TIE,F,F,F
1782961584.616,18481,78.41,78.47,78.41,78.4,high_C,low_P,C>P,TIE,F,TIE,T,T,T,T
1782961654.209,18482,78.47,78.46,78.42,78.41,high_O,low_P,O>P,O>C>M>P,T,T,T,T,T,T
1782961815.078,18483,78.46,78.38,78.42,78.37,high_O,low_P,O>P,O>M>C>P,T,T,T,F,T,T
1782961946.749,18484,78.38,78.32,78.36,78.36,high_O,low_C,O>C,TIE,T,T,T,F,F,TIE
1782961996.938,18485,78.32,78.39,78.33,78.31,high_C,low_P,C>P,C>M>O>P,F,F,T,T,T,T
1782962088.075,18486,78.39,78.4,78.41,78.4,high_M,low_O,M>O,TIE,F,F,F,F,TIE,T
1782962160.112,18487,78.4,78.36,78.39,78.39,high_O,low_C,O>C,TIE,T,T,T,F,F,TIE
1782962199.468,18488,78.36,78.39,78.32,78.3,high_C,low_P,C>P,C>O>M>P,F,T,T,T,T,T
1782962311.721,18489,78.39,78.25,78.27,78.25,high_O,TIE,TIE,TIE,T,T,T,F,TIE,T
1782962321.795,18490,78.25,78.19,78.23,78.23,high_O,low_C,O>C,TIE,T,T,T,F,F,TIE
1782962338.623,18491,78.19,78.17,78.18,78.18,high_O,low_C,O>C,TIE,T,T,T,F,F,TIE
1782962386.501,18492,78.17,78.13,78.15,78.14,high_O,low_C,O>C,O>M>P>C,T,T,T,F,F,T
1782962386.503,18493,78.13,78.1,78.11,78.11,high_O,low_C,O>C,TIE,T,T,T,F,F,TIE
1782962386.563,18494,78.1,78.12,78.09,78.09,high_C,TIE,TIE,TIE,F,T,T,T,T,TIE
1782962394.582,18495,78.12,78.14,78.12,78.11,high_C,low_P,C>P,TIE,F,TIE,T,T,T,T
1782962466.781,18496,78.14,78.07,78.11,78.11,high_O,low_C,O>C,TIE,T,T,T,F,F,TIE
1782962487.525,18497,78.07,78.0,78.03,78.02,high_O,low_C,O>C,O>M>P>C,T,T,T,F,F,T
1782962487.66,18498,78.0,77.99,78.01,78.01,TIE,low_C,TIE,TIE,T,F,F,F,F,TIE
1782962498.179,18499,77.99,77.95,77.95,77.95,high_O,TIE,TIE,TIE,T,T,T,TIE,TIE,TIE
1782962504.646,18500,77.95,77.96,77.96,77.95,TIE,TIE,TIE,TIE,F,F,TIE,TIE,T,T
1782962521.986,18501,77.96,77.97,77.94,77.94,high_C,TIE,TIE,TIE,F,T,T,T,T,TIE
1782962526.399,18502,77.97,77.9,77.91,77.91,high_O,low_C,O>C,TIE,T,T,T,F,F,TIE
1782962545.16,18503,77.9,77.96,77.94,77.95,high_C,low_O,C>O,C>P>M>O,F,F,F,T,T,F
1782962558.621,18504,77.96,77.93,77.95,77.95,high_O,low_C,O>C,TIE,T,T,T,F,F,TIE
1782962601.939,18505,77.93,78.0,77.99,77.99,high_C,low_O,C>O,TIE,F,F,F,T,T,TIE
1782962684.586,18506,78.0,77.94,77.95,77.95,high_O,low_C,O>C,TIE,T,T,T,F,F,TIE
1782962840.721,18508,77.93,77.93,77.93,77.94,high_P,TIE,TIE,TIE,TIE,TIE,F,TIE,F,F
1782962856.98,18509,77.93,78.0,77.98,78.0,TIE,low_O,TIE,TIE,F,F,F,T,TIE,F
1782962870.799,18510,78.0,78.04,78.01,78.0,high_C,TIE,TIE,TIE,F,F,TIE,T,T,T
1782962870.886,18511,78.04,78.12,78.09,78.04,high_C,TIE,TIE,TIE,F,F,TIE,T,T,T
1782962871.132,18512,78.12,78.2,78.15,78.14,high_C,low_O,C>O,C>M>P>O,F,F,F,T,T,T
1782962872.076,18513,78.2,78.33,78.26,78.28,high_C,low_O,C>O,C>P>M>O,F,F,F,T,T,F
1782962873.261,18514,78.33,78.43,78.38,78.38,high_C,low_O,C>O,TIE,F,F,F,T,T,TIE
1782962873.944,18515,78.43,78.47,78.46,78.45,high_C,low_O,C>O,C>M>P>O,F,F,F,T,T,T
1782962875.375,18516,78.47,78.56,78.51,78.47,high_C,TIE,TIE,TIE,F,F,TIE,T,T,T
1782962877.896,18517,78.56,78.6,78.58,78.6,TIE,low_O,TIE,TIE,F,F,F,T,TIE,F
1782962880.226,18518,78.6,78.62,78.64,78.62,high_M,low_O,M>O,TIE,F,F,F,F,TIE,T
1782962881.286,18519,78.62,78.63,78.59,78.58,high_C,low_P,C>P,C>O>M>P,F,T,T,T,T,T
1782962882.753,18520,78.63,78.61,78.6,78.64,high_P,low_M,P>M,P>O>C>M,T,T,F,T,F,F
1782962887.919,18521,78.61,78.65,78.61,78.62,high_C,TIE,TIE,TIE,F,TIE,F,T,T,F
1782962896.581,18522,78.65,78.57,78.61,78.57,high_O,TIE,TIE,TIE,T,T,T,F,TIE,T
1782962905.435,18523,78.57,78.54,78.56,78.55,high_O,low_C,O>C,O>M>P>C,T,T,T,F,F,T
1782962922.845,18524,78.54,78.57,78.56,78.57,TIE,low_O,TIE,TIE,F,F,F,T,TIE,F
1782962944.343,18525,78.57,78.46,78.52,78.5,high_O,low_C,O>C,O>M>P>C,T,T,T,F,F,T
1782962979.914,18526,78.46,78.38,78.44,78.44,high_O,low_C,O>C,TIE,T,T,T,F,F,TIE
1782963048.281,18528,78.33,78.33,78.34,78.34,TIE,TIE,TIE,TIE,TIE,F,F,F,F,TIE
1782963068.299,18529,78.33,78.34,78.33,78.35,high_P,TIE,TIE,TIE,F,TIE,F,T,F,F
1782963102.26,18530,78.34,78.41,78.36,78.35,high_C,low_O,C>O,C>M>P>O,F,F,F,T,T,T
1782963125.735,18531,78.41,78.35,78.38,78.38,high_O,low_C,O>C,TIE,T,T,T,F,F,TIE
1782963128.458,18532,78.35,78.29,78.33,78.32,high_O,low_C,O>C,O>M>P>C,T,T,T,F,F,T
1782963133.894,18533,78.29,78.22,78.27,78.27,high_O,low_C,O>C,TIE,T,T,T,F,F,TIE
1782963171.748,18534,78.22,78.26,78.27,78.26,high_M,low_O,M>O,TIE,F,F,F,F,TIE,T
1782963210.468,18535,78.26,78.34,78.36,78.38,high_P,low_O,P>O,P>M>C>O,F,F,F,F,F,F
1782963290.828,18536,78.34,78.4,78.35,78.33,high_C,low_P,C>P,C>M>O>P,F,F,T,T,T,T
1782963403.127,18537,78.4,78.38,78.37,78.36,high_O,low_P,O>P,O>C>M>P,T,T,T,T,T,T
1782963491.943,18538,78.38,78.31,78.31,78.31,high_O,TIE,TIE,TIE,T,T,T,TIE,TIE,TIE
1782963530.038,18540,78.55,78.55,78.53,78.53,TIE,TIE,TIE,TIE,TIE,T,T,T,T,TIE
1782963541.998,18541,78.55,78.56,78.56,78.57,high_P,low_O,P>O,TIE,F,F,F,TIE,F,F
1782963560.531,18542,78.56,78.53,78.52,78.54,high_O,low_M,O>M,O>P>C>M,T,T,T,T,F,F
1782963617.631,18543,78.53,78.5,78.53,78.54,high_P,low_C,P>C,TIE,T,TIE,F,F,F,F
1782963668.934,18544,78.5,78.48,78.5,78.52,high_P,low_C,P>C,TIE,T,TIE,F,F,F,F
1782963721.744,18545,78.48,78.49,78.48,78.48,high_C,TIE,TIE,TIE,F,TIE,TIE,T,T,TIE
1782963790.438,18546,78.49,78.52,78.51,78.51,high_C,low_O,C>O,TIE,F,F,F,T,T,TIE
1782963832.514,18547,78.52,78.53,78.53,78.53,TIE,low_O,TIE,TIE,F,F,F,TIE,TIE,TIE
1782963899.484,18549,78.49,78.49,78.5,78.5,TIE,TIE,TIE,TIE,TIE,F,F,F,F,TIE
1782963942.391,18550,78.49,78.44,78.47,78.48,high_O,low_C,O>C,O>P>M>C,T,T,T,F,F,F
1782963990.38,18551,78.44,78.36,78.42,78.35,high_O,low_P,O>P,O>M>C>P,T,T,T,F,T,T
1782964090.708,18552,78.36,78.44,78.4,78.45,high_P,low_O,P>O,P>C>M>O,F,F,F,T,F,F
1782964115.5,18553,78.44,78.36,78.37,78.37,high_O,low_C,O>C,TIE,T,T,T,F,F,TIE
1782964202.464,18554,78.36,78.6,78.4,78.4,high_C,low_O,C>O,TIE,F,F,F,T,T,TIE
1782964204.016,18555,78.6,78.66,78.66,78.66,TIE,low_O,TIE,TIE,F,F,F,TIE,TIE,TIE
1782964208.797,18556,78.66,78.75,78.69,78.67,high_C,low_O,C>O,C>M>P>O,F,F,F,T,T,T
1782964211.553,18557,78.75,78.73,78.76,78.77,high_P,low_C,P>C,P>M>O>C,T,F,F,F,F,F
1782964234.033,18558,78.73,78.76,78.73,78.73,high_C,TIE,TIE,TIE,F,TIE,TIE,T,T,TIE
1782964251.184,18559,78.76,78.75,78.74,78.75,high_O,low_M,O>M,TIE,T,T,T,T,TIE,F
1782964251.184,18560,78.75,78.79,78.78,78.79,TIE,low_O,TIE,TIE,F,F,F,T,TIE,F
1782964251.196,18561,78.79,78.86,78.82,78.8,high_C,low_O,C>O,C>M>P>O,F,F,F,T,T,T
1782964251.237,18562,78.86,78.81,78.87,78.88,high_P,low_C,P>C,P>M>O>C,T,F,F,F,F,F
1782964251.283,18563,78.81,78.78,78.81,78.81,TIE,low_C,TIE,TIE,T,TIE,TIE,F,F,TIE
1782964264.614,18564,78.78,78.77,78.74,78.72,high_O,low_P,O>P,O>C>M>P,T,T,T,T,T,T
1782964275.796,18565,78.77,78.64,78.73,78.74,high_O,low_C,O>C,O>P>M>C,T,T,T,F,F,F
1782964306.054,18566,78.64,78.62,78.63,78.62,high_O,TIE,TIE,TIE,T,T,T,F,TIE,T
1782964327.965,18568,78.66,78.66,78.66,78.66,TIE,TIE,TIE,TIE,TIE,TIE,TIE,TIE,TIE,TIE
1782964335.459,18569,78.66,78.85,78.79,78.84,high_C,low_O,C>O,C>P>M>O,F,F,F,T,T,F
1782964338.738,18570,78.85,78.89,78.88,78.89,TIE,low_O,TIE,TIE,F,F,F,T,TIE,F
1782964338.801,18571,78.89,78.91,78.9,78.9,high_C,low_O,C>O,TIE,F,F,F,T,T,TIE
1782964341.499,18572,78.91,78.93,78.92,78.91,high_C,TIE,TIE,TIE,F,F,TIE,T,T,T
1782964346.653,18573,78.93,78.85,78.93,78.93,TIE,low_C,TIE,TIE,T,TIE,TIE,F,F,TIE
1782964373.054,18575,78.87,78.87,78.88,78.88,TIE,TIE,TIE,TIE,TIE,F,F,F,F,TIE
1782964396.775,18576,78.87,78.8,78.8,78.79,high_O,low_P,O>P,TIE,T,T,T,TIE,T,T
1782964419.734,18577,78.8,78.7,78.8,78.8,TIE,low_C,TIE,TIE,T,TIE,TIE,F,F,TIE
1782964468.033,18578,78.7,78.76,78.73,78.74,high_C,low_O,C>O,C>P>M>O,F,F,F,T,T,F
1782964525.348,18579,78.76,78.69,78.73,78.73,high_O,low_C,O>C,TIE,T,T,T,F,F,TIE
1782964572.137,18580,78.69,78.75,78.71,78.7,high_C,low_O,C>O,C>M>P>O,F,F,F,T,T,T
1782964632.583,18581,78.75,78.72,78.71,78.71,high_O,TIE,TIE,TIE,T,T,T,T,T,TIE
1782964674.781,18582,78.72,78.77,78.8,78.8,TIE,low_O,TIE,TIE,F,F,F,F,F,TIE
1782964714.294,18583,78.77,78.64,78.67,78.66,high_O,low_C,O>C,O>M>P>C,T,T,T,F,F,T
1782964757.823,18584,78.64,78.66,78.64,78.64,high_C,TIE,TIE,TIE,F,TIE,TIE,T,T,TIE
1782964785.195,18585,78.66,78.7,78.68,78.7,TIE,low_O,TIE,TIE,F,F,F,T,TIE,F
1782964811.849,18586,78.7,78.63,78.67,78.67,high_O,low_C,O>C,TIE,T,T,T,F,F,TIE
1782964823.16,18587,78.63,78.6,78.64,78.64,TIE,low_C,TIE,TIE,T,F,F,F,F,TIE
1782964855.867,18588,78.6,78.5,78.58,78.62,high_P,low_C,P>C,P>O>M>C,T,T,F,F,F,F
1782964877.823,18589,78.5,78.47,78.47,78.46,high_O,low_P,O>P,TIE,T,T,T,TIE,T,T
1782964934.108,18590,78.47,78.58,78.49,78.48,high_C,low_O,C>O,C>M>P>O,F,F,F,T,T,T
1782964968.108,18591,78.58,78.59,78.63,78.63,TIE,low_O,TIE,TIE,F,F,F,F,F,TIE
1782964991.294,18592,78.59,78.63,78.62,78.63,TIE,low_O,TIE,TIE,F,F,F,T,TIE,F
1782964998.644,18593,78.63,78.64,78.63,78.64,TIE,TIE,TIE,TIE,F,TIE,F,T,TIE,F
1782965058.562,18594,78.64,78.57,78.59,78.58,high_O,low_C,O>C,O>M>P>C,T,T,T,F,F,T
1782965149.395,18595,78.57,78.54,78.57,78.54,TIE,TIE,TIE,TIE,T,TIE,T,F,TIE,T
1782965184.922,18596,78.54,78.52,78.54,78.54,TIE,low_C,TIE,TIE,T,TIE,TIE,F,F,TIE
1782965229.273,18597,78.52,78.56,78.52,78.52,high_C,TIE,TIE,TIE,F,TIE,TIE,T,T,TIE
1782965285.484,18598,78.56,78.51,78.51,78.52,high_O,TIE,TIE,TIE,T,T,T,TIE,F,F
1782965299.397,18599,78.51,78.39,78.44,78.49,high_O,low_C,O>C,O>P>M>C,T,T,T,F,F,F
1782965305.619,18600,78.39,78.41,78.39,78.39,high_C,TIE,TIE,TIE,F,TIE,TIE,T,T,TIE
1782965324.465,18601,78.41,78.35,78.38,78.38,high_O,low_C,O>C,TIE,T,T,T,F,F,TIE
1782965382.079,18602,78.35,78.43,78.37,78.37,high_C,low_O,C>O,TIE,F,F,F,T,T,TIE
1782965460.312,18603,78.43,78.5,78.48,78.5,TIE,low_O,TIE,TIE,F,F,F,T,TIE,F
1782965517.274,18604,78.5,78.42,78.43,78.41,high_O,low_P,O>P,O>M>C>P,T,T,T,F,T,T
1782965517.305,18605,78.42,78.38,78.4,78.39,high_O,low_C,O>C,O>M>P>C,T,T,T,F,F,T
1782965604.281,18606,78.38,78.5,78.45,78.5,TIE,low_O,TIE,TIE,F,F,F,T,TIE,F
1782965712.372,18607,78.5,78.45,78.46,78.46,high_O,low_C,O>C,TIE,T,T,T,F,F,TIE
1782965779.859,18608,78.45,78.38,78.38,78.37,high_O,low_P,O>P,TIE,T,T,T,TIE,T,T
1782965862.083,18609,78.38,78.45,78.37,78.35,high_C,low_P,C>P,C>O>M>P,F,T,T,T,T,T
1782965945.18,18610,78.45,78.31,78.35,78.36,high_O,low_C,O>C,O>P>M>C,T,T,T,F,F,F
1782965990.611,18612,78.38,78.38,78.39,78.39,TIE,TIE,TIE,TIE,TIE,F,F,F,F,TIE
1782966007.07,18613,78.38,78.42,78.4,78.4,high_C,low_O,C>O,TIE,F,F,F,T,T,TIE
1782966071.094,18614,78.42,78.43,78.41,78.42,high_C,low_M,C>M,TIE,F,T,TIE,T,T,F
1782966116.477,18615,78.43,78.39,78.43,78.44,high_P,low_C,P>C,TIE,T,TIE,F,F,F,F
1782966152.284,18616,78.39,78.26,78.36,78.36,high_O,low_C,O>C,TIE,T,T,T,F,F,TIE
1782966188.898,18617,78.26,78.27,78.26,78.26,high_C,TIE,TIE,TIE,F,TIE,TIE,T,T,TIE
1782966241.94,18618,78.27,78.26,78.25,78.25,high_O,TIE,TIE,TIE,T,T,T,T,T,TIE
1782966330.72,18619,78.26,78.27,78.27,78.27,TIE,low_O,TIE,TIE,F,F,F,TIE,TIE,TIE
1782966400.875,18620,78.27,78.25,78.27,78.27,TIE,low_C,TIE,TIE,T,TIE,TIE,F,F,TIE
1782966455.393,18621,78.25,78.21,78.22,78.21,high_O,TIE,TIE,TIE,T,T,T,F,TIE,T
1782966590.794,18623,78.22,78.22,78.22,78.22,TIE,TIE,TIE,TIE,TIE,TIE,TIE,TIE,TIE,TIE
1782966626.347,18624,78.22,78.1,78.17,78.17,high_O,low_C,O>C,TIE,T,T,T,F,F,TIE
1782966692.908,18625,78.1,78.14,78.13,78.11,high_C,low_O,C>O,C>M>P>O,F,F,F,T,T,T
1782966745.843,18626,78.14,78.13,78.1,78.1,high_O,TIE,TIE,TIE,T,T,T,T,T,TIE
1782966908.709,18627,78.13,78.15,78.15,78.16,high_P,low_O,P>O,TIE,F,F,F,TIE,F,F
1782967002.156,18628,78.15,78.08,78.11,78.09,high_O,low_C,O>C,O>M>P>C,T,T,T,F,F,T
1782967053.661,18629,78.08,78.13,78.1,78.09,high_C,low_O,C>O,C>M>P>O,F,F,F,T,T,T
1782967085.876,18630,78.13,78.11,78.11,78.11,high_O,TIE,TIE,TIE,T,T,T,TIE,TIE,TIE
1782967216.699,18631,78.11,78.12,78.11,78.11,high_C,TIE,TIE,TIE,F,TIE,TIE,T,T,TIE
1782967310.933,18632,78.12,78.04,78.08,78.07,high_O,low_C,O>C,O>M>P>C,T,T,T,F,F,T
1782967387.851,18633,78.04,78.06,78.05,78.05,high_C,low_O,C>O,TIE,F,F,F,T,T,TIE
1782967429.3,18634,78.06,78.05,78.04,78.04,high_O,TIE,TIE,TIE,T,T,T,T,T,TIE
1782967429.951,18635,78.05,78.14,78.07,78.05,high_C,TIE,TIE,TIE,F,F,TIE,T,T,T
1782967500.635,18637,78.16,78.16,78.16,78.17,high_P,TIE,TIE,TIE,TIE,TIE,F,TIE,F,F
1782967564.53,18638,78.16,78.17,78.16,78.11,high_C,low_P,C>P,TIE,F,TIE,T,T,T,T
1782967578.954,18639,78.17,78.21,78.19,78.19,high_C,low_O,C>O,TIE,F,F,F,T,T,TIE
1782967635.474,18640,78.21,78.24,78.25,78.26,high_P,low_O,P>O,P>M>C>O,F,F,F,F,F,F
1782967765.819,18642,78.2,78.2,78.21,78.21,TIE,TIE,TIE,TIE,TIE,F,F,F,F,TIE
1782967848.29,18643,78.2,78.27,78.25,78.26,high_C,low_O,C>O,C>P>M>O,F,F,F,T,T,F
1782967890.335,18644,78.27,78.32,78.28,78.28,high_C,low_O,C>O,TIE,F,F,F,T,T,TIE
1782967908.216,18645,78.32,78.34,78.32,78.32,high_C,TIE,TIE,TIE,F,TIE,TIE,T,T,TIE
1782967908.217,18646,78.34,78.39,78.37,78.35,high_C,low_O,C>O,C>M>P>O,F,F,F,T,T,T
1782967934.772,18647,78.39,78.33,78.35,78.35,high_O,low_C,O>C,TIE,T,T,T,F,F,TIE
1782968027.154,18648,78.33,78.34,78.31,78.32,high_C,low_M,C>M,C>O>P>M,F,T,T,T,T,F
1782968093.549,18649,78.34,78.3,78.32,78.33,high_O,low_C,O>C,O>P>M>C,T,T,T,F,F,F
1782968237.239,18650,78.3,78.24,78.28,78.29,high_O,low_C,O>C,O>P>M>C,T,T,T,F,F,F
1782968404.52,18651,78.24,78.22,78.25,78.24,high_M,low_C,M>C,TIE,T,F,TIE,F,F,T
1782968460.552,18652,78.22,78.15,78.2,78.21,high_O,low_C,O>C,O>P>M>C,T,T,T,F,F,F
1782968529.657,18654,78.1,78.1,78.1,78.09,TIE,low_P,TIE,TIE,TIE,TIE,T,TIE,T,T
1782968586.753,18655,78.1,78.06,78.11,78.11,TIE,low_C,TIE,TIE,T,F,F,F,F,TIE
1782968700.688,18656,78.06,78.11,78.1,78.11,TIE,low_O,TIE,TIE,F,F,F,T,TIE,F
1782968884.396,18657,78.11,78.17,78.15,78.15,high_C,low_O,C>O,TIE,F,F,F,T,T,TIE
1782968968.273,18658,78.17,78.28,78.17,78.13,high_C,low_P,C>P,TIE,F,TIE,T,T,T,T
1782969007.757,18659,78.28,78.27,78.28,78.28,TIE,low_C,TIE,TIE,T,TIE,TIE,F,F,TIE
1782969025.695,18660,78.27,78.22,78.2,78.2,high_O,TIE,TIE,TIE,T,T,T,T,T,TIE
1782969166.125,18661,78.22,78.31,78.25,78.23,high_C,low_O,C>O,C>M>P>O,F,F,F,T,T,T
1782969199.953,18662,78.31,78.25,78.29,78.31,TIE,low_C,TIE,TIE,T,T,TIE,F,F,F
1782969356.255,18663,78.25,78.27,78.24,78.24,high_C,TIE,TIE,TIE,F,T,T,T,T,TIE
1782969485.667,18664,78.27,78.26,78.24,78.27,TIE,low_M,TIE,TIE,T,T,TIE,T,F,F
1782969680.167,18665,78.26,78.2,78.24,78.26,TIE,low_C,TIE,TIE,T,T,TIE,F,F,F
1782969788.463,18666,78.2,78.1,78.15,78.15,high_O,low_C,O>C,TIE,T,T,T,F,F,TIE
1782969902.266,18667,78.1,78.12,78.11,78.11,high_C,low_O,C>O,TIE,F,F,F,T,T,TIE
1782969986.671,18668,78.12,78.05,78.05,78.05,high_O,TIE,TIE,TIE,T,T,T,TIE,TIE,TIE
1782970089.036,18669,78.05,78.07,78.06,78.06,high_C,low_O,C>O,TIE,F,F,F,T,T,TIE
1782970186.809,18671,78.01,78.01,78.01,78.02,high_P,TIE,TIE,TIE,TIE,TIE,F,TIE,F,F
1782970263.009,18672,78.01,78.05,78.01,78.01,high_C,TIE,TIE,TIE,F,TIE,TIE,T,T,TIE
1782970368.699,18673,78.05,78.03,78.01,78.02,high_O,low_M,O>M,O>C>P>M,T,T,T,T,T,F
1782970427.344,18674,78.03,77.99,78.0,78.0,high_O,low_C,O>C,TIE,T,T,T,F,F,TIE
1782970433.411,18675,77.99,77.95,77.95,77.95,high_O,TIE,TIE,TIE,T,T,T,TIE,TIE,TIE
1782970510.246,18676,77.95,78.05,77.99,77.99,high_C,low_O,C>O,TIE,F,F,F,T,T,TIE
1782970544.445,18677,78.05,78.06,78.06,78.06,TIE,low_O,TIE,TIE,F,F,F,TIE,TIE,TIE
1782970626.634,18678,78.06,78.08,78.08,78.08,TIE,low_O,TIE,TIE,F,F,F,TIE,TIE,TIE
1782970690.014,18679,78.08,77.99,78.05,78.06,high_O,low_C,O>C,O>P>M>C,T,T,T,F,F,F
1782970709.803,18680,77.99,77.85,77.9,77.9,high_O,low_C,O>C,TIE,T,T,T,F,F,TIE
1782970730.257,18681,77.85,77.89,77.86,77.87,high_C,low_O,C>O,C>P>M>O,F,F,F,T,T,F
1782970806.195,18683,77.82,77.82,77.83,77.84,high_P,TIE,TIE,TIE,TIE,F,F,F,F,F
1782970808.586,18684,77.82,77.78,77.81,77.8,high_O,low_C,O>C,O>M>P>C,T,T,T,F,F,T
1782970823.365,18685,77.78,77.8,77.79,77.79,high_C,low_O,C>O,TIE,F,F,F,T,T,TIE
1782970908.882,18686,77.8,77.83,77.83,77.85,high_P,low_O,P>O,TIE,F,F,F,TIE,F,F
1782970962.108,18687,77.83,77.75,77.8,77.8,high_O,low_C,O>C,TIE,T,T,T,F,F,TIE
1782970979.813,18688,77.75,77.76,77.75,77.75,high_C,TIE,TIE,TIE,F,TIE,TIE,T,T,TIE
1782971031.177,18690,77.83,77.83,77.84,77.84,TIE,TIE,TIE,TIE,TIE,F,F,F,F,TIE
1782971051.151,18691,77.83,77.82,77.83,77.83,TIE,low_C,TIE,TIE,T,TIE,TIE,F,F,TIE
1782971098.224,18692,77.82,77.8,77.81,77.8,high_O,TIE,TIE,TIE,T,T,T,F,TIE,T
1782971143.019,18693,77.8,77.83,77.83,77.84,high_P,low_O,P>O,TIE,F,F,F,TIE,F,F
1782971160.58,18694,77.83,77.86,77.83,77.83,high_C,TIE,TIE,TIE,F,TIE,TIE,T,T,TIE
1782971220.198,18695,77.86,77.82,77.82,77.82,high_O,TIE,TIE,TIE,T,T,T,TIE,TIE,TIE
1782971295.577,18696,77.82,77.83,77.81,77.82,high_C,low_M,C>M,TIE,F,T,TIE,T,T,F
1782971377.921,18697,77.83,77.82,77.84,77.84,TIE,low_C,TIE,TIE,T,F,F,F,F,TIE
1782971435.834,18698,77.82,77.9,77.9,77.9,TIE,low_O,TIE,TIE,F,F,F,TIE,TIE,TIE
1782971456.135,18699,77.9,77.87,77.9,77.9,TIE,low_C,TIE,TIE,T,TIE,TIE,F,F,TIE
1782971515.651,18700,77.87,77.96,77.9,77.89,high_C,low_O,C>O,C>M>P>O,F,F,F,T,T,T
1782971610.893,18701,77.96,78.03,77.99,77.99,high_C,low_O,C>O,TIE,F,F,F,T,T,TIE
1782971674.576,18702,78.03,78.06,78.05,78.07,high_P,low_O,P>O,P>C>M>O,F,F,F,T,F,F
1782971789.764,18703,78.06,78.01,78.0,78.0,high_O,TIE,TIE,TIE,T,T,T,T,T,TIE
1782972050.861,18705,78.07,78.07,78.07,78.07,TIE,TIE,TIE,TIE,TIE,TIE,TIE,TIE,TIE,TIE
1782972104.549,18706,78.07,78.06,78.06,78.06,high_O,TIE,TIE,TIE,T,T,T,TIE,TIE,TIE
1782972159.104,18707,78.06,78.15,78.13,78.13,high_C,low_O,C>O,TIE,F,F,F,T,T,TIE
1782972222.671,18708,78.15,78.07,78.12,78.12,high_O,low_C,O>C,TIE,T,T,T,F,F,TIE
1782972261.848,18709,78.07,78.03,78.04,78.04,high_O,low_C,O>C,TIE,T,T,T,F,F,TIE
1782972294.004,18710,78.03,77.97,77.97,77.98,high_O,TIE,TIE,TIE,T,T,T,TIE,F,F
1782972316.801,18711,77.97,78.02,77.97,77.97,high_C,TIE,TIE,TIE,F,TIE,TIE,T,T,TIE
1782972407.67,18713,77.98,77.98,78.01,78.01,TIE,TIE,TIE,TIE,TIE,F,F,F,F,TIE
1782972431.14,18714,77.98,77.96,77.98,77.98,TIE,low_C,TIE,TIE,T,TIE,TIE,F,F,TIE
1782972474.055,18715,77.96,77.95,77.96,77.96,TIE,low_C,TIE,TIE,T,TIE,TIE,F,F,TIE
1782972479.648,18716,77.95,77.94,77.94,77.94,high_O,TIE,TIE,TIE,T,T,T,TIE,TIE,TIE
1782972483.412,18717,77.94,77.93,77.93,77.93,high_O,TIE,TIE,TIE,T,T,T,TIE,TIE,TIE
1782972502.195,18718,77.93,77.91,77.91,77.9,high_O,low_P,O>P,TIE,T,T,T,TIE,T,T
1782972520.344,18719,77.91,77.93,77.92,77.93,TIE,low_O,TIE,TIE,F,F,F,T,TIE,F
1782972551.577,18720,77.93,78.01,78.0,78.0,high_C,low_O,C>O,TIE,F,F,F,T,T,TIE
1782972558.977,18721,78.01,78.0,78.0,78.0,high_O,TIE,TIE,TIE,T,T,T,TIE,TIE,TIE
1782972593.658,18722,78.0,77.97,77.97,77.95,high_O,low_P,O>P,TIE,T,T,T,TIE,T,T
1782972687.267,18723,77.97,78.0,78.0,78.01,high_P,low_O,P>O,TIE,F,F,F,TIE,F,F
1782972690.942,18724,78.0,77.98,77.98,77.98,high_O,TIE,TIE,TIE,T,T,T,TIE,TIE,TIE
1782972715.197,18725,77.98,78.03,77.99,77.99,high_C,low_O,C>O,TIE,F,F,F,T,T,TIE
1782972749.419,18727,77.95,77.95,77.97,77.97,TIE,TIE,TIE,TIE,TIE,F,F,F,F,TIE
1782972809.087,18728,77.95,78.0,77.98,77.98,high_C,low_O,C>O,TIE,F,F,F,T,T,TIE
1782972872.022,18729,78.0,78.02,77.99,77.98,high_C,low_P,C>P,C>O>M>P,F,T,T,T,T,T
1782972941.667,18731,78.05,78.05,78.07,78.07,TIE,TIE,TIE,TIE,TIE,F,F,F,F,TIE
1782973003.068,18732,78.05,78.07,78.05,78.05,high_C,TIE,TIE,TIE,F,TIE,TIE,T,T,TIE
1782973076.509,18733,78.07,78.13,78.09,78.07,high_C,TIE,TIE,TIE,F,F,TIE,T,T,T
1782973096.781,18734,78.13,78.09,78.09,78.09,high_O,TIE,TIE,TIE,T,T,T,TIE,TIE,TIE
1782973127.813,18735,78.09,78.1,78.08,78.1,TIE,low_M,TIE,TIE,F,T,F,T,TIE,F
1782973197.0,18736,78.1,78.19,78.16,78.1,high_C,TIE,TIE,TIE,F,F,TIE,T,T,T
1782973225.041,18737,78.19,78.2,78.19,78.2,TIE,TIE,TIE,TIE,F,TIE,F,T,TIE,F
1782973262.063,18738,78.2,78.26,78.22,78.22,high_C,low_O,C>O,TIE,F,F,F,T,T,TIE
1782973282.906,18739,78.26,78.28,78.28,78.27,TIE,low_O,TIE,TIE,F,F,F,TIE,T,T
1782973372.884,18741,78.31,78.31,78.33,78.33,TIE,TIE,TIE,TIE,TIE,F,F,F,F,TIE
1782973407.721,18742,78.31,78.24,78.27,78.27,high_O,low_C,O>C,TIE,T,T,T,F,F,TIE
1782973487.399,18743,78.24,78.21,78.22,78.19,high_O,low_P,O>P,O>M>C>P,T,T,T,F,T,T
1782973529.098,18744,78.21,78.3,78.24,78.22,high_C,low_O,C>O,C>M>P>O,F,F,F,T,T,T
1782973564.132,18745,78.3,78.33,78.33,78.33,TIE,low_O,TIE,TIE,F,F,F,TIE,TIE,TIE
1782973680.935,18746,78.33,78.25,78.27,78.27,high_O,low_C,O>C,TIE,T,T,T,F,F,TIE
1782973705.808,18747,78.25,78.23,78.23,78.22,high_O,low_P,O>P,TIE,T,T,T,TIE,T,T
1782973822.687,18748,78.23,78.25,78.21,78.21,high_C,TIE,TIE,TIE,F,T,T,T,T,TIE
1782973869.591,18749,78.25,78.3,78.25,78.24,high_C,low_P,C>P,TIE,F,TIE,T,T,T,T
1782973888.912,18750,78.3,78.4,78.33,78.34,high_C,low_O,C>O,C>P>M>O,F,F,F,T,T,F
1782973891.12,18751,78.4,78.43,78.38,78.38,high_C,TIE,TIE,TIE,F,T,T,T,T,TIE
1782973910.45,18752,78.43,78.42,78.42,78.43,TIE,TIE,TIE,TIE,T,T,TIE,TIE,F,F
1782973943.737,18753,78.42,78.48,78.45,78.45,high_C,low_O,C>O,TIE,F,F,F,T,T,TIE
1782973984.189,18755,78.5,78.5,78.5,78.5,TIE,TIE,TIE,TIE,TIE,TIE,TIE,TIE,TIE,TIE
1782974035.678,18756,78.5,78.56,78.55,78.55,high_C,low_O,C>O,TIE,F,F,F,T,T,TIE
1782974082.24,18757,78.56,78.51,78.57,78.57,TIE,low_C,TIE,TIE,T,F,F,F,F,TIE
1782974126.027,18758,78.51,78.47,78.5,78.5,high_O,low_C,O>C,TIE,T,T,T,F,F,TIE
1782974199.45,18759,78.47,78.42,78.45,78.45,high_O,low_C,O>C,TIE,T,T,T,F,F,TIE
1782974285.31,18760,78.42,78.36,78.36,78.36,high_O,TIE,TIE,TIE,T,T,T,TIE,TIE,TIE
1782974401.797,18761,78.36,78.3,78.34,78.32,high_O,low_C,O>C,O>M>P>C,T,T,T,F,F,T
1782974455.978,18762,78.3,78.31,78.29,78.27,high_C,low_P,C>P,C>O>M>P,F,T,T,T,T,T
1782974542.778,18763,78.31,78.16,78.26,78.31,TIE,low_C,TIE,TIE,T,T,TIE,F,F,F
1782974583.112,18764,78.16,78.11,78.16,78.16,TIE,low_C,TIE,TIE,T,TIE,TIE,F,F,TIE
1782974617.94,18765,78.11,78.05,78.07,78.11,TIE,low_C,TIE,TIE,T,T,TIE,F,F,F
1782974769.543,18767,78.1,78.1,78.11,78.1,high_M,TIE,TIE,TIE,TIE,F,TIE,F,TIE,T
1782974823.346,18771,78.01,77.95,77.98,78.0,high_O,low_C,O>C,O>P>M>C,T,T,T,F,F,F
1782974823.347,18772,77.95,77.91,77.92,77.92,high_O,low_C,O>C,TIE,T,T,T,F,F,TIE
1782974823.348,18773,77.91,77.87,77.89,77.9,high_O,low_C,O>C,O>P>M>C,T,T,T,F,F,F
1782974823.707,18774,77.87,77.9,77.91,77.91,TIE,low_O,TIE,TIE,F,F,F,F,F,TIE
1782974853.967,18775,77.9,77.86,77.85,77.84,high_O,low_P,O>P,O>C>M>P,T,T,T,T,T,T
1782974890.836,18778,77.91,77.89,77.91,77.91,TIE,low_C,TIE,TIE,T,TIE,TIE,F,F,TIE
1782974931.653,18779,77.89,77.88,77.88,77.88,high_O,TIE,TIE,TIE,T,T,T,TIE,TIE,TIE
1782975024.344,18781,77.81,77.81,77.82,77.81,high_M,TIE,TIE,TIE,TIE,F,TIE,F,TIE,T
1782975049.95,18782,77.81,77.75,77.77,77.75,high_O,TIE,TIE,TIE,T,T,T,F,TIE,T
1782975049.952,18783,77.75,77.71,77.73,77.74,high_O,low_C,O>C,O>P>M>C,T,T,T,F,F,F
1782975049.968,18784,77.71,77.68,77.7,77.7,high_O,low_C,O>C,TIE,T,T,T,F,F,TIE
1782975055.591,18785,77.68,77.73,77.73,77.74,high_P,low_O,P>O,TIE,F,F,F,TIE,F,F
1782975070.084,18786,77.73,77.76,77.74,77.74,high_C,low_O,C>O,TIE,F,F,F,T,T,TIE
1782975115.641,18787,77.76,77.75,77.77,77.77,TIE,low_C,TIE,TIE,T,F,F,F,F,TIE
1782975179.088,18788,77.75,77.81,77.75,77.73,high_C,low_P,C>P,TIE,F,TIE,T,T,T,T
1782975223.145,18789,77.81,77.84,77.84,77.84,TIE,low_O,TIE,TIE,F,F,F,TIE,TIE,TIE
1782975278.17,18790,77.84,77.81,77.84,77.84,TIE,low_C,TIE,TIE,T,TIE,TIE,F,F,TIE
1782975448.962,18792,77.89,77.89,77.87,77.89,TIE,low_M,TIE,TIE,TIE,T,TIE,T,TIE,F
1782975484.647,18794,77.9,77.9,77.9,77.9,TIE,TIE,TIE,TIE,TIE,TIE,TIE,TIE,TIE,TIE
1782975496.773,18795,77.9,77.91,77.9,77.9,high_C,TIE,TIE,TIE,F,TIE,TIE,T,T,TIE
1782975624.156,18796,77.91,77.83,77.86,77.86,high_O,low_C,O>C,TIE,T,T,T,F,F,TIE
1782975678.118,18797,77.83,77.87,77.87,77.88,high_P,low_O,P>O,TIE,F,F,F,TIE,F,F
1782975688.954,18798,77.87,77.89,77.88,77.89,TIE,low_O,TIE,TIE,F,F,F,T,TIE,F
1782975690.406,18799,77.89,77.91,77.91,77.91,TIE,low_O,TIE,TIE,F,F,F,TIE,TIE,TIE
1782975742.657,18800,77.91,77.92,77.89,77.89,high_C,TIE,TIE,TIE,F,T,T,T,T,TIE
1782975791.273,18801,77.92,77.85,77.88,77.85,high_O,TIE,TIE,TIE,T,T,T,F,TIE,T
1782975861.464,18802,77.85,77.8,77.81,77.78,high_O,low_P,O>P,O>M>C>P,T,T,T,F,T,T
1782975868.298,18803,77.8,77.77,77.78,77.8,TIE,low_C,TIE,TIE,T,T,TIE,F,F,F
1782975889.97,18804,77.77,77.73,77.75,77.75,high_O,low_C,O>C,TIE,T,T,T,F,F,TIE
1782975927.807,18805,77.73,77.65,77.73,77.73,TIE,low_C,TIE,TIE,T,TIE,TIE,F,F,TIE
1782975947.263,18806,77.65,77.64,77.64,77.63,high_O,low_P,O>P,TIE,T,T,T,TIE,T,T
1782975959.661,18807,77.64,77.75,77.71,77.66,high_C,low_O,C>O,C>M>P>O,F,F,F,T,T,T
1782975984.566,18808,77.75,77.64,77.71,77.66,high_O,low_C,O>C,O>M>P>C,T,T,T,F,F,T
1782976015.67,18809,77.64,77.71,77.66,77.66,high_C,low_O,C>O,TIE,F,F,F,T,T,TIE
1782976048.422,18810,77.71,77.77,77.74,77.74,high_C,low_O,C>O,TIE,F,F,F,T,T,TIE
1782976112.524,18811,77.77,77.74,77.76,77.78,high_P,low_C,P>C,P>O>M>C,T,T,F,F,F,F
1782976198.752,18812,77.74,77.79,77.78,77.78,high_C,low_O,C>O,TIE,F,F,F,T,T,TIE
1782976241.069,18813,77.79,77.85,77.85,77.86,high_P,low_O,P>O,TIE,F,F,F,TIE,F,F
1782976348.452,18814,77.85,77.79,77.82,77.81,high_O,low_C,O>C,O>M>P>C,T,T,T,F,F,T
1782976390.802,18815,77.79,77.71,77.73,77.78,high_O,low_C,O>C,O>P>M>C,T,T,T,F,F,F
1782976480.34,18816,77.71,77.74,77.73,77.73,high_C,low_O,C>O,TIE,F,F,F,T,T,TIE
1782976569.84,18817,77.74,77.85,77.83,77.84,high_C,low_O,C>O,C>P>M>O,F,F,F,T,T,F
1782976655.042,18821,77.83,77.78,77.79,77.81,high_O,low_C,O>C,O>P>M>C,T,T,T,F,F,F
1782976676.501,18822,77.78,77.7,77.7,77.7,high_O,TIE,TIE,TIE,T,T,T,TIE,TIE,TIE
1782976705.962,18824,77.68,77.68,77.68,77.68,TIE,TIE,TIE,TIE,TIE,TIE,TIE,TIE,TIE,TIE
1782976715.78,18825,77.68,77.64,77.67,77.67,high_O,low_C,O>C,TIE,T,T,T,F,F,TIE
1782976722.576,18826,77.64,77.63,77.64,77.64,TIE,low_C,TIE,TIE,T,TIE,TIE,F,F,TIE
1782976745.66,18827,77.63,77.64,77.64,77.63,TIE,TIE,TIE,TIE,F,F,TIE,TIE,T,T
1782976755.668,18829,77.58,77.58,77.58,77.58,TIE,TIE,TIE,TIE,TIE,TIE,TIE,TIE,TIE,TIE
1782976779.171,18830,77.58,77.61,77.57,77.56,high_C,low_P,C>P,C>O>M>P,F,T,T,T,T,T
1782976861.357,18831,77.61,77.7,77.65,77.61,high_C,TIE,TIE,TIE,F,F,TIE,T,T,T
1782976955.86,18832,77.7,77.73,77.69,77.69,high_C,TIE,TIE,TIE,F,T,T,T,T,TIE
1782977038.656,18833,77.73,77.75,77.74,77.72,high_C,low_P,C>P,C>M>O>P,F,F,T,T,T,T
1782977127.624,18834,77.75,77.71,77.76,77.72,high_M,low_C,M>C,M>O>P>C,T,F,T,F,F,T
1782977227.179,18835,77.71,77.63,77.68,77.67,high_O,low_C,O>C,O>M>P>C,T,T,T,F,F,T
1782977361.453,18836,77.63,77.7,77.66,77.64,high_C,low_O,C>O,C>M>P>O,F,F,F,T,T,T
1782977477.75,18837,77.7,77.71,77.68,77.68,high_C,TIE,TIE,TIE,F,T,T,T,T,TIE
1782977536.275,18838,77.71,77.72,77.71,77.71,high_C,TIE,TIE,TIE,F,TIE,TIE,T,T,TIE
1782977581.745,18839,77.72,77.71,77.71,77.71,high_O,TIE,TIE,TIE,T,T,T,TIE,TIE,TIE
1782977623.912,18840,77.71,77.63,77.62,77.62,high_O,TIE,TIE,TIE,T,T,T,T,T,TIE
1782977656.556,18841,77.63,77.73,77.73,77.76,high_P,low_O,P>O,TIE,F,F,F,TIE,F,F
1782977731.469,18842,77.73,77.74,77.73,77.73,high_C,TIE,TIE,TIE,F,TIE,TIE,T,T,TIE
1782977806.134,18843,77.74,77.8,77.75,77.75,high_C,low_O,C>O,TIE,F,F,F,T,T,TIE
1782977856.129,18844,77.8,77.75,77.76,77.75,high_O,TIE,TIE,TIE,T,T,T,F,TIE,T
1782977887.216,18845,77.75,77.72,77.75,77.75,TIE,low_C,TIE,TIE,T,TIE,TIE,F,F,TIE
1782977945.405,18846,77.72,77.82,77.77,77.71,high_C,low_P,C>P,C>M>O>P,F,F,T,T,T,T
1782978114.771,18848,77.84,77.84,77.83,77.84,TIE,low_M,TIE,TIE,TIE,T,TIE,T,TIE,F
1782978121.247,18849,77.84,77.83,77.86,77.85,high_M,low_C,M>C,M>P>O>C,T,F,F,F,F,T
1782978154.671,18850,77.83,77.82,77.83,77.82,TIE,TIE,TIE,TIE,T,TIE,T,F,TIE,T
1782978216.886,18851,77.82,77.88,77.87,77.89,high_P,low_O,P>O,P>C>M>O,F,F,F,T,F,F
1782978228.689,18852,77.88,77.9,77.9,77.9,TIE,low_O,TIE,TIE,F,F,F,TIE,TIE,TIE
1782978228.734,18853,77.9,77.88,77.9,77.9,TIE,low_C,TIE,TIE,T,TIE,TIE,F,F,TIE
1782978237.049,18854,77.88,77.89,77.87,77.86,high_C,low_P,C>P,C>O>M>P,F,T,T,T,T,T
1782978240.138,18855,77.89,77.86,77.87,77.87,high_O,low_C,O>C,TIE,T,T,T,F,F,TIE
1782978260.357,18857,77.9,77.9,77.9,77.9,TIE,TIE,TIE,TIE,TIE,TIE,TIE,TIE,TIE,TIE
1782978304.138,18858,77.9,77.99,77.95,77.96,high_C,low_O,C>O,C>P>M>O,F,F,F,T,T,F
1782978374.401,18859,77.99,77.9,77.96,77.96,high_O,low_C,O>C,TIE,T,T,T,F,F,TIE
1782978421.255,18860,77.9,77.89,77.9,77.9,TIE,low_C,TIE,TIE,T,TIE,TIE,F,F,TIE
1782978459.548,18861,77.89,77.9,77.91,77.94,high_P,low_O,P>O,P>M>C>O,F,F,F,F,F,F
1782978495.801,18862,77.9,77.91,77.91,77.91,TIE,low_O,TIE,TIE,F,F,F,TIE,TIE,TIE
1782978559.475,18863,77.91,77.95,77.91,77.89,high_C,low_P,C>P,TIE,F,TIE,T,T,T,T
1782978565.499,18864,77.95,78.07,78.05,78.05,high_C,low_O,C>O,TIE,F,F,F,T,T,TIE
1782978619.615,18866,78.1,78.1,78.1,78.16,high_P,TIE,TIE,TIE,TIE,TIE,F,TIE,F,F
1782978673.955,18867,78.1,78.06,78.07,78.07,high_O,low_C,O>C,TIE,T,T,T,F,F,TIE
1782978799.281,18868,78.06,78.02,78.04,78.05,high_O,low_C,O>C,O>P>M>C,T,T,T,F,F,F
1782978884.611,18869,78.02,77.95,77.96,77.96,high_O,low_C,O>C,TIE,T,T,T,F,F,TIE
1782978948.804,18870,77.95,77.94,77.94,77.95,TIE,TIE,TIE,TIE,T,T,TIE,TIE,F,F
1782979116.083,18872,77.9,77.9,77.89,77.89,TIE,TIE,TIE,TIE,TIE,T,T,T,T,TIE
1782979201.283,18873,77.9,77.96,77.91,77.91,high_C,low_O,C>O,TIE,F,F,F,T,T,TIE
1782979232.883,18874,77.96,77.94,77.95,77.95,high_O,low_C,O>C,TIE,T,T,T,F,F,TIE
1782979323.857,18875,77.94,77.97,77.96,77.96,high_C,low_O,C>O,TIE,F,F,F,T,T,TIE
1782979407.118,18876,77.97,78.01,78.0,78.0,high_C,low_O,C>O,TIE,F,F,F,T,T,TIE
1782979502.478,18877,78.01,78.05,78.0,77.99,high_C,low_P,C>P,C>O>M>P,F,T,T,T,T,T
1782979542.081,18878,78.06,78.07,78.09,78.09,TIE,low_O,TIE,TIE,F,F,F,F,F,TIE
1782979568.777,18879,78.07,78.14,78.15,78.16,high_P,low_O,P>O,P>M>C>O,F,F,F,F,F,F
1782979612.101,18880,78.14,78.11,78.11,78.12,high_O,TIE,TIE,TIE,T,T,T,TIE,F,F
1782979669.786,18881,78.11,78.07,78.07,78.07,high_O,TIE,TIE,TIE,T,T,T,TIE,TIE,TIE
1782979676.587,18882,78.07,78.15,78.12,78.13,high_C,low_O,C>O,C>P>M>O,F,F,F,T,T,F
1782979676.589,18883,78.15,78.22,78.18,78.17,high_C,low_O,C>O,C>M>P>O,F,F,F,T,T,T
1782979691.56,18885,78.17,78.17,78.16,78.17,TIE,low_M,TIE,TIE,TIE,T,TIE,T,TIE,F
1782979708.803,18886,78.17,78.14,78.19,78.19,TIE,low_C,TIE,TIE,T,F,F,F,F,TIE
1782979777.659,18888,78.16,78.16,78.14,78.15,TIE,low_M,TIE,TIE,TIE,T,T,T,T,F
1782979809.159,18889,78.16,78.11,78.12,78.11,high_O,TIE,TIE,TIE,T,T,T,F,TIE,T
1782979809.234,18890,78.11,78.12,78.1,78.1,high_C,TIE,TIE,TIE,F,T,T,T,T,TIE
1782979813.632,18891,78.12,78.1,78.1,78.1,high_O,TIE,TIE,TIE,T,T,T,TIE,TIE,TIE
1782979818.151,18892,78.1,78.11,78.1,78.1,high_C,TIE,TIE,TIE,F,TIE,TIE,T,T,TIE
1782979883.868,18893,78.11,78.05,78.13,78.13,TIE,low_C,TIE,TIE,T,F,F,F,F,TIE
1782979944.37,18894,78.05,78.0,78.0,78.0,high_O,TIE,TIE,TIE,T,T,T,TIE,TIE,TIE
1782980060.281,18895,78.0,78.06,78.04,78.04,high_C,low_O,C>O,TIE,F,F,F,T,T,TIE
1782980104.923,18896,78.06,78.11,78.06,78.06,high_C,TIE,TIE,TIE,F,TIE,TIE,T,T,TIE
1782980180.427,18897,78.11,78.16,78.16,78.16,TIE,low_O,TIE,TIE,F,F,F,TIE,TIE,TIE
1782980258.838,18898,78.16,78.19,78.16,78.13,high_C,low_P,C>P,TIE,F,TIE,T,T,T,T
1782980353.215,18899,78.19,78.21,78.19,78.18,high_C,low_P,C>P,TIE,F,TIE,T,T,T,T
1782980536.225,18900,78.21,78.25,78.21,78.22,high_C,TIE,TIE,TIE,F,TIE,F,T,T,F
1782980545.554,18901,78.25,78.26,78.22,78.21,high_C,low_P,C>P,C>O>M>P,F,T,T,T,T,T
1782980623.654,18902,78.26,78.18,78.2,78.18,high_O,TIE,TIE,TIE,T,T,T,F,TIE,T
1782980705.573,18903,78.18,78.2,78.18,78.18,high_C,TIE,TIE,TIE,F,TIE,TIE,T,T,TIE
1782980824.726,18904,78.2,78.16,78.18,78.16,high_O,TIE,TIE,TIE,T,T,T,F,TIE,T
1782980920.411,18905,78.16,78.15,78.16,78.16,TIE,low_C,TIE,TIE,T,TIE,TIE,F,F,TIE
1782980977.576,18906,78.15,78.14,78.18,78.18,TIE,low_C,TIE,TIE,T,F,F,F,F,TIE
1782981036.621,18907,78.14,78.12,78.09,78.05,high_O,low_P,O>P,O>C>M>P,T,T,T,T,T,T
1782981143.87,18909,78.19,78.19,78.2,78.18,high_M,low_P,M>P,TIE,TIE,F,T,F,T,T
1782981222.915,18910,78.19,78.21,78.2,78.2,high_C,low_O,C>O,TIE,F,F,F,T,T,TIE
1782981250.111,18911,78.21,78.23,78.21,78.22,high_C,TIE,TIE,TIE,F,TIE,F,T,T,F
1782981260.079,18912,78.23,78.34,78.31,78.3,high_C,low_O,C>O,C>M>P>O,F,F,F,T,T,T
1782981260.592,18913,78.34,78.33,78.35,78.33,high_M,TIE,TIE,TIE,T,F,T,F,TIE,T
1782981308.739,18914,78.33,78.36,78.33,78.34,high_C,TIE,TIE,TIE,F,TIE,F,T,T,F
1782981330.313,18915,78.36,78.43,78.4,78.42,high_C,low_O,C>O,C>P>M>O,F,F,F,T,T,F
1782981361.525,18916,78.43,78.4,78.42,78.42,high_O,low_C,O>C,TIE,T,T,T,F,F,TIE
1782981411.431,18917,78.4,78.36,78.38,78.37,high_O,low_C,O>C,O>M>P>C,T,T,T,F,F,T
1782981523.024,18919,78.28,78.28,78.26,78.26,TIE,TIE,TIE,TIE,TIE,T,T,T,T,TIE
1782981597.241,18920,78.28,78.35,78.3,78.29,high_C,low_O,C>O,C>M>P>O,F,F,F,T,T,T
1782981726.754,18921,78.35,78.31,78.32,78.32,high_O,low_C,O>C,TIE,T,T,T,F,F,TIE
1782981816.286,18922,78.31,78.28,78.29,78.29,high_O,low_C,O>C,TIE,T,T,T,F,F,TIE
1782981902.938,18923,78.28,78.37,78.32,78.32,high_C,low_O,C>O,TIE,F,F,F,T,T,TIE
1782981973.436,18924,78.37,78.35,78.34,78.35,high_O,low_M,O>M,TIE,T,T,T,T,TIE,F
1782982016.507,18925,78.35,78.42,78.37,78.37,high_C,low_O,C>O,TIE,F,F,F,T,T,TIE
1782982057.105,18926,78.42,78.4,78.44,78.46,high_P,low_C,P>C,P>M>O>C,T,F,F,F,F,F
1782982204.859,18927,78.4,78.37,78.38,78.38,high_O,low_C,O>C,TIE,T,T,T,F,F,TIE
1782982363.226,18928,78.37,78.38,78.37,78.38,TIE,TIE,TIE,TIE,F,TIE,F,T,TIE,F
1782982526.632,18929,78.38,78.41,78.38,78.39,high_C,TIE,TIE,TIE,F,TIE,F,T,T,F
1782982638.636,18930,78.41,78.37,78.4,78.41,TIE,low_C,TIE,TIE,T,T,TIE,F,F,F
1782982709.292,18931,78.37,78.38,78.4,78.4,TIE,low_O,TIE,TIE,F,F,F,F,F,TIE
1782982788.992,18932,78.38,78.42,78.42,78.42,TIE,low_O,TIE,TIE,F,F,F,TIE,TIE,TIE
1782982818.33,18934,78.39,78.39,78.39,78.39,TIE,TIE,TIE,TIE,TIE,TIE,TIE,TIE,TIE,TIE
1782982842.288,18935,78.39,78.35,78.38,78.39,TIE,low_C,TIE,TIE,T,T,TIE,F,F,F
1782982856.329,18936,78.35,78.37,78.37,78.36,TIE,low_O,TIE,TIE,F,F,F,TIE,T,T
1782982899.838,18937,78.37,78.42,78.37,78.37,high_C,TIE,TIE,TIE,F,TIE,TIE,T,T,TIE
1782982967.99,18938,78.42,78.47,78.45,78.45,high_C,low_O,C>O,TIE,F,F,F,T,T,TIE
1782983044.286,18939,78.47,78.44,78.47,78.48,high_P,low_C,P>C,TIE,T,TIE,F,F,F,F
1782983115.441,18940,78.44,78.33,78.39,78.39,high_O,low_C,O>C,TIE,T,T,T,F,F,TIE
1782983168.185,18941,78.33,78.29,78.33,78.33,TIE,low_C,TIE,TIE,T,TIE,TIE,F,F,TIE
1782983262.083,18943,78.26,78.26,78.27,78.27,TIE,TIE,TIE,TIE,TIE,F,F,F,F,TIE
1782983301.656,18944,78.26,78.31,78.31,78.31,TIE,low_O,TIE,TIE,F,F,F,TIE,TIE,TIE
1782983395.94,18945,78.31,78.3,78.29,78.3,high_O,low_M,O>M,TIE,T,T,T,T,TIE,F
1782983395.942,18946,78.3,78.35,78.32,78.3,high_C,TIE,TIE,TIE,F,F,TIE,T,T,T
1782983396.189,18947,78.35,78.42,78.41,78.41,high_C,low_O,C>O,TIE,F,F,F,T,T,TIE
1782983401.232,18949,78.43,78.43,78.43,78.43,TIE,TIE,TIE,TIE,TIE,TIE,TIE,TIE,TIE,TIE
1782983426.917,18950,78.43,78.49,78.43,78.43,high_C,TIE,TIE,TIE,F,TIE,TIE,T,T,TIE
1782983481.528,18951,78.49,78.5,78.49,78.49,high_C,TIE,TIE,TIE,F,TIE,TIE,T,T,TIE
1782983488.878,18952,78.5,78.55,78.5,78.5,high_C,TIE,TIE,TIE,F,TIE,TIE,T,T,TIE
1782983527.366,18953,78.55,78.53,78.53,78.55,TIE,TIE,TIE,TIE,T,T,TIE,TIE,F,F
1782983621.491,18955,78.56,78.56,78.56,78.56,TIE,TIE,TIE,TIE,TIE,TIE,TIE,TIE,TIE,TIE
1782983696.079,18956,78.56,78.46,78.51,78.51,high_O,low_C,O>C,TIE,T,T,T,F,F,TIE
1782983696.143,18957,78.46,78.4,78.43,78.44,high_O,low_C,O>C,O>P>M>C,T,T,T,F,F,F
1782983718.792,18958,78.4,78.39,78.4,78.4,TIE,low_C,TIE,TIE,T,TIE,TIE,F,F,TIE
1782983820.509,18960,78.35,78.35,78.33,78.34,TIE,low_M,TIE,TIE,TIE,T,T,T,T,F
1782983933.71,18961,78.35,78.4,78.37,78.38,high_C,low_O,C>O,C>P>M>O,F,F,F,T,T,F
1782983996.465,18962,78.4,78.37,78.4,78.4,TIE,low_C,TIE,TIE,T,TIE,TIE,F,F,TIE
1782984098.415,18964,78.5,78.5,78.49,78.5,TIE,low_M,TIE,TIE,TIE,T,TIE,T,TIE,F
1782984169.125,18965,78.5,78.55,78.51,78.5,high_C,TIE,TIE,TIE,F,F,TIE,T,T,T
1782984189.971,18966,78.55,78.57,78.57,78.58,high_P,low_O,P>O,TIE,F,F,F,TIE,F,F
1782984208.292,18967,78.57,78.61,78.59,78.6,high_C,low_O,C>O,C>P>M>O,F,F,F,T,T,F
1782984215.826,18968,78.61,78.63,78.61,78.61,high_C,TIE,TIE,TIE,F,TIE,TIE,T,T,TIE
1782984228.982,18969,78.63,78.55,78.56,78.55,high_O,TIE,TIE,TIE,T,T,T,F,TIE,T
1782984278.069,18970,78.55,78.57,78.57,78.57,TIE,low_O,TIE,TIE,F,F,F,TIE,TIE,TIE
1782984315.074,18971,78.57,78.55,78.58,78.59,high_P,low_C,P>C,P>M>O>C,T,F,F,F,F,F
1782984397.044,18972,78.55,78.54,78.54,78.54,high_O,TIE,TIE,TIE,T,T,T,TIE,TIE,TIE
1782984419.0,18973,78.54,78.6,78.58,78.6,TIE,low_O,TIE,TIE,F,F,F,T,TIE,F
1782984462.527,18974,78.6,78.68,78.65,78.65,high_C,low_O,C>O,TIE,F,F,F,T,T,TIE
1782984482.698,18975,78.68,78.7,78.71,78.71,TIE,low_O,TIE,TIE,F,F,F,F,F,TIE
1782984520.38,18976,78.7,78.71,78.7,78.71,TIE,TIE,TIE,TIE,F,TIE,F,T,TIE,F
1782984527.289,18977,78.71,78.79,78.78,78.78,high_C,low_O,C>O,TIE,F,F,F,T,T,TIE
1782984529.483,18978,78.79,78.83,78.82,78.82,high_C,low_O,C>O,TIE,F,F,F,T,T,TIE
1782984541.861,18979,78.83,78.8,78.82,78.82,high_O,low_C,O>C,TIE,T,T,T,F,F,TIE
1782984552.7,18980,78.8,78.84,78.83,78.83,high_C,low_O,C>O,TIE,F,F,F,T,T,TIE
1782984571.635,18981,78.84,78.78,78.78,78.77,high_O,low_P,O>P,TIE,T,T,T,TIE,T,T
1782984615.566,18982,78.78,78.76,78.78,78.78,TIE,low_C,TIE,TIE,T,TIE,TIE,F,F,TIE
1782984647.198,18983,78.76,78.79,78.75,78.76,high_C,low_M,C>M,TIE,F,T,TIE,T,T,F
1782984661.754,18984,78.79,78.85,78.84,78.8,high_C,low_O,C>O,C>M>P>O,F,F,F,T,T,T
1782984669.38,18985,78.85,78.87,78.87,78.87,TIE,low_O,TIE,TIE,F,F,F,TIE,TIE,TIE
1782984674.947,18986,78.87,78.9,78.9,78.9,TIE,low_O,TIE,TIE,F,F,F,TIE,TIE,TIE
1782984680.056,18987,78.9,78.93,78.93,78.93,TIE,low_O,TIE,TIE,F,F,F,TIE,TIE,TIE
1782984693.281,18988,78.93,78.95,78.93,78.93,high_C,TIE,TIE,TIE,F,TIE,TIE,T,T,TIE
1782984698.986,18989,78.95,78.92,78.94,78.95,TIE,low_C,TIE,TIE,T,T,TIE,F,F,F
1782984700.219,18990,78.92,78.99,78.96,78.98,high_C,low_O,C>O,C>P>M>O,F,F,F,T,T,F
1782984700.237,18992,79.0,79.0,79.0,79.0,TIE,TIE,TIE,TIE,TIE,TIE,TIE,TIE,TIE,TIE
1782984700.24,18993,79.0,79.05,79.04,79.05,TIE,low_O,TIE,TIE,F,F,F,T,TIE,F
1782984700.291,18994,79.05,79.04,79.05,79.04,TIE,TIE,TIE,TIE,T,TIE,T,F,TIE,T
1782984700.615,18995,79.04,79.11,79.11,79.11,TIE,low_O,TIE,TIE,F,F,F,TIE,TIE,TIE
1782984701.364,18997,79.15,79.15,79.17,79.18,high_P,TIE,TIE,TIE,TIE,F,F,F,F,F
1782984701.627,18998,79.15,79.2,79.18,79.17,high_C,low_O,C>O,C>M>P>O,F,F,F,T,T,T
1782984701.637,18999,79.2,79.23,79.21,79.23,TIE,low_O,TIE,TIE,F,F,F,T,TIE,F
1782984701.64,19000,79.23,79.28,79.25,79.25,high_C,low_O,C>O,TIE,F,F,F,T,T,TIE
1782984701.648,19001,79.28,79.3,79.29,79.28,high_C,TIE,TIE,TIE,F,F,TIE,T,T,T
1782984701.734,19002,79.3,79.32,79.29,79.3,high_C,low_M,C>M,TIE,F,T,TIE,T,T,F
1782984701.912,19003,79.32,79.31,79.34,79.32,high_M,low_C,M>C,TIE,T,F,TIE,F,F,T
1782984702.115,19004,79.31,79.33,79.34,79.37,high_P,low_O,P>O,P>M>C>O,F,F,F,F,F,F
1782984703.153,19005,79.33,79.26,79.31,79.31,high_O,low_C,O>C,TIE,T,T,T,F,F,TIE
1782984704.213,19006,79.26,79.2,79.23,79.26,TIE,low_C,TIE,TIE,T,T,TIE,F,F,F
1782984704.372,19007,79.2,79.25,79.22,79.21,high_C,low_O,C>O,C>M>P>O,F,F,F,T,T,T
1782984704.4,19008,79.25,79.29,79.26,79.26,high_C,low_O,C>O,TIE,F,F,F,T,T,TIE
1782984705.19,19009,79.29,79.23,79.26,79.24,high_O,low_C,O>C,O>M>P>C,T,T,T,F,F,T
1782984706.825,19010,79.23,79.12,79.14,79.13,high_O,low_C,O>C,O>M>P>C,T,T,T,F,F,T
1782984711.388,19012,79.14,79.14,79.14,79.14,TIE,TIE,TIE,TIE,TIE,TIE,TIE,TIE,TIE,TIE
1782984717.699,19013,79.14,79.1,79.12,79.12,high_O,low_C,O>C,TIE,T,T,T,F,F,TIE
1782984720.849,19014,79.1,79.05,79.09,79.09,high_O,low_C,O>C,TIE,T,T,T,F,F,TIE
1782984732.005,19016,79.14,79.14,79.16,79.18,high_P,TIE,TIE,TIE,TIE,F,F,F,F,F
1782984744.741,19017,79.14,79.11,79.13,79.13,high_O,low_C,O>C,TIE,T,T,T,F,F,TIE
1782984759.182,19018,79.11,79.08,79.09,79.09,high_O,low_C,O>C,TIE,T,T,T,F,F,TIE
1782984776.637,19020,79.09,79.09,79.08,79.08,TIE,TIE,TIE,TIE,TIE,T,T,T,T,TIE
1782984790.294,19021,79.09,79.12,79.09,79.1,high_C,TIE,TIE,TIE,F,TIE,F,T,T,F
1782984808.045,19022,79.12,79.17,79.14,79.13,high_C,low_O,C>O,C>M>P>O,F,F,F,T,T,T
1782984831.974,19023,79.17,79.15,79.13,79.17,TIE,low_M,TIE,TIE,T,T,TIE,T,F,F
1782984845.024,19024,79.15,79.22,79.2,79.16,high_C,low_O,C>O,C>M>P>O,F,F,F,T,T,T
1782984845.024,19025,79.22,79.25,79.24,79.25,TIE,low_O,TIE,TIE,F,F,F,T,TIE,F
1782984845.025,19026,79.25,79.29,79.27,79.27,high_C,low_O,C>O,TIE,F,F,F,T,T,TIE
1782984845.025,19027,79.29,79.35,79.32,79.33,high_C,low_O,C>O,C>P>M>O,F,F,F,T,T,F
1782984845.026,19028,79.35,79.4,79.38,79.39,high_C,low_O,C>O,C>P>M>O,F,F,F,T,T,F
1782984845.061,19029,79.4,79.42,79.4,79.4,high_C,TIE,TIE,TIE,F,TIE,TIE,T,T,TIE
1782984845.065,19030,79.42,79.48,79.45,79.47,high_C,low_O,C>O,C>P>M>O,F,F,F,T,T,F
1782984845.444,19032,79.4,79.4,79.41,79.41,TIE,TIE,TIE,TIE,TIE,F,F,F,F,TIE
1782984846.491,19033,79.4,79.41,79.39,79.39,high_C,TIE,TIE,TIE,F,T,T,T,T,TIE
1782984847.487,19035,79.4,79.4,79.41,79.41,TIE,TIE,TIE,TIE,TIE,F,F,F,F,TIE
1782984848.556,19036,79.4,79.41,79.4,79.41,TIE,TIE,TIE,TIE,F,TIE,F,T,TIE,F
1782984850.196,19037,79.41,79.4,79.4,79.4,high_O,TIE,TIE,TIE,T,T,T,TIE,TIE,TIE
1782984853.068,19038,79.4,79.39,79.41,79.41,TIE,low_C,TIE,TIE,T,F,F,F,F,TIE
1782984855.392,19039,79.39,79.35,79.4,79.4,TIE,low_C,TIE,TIE,T,F,F,F,F,TIE
1782984860.98,19040,79.35,79.34,79.33,79.33,high_O,TIE,TIE,TIE,T,T,T,T,T,TIE
1782984871.579,19042,79.44,79.44,79.47,79.47,TIE,TIE,TIE,TIE,TIE,F,F,F,F,TIE
1782984876.646,19043,79.44,79.39,79.43,79.44,TIE,low_C,TIE,TIE,T,T,TIE,F,F,F
1782984881.468,19044,79.39,79.41,79.41,79.41,TIE,low_O,TIE,TIE,F,F,F,TIE,TIE,TIE
1782984883.87,19045,79.41,79.39,79.42,79.42,TIE,low_C,TIE,TIE,T,F,F,F,F,TIE
1782984907.796,19047,79.3,79.3,79.27,79.25,TIE,low_P,TIE,TIE,TIE,T,T,T,T,T
1782984916.185,19048,79.3,79.36,79.33,79.36,TIE,low_O,TIE,TIE,F,F,F,T,TIE,F
1782984935.929,19049,79.36,79.4,79.38,79.38,high_C,low_O,C>O,TIE,F,F,F,T,T,TIE
1782984951.718,19050,79.4,79.43,79.42,79.42,high_C,low_O,C>O,TIE,F,F,F,T,T,TIE
1782984962.415,19051,79.43,79.38,79.42,79.42,high_O,low_C,O>C,TIE,T,T,T,F,F,TIE
1782984983.087,19052,79.38,79.39,79.39,79.39,TIE,low_O,TIE,TIE,F,F,F,TIE,TIE,TIE
1782984992.193,19053,79.39,79.4,79.4,79.4,TIE,low_O,TIE,TIE,F,F,F,TIE,TIE,TIE
1782984995.103,19054,79.4,79.49,79.45,79.45,high_C,low_O,C>O,TIE,F,F,F,T,T,TIE
1782984995.382,19057,79.5,79.55,79.51,79.5,high_C,TIE,TIE,TIE,F,F,TIE,T,T,T
1782984995.696,19058,79.55,79.51,79.51,79.51,high_O,TIE,TIE,TIE,T,T,T,TIE,TIE,TIE
1782984997.809,19059,79.51,79.48,79.49,79.49,high_O,low_C,O>C,TIE,T,T,T,F,F,TIE
1782985013.529,19061,79.54,79.54,79.54,79.56,high_P,TIE,TIE,TIE,TIE,TIE,F,TIE,F,F
1782985013.758,19062,79.54,79.63,79.62,79.6,high_C,low_O,C>O,C>M>P>O,F,F,F,T,T,T
1782985014.015,19063,79.63,79.62,79.63,79.67,high_P,low_C,P>C,TIE,T,TIE,F,F,F,F
1782985015.165,19064,79.62,79.64,79.63,79.64,TIE,low_O,TIE,TIE,F,F,F,T,TIE,F
1782985016.984,19065,79.64,79.54,79.62,79.65,high_P,low_C,P>C,P>O>M>C,T,T,F,F,F,F
1782985022.109,19066,79.54,79.57,79.54,79.54,high_C,TIE,TIE,TIE,F,TIE,TIE,T,T,TIE
1782985029.307,19067,79.57,79.54,79.54,79.57,TIE,TIE,TIE,TIE,T,T,TIE,TIE,F,F
1782985034.277,19068,79.54,79.49,79.51,79.48,high_O,low_P,O>P,O>M>C>P,T,T,T,F,T,T
1782985036.046,19069,79.49,79.53,79.52,79.52,high_C,low_O,C>O,TIE,F,F,F,T,T,TIE
1782985044.098,19070,79.53,79.52,79.54,79.54,TIE,low_C,TIE,TIE,T,F,F,F,F,TIE
1782985069.022,19072,79.47,79.47,79.5,79.5,TIE,TIE,TIE,TIE,TIE,F,F,F,F,TIE
1782985081.133,19073,79.47,79.54,79.49,79.49,high_C,low_O,C>O,TIE,F,F,F,T,T,TIE
1782985081.468,19074,79.54,79.6,79.56,79.56,high_C,low_O,C>O,TIE,F,F,F,T,T,TIE
1782985087.556,19075,79.6,79.58,79.56,79.6,TIE,low_M,TIE,TIE,T,T,TIE,T,F,F
1782985099.419,19076,79.58,79.59,79.59,79.59,TIE,low_O,TIE,TIE,F,F,F,TIE,TIE,TIE
1782985101.641,19077,79.59,79.61,79.62,79.6,high_M,low_O,M>O,M>C>P>O,F,F,F,F,T,T
1782985117.783,19078,79.61,79.55,79.55,79.53,high_O,low_P,O>P,TIE,T,T,T,TIE,T,T
1782985123.984,19079,79.55,79.58,79.61,79.62,high_P,low_O,P>O,P>M>C>O,F,F,F,F,F,F
1782985132.36,19080,79.58,79.54,79.58,79.57,TIE,low_C,TIE,TIE,T,TIE,T,F,F,T
1782985140.509,19081,79.54,79.59,79.59,79.59,TIE,low_O,TIE,TIE,F,F,F,TIE,TIE,TIE
1782985150.073,19082,79.59,79.5,79.5,79.5,high_O,TIE,TIE,TIE,T,T,T,TIE,TIE,TIE
1782985156.076,19083,79.5,79.47,79.48,79.49,high_O,low_C,O>C,O>P>M>C,T,T,T,F,F,F
1782985168.337,19084,79.47,79.52,79.48,79.48,high_C,low_O,C>O,TIE,F,F,F,T,T,TIE
1782985171.506,19085,79.52,79.56,79.56,79.56,TIE,low_O,TIE,TIE,F,F,F,TIE,TIE,TIE
1782985171.555,19086,79.56,79.58,79.59,79.59,TIE,low_O,TIE,TIE,F,F,F,F,F,TIE
1782985184.847,19087,79.58,79.56,79.62,79.62,TIE,low_C,TIE,TIE,T,F,F,F,F,TIE
1782985188.148,19088,79.56,79.63,79.57,79.57,high_C,low_O,C>O,TIE,F,F,F,T,T,TIE
1782985203.177,19089,79.63,79.55,79.61,79.61,high_O,low_C,O>C,TIE,T,T,T,F,F,TIE
1782985215.773,19090,79.55,79.53,79.54,79.53,high_O,TIE,TIE,TIE,T,T,T,F,TIE,T
1782985227.142,19091,79.53,79.52,79.48,79.48,high_O,TIE,TIE,TIE,T,T,T,T,T,TIE
1782985241.732,19092,79.52,79.49,79.5,79.51,high_O,low_C,O>C,O>P>M>C,T,T,T,F,F,F
1782985251.838,19093,79.49,79.43,79.48,79.49,TIE,low_C,TIE,TIE,T,T,TIE,F,F,F
1782985254.98,19094,79.43,79.45,79.44,79.45,TIE,low_O,TIE,TIE,F,F,F,T,TIE,F
1782985275.025,19096,79.48,79.48,79.46,79.47,TIE,low_M,TIE,TIE,TIE,T,T,T,T,F
1782985285.645,19097,79.48,79.46,79.47,79.47,high_O,low_C,O>C,TIE,T,T,T,F,F,TIE
1782985298.321,19098,79.46,79.48,79.46,79.46,high_C,TIE,TIE,TIE,F,TIE,TIE,T,T,TIE
1782985312.439,19099,79.48,79.54,79.49,79.49,high_C,low_O,C>O,TIE,F,F,F,T,T,TIE
1782985320.058,19100,79.54,79.5,79.54,79.55,high_P,low_C,P>C,TIE,T,TIE,F,F,F,F
1782985326.175,19101,79.5,79.56,79.5,79.5,high_C,TIE,TIE,TIE,F,TIE,TIE,T,T,TIE
1782985327.073,19102,79.56,79.54,79.56,79.54,TIE,TIE,TIE,TIE,T,TIE,T,F,TIE,T
1782985351.921,19103,79.54,79.58,79.57,79.57,high_C,low_O,C>O,TIE,F,F,F,T,T,TIE
1782985360.39,19104,79.58,79.6,79.57,79.57,high_C,TIE,TIE,TIE,F,T,T,T,T,TIE
1782985360.962,19105,79.6,79.63,79.62,79.62,high_C,low_O,C>O,TIE,F,F,F,T,T,TIE
1782985365.701,19106,79.63,79.7,79.67,79.63,high_C,TIE,TIE,TIE,F,F,TIE,T,T,T
1782985365.973,19107,79.7,79.74,79.76,79.76,TIE,low_O,TIE,TIE,F,F,F,F,F,TIE
1782985369.509,19108,79.74,79.71,79.72,79.72,high_O,low_C,O>C,TIE,T,T,T,F,F,TIE
1782985383.86,19109,79.71,79.59,79.63,79.69,high_O,low_C,O>C,O>P>M>C,T,T,T,F,F,F
1782985401.117,19110,79.59,79.51,79.57,79.58,high_O,low_C,O>C,O>P>M>C,T,T,T,F,F,F
1782985413.892,19111,79.51,79.46,79.5,79.5,high_O,low_C,O>C,TIE,T,T,T,F,F,TIE
1782985423.428,19112,79.46,79.48,79.44,79.44,high_C,TIE,TIE,TIE,F,T,T,T,T,TIE
1782985423.896,19113,79.48,79.5,79.5,79.51,high_P,low_O,P>O,TIE,F,F,F,TIE,F,F
1782985433.729,19114,79.5,79.49,79.5,79.5,TIE,low_C,TIE,TIE,T,TIE,TIE,F,F,TIE
1782985443.142,19115,79.49,79.48,79.46,79.48,high_O,low_M,O>M,TIE,T,T,T,T,TIE,F
1782985447.405,19116,79.48,79.45,79.46,79.45,high_O,TIE,TIE,TIE,T,T,T,F,TIE,T
1782985454.825,19117,79.45,79.47,79.45,79.45,high_C,TIE,TIE,TIE,F,TIE,TIE,T,T,TIE
1782985456.256,19118,79.47,79.46,79.48,79.48,TIE,low_C,TIE,TIE,T,F,F,F,F,TIE
1782985461.084,19120,79.47,79.47,79.48,79.48,TIE,TIE,TIE,TIE,TIE,F,F,F,F,TIE
1782985477.571,19122,79.49,79.49,79.49,79.49,TIE,TIE,TIE,TIE,TIE,TIE,TIE,TIE,TIE,TIE
1782985488.966,19123,79.49,79.48,79.5,79.49,high_M,low_C,M>C,TIE,T,F,TIE,F,F,T
1782985512.892,19124,79.48,79.38,79.4,79.38,high_O,TIE,TIE,TIE,T,T,T,F,TIE,T
1782985516.714,19125,79.38,79.32,79.34,79.33,high_O,low_C,O>C,O>M>P>C,T,T,T,F,F,T
1782985525.706,19126,79.32,79.35,79.33,79.33,high_C,low_O,C>O,TIE,F,F,F,T,T,TIE
1782985532.814,19127,79.35,79.3,79.3,79.3,high_O,TIE,TIE,TIE,T,T,T,TIE,TIE,TIE
1782985537.272,19128,79.3,79.28,79.28,79.28,high_O,TIE,TIE,TIE,T,T,T,TIE,TIE,TIE
1782985550.069,19129,79.28,79.23,79.27,79.28,TIE,low_C,TIE,TIE,T,T,TIE,F,F,F
1782985575.481,19130,79.23,79.25,79.26,79.26,TIE,low_O,TIE,TIE,F,F,F,F,F,TIE
1782985587.134,19131,79.25,79.34,79.28,79.28,high_C,low_O,C>O,TIE,F,F,F,T,T,TIE
1782985609.977,19132,79.34,79.24,79.25,79.22,high_O,low_P,O>P,O>M>C>P,T,T,T,F,T,T
1782985632.204,19133,79.24,79.38,79.26,79.24,high_C,TIE,TIE,TIE,F,F,TIE,T,T,T
1782985659.839,19134,79.38,79.32,79.35,79.35,high_O,low_C,O>C,TIE,T,T,T,F,F,TIE
1782985681.083,19135,79.32,79.38,79.37,79.38,TIE,low_O,TIE,TIE,F,F,F,T,TIE,F
1782985711.937,19137,79.41,79.41,79.41,79.4,TIE,low_P,TIE,TIE,TIE,TIE,T,TIE,T,T
1782985733.009,19138,79.41,79.36,79.41,79.43,high_P,low_C,P>C,TIE,T,TIE,F,F,F,F
1782985747.812,19139,79.36,79.4,79.39,79.37,high_C,low_O,C>O,C>M>P>O,F,F,F,T,T,T
1782985766.295,19140,79.4,79.43,79.39,79.4,high_C,low_M,C>M,TIE,F,T,TIE,T,T,F
1782985784.726,19141,79.43,79.45,79.44,79.44,high_C,low_O,C>O,TIE,F,F,F,T,T,TIE
1782985807.996,19142,79.45,79.41,79.44,79.44,high_O,low_C,O>C,TIE,T,T,T,F,F,TIE
1782985825.933,19143,79.41,79.42,79.41,79.41,high_C,TIE,TIE,TIE,F,TIE,TIE,T,T,TIE
1782985849.737,19144,79.42,79.32,79.39,79.32,high_O,TIE,TIE,TIE,T,T,T,F,TIE,T
1782985862.124,19145,79.32,79.3,79.32,79.32,TIE,low_C,TIE,TIE,T,TIE,TIE,F,F,TIE
1782985893.938,19146,79.3,79.39,79.36,79.37,high_C,low_O,C>O,C>P>M>O,F,F,F,T,T,F
1782985933.997,19147,79.39,79.41,79.41,79.4,TIE,low_O,TIE,TIE,F,F,F,TIE,T,T
1782985975.644,19148,79.41,79.42,79.41,79.41,high_C,TIE,TIE,TIE,F,TIE,TIE,T,T,TIE
1782985978.861,19149,79.42,79.39,79.43,79.44,high_P,low_C,P>C,P>M>O>C,T,F,F,F,F,F
1782985986.924,19150,79.39,79.46,79.44,79.46,TIE,low_O,TIE,TIE,F,F,F,T,TIE,F
1782985993.848,19151,79.46,79.45,79.43,79.43,high_O,TIE,TIE,TIE,T,T,T,T,T,TIE
1782986000.188,19152,79.45,79.49,79.47,79.48,high_C,low_O,C>O,C>P>M>O,F,F,F,T,T,F
1782986000.805,19153,79.49,79.48,79.5,79.5,TIE,low_C,TIE,TIE,T,F,F,F,F,TIE
1782986008.197,19154,79.48,79.46,79.48,79.48,TIE,low_C,TIE,TIE,T,TIE,TIE,F,F,TIE
1782986015.063,19155,79.46,79.48,79.49,79.51,high_P,low_O,P>O,P>M>C>O,F,F,F,F,F,F
1782986024.004,19156,79.48,79.56,79.55,79.48,high_C,TIE,TIE,TIE,F,F,TIE,T,T,T
1782986031.889,19157,79.56,79.64,79.59,79.56,high_C,TIE,TIE,TIE,F,F,TIE,T,T,T
1782986033.238,19158,79.64,79.61,79.65,79.66,high_P,low_C,P>C,P>M>O>C,T,F,F,F,F,F
1782986054.137,19159,79.61,79.49,79.55,79.5,high_O,low_C,O>C,O>M>P>C,T,T,T,F,F,T
1782986090.899,19160,79.49,79.51,79.49,79.5,high_C,TIE,TIE,TIE,F,TIE,F,T,T,F
1782986101.099,19161,79.51,79.57,79.55,79.55,high_C,low_O,C>O,TIE,F,F,F,T,T,TIE
1782986118.13,19162,79.57,79.65,79.61,79.63,high_C,low_O,C>O,C>P>M>O,F,F,F,T,T,F
1782986123.603,19163,79.65,79.64,79.67,79.67,TIE,low_C,TIE,TIE,T,F,F,F,F,TIE
1782986133.668,19164,79.64,79.63,79.64,79.66,high_P,low_C,P>C,TIE,T,TIE,F,F,F,F
1782986147.865,19165,79.63,79.58,79.56,79.56,high_O,TIE,TIE,TIE,T,T,T,T,T,TIE
1782986162.446,19166,79.58,79.61,79.58,79.55,high_C,low_P,C>P,TIE,F,TIE,T,T,T,T
1782986169.6,19167,79.61,79.58,79.62,79.6,high_M,low_C,M>C,M>O>P>C,T,F,T,F,F,T
1782986189.936,19168,79.58,79.52,79.54,79.54,high_O,low_C,O>C,TIE,T,T,T,F,F,TIE
1782986220.208,19169,79.52,79.47,79.47,79.47,high_O,TIE,TIE,TIE,T,T,T,TIE,TIE,TIE
1782986223.286,19170,79.47,79.46,79.48,79.46,high_M,TIE,TIE,TIE,T,F,T,F,TIE,T
1782986243.001,19171,79.46,79.55,79.52,79.54,high_C,low_O,C>O,C>P>M>O,F,F,F,T,T,F
1782986271.787,19172,79.55,79.56,79.55,79.55,high_C,TIE,TIE,TIE,F,TIE,TIE,T,T,TIE
1782986273.169,19173,79.56,79.59,79.59,79.59,TIE,low_O,TIE,TIE,F,F,F,TIE,TIE,TIE
1782986296.892,19174,79.59,79.51,79.6,79.62,high_P,low_C,P>C,P>M>O>C,T,F,F,F,F,F
1782986323.879,19175,79.51,79.48,79.48,79.48,high_O,TIE,TIE,TIE,T,T,T,TIE,TIE,TIE
1782986355.307,19176,79.48,79.46,79.47,79.47,high_O,low_C,O>C,TIE,T,T,T,F,F,TIE
1782986379.775,19177,79.46,79.44,79.44,79.46,TIE,TIE,TIE,TIE,T,T,TIE,TIE,F,F
1782986426.208,19179,79.4,79.4,79.4,79.4,TIE,TIE,TIE,TIE,TIE,TIE,TIE,TIE,TIE,TIE
1782986453.327,19180,79.4,79.46,79.44,79.45,high_C,low_O,C>O,C>P>M>O,F,F,F,T,T,F
1782986495.341,19181,79.46,79.52,79.49,79.47,high_C,low_O,C>O,C>M>P>O,F,F,F,T,T,T
1782986567.344,19182,79.52,79.45,79.5,79.5,high_O,low_C,O>C,TIE,T,T,T,F,F,TIE
1782986621.837,19183,79.45,79.44,79.45,79.45,TIE,low_C,TIE,TIE,T,TIE,TIE,F,F,TIE
1782986647.084,19184,79.44,79.5,79.48,79.5,TIE,low_O,TIE,TIE,F,F,F,T,TIE,F
1782986698.102,19185,79.5,79.52,79.53,79.54,high_P,low_O,P>O,P>M>C>O,F,F,F,F,F,F
1782986727.239,19186,79.52,79.58,79.49,79.48,high_C,low_P,C>P,C>O>M>P,F,T,T,T,T,T
1782986727.718,19187,79.58,79.6,79.6,79.6,TIE,low_O,TIE,TIE,F,F,F,TIE,TIE,TIE
1782986758.34,19188,79.6,79.64,79.66,79.66,TIE,low_O,TIE,TIE,F,F,F,F,F,TIE
1782986772.277,19189,79.64,79.76,79.7,79.7,high_C,low_O,C>O,TIE,F,F,F,T,T,TIE
1782986775.108,19190,79.76,79.79,79.78,79.78,high_C,low_O,C>O,TIE,F,F,F,T,T,TIE
1782986775.237,19191,79.79,79.84,79.8,79.8,high_C,low_O,C>O,TIE,F,F,F,T,T,TIE
1782986778.864,19192,79.84,79.77,79.82,79.84,TIE,low_C,TIE,TIE,T,T,TIE,F,F,F
1782986796.587,19193,79.77,79.74,79.76,79.76,high_O,low_C,O>C,TIE,T,T,T,F,F,TIE
1782986857.845,19195,79.72,79.72,79.72,79.72,TIE,TIE,TIE,TIE,TIE,TIE,TIE,TIE,TIE,TIE
1782986902.661,19196,79.72,79.61,79.69,79.69,high_O,low_C,O>C,TIE,T,T,T,F,F,TIE
1782986941.915,19197,79.61,79.55,79.62,79.62,TIE,low_C,TIE,TIE,T,F,F,F,F,TIE
1782986976.233,19198,79.55,79.53,79.54,79.54,high_O,low_C,O>C,TIE,T,T,T,F,F,TIE
1782987012.02,19199,79.53,79.51,79.52,79.52,high_O,low_C,O>C,TIE,T,T,T,F,F,TIE
1782987062.73,19200,79.51,79.65,79.56,79.53,high_C,low_O,C>O,C>M>P>O,F,F,F,T,T,T
1782987111.606,19201,79.65,79.66,79.65,79.66,TIE,TIE,TIE,TIE,F,TIE,F,T,TIE,F
1782987135.66,19202,79.66,79.6,79.65,79.65,high_O,low_C,O>C,TIE,T,T,T,F,F,TIE
1782987235.198,19203,79.6,79.68,79.65,79.66,high_C,low_O,C>O,C>P>M>O,F,F,F,T,T,F
1782987299.65,19204,79.68,79.67,79.66,79.67,high_O,low_M,O>M,TIE,T,T,T,T,TIE,F
1782987383.342,19206,79.61,79.61,79.61,79.61,TIE,TIE,TIE,TIE,TIE,TIE,TIE,TIE,TIE,TIE
1782987404.577,19207,79.61,79.47,79.54,79.6,high_O,low_C,O>C,O>P>M>C,T,T,T,F,F,F
1782987448.924,19208,79.47,79.43,79.44,79.44,high_O,low_C,O>C,TIE,T,T,T,F,F,TIE
1782987488.666,19209,79.43,79.54,79.48,79.49,high_C,low_O,C>O,C>P>M>O,F,F,F,T,T,F
1782987546.876,19210,79.54,79.48,79.48,79.48,high_O,TIE,TIE,TIE,T,T,T,TIE,TIE,TIE
1782987551.443,19211,79.48,79.5,79.49,79.48,high_C,TIE,TIE,TIE,F,F,TIE,T,T,T
1782987570.418,19212,79.5,79.58,79.57,79.57,high_C,low_O,C>O,TIE,F,F,F,T,T,TIE
1782987577.303,19213,79.58,79.62,79.58,79.57,high_C,low_P,C>P,TIE,F,TIE,T,T,T,T
1782987588.676,19214,79.62,79.69,79.67,79.68,high_C,low_O,C>O,C>P>M>O,F,F,F,T,T,F
1782987595.78,19215,79.69,79.72,79.69,79.69,high_C,TIE,TIE,TIE,F,TIE,TIE,T,T,TIE
1782987620.094,19217,79.74,79.74,79.74,79.74,TIE,TIE,TIE,TIE,TIE,TIE,TIE,TIE,TIE,TIE
1782987622.498,19218,79.74,79.76,79.74,79.74,high_C,TIE,TIE,TIE,F,TIE,TIE,T,T,TIE
1782987623.329,19219,79.76,79.84,79.82,79.77,high_C,low_O,C>O,C>M>P>O,F,F,F,T,T,T
1782987627.506,19220,79.84,79.79,79.84,79.85,high_P,low_C,P>C,TIE,T,TIE,F,F,F,F
1782987634.739,19221,79.79,79.81,79.83,79.83,TIE,low_O,TIE,TIE,F,F,F,F,F,TIE
1782987642.905,19222,79.81,79.78,79.77,79.77,high_O,TIE,TIE,TIE,T,T,T,T,T,TIE
1782987646.888,19223,79.78,79.79,79.79,79.8,high_P,low_O,P>O,TIE,F,F,F,TIE,F,F
1782987656.342,19224,79.79,79.77,79.76,79.76,high_O,TIE,TIE,TIE,T,T,T,T,T,TIE
1782987660.931,19225,79.77,79.76,79.79,79.79,TIE,low_C,TIE,TIE,T,F,F,F,F,TIE
1782987662.052,19226,79.76,79.81,79.78,79.8,high_C,low_O,C>O,C>P>M>O,F,F,F,T,T,F
1782987670.538,19227,79.81,79.71,79.79,79.81,TIE,low_C,TIE,TIE,T,T,TIE,F,F,F
1782987670.669,19228,79.71,79.77,79.75,79.76,high_C,low_O,C>O,C>P>M>O,F,F,F,T,T,F
1782987676.185,19229,79.77,79.81,79.78,79.78,high_C,low_O,C>O,TIE,F,F,F,T,T,TIE
1782987682.682,19230,79.81,79.85,79.83,79.83,high_C,low_O,C>O,TIE,F,F,F,T,T,TIE
1782987682.688,19231,79.85,79.86,79.86,79.86,TIE,low_O,TIE,TIE,F,F,F,TIE,TIE,TIE
1782987682.808,19232,79.86,79.83,79.86,79.86,TIE,low_C,TIE,TIE,T,TIE,TIE,F,F,TIE
1782987687.977,19233,79.83,79.86,79.83,79.83,high_C,TIE,TIE,TIE,F,TIE,TIE,T,T,TIE
1782987688.525,19235,79.88,79.88,79.9,79.9,TIE,TIE,TIE,TIE,TIE,F,F,F,F,TIE
1782987700.411,19236,79.88,79.91,79.88,79.88,high_C,TIE,TIE,TIE,F,TIE,TIE,T,T,TIE
1782987705.47,19239,79.95,79.95,79.95,79.95,TIE,TIE,TIE,TIE,TIE,TIE,TIE,TIE,TIE,TIE
1782987706.953,19240,79.95,80.0,79.99,79.99,high_C,low_O,C>O,TIE,F,F,F,T,T,TIE
1782987706.97,19241,80.0,79.96,79.99,80.0,TIE,low_C,TIE,TIE,T,T,TIE,F,F,F
1782987706.971,19242,79.96,79.93,79.95,79.95,high_O,low_C,O>C,TIE,T,T,T,F,F,TIE
1782987706.976,19243,79.93,80.0,80.0,80.0,TIE,low_O,TIE,TIE,F,F,F,TIE,TIE,TIE
1782987706.979,19244,80.0,79.92,80.0,80.0,TIE,low_C,TIE,TIE,T,TIE,TIE,F,F,TIE
1782987707.823,19245,79.92,79.93,79.98,79.96,high_M,low_O,M>O,M>P>C>O,F,F,F,F,F,T
1782987723.645,19246,79.93,79.89,79.93,79.91,TIE,low_C,TIE,TIE,T,TIE,T,F,F,T
1782987727.65,19247,79.89,79.82,79.81,79.81,high_O,TIE,TIE,TIE,T,T,T,T,T,TIE
1782987727.65,19248,79.82,79.88,79.85,79.86,high_C,low_O,C>O,C>P>M>O,F,F,F,T,T,F
1782987727.721,19249,79.88,79.9,79.9,79.9,TIE,low_O,TIE,TIE,F,F,F,TIE,TIE,TIE
1782987734.899,19250,79.9,79.97,79.95,79.96,high_C,low_O,C>O,C>P>M>O,F,F,F,T,T,F
1782987734.978,19252,80.05,80.05,80.05,80.05,TIE,TIE,TIE,TIE,TIE,TIE,TIE,TIE,TIE,TIE
1782987735.01,19253,80.05,80.08,80.05,80.05,high_C,TIE,TIE,TIE,F,TIE,TIE,T,T,TIE
1782987735.067,19254,80.08,80.07,80.08,80.08,TIE,low_C,TIE,TIE,T,TIE,TIE,F,F,TIE
1782987736.409,19255,80.07,80.02,80.02,80.02,high_O,TIE,TIE,TIE,T,T,T,TIE,TIE,TIE
1782987737.07,19256,80.02,80.01,80.02,80.02,TIE,low_C,TIE,TIE,T,TIE,TIE,F,F,TIE
1782987739.489,19257,80.01,79.98,80.01,80.01,TIE,low_C,TIE,TIE,T,TIE,TIE,F,F,TIE
1782987743.917,19258,79.98,80.01,79.98,79.97,high_C,low_P,C>P,TIE,F,TIE,T,T,T,T
1782987743.917,19259,80.01,80.05,80.04,80.04,high_C,low_O,C>O,TIE,F,F,F,T,T,TIE
1782987751.715,19261,80.06,80.06,80.06,80.06,TIE,TIE,TIE,TIE,TIE,TIE,TIE,TIE,TIE,TIE
1782987758.282,19262,80.06,80.02,80.06,80.05,TIE,low_C,TIE,TIE,T,TIE,T,F,F,T
1782987773.923,19263,80.02,79.92,79.95,79.95,high_O,low_C,O>C,TIE,T,T,T,F,F,TIE
1782987784.355,19264,79.92,79.84,79.91,79.93,high_P,low_C,P>C,P>O>M>C,T,T,F,F,F,F
1782987799.288,19265,79.84,79.81,79.81,79.8,high_O,low_P,O>P,TIE,T,T,T,TIE,T,T
1782987804.962,19266,79.81,79.88,79.83,79.81,high_C,TIE,TIE,TIE,F,F,TIE,T,T,T
1782987811.794,19267,79.88,79.82,79.82,79.82,high_O,TIE,TIE,TIE,T,T,T,TIE,TIE,TIE
1782987814.951,19268,79.82,79.91,79.88,79.88,high_C,low_O,C>O,TIE,F,F,F,T,T,TIE
1782987839.819,19271,80.0,80.0,80.0,80.0,TIE,TIE,TIE,TIE,TIE,TIE,TIE,TIE,TIE,TIE
1782987839.82,19272,80.0,80.04,80.02,80.02,high_C,low_O,C>O,TIE,F,F,F,T,T,TIE
1782987843.423,19273,80.04,80.05,80.05,80.05,TIE,low_O,TIE,TIE,F,F,F,TIE,TIE,TIE
1782987850.355,19274,80.05,80.06,80.04,80.05,high_C,low_M,C>M,TIE,F,T,TIE,T,T,F
1782987850.363,19275,80.06,80.09,80.09,80.09,TIE,low_O,TIE,TIE,F,F,F,TIE,TIE,TIE
1782987850.451,19276,80.09,80.11,80.13,80.12,high_M,low_O,M>O,M>P>C>O,F,F,F,F,F,T
1782987864.447,19277,80.11,80.07,80.1,80.1,high_O,low_C,O>C,TIE,T,T,T,F,F,TIE
1782987865.602,19278,80.07,80.15,80.11,80.14,high_C,low_O,C>O,C>P>M>O,F,F,F,T,T,F
1782987873.167,19279,80.15,80.14,80.14,80.14,high_O,TIE,TIE,TIE,T,T,T,TIE,TIE,TIE
1782987874.116,19280,80.14,80.22,80.2,80.2,high_C,low_O,C>O,TIE,F,F,F,T,T,TIE
1782987874.191,19281,80.22,80.29,80.24,80.24,high_C,low_O,C>O,TIE,F,F,F,T,T,TIE
1782987874.35,19282,80.29,80.27,80.29,80.3,high_P,low_C,P>C,TIE,T,TIE,F,F,F,F
1782987874.39,19283,80.27,80.21,80.22,80.21,high_O,TIE,TIE,TIE,T,T,T,F,TIE,T
1782987875.283,19284,80.21,80.22,80.27,80.27,TIE,low_O,TIE,TIE,F,F,F,F,F,TIE
1782987878.214,19285,80.22,80.24,80.24,80.24,TIE,low_O,TIE,TIE,F,F,F,TIE,TIE,TIE
1782987888.795,19286,80.24,80.16,80.19,80.19,high_O,low_C,O>C,TIE,T,T,T,F,F,TIE
1782987903.354,19287,80.16,80.18,80.15,80.16,high_C,low_M,C>M,TIE,F,T,TIE,T,T,F
1782987907.133,19288,80.18,80.21,80.19,80.18,high_C,TIE,TIE,TIE,F,F,TIE,T,T,T
1782987923.392,19289,80.21,80.22,80.21,80.21,high_C,TIE,TIE,TIE,F,TIE,TIE,T,T,TIE
1782987949.698,19290,80.22,80.23,80.22,80.21,high_C,low_P,C>P,TIE,F,TIE,T,T,T,T
1782987972.155,19291,80.23,80.14,80.19,80.22,high_O,low_C,O>C,O>P>M>C,T,T,T,F,F,F
1782987977.484,19292,80.14,80.17,80.13,80.12,high_C,low_P,C>P,C>O>M>P,F,T,T,T,T,T
1782987977.571,19293,80.17,80.26,80.23,80.25,high_C,low_O,C>O,C>P>M>O,F,F,F,T,T,F
1782987979.554,19294,80.26,80.38,80.31,80.29,high_C,low_O,C>O,C>M>P>O,F,F,F,T,T,T
1782987979.556,19295,80.38,80.44,80.4,80.4,high_C,low_O,C>O,TIE,F,F,F,T,T,TIE
1782987979.579,19296,80.44,80.5,80.47,80.5,TIE,low_O,TIE,TIE,F,F,F,T,TIE,F
1782987979.59,19297,80.5,80.6,80.53,80.5,high_C,TIE,TIE,TIE,F,F,TIE,T,T,T
1782987979.594,19298,80.6,80.68,80.65,80.65,high_C,low_O,C>O,TIE,F,F,F,T,T,TIE
1782987979.689,19299,80.68,80.63,80.61,80.68,TIE,low_M,TIE,TIE,T,T,TIE,T,F,F
1782987979.81,19300,80.63,80.51,80.53,80.7,high_P,low_C,P>C,P>O>M>C,T,T,F,F,F,F
1782987980.121,19301,80.51,80.5,80.51,80.5,TIE,TIE,TIE,TIE,T,TIE,T,F,TIE,T
1782987980.781,19302,80.5,80.56,80.51,80.5,high_C,TIE,TIE,TIE,F,F,TIE,T,T,T
1782987981.261,19303,80.56,80.55,80.56,80.56,TIE,low_C,TIE,TIE,T,TIE,TIE,F,F,TIE
1782987982.134,19304,80.55,80.51,80.5,80.49,high_O,low_P,O>P,O>C>M>P,T,T,T,T,T,T
1782987982.556,19305,80.51,80.52,80.52,80.51,TIE,TIE,TIE,TIE,F,F,TIE,TIE,T,T
1782987986.507,19306,80.52,80.42,80.49,80.53,high_P,low_C,P>C,P>O>M>C,T,T,F,F,F,F
1782987991.219,19307,80.42,80.43,80.43,80.42,TIE,TIE,TIE,TIE,F,F,TIE,TIE,T,T
1782988002.134,19308,80.43,80.4,80.39,80.36,high_O,low_P,O>P,O>C>M>P,T,T,T,T,T,T
1782988005.182,19309,80.4,80.5,80.47,80.5,TIE,low_O,TIE,TIE,F,F,F,T,TIE,F
1782988012.382,19310,80.5,80.49,80.48,80.5,TIE,low_M,TIE,TIE,T,T,TIE,T,F,F
1782988020.72,19311,80.49,80.38,80.41,80.41,high_O,low_C,O>C,TIE,T,T,T,F,F,TIE
1782988026.022,19312,80.38,80.49,80.43,80.44,high_C,low_O,C>O,C>P>M>O,F,F,F,T,T,F
1782988026.022,19313,80.49,80.5,80.5,80.5,TIE,low_O,TIE,TIE,F,F,F,TIE,TIE,TIE
1782988026.091,19314,80.5,80.54,80.5,80.5,high_C,TIE,TIE,TIE,F,TIE,TIE,T,T,TIE
1782988030.55,19315,80.54,80.53,80.55,80.55,TIE,low_C,TIE,TIE,T,F,F,F,F,TIE
1782988044.125,19316,80.53,80.49,80.48,80.48,high_O,TIE,TIE,TIE,T,T,T,T,T,TIE
1782988058.45,19317,80.49,80.41,80.44,80.42,high_O,low_C,O>C,O>M>P>C,T,T,T,F,F,T
1782988070.102,19318,80.41,80.3,80.33,80.35,high_O,low_C,O>C,O>P>M>C,T,T,T,F,F,F
1782988074.133,19319,80.3,80.26,80.3,80.32,high_P,low_C,P>C,TIE,T,TIE,F,F,F,F
1782988096.951,19321,80.19,80.19,80.19,80.18,TIE,low_P,TIE,TIE,TIE,TIE,T,TIE,T,T
1782988105.394,19322,80.19,80.24,80.22,80.22,high_C,low_O,C>O,TIE,F,F,F,T,T,TIE
1782988125.998,19323,80.24,80.21,80.28,80.28,TIE,low_C,TIE,TIE,T,F,F,F,F,TIE
1782988151.951,19324,80.21,80.14,80.15,80.14,high_O,TIE,TIE,TIE,T,T,T,F,TIE,T
1782988169.137,19325,80.14,80.17,80.17,80.15,TIE,low_O,TIE,TIE,F,F,F,TIE,T,T
1782988200.76,19326,80.17,80.21,80.24,80.24,TIE,low_O,TIE,TIE,F,F,F,F,F,TIE
1782988217.169,19327,80.21,80.22,80.23,80.22,high_M,low_O,M>O,TIE,F,F,F,F,TIE,T
1782988249.999,19328,80.22,80.23,80.23,80.23,TIE,low_O,TIE,TIE,F,F,F,TIE,TIE,TIE
1782988263.278,19329,80.23,80.26,80.24,80.23,high_C,TIE,TIE,TIE,F,F,TIE,T,T,T
1782988268.668,19330,80.26,80.23,80.27,80.29,high_P,low_C,P>C,P>M>O>C,T,F,F,F,F,F
1782988276.715,19331,80.23,80.26,80.24,80.22,high_C,low_P,C>P,C>M>O>P,F,F,T,T,T,T
1782988276.716,19332,80.26,80.33,80.29,80.28,high_C,low_O,C>O,C>M>P>O,F,F,F,T,T,T
1782988276.828,19333,80.33,80.36,80.35,80.34,high_C,low_O,C>O,C>M>P>O,F,F,F,T,T,T
1782988291.282,19334,80.36,80.34,80.36,80.37,high_P,low_C,P>C,TIE,T,TIE,F,F,F,F
1782988314.587,19335,80.34,80.28,80.32,80.34,TIE,low_C,TIE,TIE,T,T,TIE,F,F,F
1782988339.704,19336,80.28,80.2,80.21,80.2,high_O,TIE,TIE,TIE,T,T,T,F,TIE,T
1782988351.435,19337,80.2,80.19,80.2,80.2,TIE,low_C,TIE,TIE,T,TIE,TIE,F,F,TIE
1782988387.597,19338,80.19,80.2,80.19,80.19,high_C,TIE,TIE,TIE,F,TIE,TIE,T,T,TIE
1782988387.625,19339,80.2,80.24,80.22,80.2,high_C,TIE,TIE,TIE,F,F,TIE,T,T,T
1782988394.727,19340,80.24,80.31,80.28,80.3,high_C,low_O,C>O,C>P>M>O,F,F,F,T,T,F
1782988400.774,19341,80.31,80.43,80.37,80.39,high_C,low_O,C>O,C>P>M>O,F,F,F,T,T,F
1782988411.263,19342,80.43,80.41,80.42,80.42,high_O,low_C,O>C,TIE,T,T,T,F,F,TIE
1782988429.336,19343,80.41,80.39,80.41,80.39,TIE,TIE,TIE,TIE,T,TIE,T,F,TIE,T
1782988462.87,19344,80.39,80.44,80.43,80.41,high_C,low_O,C>O,C>M>P>O,F,F,F,T,T,T
1782988492.181,19345,80.44,80.46,80.42,80.41,high_C,low_P,C>P,C>O>M>P,F,T,T,T,T,T
1782988492.193,19346,80.46,80.52,80.5,80.5,high_C,low_O,C>O,TIE,F,F,F,T,T,TIE
1782988498.269,19348,80.55,80.55,80.55,80.55,TIE,TIE,TIE,TIE,TIE,TIE,TIE,TIE,TIE,TIE
1782988498.748,19349,80.55,80.62,80.59,80.62,TIE,low_O,TIE,TIE,F,F,F,T,TIE,F
1782988499.932,19350,80.62,80.66,80.62,80.62,high_C,TIE,TIE,TIE,F,TIE,TIE,T,T,TIE
1782988500.976,19351,80.66,80.67,80.7,80.7,TIE,low_O,TIE,TIE,F,F,F,F,F,TIE
1782988503.934,19352,80.67,80.68,80.66,80.66,high_C,TIE,TIE,TIE,F,T,T,T,T,TIE
1782988507.889,19353,80.68,80.63,80.65,80.63,high_O,TIE,TIE,TIE,T,T,T,F,TIE,T
1782988511.407,19354,80.63,80.7,80.67,80.67,high_C,low_O,C>O,TIE,F,F,F,T,T,TIE
1782988522.493,19355,80.7,80.67,80.68,80.67,high_O,TIE,TIE,TIE,T,T,T,F,TIE,T
1782988527.172,19356,80.67,80.75,80.67,80.64,high_C,low_P,C>P,TIE,F,TIE,T,T,T,T
1782988530.562,19357,80.75,80.74,80.74,80.77,high_P,TIE,TIE,TIE,T,T,F,TIE,F,F
1782988538.176,19358,80.74,80.62,80.68,80.7,high_O,low_C,O>C,O>P>M>C,T,T,T,F,F,F
1782988549.565,19359,80.62,80.58,80.57,80.58,high_O,low_M,O>M,TIE,T,T,T,T,TIE,F
1782988549.579,19360,80.58,80.64,80.63,80.64,TIE,low_O,TIE,TIE,F,F,F,T,TIE,F
1782988550.065,19361,80.64,80.68,80.64,80.64,high_C,TIE,TIE,TIE,F,TIE,TIE,T,T,TIE
1782988556.808,19362,80.68,80.75,80.75,80.75,TIE,low_O,TIE,TIE,F,F,F,TIE,TIE,TIE
1782988560.392,19363,80.75,80.79,80.75,80.75,high_C,TIE,TIE,TIE,F,TIE,TIE,T,T,TIE
1782988564.378,19364,80.79,80.74,80.78,80.8,high_P,low_C,P>C,P>O>M>C,T,T,F,F,F,F
1782988577.754,19365,80.74,80.67,80.67,80.67,high_O,TIE,TIE,TIE,T,T,T,TIE,TIE,TIE
1782988589.968,19366,80.67,80.62,80.65,80.64,high_O,low_C,O>C,O>M>P>C,T,T,T,F,F,T
1782988609.182,19367,80.62,80.6,80.6,80.6,high_O,TIE,TIE,TIE,T,T,T,TIE,TIE,TIE
1782988622.576,19368,80.6,80.56,80.56,80.55,high_O,low_P,O>P,TIE,T,T,T,TIE,T,T
1782988626.709,19369,80.56,80.63,80.59,80.58,high_C,low_O,C>O,C>M>P>O,F,F,F,T,T,T
1782988636.654,19370,80.63,80.66,80.62,80.62,high_C,TIE,TIE,TIE,F,T,T,T,T,TIE
1782988636.724,19371,80.66,80.74,80.7,80.69,high_C,low_O,C>O,C>M>P>O,F,F,F,T,T,T
1782988642.622,19372,80.74,80.77,80.76,80.76,high_C,low_O,C>O,TIE,F,F,F,T,T,TIE
1782988666.834,19373,80.77,80.7,80.74,80.74,high_O,low_C,O>C,TIE,T,T,T,F,F,TIE
1782988673.846,19374,80.7,80.67,80.68,80.69,high_O,low_C,O>C,O>P>M>C,T,T,T,F,F,F
1782988678.144,19375,80.67,80.69,80.71,80.71,TIE,low_O,TIE,TIE,F,F,F,F,F,TIE
1782988684.913,19376,80.69,80.72,80.69,80.69,high_C,TIE,TIE,TIE,F,TIE,TIE,T,T,TIE
1782988688.449,19377,80.72,80.69,80.73,80.75,high_P,low_C,P>C,P>M>O>C,T,F,F,F,F,F
1782988691.82,19378,80.69,80.76,80.73,80.76,TIE,low_O,TIE,TIE,F,F,F,T,TIE,F
1782988701.592,19382,80.83,80.83,80.82,80.84,high_P,low_M,P>M,TIE,TIE,T,F,T,F,F
1782988707.718,19383,80.83,80.84,80.84,80.84,TIE,low_O,TIE,TIE,F,F,F,TIE,TIE,TIE
1782988713.437,19384,80.84,80.72,80.77,80.73,high_O,low_C,O>C,O>M>P>C,T,T,T,F,F,T
1782988727.358,19385,80.72,80.74,80.75,80.76,high_P,low_O,P>O,P>M>C>O,F,F,F,F,F,F
1782988744.756,19386,80.74,80.69,80.7,80.72,high_O,low_C,O>C,O>P>M>C,T,T,T,F,F,F
1782988756.752,19387,80.69,80.79,80.74,80.69,high_C,TIE,TIE,TIE,F,F,TIE,T,T,T
1782988756.796,19388,80.79,80.83,80.83,80.84,high_P,low_O,P>O,TIE,F,F,F,TIE,F,F
1782988759.485,19389,80.83,80.91,80.9,80.9,high_C,low_O,C>O,TIE,F,F,F,T,T,TIE
1782988764.994,19390,80.91,80.87,80.88,80.9,high_O,low_C,O>C,O>P>M>C,T,T,T,F,F,F
1782988773.218,19391,80.87,80.92,80.87,80.86,high_C,low_P,C>P,TIE,F,TIE,T,T,T,T
1782988783.768,19392,80.92,80.87,80.9,80.9,high_O,low_C,O>C,TIE,T,T,T,F,F,TIE
1782988794.951,19393,80.87,80.78,80.8,80.8,high_O,low_C,O>C,TIE,T,T,T,F,F,TIE
1782988812.317,19394,80.78,80.8,80.8,80.8,TIE,low_O,TIE,TIE,F,F,F,TIE,TIE,TIE
1782988821.027,19395,80.8,80.7,80.75,80.72,high_O,low_C,O>C,O>M>P>C,T,T,T,F,F,T
1782988846.484,19396,80.7,80.71,80.71,80.72,high_P,low_O,P>O,TIE,F,F,F,TIE,F,F
1782988860.814,19397,80.71,80.74,80.73,80.73,high_C,low_O,C>O,TIE,F,F,F,T,T,TIE
1782988860.844,19398,80.74,80.85,80.81,80.82,high_C,low_O,C>O,C>P>M>O,F,F,F,T,T,F
1782988866.191,19399,80.85,80.91,80.87,80.87,high_C,low_O,C>O,TIE,F,F,F,T,T,TIE
1782988879.622,19400,80.91,80.84,80.87,80.85,high_O,low_C,O>C,O>M>P>C,T,T,T,F,F,T
1782988887.423,19401,80.84,80.9,80.87,80.87,high_C,low_O,C>O,TIE,F,F,F,T,T,TIE
1782988887.45,19402,80.9,80.95,80.95,80.95,TIE,low_O,TIE,TIE,F,F,F,TIE,TIE,TIE
1782988892.124,19403,80.95,80.96,80.95,80.95,high_C,TIE,TIE,TIE,F,TIE,TIE,T,T,TIE
1782988905.923,19404,80.96,80.93,80.95,80.95,high_O,low_C,O>C,TIE,T,T,T,F,F,TIE
1782988917.178,19405,80.93,80.95,80.94,80.95,TIE,low_O,TIE,TIE,F,F,F,T,TIE,F
1782988920.765,19407,81.0,81.0,81.0,81.0,TIE,TIE,TIE,TIE,TIE,TIE,TIE,TIE,TIE,TIE
1782988921.879,19408,81.0,81.09,81.05,81.08,high_C,low_O,C>O,C>P>M>O,F,F,F,T,T,F
1782988921.89,19409,81.09,81.18,81.15,81.18,TIE,low_O,TIE,TIE,F,F,F,T,TIE,F
1782988921.908,19410,81.18,81.22,81.2,81.18,high_C,TIE,TIE,TIE,F,F,TIE,T,T,T
1782988921.919,19411,81.22,81.13,81.24,81.25,high_P,low_C,P>C,P>M>O>C,T,F,F,F,F,F
1782988921.992,19412,81.13,81.17,81.17,81.27,high_P,low_O,P>O,TIE,F,F,F,TIE,F,F
1782988923.061,19413,81.17,81.14,81.12,81.11,high_O,low_P,O>P,O>C>M>P,T,T,T,T,T,T
1782988924.846,19414,81.14,81.18,81.17,81.18,TIE,low_O,TIE,TIE,F,F,F,T,TIE,F
1782988927.639,19415,81.18,81.15,81.17,81.18,TIE,low_C,TIE,TIE,T,T,TIE,F,F,F
1782988930.569,19416,81.15,81.08,81.11,81.1,high_O,low_C,O>C,O>M>P>C,T,T,T,F,F,T
1782988934.562,19417,81.08,81.1,81.08,81.08,high_C,TIE,TIE,TIE,F,TIE,TIE,T,T,TIE
1782988941.105,19418,81.1,81.14,81.1,81.1,high_C,TIE,TIE,TIE,F,TIE,TIE,T,T,TIE
1782988941.951,19420,81.27,81.27,81.29,81.3,high_P,TIE,TIE,TIE,TIE,F,F,F,F,F
1782988947.855,19421,81.27,81.19,81.18,81.15,high_O,low_P,O>P,O>C>M>P,T,T,T,T,T,T
1782988954.168,19422,81.19,81.17,81.15,81.17,high_O,low_M,O>M,TIE,T,T,T,T,TIE,F
1782988963.027,19423,81.17,81.18,81.16,81.17,high_C,low_M,C>M,TIE,F,T,TIE,T,T,F
1782988974.224,19424,81.18,81.16,81.19,81.21,high_P,low_C,P>C,P>M>O>C,T,F,F,F,F,F
1782988980.422,19425,81.16,81.21,81.2,81.2,high_C,low_O,C>O,TIE,F,F,F,T,T,TIE
1782988987.415,19426,81.21,81.17,81.14,81.13,high_O,low_P,O>P,O>C>M>P,T,T,T,T,T,T
1782988987.453,19427,81.17,81.2,81.2,81.2,TIE,low_O,TIE,TIE,F,F,F,TIE,TIE,TIE
1782988994.419,19428,81.2,81.22,81.16,81.13,high_C,low_P,C>P,C>O>M>P,F,T,T,T,T,T
1782988994.564,19429,81.22,81.25,81.25,81.25,TIE,low_O,TIE,TIE,F,F,F,TIE,TIE,TIE
1782988994.955,19430,81.25,81.24,81.25,81.25,TIE,low_C,TIE,TIE,T,TIE,TIE,F,F,TIE
1782988999.908,19431,81.24,81.27,81.3,81.32,high_P,low_O,P>O,P>M>C>O,F,F,F,F,F,F
1782989010.077,19432,81.27,81.22,81.24,81.25,high_O,low_C,O>C,O>P>M>C,T,T,T,F,F,F
1782989025.313,19433,81.22,81.1,81.11,81.1,high_O,TIE,TIE,TIE,T,T,T,F,TIE,T
1782989030.127,19434,81.1,81.12,81.1,81.09,high_C,low_P,C>P,TIE,F,TIE,T,T,T,T
1782989037.801,19435,81.12,81.13,81.13,81.12,TIE,TIE,TIE,TIE,F,F,TIE,TIE,T,T
1782989049.426,19436,81.13,81.07,81.15,81.15,TIE,low_C,TIE,TIE,T,F,F,F,F,TIE
1782989055.494,19437,81.07,81.08,81.08,81.09,high_P,low_O,P>O,TIE,F,F,F,TIE,F,F
1782989076.214,19439,81.02,81.02,81.0,81.0,TIE,TIE,TIE,TIE,TIE,T,T,T,T,TIE
1782989078.718,19440,81.02,81.04,81.01,81.04,TIE,low_M,TIE,TIE,F,T,F,T,TIE,F
1782989078.928,19441,81.04,81.08,81.09,81.1,high_P,low_O,P>O,P>M>C>O,F,F,F,F,F,F
1782989085.251,19442,81.08,80.98,81.02,80.97,high_O,low_P,O>P,O>M>C>P,T,T,T,F,T,T
1782989085.27,19443,80.98,81.08,81.05,81.08,TIE,low_O,TIE,TIE,F,F,F,T,TIE,F
1782989089.897,19444,81.08,81.01,81.07,81.08,TIE,low_C,TIE,TIE,T,T,TIE,F,F,F
1782989104.497,19446,81.13,81.13,81.16,81.15,high_M,TIE,TIE,TIE,TIE,F,F,F,F,T
1782989106.884,19447,81.13,81.17,81.12,81.12,high_C,TIE,TIE,TIE,F,T,T,T,T,TIE
1782989111.722,19448,81.17,81.07,81.14,81.15,high_O,low_C,O>C,O>P>M>C,T,T,T,F,F,F
1782989113.613,19449,81.07,81.17,81.11,81.15,high_C,low_O,C>O,C>P>M>O,F,F,F,T,T,F
1782989114.763,19450,81.17,81.16,81.17,81.19,high_P,low_C,P>C,TIE,T,TIE,F,F,F,F
1782989119.505,19451,81.16,81.18,81.15,81.16,high_C,low_M,C>M,TIE,F,T,TIE,T,T,F
1782989121.491,19452,81.18,81.13,81.2,81.2,TIE,low_C,TIE,TIE,T,F,F,F,F,TIE
1782989126.648,19453,81.13,81.22,81.16,81.15,high_C,low_O,C>O,C>M>P>O,F,F,F,T,T,T
1782989128.412,19454,81.22,81.21,81.23,81.23,TIE,low_C,TIE,TIE,T,F,F,F,F,TIE
1782989132.741,19455,81.21,81.16,81.2,81.2,high_O,low_C,O>C,TIE,T,T,T,F,F,TIE
1782989139.216,19456,81.16,81.08,81.12,81.12,high_O,low_C,O>C,TIE,T,T,T,F,F,TIE
1782989150.759,19457,81.08,81.0,81.04,81.05,high_O,low_C,O>C,O>P>M>C,T,T,T,F,F,F
1782989155.773,19458,81.0,81.07,81.01,81.0,high_C,TIE,TIE,TIE,F,F,TIE,T,T,T
1782989171.95,19459,81.07,81.12,81.14,81.13,high_M,low_O,M>O,M>P>C>O,F,F,F,F,F,T
1782989175.897,19460,81.12,81.07,81.11,81.11,high_O,low_C,O>C,TIE,T,T,T,F,F,TIE
1782989180.374,19461,81.07,81.12,81.11,81.13,high_P,low_O,P>O,P>C>M>O,F,F,F,T,F,F
1782989195.439,19462,81.12,81.09,81.11,81.12,TIE,low_C,TIE,TIE,T,T,TIE,F,F,F
1782989216.109,19463,81.09,81.04,81.03,81.03,high_O,TIE,TIE,TIE,T,T,T,T,T,TIE
1782989234.015,19464,81.04,81.08,81.05,81.06,high_C,low_O,C>O,C>P>M>O,F,F,F,T,T,F
1782989247.657,19465,81.08,80.97,81.08,81.08,TIE,low_C,TIE,TIE,T,TIE,TIE,F,F,TIE
1782989252.532,19466,80.97,80.95,80.92,80.91,high_O,low_P,O>P,O>C>M>P,T,T,T,T,T,T
1782989261.156,19468,80.88,80.88,80.88,80.88,TIE,TIE,TIE,TIE,TIE,TIE,TIE,TIE,TIE,TIE
1782989261.336,19469,80.88,80.9,80.89,80.89,high_C,low_O,C>O,TIE,F,F,F,T,T,TIE
1782989261.343,19470,80.9,80.97,80.96,80.97,TIE,low_O,TIE,TIE,F,F,F,T,TIE,F
1782989263.88,19471,80.97,81.0,81.02,81.02,TIE,low_O,TIE,TIE,F,F,F,F,F,TIE
1782989268.075,19472,81.0,81.12,81.06,81.07,high_C,low_O,C>O,C>P>M>O,F,F,F,T,T,F
1782989275.951,19473,81.12,81.1,81.14,81.13,high_M,low_C,M>C,M>P>O>C,T,F,F,F,F,T
1782989281.395,19474,81.1,81.18,81.14,81.14,high_C,low_O,C>O,TIE,F,F,F,T,T,TIE
1782989290.833,19475,81.18,81.16,81.16,81.16,high_O,TIE,TIE,TIE,T,T,T,TIE,TIE,TIE
1782989290.847,19476,81.16,81.24,81.23,81.23,high_C,low_O,C>O,TIE,F,F,F,T,T,TIE
1782989299.996,19477,81.24,81.2,81.22,81.24,TIE,low_C,TIE,TIE,T,T,TIE,F,F,F
1782989300.012,19478,81.2,81.27,81.26,81.28,high_P,low_O,P>O,P>C>M>O,F,F,F,T,F,F
1782989305.67,19479,81.27,81.3,81.28,81.28,high_C,low_O,C>O,TIE,F,F,F,T,T,TIE
1782989305.685,19480,81.3,81.33,81.34,81.34,TIE,low_O,TIE,TIE,F,F,F,F,F,TIE
1782989308.398,19481,81.33,81.35,81.33,81.34,high_C,TIE,TIE,TIE,F,TIE,F,T,T,F
1782989313.189,19482,81.35,81.33,81.33,81.33,high_O,TIE,TIE,TIE,T,T,T,TIE,TIE,TIE
1782989320.697,19483,81.33,81.26,81.33,81.33,TIE,low_C,TIE,TIE,T,TIE,TIE,F,F,TIE
1782989334.197,19484,81.26,81.17,81.22,81.24,high_O,low_C,O>C,O>P>M>C,T,T,T,F,F,F
1782989354.957,19485,81.17,81.19,81.17,81.17,high_C,TIE,TIE,TIE,F,TIE,TIE,T,T,TIE
1782989363.972,19486,81.19,81.18,81.19,81.19,TIE,low_C,TIE,TIE,T,TIE,TIE,F,F,TIE
1782989368.046,19487,81.18,81.24,81.19,81.23,high_C,low_O,C>O,C>P>M>O,F,F,F,T,T,F
1782989371.66,19488,81.24,81.32,81.32,81.32,TIE,low_O,TIE,TIE,F,F,F,TIE,TIE,TIE
1782989386.741,19490,81.33,81.33,81.32,81.33,TIE,low_M,TIE,TIE,TIE,T,TIE,T,TIE,F
1782989390.914,19491,81.33,81.31,81.35,81.35,TIE,low_C,TIE,TIE,T,F,F,F,F,TIE
1782989391.844,19492,81.31,81.35,81.35,81.35,TIE,low_O,TIE,TIE,F,F,F,TIE,TIE,TIE
1782989397.258,19493,81.35,81.39,81.39,81.39,TIE,low_O,TIE,TIE,F,F,F,TIE,TIE,TIE
1782989402.935,19494,81.39,81.41,81.41,81.4,TIE,low_O,TIE,TIE,F,F,F,TIE,T,T
1782989413.35,19496,81.42,81.42,81.4,81.4,TIE,TIE,TIE,TIE,TIE,T,T,T,T,TIE
1782989426.384,19497,81.42,81.34,81.38,81.34,high_O,TIE,TIE,TIE,T,T,T,F,TIE,T
1782989444.185,19498,81.34,81.31,81.32,81.32,high_O,low_C,O>C,TIE,T,T,T,F,F,TIE
1782989458.199,19499,81.31,81.35,81.29,81.28,high_C,low_P,C>P,C>O>M>P,F,T,T,T,T,T
1782989458.225,19500,81.35,81.3,81.35,81.35,TIE,low_C,TIE,TIE,T,TIE,TIE,F,F,TIE
1782989473.647,19501,81.3,81.37,81.31,81.3,high_C,TIE,TIE,TIE,F,F,TIE,T,T,T
1782989488.986,19502,81.37,81.4,81.36,81.36,high_C,TIE,TIE,TIE,F,T,T,T,T,TIE
1782989499.715,19503,81.4,81.39,81.39,81.39,high_O,TIE,TIE,TIE,T,T,T,TIE,TIE,TIE
1782989499.757,19504,81.39,81.42,81.42,81.44,high_P,low_O,P>O,TIE,F,F,F,TIE,F,F
1782989515.149,19505,81.42,81.41,81.41,81.41,high_O,TIE,TIE,TIE,T,T,T,TIE,TIE,TIE
1782989540.118,19506,81.41,81.43,81.41,81.4,high_C,low_P,C>P,TIE,F,TIE,T,T,T,T
1782989540.286,19507,81.43,81.5,81.49,81.5,TIE,low_O,TIE,TIE,F,F,F,T,TIE,F
1782989540.295,19508,81.5,81.57,81.52,81.52,high_C,low_O,C>O,TIE,F,F,F,T,T,TIE
1782989540.3,19509,81.57,81.68,81.61,81.6,high_C,low_O,C>O,C>M>P>O,F,F,F,T,T,T
1782989540.332,19510,81.68,81.58,81.67,81.67,high_O,low_C,O>C,TIE,T,T,T,F,F,TIE
1782989540.472,19511,81.58,81.67,81.67,81.64,TIE,low_O,TIE,TIE,F,F,F,TIE,T,T
1782989540.645,19512,81.67,81.8,81.73,81.73,high_C,low_O,C>O,TIE,F,F,F,T,T,TIE
1782989540.879,19513,81.8,81.7,81.76,81.8,TIE,low_C,TIE,TIE,T,T,TIE,F,F,F
1782989540.927,19514,81.7,81.74,81.77,81.84,high_P,low_O,P>O,P>M>C>O,F,F,F,F,F,F
1782989541.449,19515,81.74,81.69,81.7,81.7,high_O,low_C,O>C,TIE,T,T,T,F,F,TIE
1782989542.077,19516,81.69,81.82,81.71,81.7,high_C,low_O,C>O,C>M>P>O,F,F,F,T,T,T
1782989543.132,19517,81.82,81.79,81.77,81.76,high_O,low_P,O>P,O>C>M>P,T,T,T,T,T,T
1782989543.673,19518,81.79,81.83,81.81,81.82,high_C,low_O,C>O,C>P>M>O,F,F,F,T,T,F
1782989544.772,19519,81.83,81.8,81.85,81.85,TIE,low_C,TIE,TIE,T,F,F,F,F,TIE
1782989546.14,19520,81.8,81.82,81.83,81.83,TIE,low_O,TIE,TIE,F,F,F,F,F,TIE
1782989546.968,19521,81.82,81.83,81.85,81.88,high_P,low_O,P>O,P>M>C>O,F,F,F,F,F,F
1782989550.82,19522,81.83,81.72,81.76,81.75,high_O,low_C,O>C,O>M>P>C,T,T,T,F,F,T
1782989556.236,19523,81.72,81.79,81.75,81.8,high_P,low_O,P>O,P>C>M>O,F,F,F,T,F,F
1782989562.663,19524,81.79,81.73,81.73,81.73,high_O,TIE,TIE,TIE,T,T,T,TIE,TIE,TIE
1782989571.664,19525,81.73,81.71,81.74,81.75,high_P,low_C,P>C,P>M>O>C,T,F,F,F,F,F
1782989584.525,19526,81.71,81.63,81.66,81.66,high_O,low_C,O>C,TIE,T,T,T,F,F,TIE
1782989589.438,19527,81.63,81.61,81.6,81.6,high_O,TIE,TIE,TIE,T,T,T,T,T,TIE
1782989598.2,19528,81.61,81.56,81.6,81.61,TIE,low_C,TIE,TIE,T,T,TIE,F,F,F
1782989636.574,19530,81.62,81.62,81.61,81.6,TIE,low_P,TIE,TIE,TIE,T,T,T,T,T
1782989641.913,19531,81.62,81.68,81.69,81.7,high_P,low_O,P>O,P>M>C>O,F,F,F,F,F,F
1782989642.246,19532,81.68,81.75,81.74,81.74,high_C,low_O,C>O,TIE,F,F,F,T,T,TIE
1782989645.176,19533,81.75,81.78,81.75,81.74,high_C,low_P,C>P,TIE,F,TIE,T,T,T,T
1782989645.179,19534,81.78,81.8,81.8,81.8,TIE,low_O,TIE,TIE,F,F,F,TIE,TIE,TIE
1782989648.406,19535,81.8,81.76,81.79,81.8,TIE,low_C,TIE,TIE,T,T,TIE,F,F,F
1782989651.936,19536,81.76,81.75,81.73,81.75,high_O,low_M,O>M,TIE,T,T,T,T,TIE,F
1782989655.888,19537,81.75,81.8,81.79,81.8,TIE,low_O,TIE,TIE,F,F,F,T,TIE,F
1782989658.123,19538,81.8,81.81,81.8,81.8,high_C,TIE,TIE,TIE,F,TIE,TIE,T,T,TIE
1782989659.235,19539,81.81,81.89,81.84,81.83,high_C,low_O,C>O,C>M>P>O,F,F,F,T,T,T
1782989659.765,19540,81.89,81.93,81.93,81.93,TIE,low_O,TIE,TIE,F,F,F,TIE,TIE,TIE
1782989661.52,19541,81.93,81.95,81.95,81.95,TIE,low_O,TIE,TIE,F,F,F,TIE,TIE,TIE
1782989670.985,19542,81.95,81.86,81.94,81.95,TIE,low_C,TIE,TIE,T,T,TIE,F,F,F
1782989684.693,19543,81.86,81.75,81.79,81.79,high_O,low_C,O>C,TIE,T,T,T,F,F,TIE
1782989697.459,19544,81.75,81.73,81.73,81.73,high_O,TIE,TIE,TIE,T,T,T,TIE,TIE,TIE
1782989711.736,19545,81.73,81.65,81.68,81.72,high_O,low_C,O>C,O>P>M>C,T,T,T,F,F,F
1782989728.254,19546,81.65,81.51,81.58,81.53,high_O,low_C,O>C,O>M>P>C,T,T,T,F,F,T
1782989732.475,19547,81.51,81.59,81.54,81.5,high_C,low_P,C>P,C>M>O>P,F,F,T,T,T,T
1782989736.773,19548,81.59,81.5,81.57,81.57,high_O,low_C,O>C,TIE,T,T,T,F,F,TIE
1782989760.368,19549,81.5,81.47,81.48,81.48,high_O,low_C,O>C,TIE,T,T,T,F,F,TIE
1782989766.493,19550,81.47,81.49,81.46,81.46,high_C,TIE,TIE,TIE,F,T,T,T,T,TIE
1782989778.585,19551,81.49,81.57,81.56,81.56,high_C,low_O,C>O,TIE,F,F,F,T,T,TIE
1782989819.192,19552,81.57,81.55,81.56,81.56,high_O,low_C,O>C,TIE,T,T,T,F,F,TIE
1782989831.269,19553,81.55,81.61,81.53,81.5,high_C,low_P,C>P,C>O>M>P,F,T,T,T,T,T
1782989833.095,19554,81.61,81.52,81.54,81.55,high_O,low_C,O>C,O>P>M>C,T,T,T,F,F,F
1782989844.168,19555,81.52,81.62,81.58,81.58,high_C,low_O,C>O,TIE,F,F,F,T,T,TIE
1782989844.278,19556,81.62,81.68,81.67,81.69,high_P,low_O,P>O,P>C>M>O,F,F,F,T,F,F
1782989850.597,19557,81.68,81.72,81.67,81.7,high_C,low_M,C>M,C>P>O>M,F,T,F,T,T,F
1782989859.082,19558,81.72,81.68,81.71,81.71,high_O,low_C,O>C,TIE,T,T,T,F,F,TIE
1782989859.22,19559,81.68,81.76,81.72,81.73,high_C,low_O,C>O,C>P>M>O,F,F,F,T,T,F
1782989865.559,19560,81.76,81.73,81.75,81.75,high_O,low_C,O>C,TIE,T,T,T,F,F,TIE
1782989865.619,19561,81.73,81.78,81.77,81.77,high_C,low_O,C>O,TIE,F,F,F,T,T,TIE
1782989880.914,19562,81.78,81.75,81.77,81.76,high_O,low_C,O>C,O>M>P>C,T,T,T,F,F,T
1782989894.188,19564,81.85,81.85,81.87,81.87,TIE,TIE,TIE,TIE,TIE,F,F,F,F,TIE
1782989924.892,19565,81.85,81.81,81.85,81.85,TIE,low_C,TIE,TIE,T,TIE,TIE,F,F,TIE
1782989934.175,19566,81.81,81.9,81.86,81.9,TIE,low_O,TIE,TIE,F,F,F,T,TIE,F
1782989939.755,19567,81.9,81.87,81.92,81.93,high_P,low_C,P>C,P>M>O>C,T,F,F,F,F,F
1782989942.966,19568,81.87,81.84,81.87,81.86,TIE,low_C,TIE,TIE,T,TIE,T,F,F,T
1782989950.435,19569,81.84,81.87,81.84,81.84,high_C,TIE,TIE,TIE,F,TIE,TIE,T,T,TIE
1782989956.072,19570,81.87,81.9,81.9,81.9,TIE,low_O,TIE,TIE,F,F,F,TIE,TIE,TIE
1782989957.552,19571,81.9,81.91,81.97,81.97,TIE,low_O,TIE,TIE,F,F,F,F,F,TIE
1782989962.437,19572,81.91,81.97,81.93,81.97,TIE,low_O,TIE,TIE,F,F,F,T,TIE,F
1782989970.535,19574,82.0,82.0,82.0,82.0,TIE,TIE,TIE,TIE,TIE,TIE,TIE,TIE,TIE,TIE
1782989970.55,19575,82.0,81.99,82.0,82.0,TIE,low_C,TIE,TIE,T,TIE,TIE,F,F,TIE
1782989976.256,19576,81.99,82.04,82.0,81.98,high_C,low_P,C>P,C>M>O>P,F,F,T,T,T,T
1782989976.27,19577,82.04,82.09,82.04,82.05,high_C,TIE,TIE,TIE,F,TIE,F,T,T,F
1782989976.275,19578,82.09,82.03,82.12,82.1,high_M,low_C,M>C,M>P>O>C,T,F,F,F,F,T
1782989976.349,19579,82.03,82.08,82.06,82.03,high_C,TIE,TIE,TIE,F,F,TIE,T,T,T
1782989979.138,19581,82.05,82.05,82.05,82.05,TIE,TIE,TIE,TIE,TIE,TIE,TIE,TIE,TIE,TIE
1782989979.809,19582,82.05,82.13,82.12,82.15,high_P,low_O,P>O,P>C>M>O,F,F,F,T,F,F
1782989982.093,19583,82.13,82.14,82.16,82.16,TIE,low_O,TIE,TIE,F,F,F,F,F,TIE
1782989996.331,19585,82.01,82.01,82.01,82.01,TIE,TIE,TIE,TIE,TIE,TIE,TIE,TIE,TIE,TIE
1782990000.31,19587,82.08,82.08,82.08,82.08,TIE,TIE,TIE,TIE,TIE,TIE,TIE,TIE,TIE,TIE
1782990000.915,19588,82.08,82.0,82.03,82.02,high_O,low_C,O>C,O>M>P>C,T,T,T,F,F,T
1782990008.348,19589,82.0,82.02,81.98,81.97,high_C,low_P,C>P,C>O>M>P,F,T,T,T,T,T
1782990016.087,19590,82.02,81.96,82.0,82.03,high_P,low_C,P>C,P>O>M>C,T,T,F,F,F,F
1782990028.491,19591,81.96,81.9,81.95,81.95,high_O,low_C,O>C,TIE,T,T,T,F,F,TIE
1782990040.959,19592,81.9,81.83,81.89,81.89,high_O,low_C,O>C,TIE,T,T,T,F,F,TIE
1782990043.337,19593,81.83,81.87,81.83,81.82,high_C,low_P,C>P,TIE,F,TIE,T,T,T,T
1782990045.05,19594,81.87,81.76,81.84,81.84,high_O,low_C,O>C,TIE,T,T,T,F,F,TIE
1782990049.279,19595,81.76,81.83,81.77,81.77,high_C,low_O,C>O,TIE,F,F,F,T,T,TIE
1782990052.467,19596,81.83,81.84,81.84,81.84,TIE,low_O,TIE,TIE,F,F,F,TIE,TIE,TIE
1782990074.631,19597,81.84,81.88,81.89,81.91,high_P,low_O,P>O,P>M>C>O,F,F,F,F,F,F
1782990107.542,19598,81.88,81.79,81.8,81.8,high_O,low_C,O>C,TIE,T,T,T,F,F,TIE
1782990126.305,19599,81.79,81.7,81.74,81.72,high_O,low_C,O>C,O>M>P>C,T,T,T,F,F,T
1782990138.319,19600,81.7,81.67,81.69,81.69,high_O,low_C,O>C,TIE,T,T,T,F,F,TIE
1782990151.24,19601,81.67,81.63,81.68,81.68,TIE,low_C,TIE,TIE,T,F,F,F,F,TIE
1782990158.69,19602,81.63,81.57,81.58,81.58,high_O,low_C,O>C,TIE,T,T,T,F,F,TIE
1782990168.681,19603,81.57,81.56,81.56,81.58,high_P,TIE,TIE,TIE,T,T,F,TIE,F,F
1782990176.161,19604,81.56,81.55,81.53,81.53,high_O,TIE,TIE,TIE,T,T,T,T,T,TIE
1782990181.095,19605,81.55,81.56,81.57,81.57,TIE,low_O,TIE,TIE,F,F,F,F,F,TIE
1782990205.428,19606,81.56,81.54,81.52,81.52,high_O,TIE,TIE,TIE,T,T,T,T,T,TIE
1782990237.425,19607,81.54,81.52,81.52,81.53,high_O,TIE,TIE,TIE,T,T,T,TIE,F,F
1782990254.558,19608,81.52,81.6,81.56,81.55,high_C,low_O,C>O,C>M>P>O,F,F,F,T,T,T
1782990267.219,19609,81.6,81.68,81.65,81.66,high_C,low_O,C>O,C>P>M>O,F,F,F,T,T,F
1782990289.787,19610,81.68,81.63,81.62,81.6,high_O,low_P,O>P,O>C>M>P,T,T,T,T,T,T
1782990322.799,19611,81.63,81.55,81.58,81.58,high_O,low_C,O>C,TIE,T,T,T,F,F,TIE
1782990370.249,19612,81.55,81.59,81.61,81.62,high_P,low_O,P>O,P>M>C>O,F,F,F,F,F,F
1782990413.809,19613,81.59,81.66,81.61,81.61,high_C,low_O,C>O,TIE,F,F,F,T,T,TIE
1782990421.982,19614,81.66,81.68,81.67,81.67,high_C,low_O,C>O,TIE,F,F,F,T,T,TIE
1782990424.228,19615,81.68,81.72,81.72,81.72,TIE,low_O,TIE,TIE,F,F,F,TIE,TIE,TIE
1782990435.784,19616,81.72,81.79,81.76,81.76,high_C,low_O,C>O,TIE,F,F,F,T,T,TIE
1782990435.902,19617,81.79,81.85,81.82,81.8,high_C,low_O,C>O,C>M>P>O,F,F,F,T,T,T
1782990447.3,19618,81.85,81.81,81.85,81.84,TIE,low_C,TIE,TIE,T,TIE,T,F,F,T
1782990465.557,19619,81.81,81.83,81.85,81.86,high_P,low_O,P>O,P>M>C>O,F,F,F,F,F,F
1782990476.795,19620,81.83,81.91,81.87,81.87,high_C,low_O,C>O,TIE,F,F,F,T,T,TIE
1782990491.235,19621,81.91,81.88,81.93,81.93,TIE,low_C,TIE,TIE,T,F,F,F,F,TIE
1782990494.34,19622,81.88,81.87,81.9,81.9,TIE,low_C,TIE,TIE,T,F,F,F,F,TIE
1782990513.347,19623,81.87,81.77,81.79,81.79,high_O,low_C,O>C,TIE,T,T,T,F,F,TIE
1782990541.093,19624,81.77,81.71,81.73,81.72,high_O,low_C,O>C,O>M>P>C,T,T,T,F,F,T
1782990581.118,19625,81.71,81.74,81.71,81.74,TIE,TIE,TIE,TIE,F,TIE,F,T,TIE,F
1782990617.499,19626,81.74,81.72,81.71,81.71,high_O,TIE,TIE,TIE,T,T,T,T,T,TIE
1782990617.583,19627,81.72,81.87,81.78,81.74,high_C,low_O,C>O,C>M>P>O,F,F,F,T,T,T
1782990624.304,19628,81.87,81.86,81.89,81.89,TIE,low_C,TIE,TIE,T,F,F,F,F,TIE
1782990626.864,19629,81.86,81.92,81.94,81.97,high_P,low_O,P>O,P>M>C>O,F,F,F,F,F,F
1782990630.127,19630,81.92,82.0,82.0,82.0,TIE,low_O,TIE,TIE,F,F,F,TIE,TIE,TIE
1782990633.623,19631,82.0,82.06,82.03,82.06,TIE,low_O,TIE,TIE,F,F,F,T,TIE,F
1782990639.004,19632,82.06,82.09,82.03,82.06,high_C,low_M,C>M,TIE,F,T,TIE,T,T,F
1782990641.37,19633,82.09,82.12,82.1,82.1,high_C,low_O,C>O,TIE,F,F,F,T,T,TIE
1782990649.154,19634,82.12,82.05,82.06,82.05,high_O,TIE,TIE,TIE,T,T,T,F,TIE,T
1782990666.742,19635,82.05,82.1,82.05,82.05,high_C,TIE,TIE,TIE,F,TIE,TIE,T,T,TIE
1782990671.833,19636,82.1,82.08,82.09,82.09,high_O,low_C,O>C,TIE,T,T,T,F,F,TIE
1782990678.936,19637,82.08,82.2,82.15,82.2,TIE,low_O,TIE,TIE,F,F,F,T,TIE,F
1782990679.007,19638,82.2,82.19,82.19,82.2,TIE,TIE,TIE,TIE,T,T,TIE,TIE,F,F
1782990679.123,19639,82.19,82.38,82.3,82.3,high_C,low_O,C>O,TIE,F,F,F,T,T,TIE
1782990679.478,19640,82.38,82.39,82.35,82.34,high_C,low_P,C>P,C>O>M>P,F,T,T,T,T,T
1782990680.01,19641,82.39,82.4,82.35,82.34,high_C,low_P,C>P,C>O>M>P,F,T,T,T,T,T
1782990681.14,19642,82.4,82.32,82.35,82.34,high_O,low_C,O>C,O>M>P>C,T,T,T,F,F,T
1782990682.095,19643,82.32,82.37,82.36,82.36,high_C,low_O,C>O,TIE,F,F,F,T,T,TIE
1782990682.987,19644,82.37,82.42,82.4,82.38,high_C,low_O,C>O,C>M>P>O,F,F,F,T,T,T
1782990685.357,19645,82.42,82.43,82.43,82.41,TIE,low_P,TIE,TIE,F,F,T,TIE,T,T
1782990686.773,19646,82.43,82.5,82.46,82.5,TIE,low_O,TIE,TIE,F,F,F,T,TIE,F
1782990689.532,19647,82.5,82.48,82.48,82.46,high_O,low_P,O>P,TIE,T,T,T,TIE,T,T
1782990692.01,19649,82.5,82.5,82.5,82.51,high_P,TIE,TIE,TIE,TIE,TIE,F,TIE,F,F
1782990693.87,19650,82.5,82.54,82.53,82.53,high_C,low_O,C>O,TIE,F,F,F,T,T,TIE
1782990696.684,19651,82.54,82.44,82.53,82.53,high_O,low_C,O>C,TIE,T,T,T,F,F,TIE
1782990703.493,19652,82.44,82.5,82.52,82.54,high_P,low_O,P>O,P>M>C>O,F,F,F,F,F,F
1782990713.249,19653,82.5,82.44,82.49,82.51,high_P,low_C,P>C,P>O>M>C,T,T,F,F,F,F
1782990720.619,19654,82.44,82.46,82.43,82.43,high_C,TIE,TIE,TIE,F,T,T,T,T,TIE
1782990727.335,19655,82.46,82.44,82.47,82.5,high_P,low_C,P>C,P>M>O>C,T,F,F,F,F,F
1782990737.122,19656,82.44,82.46,82.48,82.49,high_P,low_O,P>O,P>M>C>O,F,F,F,F,F,F
1782990750.029,19657,82.46,82.49,82.47,82.46,high_C,TIE,TIE,TIE,F,F,TIE,T,T,T
1782990754.354,19658,82.49,82.6,82.52,82.5,high_C,low_O,C>O,C>M>P>O,F,F,F,T,T,T
1782990760.401,19660,82.55,82.55,82.59,82.6,high_P,TIE,TIE,TIE,TIE,F,F,F,F,F
1782990776.301,19661,82.55,82.45,82.48,82.47,high_O,low_C,O>C,O>M>P>C,T,T,T,F,F,T
1782990785.704,19662,82.45,82.44,82.46,82.46,TIE,low_C,TIE,TIE,T,F,F,F,F,TIE
1782990788.914,19663,82.44,82.5,82.48,82.48,high_C,low_O,C>O,TIE,F,F,F,T,T,TIE
1782990798.08,19664,82.5,82.52,82.55,82.54,high_M,low_O,M>O,M>P>C>O,F,F,F,F,F,T
1782990804.062,19665,82.52,82.63,82.61,82.6,high_C,low_O,C>O,C>M>P>O,F,F,F,T,T,T
1782990811.4,19666,82.63,82.53,82.6,82.61,high_O,low_C,O>C,O>P>M>C,T,T,T,F,F,F
1782990824.29,19667,82.53,82.59,82.61,82.62,high_P,low_O,P>O,P>M>C>O,F,F,F,F,F,F
1782990851.543,19669,82.48,82.48,82.49,82.48,high_M,TIE,TIE,TIE,TIE,F,TIE,F,TIE,T
1782990854.183,19670,82.48,82.44,82.43,82.43,high_O,TIE,TIE,TIE,T,T,T,T,T,TIE
1782990857.569,19671,82.44,82.37,82.39,82.39,high_O,low_C,O>C,TIE,T,T,T,F,F,TIE
1782990861.582,19672,82.37,82.31,82.33,82.33,high_O,low_C,O>C,TIE,T,T,T,F,F,TIE
1782990864.307,19673,82.31,82.24,82.27,82.25,high_O,low_C,O>C,O>M>P>C,T,T,T,F,F,T
1782990866.061,19674,82.24,82.27,82.22,82.21,high_C,low_P,C>P,C>O>M>P,F,T,T,T,T,T
1782990873.286,19675,82.27,82.25,82.31,82.31,TIE,low_C,TIE,TIE,T,F,F,F,F,TIE
1782990882.22,19676,82.25,82.33,82.28,82.27,high_C,low_O,C>O,C>M>P>O,F,F,F,T,T,T
1782990883.67,19677,82.33,82.35,82.37,82.37,TIE,low_O,TIE,TIE,F,F,F,F,F,TIE
1782990900.658,19678,82.35,82.24,82.29,82.28,high_O,low_C,O>C,O>M>P>C,T,T,T,F,F,T
1782990911.613,19679,82.24,82.22,82.23,82.21,high_O,low_P,O>P,O>M>C>P,T,T,T,F,T,T
1782990916.09,19680,82.22,82.23,82.2,82.2,high_C,TIE,TIE,TIE,F,T,T,T,T,TIE
1782990942.965,19681,82.23,82.18,82.23,82.25,high_P,low_C,P>C,TIE,T,TIE,F,F,F,F
1782990954.522,19682,82.18,82.14,82.16,82.17,high_O,low_C,O>C,O>P>M>C,T,T,T,F,F,F
1782990974.416,19683,82.14,82.08,82.15,82.17,high_P,low_C,P>C,P>M>O>C,T,F,F,F,F,F
1782990996.198,19684,82.08,82.11,82.14,82.15,high_P,low_O,P>O,P>M>C>O,F,F,F,F,F,F
