ts,bucket_id,O,C,M,P,OC,OM,OP,CM,CP,MP,T2,T3_hi,T3_lo,T4
1782022606.495,2646,73.18,73.11,73.06,73.06,>,>,>,>,>,=,-,O,MP,O>C>MP
1782023290.334,2647,73.11,73.19,73.17,73.18,<,<,<,>,>,<,-,C,O,-
1782023871.754,2648,73.19,73.27,73.17,73.25,<,>,<,>,>,<,-,C,M,-
1782025196.521,2649,73.27,73.2,73.26,73.19,>,>,>,<,>,>,-,O,P,-
1782026256.686,2650,73.2,73.37,73.28,73.18,<,<,>,>,>,>,-,C,P,-
1782027095.702,2651,73.37,73.34,73.26,73.22,>,>,>,>,>,>,-,O,P,-
1782027437.34,2652,73.34,73.26,73.33,73.34,>,>,=,<,<,<,-,OP,C,-
1782027622.317,2653,73.26,73.18,73.23,73.23,>,>,>,<,<,=,-,O,C,O>MP>C
1782028541.192,2654,73.18,73.12,73.26,73.31,>,<,<,<,<,<,-,P,C,-
1782029256.166,2655,73.12,73.15,73.15,73.17,<,<,<,=,<,<,-,P,O,-
1782029712.786,2656,73.15,73.1,73.11,73.14,>,>,>,<,<,<,-,O,C,-
1782030193.319,2657,73.1,73.0,73.0,72.99,>,>,>,=,>,>,-,O,P,-
1782030530.446,2658,73.01,72.99,73.0,73.0,>,>,>,<,<,=,-,O,C,O>MP>C
1782030920.002,2659,72.99,72.85,72.91,72.89,>,>,>,<,<,>,-,O,C,-
1782031045.434,2660,72.85,72.79,72.77,72.78,>,>,>,>,>,<,-,O,M,-
1782031451.171,2661,72.79,73.0,72.9,72.92,<,<,<,>,>,<,-,C,O,-
1782031876.588,2662,73.0,72.98,72.94,72.95,>,>,>,>,>,<,-,O,M,-
1782032449.336,2663,72.98,73.11,73.07,73.05,<,<,<,>,>,>,-,C,O,-
1782033064.455,2664,73.11,73.09,73.13,73.08,>,<,>,<,>,>,-,M,P,-
1782033450.455,2665,73.09,73.39,73.31,73.31,<,<,<,>,>,=,-,C,O,C>MP>O
1782033934.224,2666,73.39,73.5,73.41,73.43,<,<,<,>,>,<,-,C,O,-
1782034261.013,2667,73.5,73.63,73.56,73.55,<,<,<,>,>,>,-,C,O,-
1782034504.301,2668,73.63,73.83,73.7,73.69,<,<,<,>,>,>,-,C,O,-
1782034637.979,2669,73.83,73.82,73.86,73.85,>,<,<,<,<,>,-,M,C,-
1782035020.502,2670,73.82,73.74,73.8,73.8,>,>,>,<,<,=,-,O,C,O>MP>C
1782035421.071,2671,73.74,74.04,73.89,74.0,<,<,<,>,>,<,-,C,O,-
1782035710.324,2672,74.04,73.95,73.94,73.92,>,>,>,>,>,>,-,O,P,-
1782035925.409,2673,73.95,74.0,74.0,74.0,<,<,<,=,=,=,C=M=P,CMP,O,-
1782037020.657,2675,73.95,73.95,74.01,74.0,=,<,<,<,<,>,-,M,OC,-
1782037459.601,2676,73.96,74.28,74.1,74.01,<,<,<,>,>,>,-,C,O,-
1782037694.005,2677,74.28,74.22,74.3,74.15,>,<,>,<,>,>,-,M,P,-
1782038374.405,2678,74.22,74.14,74.12,74.1,>,>,>,>,>,>,-,O,P,-
1782039148.691,2679,74.14,73.96,74.05,74.01,>,>,>,<,<,>,-,O,C,-
1782039483.981,2680,73.96,73.9,73.96,73.94,>,=,>,<,<,>,-,OM,C,-
1782039808.75,2681,73.9,74.0,73.87,73.85,<,>,>,>,>,>,-,C,P,-
1782040584.174,2682,74.0,73.69,73.79,73.78,>,>,>,<,<,>,-,O,C,-
1782040693.287,2683,73.69,73.51,73.52,73.51,>,>,>,<,=,>,-,O,CP,-
1782040779.727,2684,73.51,73.4,73.4,73.4,>,>,>,=,=,=,C=M=P,O,CMP,-
1782041403.229,2685,73.4,73.54,73.5,73.5,<,<,<,>,>,=,-,C,O,C>MP>O
1782041621.014,2686,73.54,73.34,73.37,73.3,>,>,>,<,>,>,-,O,P,-
1782042488.782,2687,73.34,73.46,73.37,73.33,<,<,>,>,>,>,-,C,P,-
1782043024.749,2688,73.46,73.23,73.28,73.27,>,>,>,<,<,>,-,O,C,-
1782043081.885,2689,73.23,73.11,73.1,73.1,>,>,>,>,>,=,-,O,MP,O>C>MP
1782043602.049,2690,73.11,73.17,73.13,73.12,<,<,<,>,>,>,-,C,O,-
1782044171.418,2691,73.17,73.0,73.08,73.18,>,>,<,<,<,<,-,P,C,-
1782044520.479,2692,73.0,72.99,72.96,72.9,>,>,>,>,>,>,-,O,P,-
1782044843.521,2693,72.99,73.12,73.0,73.0,<,<,<,>,>,=,-,C,O,C>MP>O
1782045107.76,2694,73.12,73.09,73.07,73.12,>,>,=,>,<,<,-,OP,M,-
1782045863.702,2695,73.09,73.19,73.1,73.1,<,<,<,>,>,=,-,C,O,C>MP>O
1782046451.354,2696,73.19,73.4,73.3,73.2,<,<,<,>,>,>,-,C,O,-
1782046975.238,2697,73.4,73.54,73.56,73.59,<,<,<,<,<,<,-,P,O,-
1782047738.421,2698,73.54,73.79,73.71,73.7,<,<,<,>,>,>,-,C,O,-
1782048711.708,2699,73.79,73.62,73.73,73.69,>,>,>,<,<,>,-,O,C,-
1782049327.817,2700,73.62,73.52,73.47,73.45,>,>,>,>,>,>,-,O,P,-
1782050380.567,2701,73.52,73.86,73.64,73.64,<,<,<,>,>,=,-,C,O,C>MP>O
1782051011.283,2702,73.86,73.85,73.88,73.93,>,<,<,<,<,<,-,P,C,-
1782052213.932,2703,73.85,73.76,73.78,73.77,>,>,>,<,<,>,-,O,C,-
1782052862.185,2704,73.76,73.92,73.88,73.93,<,<,<,>,<,<,-,P,O,-
1782053535.497,2705,73.92,73.93,73.99,74.08,<,<,<,<,<,<,-,P,O,-
1782054181.665,2706,73.93,74.13,74.0,74.0,<,<,<,>,>,=,-,C,O,C>MP>O
1782054828.218,2707,74.13,73.97,74.12,74.16,>,>,<,<,<,<,-,P,C,-
1782055806.881,2708,73.97,74.18,73.98,74.0,<,<,<,>,>,<,-,C,O,-
1782056937.501,2709,74.18,74.04,74.12,74.15,>,>,>,<,<,<,-,O,C,-
1782057967.756,2710,74.04,73.91,74.01,73.97,>,>,>,<,<,>,-,O,C,-
1782058704.064,2711,73.91,73.86,73.9,73.91,>,>,=,<,<,<,-,OP,C,-
1782059693.411,2712,73.86,73.77,73.97,73.99,>,<,<,<,<,<,-,P,C,-
1782060507.76,2713,73.77,74.2,73.91,73.85,<,<,<,>,>,>,-,C,O,-
1782060730.322,2714,74.2,74.54,74.28,74.2,<,<,=,>,>,>,-,C,OP,-
1782060741.818,2715,74.54,74.51,74.61,74.59,>,<,<,<,<,>,-,M,C,-
1782061036.325,2716,74.51,74.35,74.51,74.52,>,=,<,<,<,<,-,P,C,-
1782061624.757,2717,74.35,74.46,74.32,74.48,<,>,<,>,<,<,-,P,M,-
1782062423.591,2718,74.46,74.39,74.39,74.39,>,>,>,=,=,=,C=M=P,O,CMP,-
1782063982.814,2720,74.24,74.24,74.11,74.1,=,>,>,>,>,>,-,OC,P,-
1782064894.658,2721,74.24,73.99,74.3,74.35,>,<,<,<,<,<,-,P,C,-
1782065332.876,2722,73.99,74.05,73.91,73.88,<,>,>,>,>,>,-,C,P,-
1782066408.184,2723,74.05,74.1,74.0,74.0,<,>,>,>,>,=,-,C,MP,C>O>MP
1782068590.064,2725,74.24,74.24,74.23,74.28,=,>,<,>,<,<,-,P,M,-
1782069832.005,2726,74.24,74.27,74.29,74.27,<,<,<,<,=,>,-,M,O,-
1782071385.594,2727,74.27,74.36,74.3,74.3,<,<,<,>,>,=,-,C,O,C>MP>O
1782072613.596,2728,74.36,74.31,74.4,74.39,>,<,<,<,<,>,-,M,C,-
1782073356.054,2729,74.31,74.02,74.09,74.0,>,>,>,<,>,>,-,O,P,-
1782074548.033,2730,74.02,73.87,73.97,74.05,>,>,<,<,<,<,-,P,C,-
1782074830.084,2731,73.87,73.58,73.8,73.82,>,>,>,<,<,<,-,O,C,-
1782074877.999,2732,73.58,73.56,73.6,73.61,>,<,<,<,<,<,-,P,C,-
1782074953.73,2733,73.56,73.33,73.48,73.37,>,>,>,<,<,>,-,O,C,-
1782075263.475,2734,73.33,73.49,73.42,73.42,<,<,<,>,>,=,-,C,O,C>MP>O
1782075460.638,2735,73.49,73.31,73.49,73.51,>,=,<,<,<,<,-,P,C,-
1782075883.728,2736,73.31,73.35,73.37,73.35,<,<,<,<,=,>,-,M,O,-
1782076115.492,2737,73.35,73.2,73.27,73.3,>,>,>,<,<,<,-,O,C,-
1782076162.51,2738,73.2,72.97,73.05,73.1,>,>,>,<,<,<,-,O,C,-
1782076193.971,2739,72.97,72.73,72.94,72.95,>,>,>,<,<,<,-,O,C,-
1782076196.562,2740,72.73,72.5,72.54,72.52,>,>,>,<,<,>,-,O,C,-
1782076212.855,2741,72.5,72.53,72.51,72.54,<,<,<,>,<,<,-,P,O,-
1782076265.265,2742,72.53,72.39,72.59,72.65,>,<,<,<,<,<,-,P,C,-
1782076385.295,2743,72.39,72.59,72.55,72.56,<,<,<,>,>,<,-,C,O,-
1782076695.294,2744,72.59,72.53,72.65,72.64,>,<,<,<,<,>,-,M,C,-
1782076967.619,2745,72.53,72.92,72.79,72.86,<,<,<,>,>,<,-,C,O,-
1782077262.111,2746,72.92,72.83,72.95,72.85,>,<,>,<,<,>,-,M,C,-
1782077872.82,2747,72.83,72.78,72.85,72.79,>,<,>,<,<,>,-,M,C,-
1782077987.131,2748,72.78,73.24,73.01,73.23,<,<,<,>,>,<,-,C,O,-
1782078044.607,2749,73.24,73.22,73.2,73.2,>,>,>,>,>,=,-,O,MP,O>C>MP
1782078890.476,2750,73.22,73.09,73.23,73.22,>,<,=,<,<,>,-,M,C,-
1782079320.03,2751,73.09,72.97,73.0,72.96,>,>,>,<,>,>,-,O,P,-
1782079765.089,2752,72.97,72.89,73.08,73.09,>,<,<,<,<,<,-,P,C,-
1782080148.361,2753,72.89,73.05,72.96,73.0,<,<,<,>,>,<,-,C,O,-
1782080961.9,2754,73.05,73.0,73.09,73.02,>,<,>,<,<,>,-,M,C,-
1782081182.681,2755,73.0,72.84,72.71,72.7,>,>,>,>,>,>,-,O,P,-
1782081961.186,2756,72.84,72.88,72.77,72.71,<,>,>,>,>,>,-,C,P,-
1782083416.455,2758,72.89,72.89,72.82,72.82,=,>,>,>,>,=,O=C&M=P,OC,MP,-
1782084185.2,2759,72.89,72.91,72.83,72.92,<,>,<,>,<,<,-,P,M,-
1782084680.628,2760,72.91,72.74,72.89,72.88,>,>,>,<,<,>,-,O,C,-
1782084822.978,2761,72.74,72.49,72.64,72.65,>,>,>,<,<,<,-,O,C,-
1782084995.241,2762,72.49,72.3,72.47,72.49,>,>,=,<,<,<,-,OP,C,-
1782085141.474,2763,72.3,72.44,72.33,72.3,<,<,=,>,>,>,-,C,OP,-
1782085601.466,2764,72.44,72.5,72.49,72.5,<,<,<,>,=,<,-,CP,O,-
1782086409.295,2765,72.5,72.45,72.48,72.45,>,>,>,<,=,>,-,O,CP,-
1782086793.363,2766,72.45,72.71,72.55,72.55,<,<,<,>,>,=,-,C,O,C>MP>O
1782087489.694,2767,72.71,72.79,72.72,72.76,<,<,<,>,>,<,-,C,O,-
1782087915.873,2768,72.79,72.94,72.9,73.0,<,<,<,>,<,<,-,P,O,-
1782088602.24,2769,72.94,73.11,72.98,73.0,<,<,<,>,>,<,-,C,O,-
1782088710.93,2770,73.11,73.33,73.31,73.15,<,<,<,>,>,>,-,C,O,-
1782089162.873,2771,73.33,73.26,73.32,73.3,>,>,>,<,<,>,-,O,C,-
1782089739.533,2772,73.26,73.25,73.14,73.05,>,>,>,>,>,>,-,O,P,-
1782090271.294,2773,73.25,73.42,73.39,73.38,<,<,<,>,>,>,-,C,O,-
1782091093.525,2774,73.42,73.62,73.39,73.28,<,>,>,>,>,>,-,C,P,-
1782091403.209,2775,73.62,73.91,73.76,73.78,<,<,<,>,>,<,-,C,O,-
1782091506.602,2776,73.91,74.12,74.14,74.14,<,<,<,<,<,=,-,MP,O,MP>C>O
1782091582.577,2777,74.12,74.59,74.42,74.31,<,<,<,>,>,>,-,C,O,-
1782091602.649,2778,74.59,74.9,74.72,74.89,<,<,<,>,>,<,-,C,O,-
1782091658.941,2779,74.9,74.84,74.86,74.89,>,>,>,<,<,<,-,O,C,-
1782091844.266,2780,74.84,74.64,74.63,74.66,>,>,>,>,<,<,-,O,M,-
1782092031.514,2781,74.64,74.15,74.39,74.26,>,>,>,<,<,>,-,O,C,-
1782093203.884,2783,74.39,74.39,74.36,74.41,=,>,<,>,<,<,-,P,M,-
1782094001.803,2784,74.39,74.1,74.23,74.13,>,>,>,<,<,>,-,O,C,-
1782095022.962,2785,74.1,74.11,74.08,74.1,<,>,=,>,>,<,-,C,M,-
1782096259.443,2786,74.11,74.01,74.12,74.18,>,<,<,<,<,<,-,P,C,-
1782097084.116,2787,74.01,73.81,73.82,73.85,>,>,>,<,<,<,-,O,C,-
1782097334.822,2788,73.81,73.38,73.48,73.3,>,>,>,<,>,>,-,O,P,-
1782097784.105,2789,73.38,73.52,73.49,73.42,<,<,<,>,>,>,-,C,O,-
1782098541.968,2790,73.52,73.8,73.67,73.59,<,<,<,>,>,>,-,C,O,-
1782099610.978,2791,73.8,73.82,73.86,73.87,<,<,<,<,<,<,-,P,O,-
1782100562.026,2792,73.82,73.41,73.6,73.59,>,>,>,<,<,>,-,O,C,-
1782101246.859,2793,73.41,73.53,73.4,73.4,<,>,>,>,>,=,-,C,MP,C>O>MP
1782102402.526,2794,73.53,73.57,73.54,73.52,<,<,>,>,>,>,-,C,P,-
1782103565.935,2795,73.57,73.54,73.51,73.5,>,>,>,>,>,>,-,O,P,-
1782104819.481,2796,73.54,73.83,73.79,73.8,<,<,<,>,>,<,-,C,O,-
1782105404.872,2797,73.83,74.04,74.03,74.04,<,<,<,>,=,<,-,CP,O,-
1782106732.2,2798,74.04,73.99,74.02,74.03,>,>,>,<,<,<,-,O,C,-
1782108127.928,2799,73.99,73.88,73.9,73.87,>,>,>,<,>,>,-,O,P,-
1782109310.07,2800,73.89,73.88,73.93,73.9,>,<,<,<,<,>,-,M,C,-
1782109888.808,2801,73.88,73.6,73.78,73.7,>,>,>,<,<,>,-,O,C,-
1782110777.831,2802,73.6,73.68,73.68,73.7,<,<,<,=,<,<,-,P,O,-
1782111595.498,2803,73.68,73.67,73.65,73.67,>,>,>,>,=,<,-,O,M,-
1782112177.07,2804,73.67,73.97,73.9,73.88,<,<,<,>,>,>,-,C,O,-
1782112522.029,2805,73.97,74.29,74.16,74.17,<,<,<,>,>,<,-,C,O,-
1782113163.06,2806,74.29,74.33,74.22,74.13,<,>,>,>,>,>,-,C,P,-
1782113748.524,2807,74.33,74.23,74.31,74.31,>,>,>,<,<,=,-,O,C,O>MP>C
1782114759.905,2808,74.23,74.18,74.18,74.15,>,>,>,=,>,>,-,O,P,-
1782115435.5,2809,74.18,74.11,74.06,74.06,>,>,>,>,>,=,-,O,MP,O>C>MP
1782116107.47,2810,74.11,74.24,74.12,74.04,<,<,>,>,>,>,-,C,P,-
1782116927.702,2811,74.23,73.99,74.13,73.99,>,>,>,<,=,>,-,O,CP,-
1782117527.482,2812,73.99,73.76,73.9,73.97,>,>,>,<,<,<,-,O,C,-
1782118030.662,2813,73.76,73.92,73.85,73.8,<,<,<,>,>,>,-,C,O,-
1782119230.033,2814,73.92,73.93,73.87,73.83,<,>,>,>,>,>,-,C,P,-
1782120191.774,2815,73.93,73.76,73.87,73.88,>,>,>,<,<,<,-,O,C,-
1782120802.891,2816,73.76,73.64,73.65,73.65,>,>,>,<,<,=,-,O,C,O>MP>C
1782121623.691,2817,73.64,73.68,73.65,73.65,<,<,<,>,>,=,-,C,O,C>MP>O
1782122659.74,2818,73.68,73.83,73.75,73.75,<,<,<,>,>,=,-,C,O,C>MP>O
1782123543.929,2819,73.83,73.8,73.88,73.88,>,<,<,<,<,=,-,MP,C,MP>O>C
1782124301.164,2820,73.8,73.7,73.67,73.69,>,>,>,>,>,<,-,O,M,-
1782125160.824,2821,73.7,73.68,73.65,73.68,>,>,>,>,=,<,-,O,M,-
1782126047.608,2822,73.68,73.67,73.78,73.83,>,<,<,<,<,<,-,P,C,-
1782126365.238,2823,73.67,74.13,73.9,74.11,<,<,<,>,>,<,-,C,O,-
1782126526.855,2824,74.13,74.0,74.07,74.02,>,>,>,<,<,>,-,O,C,-
1782127133.074,2825,74.0,73.94,73.96,73.95,>,>,>,<,<,>,-,O,C,-
1782127600.017,2826,73.94,73.93,73.84,73.84,>,>,>,>,>,=,-,O,MP,O>C>MP
1782127769.813,2827,73.93,73.89,73.97,74.0,>,<,<,<,<,<,-,P,C,-
1782128004.905,2828,73.89,74.26,74.13,74.28,<,<,<,>,<,<,-,P,O,-
1782128195.345,2829,74.26,74.27,74.26,74.27,<,=,<,>,=,<,O=M&C=P,CP,OM,-
1782128429.72,2830,74.27,74.2,74.31,74.32,>,<,<,<,<,<,-,P,C,-
1782128726.66,2831,74.2,74.15,74.14,74.11,>,>,>,>,>,>,-,O,P,-
1782129024.723,2832,74.15,74.23,74.24,74.3,<,<,<,<,<,<,-,P,O,-
1782129226.981,2833,74.23,74.15,74.18,74.15,>,>,>,<,=,>,-,O,CP,-
1782129631.871,2834,74.15,74.07,74.17,74.17,>,<,<,<,<,=,-,MP,C,MP>O>C
1782129739.742,2835,74.07,74.25,74.11,74.03,<,<,>,>,>,>,-,C,P,-
1782130046.566,2836,74.25,74.05,74.13,74.13,>,>,>,<,<,=,-,O,C,O>MP>C
1782130820.17,2837,74.05,74.04,74.05,74.05,>,=,=,<,<,=,O=M=P,OMP,C,-
1782131184.76,2838,74.04,74.32,74.16,74.33,<,<,<,>,<,<,-,P,O,-
1782131658.596,2839,74.32,74.3,74.26,74.28,>,>,>,>,>,<,-,O,M,-
1782131917.804,2840,74.3,74.48,74.45,74.33,<,<,<,>,>,>,-,C,O,-
1782132227.735,2841,74.48,74.34,74.46,74.46,>,>,>,<,<,=,-,O,C,O>MP>C
1782132532.986,2842,74.34,74.55,74.38,74.36,<,<,<,>,>,>,-,C,O,-
1782133029.964,2843,74.55,74.36,74.35,74.38,>,>,>,>,<,<,-,O,M,-
1782133621.27,2844,74.36,74.32,74.37,74.37,>,<,<,<,<,=,-,MP,C,MP>O>C
1782134293.083,2845,74.32,74.46,74.4,74.43,<,<,<,>,>,<,-,C,O,-
1782135001.284,2846,74.46,74.3,74.34,74.4,>,>,>,<,<,<,-,O,C,-
1782135062.402,2847,74.3,74.76,74.65,74.74,<,<,<,>,>,<,-,C,O,-
1782135199.742,2848,74.76,74.39,74.61,74.78,>,>,<,<,<,<,-,P,C,-
1782135381.857,2849,74.39,74.73,74.53,74.33,<,<,>,>,>,>,-,C,P,-
1782135531.571,2850,74.73,74.71,74.79,74.8,>,<,<,<,<,<,-,P,C,-
1782135846.347,2851,74.71,74.65,74.6,74.52,>,>,>,>,>,>,-,O,P,-
1782136140.29,2852,74.65,74.76,74.72,74.68,<,<,<,>,>,>,-,C,O,-
1782136250.287,2853,74.76,74.91,74.82,74.86,<,<,<,>,>,<,-,C,O,-
1782136563.822,2854,74.91,74.86,74.87,74.85,>,>,>,<,>,>,-,O,P,-
1782136990.209,2855,74.86,74.71,74.87,74.93,>,<,<,<,<,<,-,P,C,-
1782137295.565,2856,74.71,74.49,74.52,74.4,>,>,>,<,>,>,-,O,P,-
1782137662.363,2857,74.49,74.27,74.34,74.31,>,>,>,<,<,>,-,O,C,-
1782137889.709,2858,74.27,74.12,74.12,73.98,>,>,>,=,>,>,-,O,P,-
1782138244.955,2859,74.12,74.04,74.1,74.08,>,>,>,<,<,>,-,O,C,-
1782138498.29,2860,74.04,73.77,73.96,73.96,>,>,>,<,<,=,-,O,C,O>MP>C
1782138674.712,2861,73.77,73.64,73.71,73.7,>,>,>,<,<,>,-,O,C,-
1782138745.648,2862,73.64,73.55,73.55,73.55,>,>,>,=,=,=,C=M=P,O,CMP,-
1782139055.237,2863,73.55,73.56,73.68,73.73,<,<,<,<,<,<,-,P,O,-
1782139182.706,2864,73.56,73.51,73.39,73.5,>,>,>,>,>,<,-,O,M,-
1782139568.948,2865,73.51,73.49,73.49,73.5,>,>,>,=,<,<,-,O,CM,-
1782140119.665,2866,73.49,73.39,73.51,73.51,>,<,<,<,<,=,-,MP,C,MP>O>C
1782140512.466,2867,73.39,73.55,73.29,73.24,<,>,>,>,>,>,-,C,P,-
1782141129.049,2868,73.55,73.47,73.41,73.33,>,>,>,>,>,>,-,O,P,-
1782141664.366,2869,73.47,73.5,73.58,73.65,<,<,<,<,<,<,-,P,O,-
1782142568.145,2870,73.5,73.71,73.61,73.6,<,<,<,>,>,>,-,C,O,-
1782143382.057,2871,73.71,72.96,73.33,73.5,>,>,>,<,<,<,-,O,C,-
1782144000.229,2872,72.96,73.1,73.05,73.07,<,<,<,>,>,<,-,C,O,-
1782144487.737,2873,73.1,72.77,72.93,72.96,>,>,>,<,<,<,-,O,C,-
1782144996.083,2874,72.77,72.65,72.71,72.69,>,>,>,<,<,>,-,O,C,-
1782145837.027,2875,72.65,72.71,72.77,72.72,<,<,<,<,<,>,-,M,O,-
1782146954.888,2876,72.71,72.78,72.65,72.65,<,>,>,>,>,=,-,C,MP,C>O>MP
1782148027.604,2877,72.78,72.79,72.87,72.87,<,<,<,<,<,=,-,MP,O,MP>C>O
1782149899.778,2878,72.8,72.87,72.83,72.68,<,<,>,>,>,>,-,C,P,-
1782151047.01,2879,72.87,73.27,73.07,73.27,<,<,<,>,=,<,-,CP,O,-
1782152283.328,2880,73.27,73.4,73.37,73.31,<,<,<,>,>,>,-,C,O,-
1782153920.931,2881,73.4,73.18,73.32,73.39,>,>,>,<,<,<,-,O,C,-
1782154075.202,2882,73.18,72.9,72.99,72.9,>,>,>,<,=,>,-,O,CP,-
1782154502.064,2883,72.9,72.63,72.79,72.91,>,>,<,<,<,<,-,P,C,-
1782154850.051,2884,72.63,72.58,72.6,72.6,>,>,>,<,<,=,-,O,C,O>MP>C
1782155752.787,2885,72.58,72.67,72.58,72.5,<,=,>,>,>,>,-,C,P,-
1782156584.291,2886,72.67,72.6,72.59,72.61,>,>,>,>,<,<,-,O,M,-
1782158057.559,2887,72.6,72.66,72.67,72.69,<,<,<,<,<,<,-,P,O,-
1782158847.906,2888,72.66,72.8,72.75,72.71,<,<,<,>,>,>,-,C,O,-
1782160069.199,2889,72.8,72.5,72.67,72.73,>,>,>,<,<,<,-,O,C,-
1782161865.915,2890,72.5,72.75,72.7,72.75,<,<,<,>,=,<,-,CP,O,-
1782163385.366,2891,72.75,72.6,72.75,72.79,>,=,<,<,<,<,-,P,C,-
1782164372.263,2892,72.6,72.28,72.55,72.39,>,>,>,<,<,>,-,O,C,-
1782164685.567,2893,72.28,72.37,72.35,72.38,<,<,<,>,<,<,-,P,O,-
1782165473.853,2894,72.37,72.65,72.55,72.65,<,<,<,>,=,<,-,CP,O,-
1782166219.068,2895,72.65,72.75,72.76,72.7,<,<,<,<,>,>,-,M,O,-
1782167224.412,2896,72.75,72.24,72.52,72.5,>,>,>,<,<,>,-,O,C,-
1782167281.509,2897,72.24,72.12,72.15,72.15,>,>,>,<,<,=,-,O,C,O>MP>C
1782167287.47,2898,72.12,71.57,71.83,72.0,>,>,>,<,<,<,-,O,C,-
1782167289.597,2899,71.57,71.38,71.56,71.55,>,>,>,<,<,>,-,O,C,-
1782167291.283,2900,71.38,71.5,71.44,71.46,<,<,<,>,>,<,-,C,O,-
1782167298.977,2901,71.5,71.71,71.58,71.59,<,<,<,>,>,<,-,C,O,-
1782167460.724,2903,71.8,71.8,71.8,71.81,=,=,<,=,<,<,O=C=M,P,OCM,-
1782167697.662,2904,71.8,71.98,71.87,71.94,<,<,<,>,>,<,-,C,O,-
1782167881.865,2905,71.98,71.61,71.66,71.64,>,>,>,<,<,>,-,O,C,-
1782168226.338,2906,71.61,71.79,71.7,71.73,<,<,<,>,>,<,-,C,O,-
1782168650.578,2907,71.79,71.92,71.78,71.77,<,>,>,>,>,>,-,C,P,-
1782169198.153,2908,71.92,72.06,71.96,71.94,<,<,<,>,>,>,-,C,O,-
1782169888.668,2909,72.06,72.0,72.0,71.99,>,>,>,=,>,>,-,O,P,-
1782170913.548,2910,72.0,72.06,72.01,72.06,<,<,<,>,=,<,-,CP,O,-
1782171847.753,2911,72.06,71.91,71.98,72.05,>,>,>,<,<,<,-,O,C,-
1782172802.28,2912,71.91,71.84,71.9,71.94,>,>,<,<,<,<,-,P,C,-
1782173485.818,2913,71.84,71.78,71.87,71.88,>,<,<,<,<,<,-,P,C,-
1782174021.512,2914,71.78,71.67,71.78,71.82,>,=,<,<,<,<,-,P,C,-
1782174357.791,2915,71.67,71.56,71.62,71.67,>,>,=,<,<,<,-,OP,C,-
1782174530.58,2916,71.56,71.44,71.5,71.5,>,>,>,<,<,=,-,O,C,O>MP>C
1782174642.652,2917,71.44,71.46,71.45,71.45,<,<,<,>,>,=,-,C,O,C>MP>O
1782175149.889,2918,71.46,71.54,71.58,71.48,<,<,<,<,>,>,-,M,O,-
1782175718.313,2919,71.54,71.65,71.69,71.75,<,<,<,<,<,<,-,P,O,-
1782176444.356,2920,71.65,71.9,71.79,71.8,<,<,<,>,>,<,-,C,O,-
1782177084.054,2921,71.9,71.88,71.89,71.9,>,>,=,<,<,<,-,OP,C,-
1782178073.774,2922,71.88,71.8,71.86,71.81,>,>,>,<,<,>,-,O,C,-
1782178691.099,2923,71.8,71.59,71.69,71.64,>,>,>,<,<,>,-,O,C,-
1782179301.848,2924,71.59,71.41,71.56,71.63,>,>,<,<,<,<,-,P,C,-
1782179477.755,2925,71.41,71.38,71.32,71.3,>,>,>,>,>,>,-,O,P,-
1782179730.396,2926,71.38,71.65,71.5,71.51,<,<,<,>,>,<,-,C,O,-
1782180596.795,2927,71.65,71.61,71.67,71.65,>,<,=,<,<,>,-,M,C,-
1782181288.645,2928,71.61,71.89,71.73,71.83,<,<,<,>,>,<,-,C,O,-
1782182525.415,2929,71.89,71.93,71.89,71.88,<,=,>,>,>,>,-,C,P,-
1782183580.626,2930,71.93,71.98,71.94,71.95,<,<,<,>,>,<,-,C,O,-
1782184114.596,2931,71.98,71.72,71.77,71.75,>,>,>,<,<,>,-,O,C,-
1782185429.809,2932,71.72,71.84,71.76,71.74,<,<,<,>,>,>,-,C,O,-
1782186635.604,2933,71.84,71.92,71.79,71.77,<,>,>,>,>,>,-,C,P,-
1782187957.63,2934,71.92,71.78,71.9,71.94,>,>,<,<,<,<,-,P,C,-
1782189060.63,2935,71.78,71.89,71.76,71.76,<,>,>,>,>,=,-,C,MP,C>O>MP
1782189852.999,2936,71.89,71.72,71.82,71.9,>,>,<,<,<,<,-,P,C,-
1782190287.052,2937,71.72,71.47,71.6,71.51,>,>,>,<,<,>,-,O,C,-
1782190511.266,2938,71.47,71.37,71.44,71.43,>,>,>,<,<,>,-,O,C,-
1782190794.112,2939,71.37,71.4,71.41,71.41,<,<,<,<,<,=,-,MP,O,MP>C>O
1782191295.158,2940,71.4,71.36,71.49,71.51,>,<,<,<,<,<,-,P,C,-
1782191706.776,2941,71.36,71.38,71.41,71.41,<,<,<,<,<,=,-,MP,O,MP>C>O
1782192119.73,2942,71.38,71.43,71.36,71.3,<,>,>,>,>,>,-,C,P,-
1782192275.825,2943,71.43,71.2,71.24,71.23,>,>,>,<,<,>,-,O,C,-
1782192343.066,2944,71.2,71.06,71.15,71.15,>,>,>,<,<,=,-,O,C,O>MP>C
1782192401.419,2945,71.06,71.05,71.01,71.0,>,>,>,>,>,>,-,O,P,-
1782192604.812,2946,71.05,71.11,71.06,71.0,<,<,>,>,>,>,-,C,P,-
1782192893.415,2947,71.11,70.89,71.03,71.05,>,>,>,<,<,<,-,O,C,-
1782192996.445,2948,70.89,71.08,70.92,70.85,<,<,>,>,>,>,-,C,P,-
1782193435.338,2949,71.08,71.05,70.98,70.95,>,>,>,>,>,>,-,O,P,-
1782193977.778,2950,71.05,71.04,71.04,71.02,>,>,>,=,>,>,-,O,P,-
1782194434.954,2951,71.04,70.9,70.96,70.94,>,>,>,<,<,>,-,O,C,-
1782194514.97,2952,70.9,70.88,70.85,70.82,>,>,>,>,>,>,-,O,P,-
1782194855.222,2953,70.88,70.74,70.85,70.85,>,>,>,<,<,=,-,O,C,O>MP>C
1782194910.073,2954,70.74,70.57,70.65,70.72,>,>,>,<,<,<,-,O,C,-
1782195167.549,2955,70.57,70.81,70.7,70.65,<,<,<,>,>,>,-,C,O,-
1782195451.83,2956,70.81,70.77,70.74,70.7,>,>,>,>,>,>,-,O,P,-
1782195467.326,2957,70.77,70.46,70.62,70.62,>,>,>,<,<,=,-,O,C,O>MP>C
1782195509.905,2958,70.46,70.4,70.46,70.5,>,=,<,<,<,<,-,P,C,-
1782195555.391,2959,70.4,70.32,70.31,70.3,>,>,>,>,>,>,-,O,P,-
1782195645.208,2960,70.32,70.11,70.21,70.22,>,>,>,<,<,<,-,O,C,-
1782195672.5,2961,70.11,69.91,70.05,70.1,>,>,>,<,<,<,-,O,C,-
1782195681.361,2962,69.91,69.75,69.77,69.74,>,>,>,<,>,>,-,O,P,-
1782195706.198,2963,69.75,69.87,69.82,69.82,<,<,<,>,>,=,-,C,O,C>MP>O
1782195758.818,2964,69.87,69.78,69.82,69.83,>,>,>,<,<,<,-,O,C,-
1782195837.2,2965,69.78,69.76,69.72,69.68,>,>,>,>,>,>,-,O,P,-
1782195923.517,2966,69.76,69.84,69.85,69.9,<,<,<,<,<,<,-,P,O,-
1782196040.328,2967,69.84,69.76,69.85,69.81,>,<,>,<,<,>,-,M,C,-
1782196184.619,2968,69.76,69.93,69.86,69.86,<,<,<,>,>,=,-,C,O,C>MP>O
1782196344.273,2969,69.93,70.0,69.91,69.91,<,>,>,>,>,=,-,C,MP,C>O>MP
1782196471.163,2970,70.0,70.09,70.08,70.08,<,<,<,>,>,=,-,C,O,C>MP>O
1782196733.112,2971,70.09,70.2,70.14,70.14,<,<,<,>,>,=,-,C,O,C>MP>O
1782197219.285,2972,70.2,70.22,70.17,70.17,<,>,>,>,>,=,-,C,MP,C>O>MP
1782197846.37,2973,70.22,70.29,70.29,70.29,<,<,<,=,=,=,C=M=P,CMP,O,-
1782198435.69,2974,70.29,70.37,70.32,70.34,<,<,<,>,>,<,-,C,O,-
1782199800.056,2976,70.4,70.4,70.42,70.42,=,<,<,<,<,=,O=C&M=P,MP,OC,-
1782200956.116,2978,70.19,70.19,70.19,70.17,=,=,>,=,>,>,O=C=M,OCM,P,-
1782201509.316,2979,70.19,70.05,70.09,70.08,>,>,>,<,<,>,-,O,C,-
1782201686.429,2980,70.05,69.9,69.94,69.96,>,>,>,<,<,<,-,O,C,-
1782202282.069,2981,69.9,70.06,69.92,69.91,<,<,<,>,>,>,-,C,O,-
1782202432.063,2982,70.06,69.67,69.82,69.68,>,>,>,<,<,>,-,O,C,-
1782202438.795,2983,69.67,69.31,69.54,69.59,>,>,>,<,<,<,-,O,C,-
1782202448.722,2984,69.31,69.2,69.23,69.25,>,>,>,<,<,<,-,O,C,-
1782202473.687,2985,69.2,69.0,69.09,69.08,>,>,>,<,<,>,-,O,C,-
1782202510.963,2986,69.0,69.02,68.99,69.0,<,>,=,>,>,<,-,C,M,-
1782202548.605,2987,69.02,68.88,68.8,68.68,>,>,>,>,>,>,-,O,P,-
1782202636.555,2988,68.88,68.68,68.84,68.9,>,>,<,<,<,<,-,P,C,-
1782202660.191,2989,68.68,68.47,68.5,68.5,>,>,>,<,<,=,-,O,C,O>MP>C
1782202720.686,2990,68.47,68.62,68.7,68.73,<,<,<,<,<,<,-,P,O,-
1782202820.735,2991,68.62,68.6,68.55,68.5,>,>,>,>,>,>,-,O,P,-
1782202942.391,2992,68.6,68.75,68.74,68.76,<,<,<,>,<,<,-,P,O,-
1782203062.041,2993,68.75,68.33,68.49,68.47,>,>,>,<,<,>,-,O,C,-
1782203102.507,2994,68.33,68.34,68.24,68.22,<,>,>,>,>,>,-,C,P,-
1782203206.279,2995,68.34,68.45,68.43,68.43,<,<,<,>,>,=,-,C,O,C>MP>O
1782203320.826,2996,68.45,68.42,68.33,68.37,>,>,>,>,>,<,-,O,M,-
1782203432.845,2997,68.42,68.58,68.44,68.43,<,<,<,>,>,>,-,C,O,-
1782203643.053,2998,68.58,68.69,68.63,68.63,<,<,<,>,>,=,-,C,O,C>MP>O
1782203898.204,2999,68.69,68.66,68.72,68.75,>,<,<,<,<,<,-,P,C,-
1782204343.828,3000,68.66,68.7,68.76,68.8,<,<,<,<,<,<,-,P,O,-
1782204935.167,3001,68.7,68.58,68.62,68.53,>,>,>,<,>,>,-,O,P,-
1782205810.729,3002,68.58,68.68,68.79,68.8,<,<,<,<,<,<,-,P,O,-
1782206768.389,3003,68.68,68.88,68.83,68.79,<,<,<,>,>,>,-,C,O,-
1782207793.78,3004,68.88,68.75,68.85,68.86,>,>,>,<,<,<,-,O,C,-
1782208865.236,3005,68.75,68.94,68.85,68.8,<,<,<,>,>,>,-,C,O,-
1782209466.887,3006,68.94,68.95,69.04,68.95,<,<,<,<,=,>,-,M,O,-
1782211091.464,3007,68.95,68.78,68.87,68.86,>,>,>,<,<,>,-,O,C,-
1782211965.135,3008,68.78,68.7,68.66,68.67,>,>,>,>,>,<,-,O,M,-
1782213240.678,3009,68.7,68.93,68.82,68.71,<,<,<,>,>,>,-,C,O,-
1782213696.746,3010,68.93,69.1,69.07,69.19,<,<,<,>,<,<,-,P,O,-
1782214398.515,3011,69.1,69.26,69.12,69.1,<,<,=,>,>,>,-,C,OP,-
1782215228.583,3012,69.26,69.22,69.2,69.21,>,>,>,>,>,<,-,O,M,-
1782216002.755,3013,69.22,69.25,69.14,69.1,<,>,>,>,>,>,-,C,P,-
1782217052.245,3014,69.25,69.08,69.19,69.09,>,>,>,<,<,>,-,O,C,-
1782218103.624,3015,69.08,69.06,69.09,69.04,>,<,>,<,>,>,-,M,P,-
1782218948.302,3016,69.06,69.04,69.05,69.0,>,>,>,<,>,>,-,O,P,-
1782219593.214,3017,69.04,68.92,68.89,68.87,>,>,>,>,>,>,-,O,P,-
1782220213.927,3018,68.92,68.73,68.8,68.8,>,>,>,<,<,=,-,O,C,O>MP>C
1782220847.25,3019,68.73,68.87,68.84,68.88,<,<,<,>,<,<,-,P,O,-
1782221268.539,3020,68.87,68.71,68.71,68.7,>,>,>,=,>,>,-,O,P,-
1782221508.447,3021,68.71,68.79,68.69,68.69,<,>,>,>,>,=,-,C,MP,C>O>MP
1782221639.073,3023,69.13,69.13,69.17,69.15,=,<,<,<,<,>,-,M,OC,-
1782221974.055,3024,69.13,69.08,69.11,69.06,>,>,>,<,>,>,-,O,P,-
1782222311.81,3025,69.08,68.9,68.95,68.98,>,>,>,<,<,<,-,O,C,-
1782222759.241,3026,68.9,69.18,69.01,69.0,<,<,<,>,>,>,-,C,O,-
1782223214.816,3027,69.18,69.16,69.12,69.08,>,>,>,>,>,>,-,O,P,-
1782223534.136,3028,69.16,69.06,69.25,69.3,>,<,<,<,<,<,-,P,C,-
1782223978.773,3029,69.06,69.34,69.26,69.24,<,<,<,>,>,>,-,C,O,-
1782224228.175,3030,69.34,69.57,69.43,69.5,<,<,<,>,>,<,-,C,O,-
1782224457.465,3031,69.57,69.56,69.55,69.57,>,>,=,>,<,<,-,OP,M,-
1782224731.624,3032,69.56,69.19,69.37,69.33,>,>,>,<,<,>,-,O,C,-
1782225132.868,3033,69.19,69.14,69.18,69.16,>,>,>,<,<,>,-,O,C,-
1782225705.474,3034,69.14,69.23,69.31,69.44,<,<,<,<,<,<,-,P,O,-
1782226564.149,3035,69.23,69.24,69.22,69.23,<,>,=,>,>,<,-,C,M,-
1782227186.752,3036,69.24,68.93,69.07,69.06,>,>,>,<,<,>,-,O,C,-
1782227499.592,3037,68.93,68.71,68.79,68.8,>,>,>,<,<,<,-,O,C,-
1782228289.998,3038,68.71,68.58,68.7,68.7,>,>,>,<,<,=,-,O,C,O>MP>C
1782229077.046,3039,68.58,68.82,68.71,68.5,<,<,>,>,>,>,-,C,P,-
1782229687.34,3040,68.82,68.36,68.65,68.58,>,>,>,<,<,>,-,O,C,-
1782230493.684,3041,68.36,68.92,68.57,68.37,<,<,<,>,>,>,-,C,O,-
1782230972.453,3042,68.92,69.16,69.07,69.16,<,<,<,>,=,<,-,CP,O,-
1782231524.802,3043,69.16,69.13,69.23,69.24,>,<,<,<,<,<,-,P,C,-
1782233108.321,3044,69.13,69.01,69.03,69.02,>,>,>,<,<,>,-,O,C,-
1782234533.038,3045,69.02,68.63,68.83,68.86,>,>,>,<,<,<,-,O,C,-
1782235896.466,3046,68.63,68.85,68.9,69.04,<,<,<,<,<,<,-,P,O,-
1782237584.804,3047,68.85,68.72,68.84,68.85,>,>,=,<,<,<,-,OP,C,-
1782239167.087,3048,68.72,68.95,68.82,68.78,<,<,<,>,>,>,-,C,O,-
1782240631.802,3049,68.95,68.81,68.75,68.75,>,>,>,>,>,=,-,O,MP,O>C>MP
1782241703.758,3050,68.81,68.92,68.89,68.87,<,<,<,>,>,>,-,C,O,-
1782243053.487,3051,68.92,68.94,68.85,68.77,<,>,>,>,>,>,-,C,P,-
1782244214.359,3052,68.94,68.87,68.81,68.76,>,>,>,>,>,>,-,O,P,-
1782244909.522,3053,68.87,68.96,68.89,68.89,<,<,<,>,>,=,-,C,O,C>MP>O
1782246300.598,3054,68.96,68.92,68.96,68.97,>,=,<,<,<,<,-,P,C,-
1782247508.469,3055,68.92,68.89,68.94,68.94,>,<,<,<,<,=,-,MP,C,MP>O>C
1782248555.808,3056,68.89,68.98,68.93,68.89,<,<,=,>,>,>,-,C,OP,-
1782249185.113,3057,68.98,69.1,69.11,69.12,<,<,<,<,<,<,-,P,O,-
1782250100.65,3058,69.1,69.06,69.09,69.05,>,>,>,<,>,>,-,O,P,-
1782250284.587,3059,69.06,69.24,69.21,69.18,<,<,<,>,>,>,-,C,O,-
1782251353.073,3060,69.24,69.21,69.22,69.22,>,>,>,<,<,=,-,O,C,O>MP>C
1782252306.811,3061,69.21,69.32,69.22,69.2,<,<,>,>,>,>,-,C,P,-
1782252654.863,3062,69.32,69.5,69.45,69.47,<,<,<,>,>,<,-,C,O,-
1782252839.586,3063,69.5,69.61,69.56,69.59,<,<,<,>,>,<,-,C,O,-
1782252919.27,3064,69.61,69.58,69.63,69.61,>,<,=,<,<,>,-,M,C,-
1782253041.061,3065,69.58,69.8,69.71,69.72,<,<,<,>,>,<,-,C,O,-
1782253843.132,3067,69.48,69.48,69.39,69.38,=,>,>,>,>,>,-,OC,P,-
1782254421.209,3068,69.48,69.51,69.47,69.5,<,>,<,>,>,<,-,C,M,-
1782255275.623,3069,69.51,69.45,69.47,69.52,>,>,<,<,<,<,-,P,C,-
1782255902.161,3070,69.45,69.39,69.45,69.45,>,=,=,<,<,=,O=M=P,OMP,C,-
1782256271.36,3071,69.39,69.33,69.31,69.31,>,>,>,>,>,=,-,O,MP,O>C>MP
1782257224.988,3072,69.33,69.49,69.42,69.36,<,<,<,>,>,>,-,C,O,-
1782258286.185,3073,69.49,69.4,69.47,69.38,>,>,>,<,>,>,-,O,P,-
1782258691.075,3074,69.4,69.64,69.65,69.66,<,<,<,<,<,<,-,P,O,-
1782259278.037,3075,69.64,69.71,69.67,69.7,<,<,<,>,>,<,-,C,O,-
1782259681.366,3076,69.71,69.79,69.68,69.68,<,>,>,>,>,=,-,C,MP,C>O>MP
1782259950.504,3077,69.79,69.88,69.83,69.82,<,<,<,>,>,>,-,C,O,-
1782260383.109,3078,69.88,69.9,69.9,69.92,<,<,<,=,<,<,-,P,O,-
1782261054.688,3079,69.9,69.82,69.82,69.82,>,>,>,=,=,=,C=M=P,O,CMP,-
1782261478.5,3080,69.82,69.86,69.83,69.78,<,<,>,>,>,>,-,C,P,-
1782261547.593,3081,69.86,70.01,70.01,70.01,<,<,<,=,=,=,C=M=P,CMP,O,-
1782261714.673,3082,70.01,69.97,70.01,70.01,>,=,=,<,<,=,O=M=P,OMP,C,-
1782262040.16,3083,69.97,69.99,69.98,70.0,<,<,<,>,<,<,-,P,O,-
1782262585.372,3084,69.99,69.85,70.0,69.99,>,<,=,<,<,>,-,M,C,-
1782263229.058,3085,69.85,69.76,69.85,69.92,>,=,<,<,<,<,-,P,C,-
1782263804.362,3086,69.76,69.7,69.78,69.77,>,<,<,<,<,>,-,M,C,-
1782264639.332,3087,69.7,69.96,69.81,69.64,<,<,>,>,>,>,-,C,P,-
1782264725.822,3088,69.96,70.17,70.18,70.2,<,<,<,<,<,<,-,P,O,-
1782265051.827,3089,70.17,70.29,70.23,70.23,<,<,<,>,>,=,-,C,O,C>MP>O
1782265309.705,3090,70.29,70.11,70.25,70.3,>,>,<,<,<,<,-,P,C,-
1782266107.011,3091,70.11,70.24,70.18,70.2,<,<,<,>,>,<,-,C,O,-
1782266605.231,3092,70.24,70.0,70.08,70.09,>,>,>,<,<,<,-,O,C,-
1782266803.167,3093,70.0,69.9,69.91,69.85,>,>,>,<,>,>,-,O,P,-
1782267293.287,3094,69.9,69.86,69.86,69.85,>,>,>,=,>,>,-,O,P,-
1782267680.189,3095,69.86,69.58,69.67,69.68,>,>,>,<,<,<,-,O,C,-
1782268206.304,3096,69.58,69.7,69.57,69.55,<,>,>,>,>,>,-,C,P,-
1782268852.033,3097,69.7,69.72,69.61,69.7,<,>,=,>,>,<,-,C,M,-
1782269577.485,3098,69.72,69.48,69.6,69.6,>,>,>,<,<,=,-,O,C,O>MP>C
1782270280.488,3099,69.48,69.31,69.43,69.44,>,>,>,<,<,<,-,O,C,-
1782270891.735,3100,69.31,69.33,69.33,69.35,<,<,<,=,<,<,-,P,O,-
1782271196.044,3101,69.33,69.05,69.18,69.11,>,>,>,<,<,>,-,O,C,-
1782271691.125,3102,69.05,69.29,69.2,69.26,<,<,<,>,>,<,-,C,O,-
1782272137.625,3103,69.29,69.6,69.45,69.46,<,<,<,>,>,<,-,C,O,-
1782273184.801,3104,69.6,69.58,69.67,69.68,>,<,<,<,<,<,-,P,C,-
1782274113.294,3105,69.58,69.43,69.52,69.54,>,>,>,<,<,<,-,O,C,-
1782275031.344,3106,69.43,69.19,69.37,69.41,>,>,>,<,<,<,-,O,C,-
1782275155.52,3107,69.19,69.08,69.01,69.02,>,>,>,>,>,<,-,O,M,-
1782275932.27,3108,69.08,69.28,69.24,69.26,<,<,<,>,>,<,-,C,O,-
1782276872.715,3109,69.28,69.5,69.5,69.5,<,<,<,=,=,=,C=M=P,CMP,O,-
1782277887.646,3110,69.5,69.76,69.57,69.56,<,<,<,>,>,>,-,C,O,-
1782278746.671,3111,69.76,69.89,69.75,69.75,<,>,>,>,>,=,-,C,MP,C>O>MP
1782279446.479,3112,69.89,70.16,69.94,70.0,<,<,<,>,>,<,-,C,O,-
1782280176.356,3113,70.16,69.96,70.01,69.98,>,>,>,<,<,>,-,O,C,-
1782281410.67,3114,69.96,69.89,69.85,69.86,>,>,>,>,>,<,-,O,M,-
1782282556.466,3115,69.89,69.85,69.9,69.94,>,<,<,<,<,<,-,P,C,-
1782283596.913,3116,69.85,69.67,69.85,69.88,>,=,<,<,<,<,-,P,C,-
1782284563.732,3117,69.67,69.61,69.7,69.7,>,<,<,<,<,=,-,MP,C,MP>O>C
1782285289.91,3118,69.61,69.63,69.59,69.62,<,>,<,>,>,<,-,C,M,-
1782286025.063,3119,69.63,69.55,69.6,69.6,>,>,>,<,<,=,-,O,C,O>MP>C
1782286840.405,3120,69.55,69.46,69.46,69.56,>,>,<,=,<,<,-,P,CM,-
1782287479.01,3121,69.46,69.31,69.46,69.5,>,=,<,<,<,<,-,P,C,-
1782288090.418,3122,69.31,69.35,69.31,69.31,<,=,=,>,>,=,O=M=P,C,OMP,-
1782288722.374,3123,69.35,69.3,69.37,69.3,>,<,>,<,=,>,-,M,CP,-
1782289456.296,3124,69.3,69.37,69.29,69.29,<,>,>,>,>,=,-,C,MP,C>O>MP
1782290032.594,3125,69.37,69.59,69.39,69.36,<,<,>,>,>,>,-,C,P,-
1782290764.774,3126,69.59,69.44,69.45,69.48,>,>,>,<,<,<,-,O,C,-
1782291740.323,3127,69.44,69.36,69.41,69.41,>,>,>,<,<,=,-,O,C,O>MP>C
1782292380.785,3128,69.36,69.33,69.33,69.3,>,>,>,=,>,>,-,O,P,-
1782292722.999,3129,69.33,69.41,69.38,69.37,<,<,<,>,>,>,-,C,O,-
1782293707.482,3130,69.41,69.25,69.28,69.24,>,>,>,<,>,>,-,O,P,-
1782295108.799,3131,69.24,69.3,69.25,69.29,<,<,<,>,>,<,-,C,O,-
1782295861.396,3132,69.3,69.09,69.22,69.22,>,>,>,<,<,=,-,O,C,O>MP>C
1782296377.299,3133,69.09,69.0,69.12,69.12,>,<,<,<,<,=,-,MP,C,MP>O>C
1782296503.313,3134,69.0,69.02,68.95,68.94,<,>,>,>,>,>,-,C,P,-
1782297110.607,3135,69.02,69.1,69.05,69.07,<,<,<,>,>,<,-,C,O,-
1782297769.951,3136,69.1,69.17,69.12,69.15,<,<,<,>,>,<,-,C,O,-
1782298311.633,3137,69.17,69.02,69.14,69.15,>,>,>,<,<,<,-,O,C,-
1782298927.016,3138,69.02,69.08,69.01,69.0,<,>,>,>,>,>,-,C,P,-
1782299286.315,3139,69.08,68.87,68.93,69.05,>,>,>,<,<,<,-,O,C,-
1782299550.299,3140,68.87,68.96,68.89,68.84,<,<,>,>,>,>,-,C,P,-
1782299831.232,3141,68.96,68.83,68.84,68.8,>,>,>,<,>,>,-,O,P,-
1782300284.523,3142,68.83,68.9,68.81,68.81,<,>,>,>,>,=,-,C,MP,C>O>MP
1782300999.066,3143,68.9,69.1,68.92,68.91,<,<,<,>,>,>,-,C,O,-
1782301132.801,3144,69.1,69.28,69.26,69.29,<,<,<,>,<,<,-,P,O,-
1782301421.09,3145,69.28,69.42,69.32,69.26,<,<,>,>,>,>,-,C,P,-
1782301539.56,3146,69.42,69.5,69.49,69.49,<,<,<,>,>,=,-,C,O,C>MP>O
1782301725.582,3147,69.5,69.74,69.55,69.49,<,<,>,>,>,>,-,C,P,-
1782301757.416,3148,69.74,70.12,69.93,70.0,<,<,<,>,>,<,-,C,O,-
1782301776.491,3149,70.12,70.33,70.2,70.1,<,<,>,>,>,>,-,C,P,-
1782301826.646,3150,70.33,70.06,70.19,70.14,>,>,>,<,<,>,-,O,C,-
1782301982.846,3151,70.06,69.87,69.95,69.9,>,>,>,<,<,>,-,O,C,-
1782302164.9,3152,69.87,69.74,69.87,69.88,>,=,<,<,<,<,-,P,C,-
1782302536.595,3153,69.74,69.67,69.75,69.78,>,<,<,<,<,<,-,P,C,-
1782302847.608,3154,69.67,69.72,69.78,69.78,<,<,<,<,<,=,-,MP,O,MP>C>O
1782303328.909,3155,69.72,69.73,69.8,69.81,<,<,<,<,<,<,-,P,O,-
1782303749.42,3156,69.73,69.78,69.8,69.8,<,<,<,<,<,=,-,MP,O,MP>C>O
1782304192.698,3157,69.78,69.7,69.69,69.63,>,>,>,>,>,>,-,O,P,-
1782305048.957,3158,69.7,69.69,69.69,69.68,>,>,>,=,>,>,-,O,P,-
1782305726.36,3159,69.7,69.51,69.52,69.47,>,>,>,<,>,>,-,O,P,-
1782306077.211,3160,69.51,69.29,69.42,69.42,>,>,>,<,<,=,-,O,C,O>MP>C
1782306286.155,3161,69.29,69.1,69.23,69.26,>,>,>,<,<,<,-,O,C,-
1782306417.135,3162,69.1,68.91,69.1,69.1,>,=,=,<,<,=,O=M=P,OMP,C,-
1782306574.0,3163,68.91,68.92,69.0,68.94,<,<,<,<,<,>,-,M,O,-
1782306710.953,3164,68.92,68.77,68.84,68.8,>,>,>,<,<,>,-,O,C,-
1782306752.297,3165,68.77,68.57,68.65,68.63,>,>,>,<,<,>,-,O,C,-
1782306813.475,3166,68.57,68.69,68.6,68.57,<,<,=,>,>,>,-,C,OP,-
1782307005.08,3167,68.69,68.66,68.69,68.66,>,=,>,<,=,>,O=M&C=P,OM,CP,-
1782307251.154,3168,68.66,68.86,68.79,68.79,<,<,<,>,>,=,-,C,O,C>MP>O
1782307359.704,3169,68.86,68.49,68.54,68.43,>,>,>,<,>,>,-,O,P,-
1782307408.773,3170,68.49,68.36,68.42,68.45,>,>,>,<,<,<,-,O,C,-
1782307503.012,3171,68.36,68.63,68.52,68.37,<,<,<,>,>,>,-,C,O,-
1782307612.807,3172,68.63,68.83,68.82,68.82,<,<,<,>,>,=,-,C,O,C>MP>O
1782307800.161,3173,68.83,68.92,68.87,68.88,<,<,<,>,>,<,-,C,O,-
1782307904.826,3174,68.92,68.79,68.76,68.78,>,>,>,>,>,<,-,O,M,-
1782307996.08,3175,68.79,69.35,68.98,68.7,<,<,>,>,>,>,-,C,P,-
1782308103.105,3176,69.35,69.26,69.35,69.42,>,=,<,<,<,<,-,P,C,-
1782308214.917,3177,69.26,69.04,69.23,69.28,>,>,<,<,<,<,-,P,C,-
1782308436.384,3178,69.04,68.92,69.06,69.1,>,<,<,<,<,<,-,P,C,-
1782308616.473,3179,68.92,68.62,68.81,68.81,>,>,>,<,<,=,-,O,C,O>MP>C
1782308749.119,3180,68.62,68.81,68.76,68.83,<,<,<,>,<,<,-,P,O,-
1782308846.661,3181,68.81,68.73,68.72,68.73,>,>,>,>,=,<,-,O,M,-
1782308989.646,3182,68.73,68.96,68.81,68.71,<,<,>,>,>,>,-,C,P,-
1782309139.181,3183,68.96,69.19,69.17,69.19,<,<,<,>,=,<,-,CP,O,-
1782309604.67,3184,69.19,68.75,68.93,68.9,>,>,>,<,<,>,-,O,C,-
1782309865.526,3185,68.75,68.89,68.8,68.83,<,<,<,>,>,<,-,C,O,-
1782310120.515,3186,68.89,68.8,68.95,68.8,>,<,>,<,=,>,-,M,CP,-
1782310439.523,3187,68.8,68.76,68.89,68.79,>,<,>,<,<,>,-,M,C,-
1782310751.963,3188,68.76,68.67,68.74,68.73,>,>,>,<,<,>,-,O,C,-
1782310908.933,3189,68.67,68.76,68.66,68.66,<,>,>,>,>,=,-,C,MP,C>O>MP
1782311245.746,3190,68.76,68.92,68.92,69.0,<,<,<,=,<,<,-,P,O,-
1782311606.113,3191,68.92,69.17,69.18,69.25,<,<,<,<,<,<,-,P,O,-
1782312201.644,3192,69.17,68.74,69.12,68.9,>,>,>,<,<,>,-,O,C,-
1782313055.677,3193,68.74,68.8,68.99,68.99,<,<,<,<,<,=,-,MP,O,MP>C>O
1782313645.564,3194,68.8,68.5,68.73,68.8,>,>,=,<,<,<,-,OP,C,-
1782314092.322,3195,68.5,68.34,68.41,68.33,>,>,>,<,>,>,-,O,P,-
1782314742.209,3196,68.34,68.33,68.42,68.39,>,<,<,<,<,>,-,M,C,-
1782315205.223,3197,68.33,68.0,68.26,68.0,>,>,>,<,=,>,-,O,CP,-
1782315558.126,3198,68.0,67.96,68.05,68.07,>,<,<,<,<,<,-,P,C,-
1782315780.687,3199,67.96,67.71,67.85,67.87,>,>,>,<,<,<,-,O,C,-
1782315930.336,3200,67.71,67.45,67.65,67.72,>,>,<,<,<,<,-,P,C,-
1782316101.78,3201,67.45,67.47,67.41,67.42,<,>,>,>,>,<,-,C,M,-
1782316691.685,3202,67.47,67.33,67.44,67.43,>,>,>,<,<,>,-,O,C,-
1782317277.263,3203,67.33,67.54,67.42,67.43,<,<,<,>,>,<,-,C,O,-
1782317784.734,3204,67.54,67.66,67.55,67.52,<,<,>,>,>,>,-,C,P,-
1782318181.416,3205,67.66,67.77,67.62,67.64,<,>,>,>,>,<,-,C,M,-
1782318941.196,3206,67.77,67.81,67.78,67.76,<,<,>,>,>,>,-,C,P,-
1782319515.07,3207,67.81,67.18,67.43,67.4,>,>,>,<,<,>,-,O,C,-
1782319660.657,3208,67.18,66.92,67.02,67.0,>,>,>,<,<,>,-,O,C,-
1782319909.657,3210,66.5,66.5,66.41,66.41,=,>,>,>,>,=,O=C&M=P,OC,MP,-
1782319961.083,3211,66.5,66.77,66.51,66.5,<,<,=,>,>,>,-,C,OP,-
1782320108.069,3212,66.77,66.44,66.51,66.5,>,>,>,<,<,>,-,O,C,-
1782320399.176,3213,66.44,66.5,66.43,66.43,<,>,>,>,>,=,-,C,MP,C>O>MP
1782320789.679,3214,66.5,66.43,66.7,66.7,>,<,<,<,<,=,-,MP,C,MP>O>C
1782321246.069,3215,66.43,66.17,66.35,66.33,>,>,>,<,<,>,-,O,C,-
1782321586.521,3216,66.17,65.95,66.06,66.12,>,>,>,<,<,<,-,O,C,-
1782321707.877,3217,65.95,65.51,65.51,65.5,>,>,>,=,>,>,-,O,P,-
1782322003.323,3218,65.51,65.46,65.33,65.32,>,>,>,>,>,>,-,O,P,-
1782322478.718,3219,65.46,65.55,65.56,65.58,<,<,<,<,<,<,-,P,O,-
1782323244.334,3220,65.55,64.97,65.27,65.1,>,>,>,<,<,>,-,O,C,-
1782323473.199,3221,64.97,65.0,64.88,64.8,<,>,>,>,>,>,-,C,P,-
1782324247.263,3222,65.0,64.92,64.96,64.97,>,>,>,<,<,<,-,O,C,-
1782324907.197,3223,64.92,65.53,65.23,65.3,<,<,<,>,>,<,-,C,O,-
1782325327.217,3224,65.53,66.19,65.81,65.8,<,<,<,>,>,>,-,C,O,-
1782325803.639,3225,66.19,66.12,66.17,66.17,>,>,>,<,<,=,-,O,C,O>MP>C
1782326989.177,3226,66.12,65.78,66.04,66.12,>,>,=,<,<,<,-,OP,C,-
1782328313.857,3227,65.78,65.67,65.95,66.0,>,<,<,<,<,<,-,P,C,-
1782329764.918,3228,65.67,65.92,65.72,65.69,<,<,<,>,>,>,-,C,O,-
1782331210.288,3229,65.92,66.07,65.97,66.09,<,<,<,>,<,<,-,P,O,-
1782331501.825,3230,66.07,66.68,66.7,66.83,<,<,<,<,<,<,-,P,O,-
1782332072.143,3231,66.68,67.22,67.19,67.33,<,<,<,>,<,<,-,P,O,-
1782333296.035,3232,67.22,67.25,67.38,67.38,<,<,<,<,<,=,-,MP,O,MP>C>O
1782334413.159,3233,67.25,67.82,67.65,67.9,<,<,<,>,<,<,-,P,O,-
1782335623.873,3234,67.82,67.38,67.41,67.35,>,>,>,<,>,>,-,O,P,-
1782337861.372,3235,67.38,67.79,67.45,67.8,<,<,<,>,<,<,-,P,O,-
1782338836.738,3236,67.79,68.07,68.16,68.16,<,<,<,<,<,=,-,MP,O,MP>C>O
1782340379.448,3237,68.07,67.9,67.93,67.8,>,>,>,<,>,>,-,O,P,-
1782342613.495,3238,67.9,67.77,67.8,67.8,>,>,>,<,<,=,-,O,C,O>MP>C
1782344104.198,3239,67.77,68.01,68.01,68.02,<,<,<,=,<,<,-,P,O,-
1782345672.963,3240,68.01,68.03,68.01,68.02,<,=,<,>,>,<,-,C,OM,-
1782346762.906,3241,68.03,67.99,68.12,68.18,>,<,<,<,<,<,-,P,C,-
1782347732.463,3242,67.99,67.82,67.9,67.88,>,>,>,<,<,>,-,O,C,-
1782348530.012,3243,67.82,67.7,67.79,67.8,>,>,>,<,<,<,-,O,C,-
1782349213.511,3244,67.7,67.67,67.62,67.55,>,>,>,>,>,>,-,O,P,-
1782349813.715,3245,67.67,67.46,67.54,67.53,>,>,>,<,<,>,-,O,C,-
1782350786.311,3246,67.46,67.6,67.53,67.47,<,<,<,>,>,>,-,C,O,-
1782352109.854,3247,67.6,67.76,67.7,67.72,<,<,<,>,>,<,-,C,O,-
1782352938.292,3248,67.76,67.86,67.86,67.9,<,<,<,=,<,<,-,P,O,-
1782353951.718,3249,67.86,67.67,67.69,67.62,>,>,>,<,>,>,-,O,P,-
1782355398.494,3250,67.67,67.63,67.78,67.81,>,<,<,<,<,<,-,P,C,-
1782356436.946,3251,67.63,67.73,67.64,67.62,<,<,>,>,>,>,-,C,P,-
1782358556.243,3253,67.58,67.58,67.61,67.58,=,<,=,<,=,>,O=C=P,M,OCP,-
1782359337.813,3254,67.58,67.56,67.53,67.52,>,>,>,>,>,>,-,O,P,-
1782360195.96,3255,67.56,67.62,67.63,67.64,<,<,<,<,<,<,-,P,O,-
1782360306.879,3256,67.62,67.6,67.6,67.6,>,>,>,=,=,=,C=M=P,O,CMP,-
1782361591.168,3257,67.6,67.65,67.59,67.54,<,>,>,>,>,>,-,C,P,-
1782362484.889,3258,67.65,67.61,67.59,67.49,>,>,>,>,>,>,-,O,P,-
1782362865.008,3259,67.61,67.94,67.81,67.85,<,<,<,>,>,<,-,C,O,-
1782363016.256,3260,67.94,68.12,68.01,68.0,<,<,<,>,>,>,-,C,O,-
1782363183.148,3261,68.12,68.18,68.12,68.13,<,=,<,>,>,<,-,C,OM,-
1782363252.041,3262,68.18,68.2,68.2,68.2,<,<,<,=,=,=,C=M=P,CMP,O,-
1782363396.275,3263,68.2,68.26,68.3,68.3,<,<,<,<,<,=,-,MP,O,MP>C>O
1782363491.693,3264,68.26,68.42,68.39,68.25,<,<,>,>,>,>,-,C,P,-
1782363714.691,3265,68.42,68.48,68.4,68.4,<,>,>,>,>,=,-,C,MP,C>O>MP
1782363755.362,3266,68.48,68.73,68.63,68.65,<,<,<,>,>,<,-,C,O,-
1782363825.564,3267,68.73,68.62,68.72,68.8,>,>,<,<,<,<,-,P,C,-
1782364009.546,3268,68.62,68.68,68.67,68.68,<,<,<,>,=,<,-,CP,O,-
1782364095.366,3269,68.68,68.86,68.82,68.86,<,<,<,>,=,<,-,CP,O,-
1782364156.761,3270,68.86,68.95,68.93,68.93,<,<,<,>,>,=,-,C,O,C>MP>O
1782364190.076,3271,68.95,69.08,68.99,68.96,<,<,<,>,>,>,-,C,O,-
1782364314.86,3272,69.08,68.91,68.97,68.94,>,>,>,<,<,>,-,O,C,-
1782364562.585,3273,68.91,68.8,68.94,68.94,>,<,<,<,<,=,-,MP,C,MP>O>C
1782364831.722,3274,68.8,68.91,68.93,68.98,<,<,<,<,<,<,-,P,O,-
1782365029.158,3275,68.91,69.12,68.9,68.9,<,>,>,>,>,=,-,C,MP,C>O>MP
1782365069.19,3276,69.12,69.19,69.17,69.17,<,<,<,>,>,=,-,C,O,C>MP>O
1782365402.535,3277,69.19,69.04,69.0,68.99,>,>,>,>,>,>,-,O,P,-
1782365707.516,3278,69.04,69.21,69.13,69.15,<,<,<,>,>,<,-,C,O,-
1782365971.17,3279,69.21,69.1,69.17,69.13,>,>,>,<,<,>,-,O,C,-
1782366408.085,3280,69.1,68.95,69.0,69.07,>,>,>,<,<,<,-,O,C,-
1782367047.717,3281,68.95,69.11,69.03,69.1,<,<,<,>,>,<,-,C,O,-
1782367874.981,3282,69.11,69.16,69.08,69.11,<,>,=,>,>,<,-,C,M,-
1782368119.128,3283,69.16,69.22,69.2,69.22,<,<,<,>,=,<,-,CP,O,-
1782368125.866,3284,69.22,69.46,69.35,69.35,<,<,<,>,>,=,-,C,O,C>MP>O
1782368183.685,3285,69.46,69.58,69.51,69.48,<,<,<,>,>,>,-,C,O,-
1782368302.409,3286,69.58,69.41,69.51,69.5,>,>,>,<,<,>,-,O,C,-
1782368653.596,3287,69.41,69.24,69.36,69.3,>,>,>,<,<,>,-,O,C,-
1782369209.497,3288,69.24,69.33,69.22,69.21,<,>,>,>,>,>,-,C,P,-
1782370496.149,3290,69.42,69.42,69.39,69.37,=,>,>,>,>,>,-,OC,P,-
1782370932.058,3291,69.42,69.49,69.48,69.48,<,<,<,>,>,=,-,C,O,C>MP>O
1782371298.38,3292,69.49,69.26,69.3,69.3,>,>,>,<,<,=,-,O,C,O>MP>C
1782371856.072,3293,69.26,69.47,69.29,69.3,<,<,<,>,>,<,-,C,O,-
1782372953.976,3294,69.47,69.32,69.34,69.34,>,>,>,<,<,=,-,O,C,O>MP>C
1782374482.831,3296,69.31,69.31,69.38,69.41,=,<,<,<,<,<,-,P,OC,-
1782375235.175,3297,69.31,69.21,69.26,69.25,>,>,>,<,<,>,-,O,C,-
1782375722.812,3298,69.21,69.09,69.13,69.21,>,>,=,<,<,<,-,OP,C,-
1782376421.915,3299,69.09,69.03,69.04,69.05,>,>,>,<,<,<,-,O,C,-
1782377028.852,3300,69.03,69.11,69.0,68.99,<,>,>,>,>,>,-,C,P,-
1782378595.468,3302,69.09,69.09,69.05,69.08,=,>,>,>,>,<,-,OC,M,-
1782379408.382,3303,69.09,68.89,69.02,68.87,>,>,>,<,>,>,-,O,P,-
1782379914.548,3304,68.89,68.83,68.87,68.86,>,>,>,<,<,>,-,O,C,-
1782381417.38,3305,68.83,68.88,68.91,68.92,<,<,<,<,<,<,-,P,O,-
1782381998.323,3306,68.88,68.74,68.79,68.8,>,>,>,<,<,<,-,O,C,-
1782382846.797,3307,68.74,68.62,68.75,68.79,>,<,<,<,<,<,-,P,C,-
1782383243.204,3308,68.62,68.53,68.59,68.6,>,>,>,<,<,<,-,O,C,-
1782383761.506,3309,68.53,68.49,68.52,68.51,>,>,>,<,<,>,-,O,C,-
1782384178.639,3310,68.49,68.36,68.43,68.44,>,>,>,<,<,<,-,O,C,-
1782384347.826,3311,68.36,68.19,68.3,68.35,>,>,>,<,<,<,-,O,C,-
1782384406.647,3312,68.19,68.16,68.14,68.14,>,>,>,>,>,=,-,O,MP,O>C>MP
1782384693.888,3313,68.16,68.33,68.28,68.3,<,<,<,>,>,<,-,C,O,-
1782385354.952,3314,68.33,68.21,68.31,68.35,>,>,<,<,<,<,-,P,C,-
1782385598.595,3315,68.21,68.05,68.13,68.05,>,>,>,<,=,>,-,O,CP,-
1782385781.68,3316,68.05,68.0,68.03,68.05,>,>,=,<,<,<,-,OP,C,-
1782386100.489,3317,68.0,68.33,68.15,68.2,<,<,<,>,>,<,-,C,O,-
1782386272.456,3318,68.33,68.19,68.33,68.35,>,=,<,<,<,<,-,P,C,-
1782386842.199,3319,68.19,68.1,68.17,68.18,>,>,>,<,<,<,-,O,C,-
1782387352.247,3320,68.1,68.14,68.12,68.1,<,<,=,>,>,>,-,C,OP,-
1782388173.813,3321,68.14,68.0,68.18,68.25,>,<,<,<,<,<,-,P,C,-
1782388878.449,3322,68.0,68.07,68.05,68.03,<,<,<,>,>,>,-,C,O,-
1782389617.431,3323,68.07,68.05,68.17,68.18,>,<,<,<,<,<,-,P,C,-
1782390288.081,3324,68.05,68.06,68.01,68.0,<,>,>,>,>,>,-,C,P,-
1782390517.421,3325,68.06,67.78,67.85,67.85,>,>,>,<,<,=,-,O,C,O>MP>C
1782390620.99,3326,67.78,68.27,68.07,67.85,<,<,<,>,>,>,-,C,O,-
1782390628.374,3327,68.27,68.78,68.58,68.57,<,<,<,>,>,>,-,C,O,-
1782390636.073,3328,68.78,68.68,68.79,68.79,>,<,<,<,<,=,-,MP,C,MP>O>C
1782390665.583,3329,68.68,68.45,68.6,68.62,>,>,>,<,<,<,-,O,C,-
1782390804.524,3330,68.45,68.37,68.4,68.4,>,>,>,<,<,=,-,O,C,O>MP>C
1782391101.958,3331,68.37,68.32,68.44,68.45,>,<,<,<,<,<,-,P,C,-
1782391549.481,3332,68.32,68.3,68.32,68.3,>,=,>,<,=,>,O=M&C=P,OM,CP,-
1782391951.316,3333,68.3,68.39,68.42,68.43,<,<,<,<,<,<,-,P,O,-
1782392416.969,3334,68.39,68.33,68.21,68.2,>,>,>,>,>,>,-,O,P,-
1782393073.432,3335,68.33,68.23,68.22,68.23,>,>,>,>,=,<,-,O,M,-
1782393718.282,3336,68.23,68.24,68.3,68.3,<,<,<,<,<,=,-,MP,O,MP>C>O
1782394204.381,3337,68.24,68.4,68.2,68.19,<,>,>,>,>,>,-,C,P,-
1782394285.057,3338,68.4,67.87,68.04,68.17,>,>,>,<,<,<,-,O,C,-
1782394324.56,3339,67.87,67.85,67.9,67.9,>,<,<,<,<,=,-,MP,C,MP>O>C
1782394437.851,3340,67.85,67.97,67.79,67.77,<,>,>,>,>,>,-,C,P,-
1782394684.926,3341,67.97,67.67,67.84,67.86,>,>,>,<,<,<,-,O,C,-
1782394721.963,3342,67.67,67.52,67.57,67.62,>,>,>,<,<,<,-,O,C,-
1782394799.87,3343,67.52,67.39,67.45,67.45,>,>,>,<,<,=,-,O,C,O>MP>C
1782394861.256,3344,67.39,67.22,67.26,67.37,>,>,>,<,<,<,-,O,C,-
1782394928.042,3345,67.22,66.93,67.01,66.91,>,>,>,<,>,>,-,O,P,-
1782394979.28,3346,66.93,66.8,66.87,66.9,>,>,>,<,<,<,-,O,C,-
1782395056.692,3347,66.8,66.75,66.71,66.71,>,>,>,>,>,=,-,O,MP,O>C>MP
1782395117.036,3348,66.75,66.67,66.59,66.54,>,>,>,>,>,>,-,O,P,-
1782395144.449,3349,66.67,66.37,66.53,66.37,>,>,>,<,=,>,-,O,CP,-
1782395166.283,3350,66.37,66.07,66.22,66.37,>,>,=,<,<,<,-,OP,C,-
1782395185.591,3351,66.07,66.03,66.03,66.04,>,>,>,=,<,<,-,O,CM,-
1782395234.559,3352,66.03,66.06,66.0,66.0,<,>,>,>,>,=,-,C,MP,C>O>MP
1782395302.527,3353,66.06,65.78,65.96,66.04,>,>,>,<,<,<,-,O,C,-
1782395331.769,3354,65.78,65.6,65.65,65.61,>,>,>,<,<,>,-,O,C,-
1782395361.02,3355,65.6,65.54,65.49,65.49,>,>,>,>,>,=,-,O,MP,O>C>MP
1782395414.429,3356,65.54,65.8,65.8,65.84,<,<,<,=,<,<,-,P,O,-
1782395474.965,3357,65.8,65.36,65.76,65.9,>,>,<,<,<,<,-,P,C,-
1782395506.043,3358,65.36,65.23,65.28,65.32,>,>,>,<,<,<,-,O,C,-
1782395578.881,3359,65.23,65.32,65.36,65.31,<,<,<,<,>,>,-,M,O,-
1782395633.371,3361,64.82,64.82,64.86,64.86,=,<,<,<,<,=,O=C&M=P,MP,OC,-
1782395711.924,3363,64.9,64.9,64.88,64.84,=,>,>,>,>,>,-,OC,P,-
1782395738.529,3364,64.9,64.42,64.5,64.43,>,>,>,<,<,>,-,O,C,-
1782395765.366,3365,64.42,64.6,64.41,64.41,<,>,>,>,>,=,-,C,MP,C>O>MP
1782395822.521,3366,64.6,64.63,64.68,64.65,<,<,<,<,<,>,-,M,O,-
1782395872.035,3367,64.63,64.44,64.64,64.65,>,<,<,<,<,<,-,P,C,-
1782395892.111,3368,64.44,64.22,64.37,64.43,>,>,>,<,<,<,-,O,C,-
1782395947.16,3369,64.22,64.39,64.3,64.33,<,<,<,>,>,<,-,C,O,-
1782395997.835,3370,64.39,64.11,64.08,64.03,>,>,>,>,>,>,-,O,P,-
1782396021.434,3371,64.11,64.75,64.64,64.81,<,<,<,>,<,<,-,P,O,-
1782396066.796,3372,64.75,64.71,64.81,64.82,>,<,<,<,<,<,-,P,C,-
1782396120.726,3373,64.71,65.0,64.87,64.87,<,<,<,>,>,=,-,C,O,C>MP>O
1782396147.521,3374,65.0,65.36,65.18,65.3,<,<,<,>,>,<,-,C,O,-
1782396188.604,3375,65.36,65.21,65.26,65.25,>,>,>,<,<,>,-,O,C,-
1782396277.697,3376,65.21,65.08,65.27,65.32,>,<,<,<,<,<,-,P,C,-
1782396336.153,3377,65.08,65.41,65.32,65.41,<,<,<,>,=,<,-,CP,O,-
1782396430.393,3378,65.41,65.37,65.36,65.41,>,>,=,>,<,<,-,OP,M,-
1782396496.923,3379,65.37,65.6,65.5,65.39,<,<,<,>,>,>,-,C,O,-
1782396533.507,3380,65.6,65.86,65.8,65.8,<,<,<,>,>,=,-,C,O,C>MP>O
1782396607.644,3381,65.86,66.16,65.95,65.85,<,<,>,>,>,>,-,C,P,-
1782396663.349,3382,66.16,66.09,66.19,66.06,>,<,>,<,>,>,-,M,P,-
1782396767.12,3383,66.09,66.13,66.09,66.1,<,=,<,>,>,<,-,C,OM,-
1782396934.039,3384,66.13,65.97,66.03,66.04,>,>,>,<,<,<,-,O,C,-
1782397001.287,3385,65.97,65.33,65.48,65.38,>,>,>,<,<,>,-,O,C,-
1782397110.389,3386,65.33,65.57,65.5,65.5,<,<,<,>,>,=,-,C,O,C>MP>O
1782397224.517,3387,65.57,66.01,65.54,65.3,<,>,>,>,>,>,-,C,P,-
1782397311.844,3388,66.01,66.17,66.04,66.0,<,<,>,>,>,>,-,C,P,-
1782397522.994,3389,66.17,65.74,65.86,66.0,>,>,>,<,<,<,-,O,C,-
1782397845.342,3390,65.74,65.61,65.74,65.78,>,=,<,<,<,<,-,P,C,-
1782397990.089,3391,65.61,66.6,66.0,65.98,<,<,<,>,>,>,-,C,O,-
1782398005.952,3392,66.6,66.88,66.74,66.72,<,<,<,>,>,>,-,C,O,-
1782398024.276,3393,66.88,67.01,67.01,67.05,<,<,<,=,<,<,-,P,O,-
1782398094.848,3394,67.01,66.64,66.79,66.6,>,>,>,<,>,>,-,O,P,-
1782398248.827,3395,66.64,66.14,66.39,66.6,>,>,>,<,<,<,-,O,C,-
1782398501.589,3396,66.14,66.08,66.19,66.31,>,<,<,<,<,<,-,P,C,-
1782398807.953,3397,66.08,66.01,66.02,66.0,>,>,>,<,>,>,-,O,P,-
1782399103.868,3398,66.01,66.62,66.26,66.37,<,<,<,>,>,<,-,C,O,-
1782399581.939,3399,66.62,66.42,66.53,66.65,>,>,<,<,<,<,-,P,C,-
1782399929.368,3400,66.42,66.12,66.06,66.0,>,>,>,>,>,>,-,O,P,-
1782400526.09,3401,66.12,65.47,65.85,66.0,>,>,>,<,<,<,-,O,C,-
1782401390.161,3403,65.81,65.81,65.84,65.87,=,<,<,<,<,<,-,P,OC,-
1782402366.605,3404,65.81,65.94,65.88,65.93,<,<,<,>,>,<,-,C,O,-
1782403390.967,3405,65.94,66.28,66.21,66.28,<,<,<,>,=,<,-,CP,O,-
1782403867.523,3406,66.28,66.93,66.67,66.94,<,<,<,>,<,<,-,P,O,-
1782404988.171,3407,66.93,66.62,66.62,66.65,>,>,>,=,<,<,-,O,CM,-
1782405866.752,3408,66.62,65.98,66.2,66.17,>,>,>,<,<,>,-,O,C,-
1782406795.891,3409,65.98,65.94,65.81,65.85,>,>,>,>,>,<,-,O,M,-
1782407876.134,3410,65.94,66.72,66.37,66.68,<,<,<,>,>,<,-,C,O,-
1782408499.437,3411,66.72,67.09,66.97,66.68,<,<,>,>,>,>,-,C,P,-
1782410403.186,3413,67.06,67.06,66.84,66.83,=,>,>,>,>,>,-,OC,P,-
1782411294.999,3414,67.06,66.04,66.62,66.68,>,>,>,<,<,<,-,O,C,-
1782412471.548,3415,66.04,66.08,66.37,66.41,<,<,<,<,<,<,-,P,O,-
1782413488.139,3416,66.08,66.05,66.04,66.04,>,>,>,>,>,=,-,O,MP,O>C>MP
1782415123.318,3417,66.05,65.75,65.96,65.77,>,>,>,<,<,>,-,O,C,-
1782415942.088,3418,65.75,66.0,65.83,65.83,<,<,<,>,>,=,-,C,O,C>MP>O
1782417266.183,3419,66.0,65.86,66.03,66.05,>,<,<,<,<,<,-,P,C,-
1782417706.551,3420,65.86,66.51,66.17,66.16,<,<,<,>,>,>,-,C,O,-
1782419931.462,3422,66.43,66.43,66.59,66.71,=,<,<,<,<,<,-,P,OC,-
1782421059.451,3423,66.43,66.15,66.26,66.3,>,>,>,<,<,<,-,O,C,-
1782422181.218,3424,66.15,66.39,66.34,66.4,<,<,<,>,<,<,-,P,O,-
1782423188.286,3425,66.39,67.0,66.66,66.66,<,<,<,>,>,=,-,C,O,C>MP>O
1782424150.091,3426,67.0,66.93,67.03,67.1,>,<,<,<,<,<,-,P,C,-
1782425178.293,3427,66.93,67.17,67.19,67.21,<,<,<,<,<,<,-,P,O,-
1782425784.475,3428,67.17,67.02,66.99,66.97,>,>,>,>,>,>,-,O,P,-
1782427318.81,3429,67.02,67.1,67.05,67.0,<,<,>,>,>,>,-,C,P,-
1782428521.319,3430,67.1,67.18,67.12,67.1,<,<,=,>,>,>,-,C,OP,-
1782429471.469,3431,67.18,67.41,67.15,67.0,<,>,>,>,>,>,-,C,P,-
1782429801.658,3432,67.41,67.57,67.45,67.44,<,<,<,>,>,>,-,C,O,-
1782429929.064,3433,67.57,67.77,67.66,67.66,<,<,<,>,>,=,-,C,O,C>MP>O
1782430033.308,3434,67.77,68.06,67.97,67.74,<,<,>,>,>,>,-,C,P,-
1782430145.541,3435,68.06,68.4,68.3,68.19,<,<,<,>,>,>,-,C,O,-
1782430221.572,3436,68.4,68.54,68.35,68.39,<,>,>,>,>,<,-,C,M,-
1782430235.735,3437,68.54,68.62,68.56,68.54,<,<,=,>,>,>,-,C,OP,-
1782430357.566,3438,68.62,68.42,68.67,68.77,>,<,<,<,<,<,-,P,C,-
1782430671.394,3439,68.42,68.06,68.25,68.27,>,>,>,<,<,<,-,O,C,-
1782431227.813,3440,68.06,67.8,67.91,67.82,>,>,>,<,<,>,-,O,C,-
1782431848.387,3441,67.8,67.67,67.67,67.67,>,>,>,=,=,=,C=M=P,O,CMP,-
1782432537.879,3442,67.67,67.62,67.69,67.7,>,<,<,<,<,<,-,P,C,-
1782433176.767,3443,67.62,67.92,67.84,67.96,<,<,<,>,<,<,-,P,O,-
1782434119.459,3444,67.92,67.83,67.86,67.84,>,>,>,<,<,>,-,O,C,-
1782435313.991,3445,67.83,67.68,67.85,67.88,>,<,<,<,<,<,-,P,C,-
1782435987.362,3446,67.68,67.45,67.64,67.49,>,>,>,<,<,>,-,O,C,-
1782436629.179,3447,67.45,67.75,67.54,67.52,<,<,<,>,>,>,-,C,O,-
1782437005.457,3448,67.75,67.34,67.47,67.38,>,>,>,<,<,>,-,O,C,-
1782437455.217,3449,67.34,67.2,67.32,67.34,>,>,=,<,<,<,-,OP,C,-
1782438051.612,3450,67.2,67.3,67.21,67.24,<,<,<,>,>,<,-,C,O,-
1782438893.548,3451,67.3,67.26,67.3,67.3,>,=,=,<,<,=,O=M=P,OMP,C,-
1782439777.051,3452,67.26,67.0,67.2,67.16,>,>,>,<,<,>,-,O,C,-
1782439959.736,3453,67.0,66.58,66.89,66.96,>,>,>,<,<,<,-,O,C,-
1782440011.26,3454,66.58,66.23,66.4,66.41,>,>,>,<,<,<,-,O,C,-
1782440036.626,3455,66.23,66.07,66.06,66.06,>,>,>,>,>,=,-,O,MP,O>C>MP
1782440124.594,3456,66.07,66.44,66.2,66.15,<,<,<,>,>,>,-,C,O,-
1782440236.012,3457,66.44,66.43,66.29,66.36,>,>,>,>,>,<,-,O,M,-
1782440502.81,3458,66.43,66.01,66.25,66.2,>,>,>,<,<,>,-,O,C,-
1782440692.677,3459,66.01,66.06,66.0,65.98,<,>,>,>,>,>,-,C,P,-
1782440927.809,3460,66.06,66.57,66.28,66.28,<,<,<,>,>,=,-,C,O,C>MP>O
1782441228.347,3461,66.57,66.44,66.62,66.65,>,<,<,<,<,<,-,P,C,-
1782441728.263,3462,66.44,66.56,66.58,66.42,<,<,>,<,>,>,-,M,P,-
1782442397.378,3463,66.56,66.13,66.44,66.33,>,>,>,<,<,>,-,O,C,-
1782442756.974,3464,66.13,66.21,66.07,66.02,<,>,>,>,>,>,-,C,P,-
1782442937.058,3465,66.21,65.94,65.97,65.94,>,>,>,<,=,>,-,O,CP,-
1782443134.725,3466,65.94,66.36,66.19,66.37,<,<,<,>,<,<,-,P,O,-
1782443434.688,3467,66.36,66.85,66.55,66.51,<,<,<,>,>,>,-,C,O,-
1782443510.563,3468,66.85,67.0,67.0,67.0,<,<,<,=,=,=,C=M=P,CMP,O,-
1782443708.336,3469,67.0,66.94,66.99,67.0,>,>,=,<,<,<,-,OP,C,-
1782444269.285,3470,66.94,66.55,66.78,66.56,>,>,>,<,<,>,-,O,C,-
1782444745.374,3471,66.55,66.94,66.79,66.82,<,<,<,>,>,<,-,C,O,-
1782445132.816,3472,66.94,67.22,66.98,67.2,<,<,<,>,>,<,-,C,O,-
1782445456.497,3473,67.22,67.25,67.3,67.34,<,<,<,<,<,<,-,P,O,-
1782445550.326,3474,67.25,67.69,67.49,67.4,<,<,<,>,>,>,-,C,O,-
1782445695.755,3475,67.69,67.85,67.88,67.9,<,<,<,<,<,<,-,P,O,-
1782446038.78,3476,67.85,68.02,67.94,68.0,<,<,<,>,>,<,-,C,O,-
1782446307.252,3477,68.02,68.1,68.18,68.1,<,<,<,<,=,>,-,M,O,-
1782446706.925,3478,68.1,68.11,68.08,68.05,<,>,>,>,>,>,-,C,P,-
1782447504.353,3479,68.11,68.22,68.1,68.13,<,>,<,>,>,<,-,C,M,-
1782448413.173,3480,68.22,68.08,68.04,68.07,>,>,>,>,>,<,-,O,M,-
1782449469.357,3481,68.08,67.95,68.01,68.0,>,>,>,<,<,>,-,O,C,-
1782450339.659,3482,67.95,67.97,68.01,68.0,<,<,<,<,<,>,-,M,O,-
1782452180.127,3484,68.33,68.33,68.24,68.28,=,>,>,>,>,<,-,OC,M,-
1782453306.538,3485,68.33,68.36,68.26,68.28,<,>,>,>,>,<,-,C,M,-
1782453731.466,3486,68.36,68.13,68.15,68.15,>,>,>,<,<,=,-,O,C,O>MP>C
1782454432.034,3487,68.13,68.07,68.08,68.08,>,>,>,<,<,=,-,O,C,O>MP>C
1782454753.721,3488,68.07,68.56,68.34,68.09,<,<,<,>,>,>,-,C,O,-
1782454941.201,3489,68.56,69.15,68.83,69.0,<,<,<,>,>,<,-,C,O,-
1782454988.333,3490,69.15,69.19,69.29,69.3,<,<,<,<,<,<,-,P,O,-
1782455398.711,3491,69.19,69.17,69.16,69.2,>,>,<,>,<,<,-,P,M,-
1782455964.02,3492,69.17,69.51,69.15,69.02,<,>,>,>,>,>,-,C,P,-
1782456185.102,3493,69.51,69.72,69.5,69.71,<,>,<,>,>,<,-,C,M,-
1782456491.774,3494,69.72,69.71,69.71,69.69,>,>,>,=,>,>,-,O,P,-
1782457185.918,3495,69.71,69.86,69.68,69.67,<,>,>,>,>,>,-,C,P,-
1782457321.098,3496,69.86,70.02,69.97,69.95,<,<,<,>,>,>,-,C,O,-
1782457432.444,3497,70.02,70.46,70.29,70.29,<,<,<,>,>,=,-,C,O,C>MP>O
1782457471.063,3498,70.46,70.38,70.48,70.45,>,<,>,<,<,>,-,M,C,-
1782457623.949,3499,70.38,70.62,70.38,70.38,<,=,=,>,>,=,O=M=P,C,OMP,-
1782458025.958,3500,70.62,70.44,70.46,70.39,>,>,>,<,>,>,-,O,P,-
1782458469.155,3501,70.44,70.5,70.58,70.5,<,<,<,<,=,>,-,M,O,-
1782459060.028,3502,70.5,70.55,70.48,70.49,<,>,>,>,>,<,-,C,M,-
1782459598.245,3503,70.55,70.95,70.69,70.63,<,<,<,>,>,>,-,C,O,-
1782460444.457,3504,70.95,70.67,70.65,70.61,>,>,>,>,>,>,-,O,P,-
1782461035.838,3505,70.67,70.64,70.68,70.7,>,<,<,<,<,<,-,P,C,-
1782461491.578,3506,70.64,70.23,70.44,70.45,>,>,>,<,<,<,-,O,C,-
1782461720.971,3507,70.23,69.99,70.01,70.0,>,>,>,<,<,>,-,O,C,-
1782462247.179,3508,69.99,69.93,69.92,69.83,>,>,>,>,>,>,-,O,P,-
1782462842.512,3509,69.93,69.77,69.9,69.9,>,>,>,<,<,=,-,O,C,O>MP>C
1782464052.845,3510,69.77,69.87,69.8,69.77,<,<,=,>,>,>,-,C,OP,-
1782464350.423,3511,69.87,69.89,69.95,70.0,<,<,<,<,<,<,-,P,O,-
1782465004.215,3512,69.89,69.59,69.69,69.88,>,>,>,<,<,<,-,O,C,-
1782466115.612,3513,69.59,69.76,69.75,69.75,<,<,<,>,>,=,-,C,O,C>MP>O
1782467123.086,3514,69.76,69.53,69.72,69.75,>,>,>,<,<,<,-,O,C,-
1782467389.7,3515,69.53,69.13,69.36,69.25,>,>,>,<,<,>,-,O,C,-
1782467581.401,3516,69.13,68.83,68.95,68.94,>,>,>,<,<,>,-,O,C,-
1782468014.397,3517,68.83,68.94,69.01,69.0,<,<,<,<,<,>,-,M,O,-
1782469225.106,3518,68.94,69.06,69.05,69.05,<,<,<,>,>,=,-,C,O,C>MP>O
1782470369.512,3519,69.06,68.7,69.08,69.15,>,<,<,<,<,<,-,P,C,-
1782471142.208,3520,68.7,68.66,68.72,68.7,>,<,=,<,<,>,-,M,C,-
1782472173.379,3521,68.66,68.68,68.83,68.69,<,<,<,<,<,>,-,M,O,-
1782473439.73,3522,68.68,68.57,68.64,68.63,>,>,>,<,<,>,-,O,C,-
1782474816.238,3523,68.57,68.36,68.59,68.6,>,<,<,<,<,<,-,P,C,-
1782475642.347,3524,68.36,68.75,68.65,68.66,<,<,<,>,>,<,-,C,O,-
1782476711.895,3526,69.04,69.04,69.03,69.07,=,>,<,>,<,<,-,P,M,-
1782477193.283,3527,69.04,69.35,69.16,69.16,<,<,<,>,>,=,-,C,O,C>MP>O
1782477443.606,3528,69.35,69.21,69.42,69.35,>,<,=,<,<,>,-,M,C,-
1782477619.064,3529,69.21,68.53,68.92,69.02,>,>,>,<,<,<,-,O,C,-
1782477822.524,3530,68.53,68.43,68.53,68.44,>,=,>,<,<,>,-,OM,C,-
1782477981.717,3531,68.43,69.06,68.71,68.86,<,<,<,>,>,<,-,C,O,-
1782478505.459,3532,69.06,68.99,68.99,69.0,>,>,>,=,<,<,-,O,CM,-
1782479359.619,3533,68.99,68.78,68.81,68.8,>,>,>,<,<,>,-,O,C,-
1782479817.671,3534,68.78,68.77,68.94,68.64,>,<,>,<,>,>,-,M,P,-
1782479974.061,3535,68.77,68.29,68.46,68.49,>,>,>,<,<,<,-,O,C,-
1782480121.085,3536,68.29,68.74,68.54,68.68,<,<,<,>,>,<,-,C,O,-
1782480614.66,3537,68.74,68.93,68.7,68.75,<,>,<,>,>,<,-,C,M,-
1782480723.569,3538,68.93,69.02,68.99,69.0,<,<,<,>,>,<,-,C,O,-
1782481126.595,3540,69.26,69.26,69.28,69.28,=,<,<,<,<,=,O=C&M=P,MP,OC,-
1782481443.34,3541,69.26,69.51,69.36,69.26,<,<,=,>,>,>,-,C,OP,-
1782481713.139,3542,69.51,69.83,69.74,69.83,<,<,<,>,=,<,-,CP,O,-
1782481980.753,3543,69.83,69.89,69.81,69.85,<,>,<,>,>,<,-,C,M,-
1782482104.106,3544,69.89,70.39,70.17,70.1,<,<,<,>,>,>,-,C,O,-
1782482207.902,3545,70.39,70.63,70.61,70.63,<,<,<,>,=,<,-,CP,O,-
1782482366.657,3546,70.63,70.6,70.69,70.61,>,<,>,<,<,>,-,M,C,-
1782482549.664,3547,70.6,70.27,70.59,70.7,>,>,<,<,<,<,-,P,C,-
1782482836.216,3548,70.27,70.4,70.4,70.27,<,<,=,=,>,>,O=P&C=M,CM,OP,-
1782483131.137,3549,70.4,70.95,70.7,70.7,<,<,<,>,>,=,-,C,O,C>MP>O
1782483302.695,3550,70.95,70.98,71.07,71.0,<,<,<,<,<,>,-,M,O,-
1782483540.255,3551,70.98,71.31,71.0,70.91,<,<,>,>,>,>,-,C,P,-
1782483734.044,3552,71.31,71.48,71.32,71.55,<,<,<,>,<,<,-,P,O,-
1782484068.134,3553,71.48,71.62,71.49,71.56,<,<,<,>,>,<,-,C,O,-
1782484252.563,3554,71.62,71.69,71.74,71.85,<,<,<,<,<,<,-,P,O,-
1782484566.137,3555,71.69,71.14,71.42,71.2,>,>,>,<,<,>,-,O,C,-
1782484884.979,3556,71.14,70.97,70.9,71.0,>,>,>,>,<,<,-,O,M,-
1782485331.997,3557,70.97,70.94,70.71,70.69,>,>,>,>,>,>,-,O,P,-
1782485781.67,3558,70.94,70.43,70.94,70.97,>,=,<,<,<,<,-,P,C,-
1782486445.219,3559,70.43,70.56,70.48,70.52,<,<,<,>,>,<,-,C,O,-
1782486843.649,3560,70.56,70.84,70.88,70.77,<,<,<,<,>,>,-,M,O,-
1782487511.531,3561,70.84,71.8,71.24,71.8,<,<,<,>,=,<,-,CP,O,-
1782488160.691,3562,71.8,71.67,71.56,71.51,>,>,>,>,>,>,-,O,P,-
1782488564.28,3563,71.67,72.13,72.03,72.02,<,<,<,>,>,>,-,C,O,-
1782489107.337,3564,72.13,71.54,71.89,72.1,>,>,>,<,<,<,-,O,C,-
1782489621.271,3565,71.54,72.67,72.01,72.01,<,<,<,>,>,=,-,C,O,C>MP>O
1782489653.071,3566,72.67,73.28,72.87,72.88,<,<,<,>,>,<,-,C,O,-
1782489736.429,3567,73.28,72.82,73.22,73.3,>,>,<,<,<,<,-,P,C,-
1782490128.108,3568,72.82,72.5,72.7,72.74,>,>,>,<,<,<,-,O,C,-
1782490810.348,3569,72.5,72.25,72.43,72.41,>,>,>,<,<,>,-,O,C,-
1782491589.828,3570,72.25,72.79,72.25,72.21,<,=,>,>,>,>,-,C,P,-
1782492119.703,3571,72.79,72.69,72.83,72.81,>,<,<,<,<,>,-,M,C,-
1782493405.833,3572,72.69,72.54,72.6,72.5,>,>,>,<,>,>,-,O,P,-
1782494515.307,3573,72.54,72.41,72.53,72.55,>,>,<,<,<,<,-,P,C,-
1782496046.131,3574,72.41,72.65,72.51,72.6,<,<,<,>,>,<,-,C,O,-
1782497896.053,3575,72.65,72.67,72.72,72.58,<,<,>,<,>,>,-,M,P,-
1782499666.173,3576,72.67,72.46,72.57,72.55,>,>,>,<,<,>,-,O,C,-
1782501019.66,3577,72.46,73.25,72.63,72.39,<,<,>,>,>,>,-,C,P,-
1782501984.165,3578,73.25,73.24,73.2,73.2,>,>,>,>,>,=,-,O,MP,O>C>MP
1782502373.428,3579,73.24,73.8,73.6,73.63,<,<,<,>,>,<,-,C,O,-
1782503036.632,3580,73.8,73.73,73.75,73.76,>,>,>,<,<,<,-,O,C,-
1782503691.041,3581,73.73,73.26,73.36,73.33,>,>,>,<,<,>,-,O,C,-
1782504003.082,3582,73.26,73.03,73.32,73.42,>,<,<,<,<,<,-,P,C,-
1782504195.304,3583,73.03,73.29,73.33,73.5,<,<,<,<,<,<,-,P,O,-
1782504853.017,3584,73.29,72.78,72.97,72.92,>,>,>,<,<,>,-,O,C,-
1782505784.614,3585,72.78,72.95,72.81,72.76,<,<,>,>,>,>,-,C,P,-
1782506102.669,3586,72.95,72.31,72.43,72.55,>,>,>,<,<,<,-,O,C,-
1782506776.705,3587,72.3,72.23,72.24,72.22,>,>,>,<,>,>,-,O,P,-
1782507810.22,3588,72.23,71.87,72.18,72.21,>,>,>,<,<,<,-,O,C,-
1782508601.665,3589,71.87,71.85,71.88,71.85,>,<,>,<,=,>,-,M,CP,-
1782509483.461,3590,71.85,72.27,72.08,72.08,<,<,<,>,>,=,-,C,O,C>MP>O
1782511100.281,3591,72.27,71.96,72.19,72.26,>,>,>,<,<,<,-,O,C,-
1782511547.34,3592,71.96,71.6,71.6,71.54,>,>,>,=,>,>,-,O,P,-
1782512463.266,3593,71.6,71.72,71.71,71.63,<,<,<,>,>,>,-,C,O,-
1782513318.307,3594,71.71,71.72,71.61,71.61,<,>,>,>,>,=,-,C,MP,C>O>MP
1782514678.077,3595,71.72,71.85,71.77,71.75,<,<,<,>,>,>,-,C,O,-
1782515872.977,3596,71.85,71.77,71.84,71.88,>,>,<,<,<,<,-,P,C,-
1782517577.095,3597,71.77,71.94,71.8,71.73,<,<,>,>,>,>,-,C,P,-
1782518806.896,3598,71.94,72.18,71.93,71.9,<,>,>,>,>,>,-,C,P,-
1782518838.136,3599,72.18,72.39,72.38,72.39,<,<,<,>,=,<,-,CP,O,-
1782519306.927,3600,72.39,72.35,72.37,72.35,>,>,>,<,=,>,-,O,CP,-
1782520321.263,3601,72.35,71.73,72.12,72.31,>,>,>,<,<,<,-,O,C,-
1782520944.308,3602,71.73,71.7,71.67,71.67,>,>,>,>,>,=,-,O,MP,O>C>MP
1782522484.067,3603,71.7,71.66,71.68,71.68,>,>,>,<,<,=,-,O,C,O>MP>C
1782523967.344,3604,71.66,71.5,71.66,71.67,>,=,<,<,<,<,-,P,C,-
1782524632.054,3605,71.5,71.6,71.51,71.52,<,<,<,>,>,<,-,C,O,-
1782525371.962,3606,71.6,71.32,71.45,71.36,>,>,>,<,<,>,-,O,C,-
1782525928.187,3607,71.32,71.48,71.39,71.39,<,<,<,>,>,=,-,C,O,C>MP>O
1782526500.679,3608,71.48,71.84,71.65,71.64,<,<,<,>,>,>,-,C,O,-
1782526940.807,3609,71.84,72.0,71.88,71.75,<,<,>,>,>,>,-,C,P,-
1782527300.171,3610,72.0,72.17,72.1,72.0,<,<,=,>,>,>,-,C,OP,-
1782527867.434,3611,72.17,72.01,72.03,72.04,>,>,>,<,<,<,-,O,C,-
1782528791.462,3612,72.01,72.11,72.06,72.05,<,<,<,>,>,>,-,C,O,-
1782529465.65,3613,72.11,71.99,72.14,72.19,>,<,<,<,<,<,-,P,C,-
1782530267.017,3614,71.99,71.95,71.87,71.84,>,>,>,>,>,>,-,O,P,-
1782530655.54,3615,71.95,72.31,72.13,72.14,<,<,<,>,>,<,-,C,O,-
1782531603.387,3616,72.31,72.17,72.17,72.2,>,>,>,=,<,<,-,O,CM,-
1782532536.195,3617,72.18,72.26,72.26,72.3,<,<,<,=,<,<,-,P,O,-
1782533152.689,3618,72.26,72.44,72.27,72.26,<,<,=,>,>,>,-,C,OP,-
1782533724.072,3619,72.44,72.28,72.37,72.4,>,>,>,<,<,<,-,O,C,-
1782534437.079,3620,72.28,72.36,72.4,72.28,<,<,=,<,>,>,-,M,OP,-
1782535593.897,3621,72.36,72.09,72.25,72.25,>,>,>,<,<,=,-,O,C,O>MP>C
1782536105.824,3622,72.09,71.91,72.01,71.99,>,>,>,<,<,>,-,O,C,-
1782536855.945,3623,71.91,71.79,71.86,71.89,>,>,>,<,<,<,-,O,C,-
1782537789.307,3624,71.79,71.94,71.93,71.96,<,<,<,>,<,<,-,P,O,-
1782538125.191,3625,71.94,71.5,71.71,71.56,>,>,>,<,<,>,-,O,C,-
1782538442.835,3626,71.5,71.66,71.58,71.58,<,<,<,>,>,=,-,C,O,C>MP>O
1782539499.961,3627,71.66,71.77,71.7,71.69,<,<,<,>,>,>,-,C,O,-
1782540420.66,3628,71.77,71.79,71.77,71.77,<,=,=,>,>,=,O=M=P,C,OMP,-
1782541514.518,3629,71.79,71.87,71.72,71.79,<,>,=,>,>,<,-,C,M,-
1782541987.933,3630,71.87,72.13,72.0,71.9,<,<,<,>,>,>,-,C,O,-
1782542428.626,3631,72.13,72.27,72.07,71.99,<,>,>,>,>,>,-,C,P,-
1782543144.611,3632,72.27,72.14,72.22,72.22,>,>,>,<,<,=,-,O,C,O>MP>C
1782543676.548,3633,72.14,72.07,72.08,72.11,>,>,>,<,<,<,-,O,C,-
1782544635.645,3634,72.07,72.03,72.03,72.05,>,>,>,=,<,<,-,O,CM,-
1782545305.337,3635,72.03,72.09,72.12,72.12,<,<,<,<,<,=,-,MP,O,MP>C>O
1782546522.131,3636,72.09,72.13,72.08,72.12,<,>,<,>,>,<,-,C,M,-
1782547057.497,3637,72.13,72.23,72.21,72.18,<,<,<,>,>,>,-,C,O,-
1782548097.316,3638,72.23,72.18,72.2,72.2,>,>,>,<,<,=,-,O,C,O>MP>C
1782548343.552,3639,72.18,72.1,72.11,72.08,>,>,>,<,>,>,-,O,P,-
1782548961.344,3640,72.1,72.07,72.16,72.18,>,<,<,<,<,<,-,P,C,-
1782549723.785,3641,72.07,71.97,72.07,72.16,>,=,<,<,<,<,-,P,C,-
1782550300.583,3642,71.98,71.96,71.89,71.86,>,>,>,>,>,>,-,O,P,-
1782551048.238,3643,71.96,71.98,72.01,71.98,<,<,<,<,=,>,-,M,O,-
1782551504.293,3644,71.98,71.8,71.9,72.0,>,>,<,<,<,<,-,P,C,-
1782551786.741,3645,71.8,71.73,71.75,71.76,>,>,>,<,<,<,-,O,C,-
1782552699.707,3646,71.73,71.8,71.74,71.75,<,<,<,>,>,<,-,C,O,-
1782553257.08,3647,71.8,71.75,71.8,71.8,>,=,=,<,<,=,O=M=P,OMP,C,-
1782554269.133,3648,71.75,71.82,71.74,71.73,<,>,>,>,>,>,-,C,P,-
1782555617.143,3649,71.82,71.91,71.85,71.85,<,<,<,>,>,=,-,C,O,C>MP>O
1782556283.774,3650,71.91,71.86,71.98,72.0,>,<,<,<,<,<,-,P,C,-
1782557040.524,3651,71.86,71.94,71.91,71.86,<,<,=,>,>,>,-,C,OP,-
1782557188.307,3652,71.94,71.89,71.88,71.89,>,>,>,>,=,<,-,O,M,-
1782558189.782,3653,71.89,72.01,71.97,71.99,<,<,<,>,>,<,-,C,O,-
1782558979.66,3654,72.01,71.69,71.85,71.85,>,>,>,<,<,=,-,O,C,O>MP>C
1782559104.857,3655,71.69,71.6,71.67,71.67,>,>,>,<,<,=,-,O,C,O>MP>C
1782559634.965,3656,71.6,71.68,71.68,71.65,<,<,<,=,>,>,-,CM,O,-
1782559807.373,3657,71.68,71.57,71.56,71.54,>,>,>,>,>,>,-,O,P,-
1782560041.086,3658,71.57,71.65,71.65,71.65,<,<,<,=,=,=,C=M=P,CMP,O,-
1782560439.454,3659,71.65,71.56,71.58,71.65,>,>,=,<,<,<,-,OP,C,-
1782560924.525,3660,71.56,71.84,71.8,71.83,<,<,<,>,>,<,-,C,O,-
1782561768.589,3661,71.84,71.77,71.78,71.78,>,>,>,<,<,=,-,O,C,O>MP>C
1782562501.875,3662,71.77,71.69,71.68,71.68,>,>,>,>,>,=,-,O,MP,O>C>MP
1782563409.867,3663,71.69,71.81,71.78,71.78,<,<,<,>,>,=,-,C,O,C>MP>O
1782564128.288,3664,71.81,71.73,71.8,71.85,>,>,<,<,<,<,-,P,C,-
1782564773.018,3665,71.73,71.95,71.84,71.78,<,<,<,>,>,>,-,C,O,-
1782564912.01,3666,71.95,72.15,72.02,72.0,<,<,<,>,>,>,-,C,O,-
1782565366.596,3667,72.15,72.12,72.12,72.12,>,>,>,=,=,=,C=M=P,O,CMP,-
1782565809.154,3668,72.12,72.21,72.18,72.16,<,<,<,>,>,>,-,C,O,-
1782566490.659,3669,72.21,72.28,72.21,72.21,<,=,=,>,>,=,O=M=P,C,OMP,-
1782566903.94,3670,72.28,72.43,72.31,72.3,<,<,<,>,>,>,-,C,O,-
1782567470.796,3671,72.43,72.41,72.36,72.32,>,>,>,>,>,>,-,O,P,-
1782567633.234,3672,72.41,72.45,72.5,72.51,<,<,<,<,<,<,-,P,O,-
1782567974.861,3673,72.45,72.41,72.43,72.43,>,>,>,<,<,=,-,O,C,O>MP>C
1782568336.179,3674,72.41,72.36,72.32,72.3,>,>,>,>,>,>,-,O,P,-
1782568854.257,3675,72.36,72.23,72.29,72.28,>,>,>,<,<,>,-,O,C,-
1782569497.507,3676,72.23,72.38,72.24,72.21,<,<,>,>,>,>,-,C,P,-
1782569650.698,3677,72.38,72.66,72.55,72.55,<,<,<,>,>,=,-,C,O,C>MP>O
1782569880.926,3678,72.66,72.56,72.57,72.67,>,>,<,<,<,<,-,P,C,-
1782570374.5,3679,72.56,72.65,72.58,72.54,<,<,>,>,>,>,-,C,P,-
1782570749.933,3680,72.65,72.75,72.7,72.7,<,<,<,>,>,=,-,C,O,C>MP>O
1782571225.185,3681,72.75,72.73,72.68,72.74,>,>,>,>,<,<,-,O,M,-
1782571612.707,3682,72.73,72.82,72.8,72.81,<,<,<,>,>,<,-,C,O,-
1782572154.973,3683,72.82,72.65,72.7,72.65,>,>,>,<,=,>,-,O,CP,-
1782572825.261,3684,72.65,72.79,72.66,72.65,<,<,=,>,>,>,-,C,OP,-
1782573053.428,3686,73.0,73.0,73.0,73.0,=,=,=,=,=,=,O=C=M;O=C=P;O=M=P;C=M=P;O=C&M=P;O=M&C=P;O=P&C=M;O=C=M=P,OCMP,OCMP,-
1782573081.248,3687,73.0,73.05,73.06,73.0,<,<,=,<,>,>,-,M,OP,-
1782573282.333,3688,73.05,73.0,73.06,73.06,>,<,<,<,<,=,-,MP,C,MP>O>C
1782573721.153,3689,73.0,72.79,72.89,72.88,>,>,>,<,<,>,-,O,C,-
1782574351.384,3690,72.79,72.8,72.86,72.88,<,<,<,<,<,<,-,P,O,-
1782574812.107,3691,72.8,72.96,72.96,73.0,<,<,<,=,<,<,-,P,O,-
1782575532.117,3692,72.96,72.81,72.9,72.99,>,>,<,<,<,<,-,P,C,-
1782576137.903,3693,72.81,72.73,72.76,72.75,>,>,>,<,<,>,-,O,C,-
1782576469.359,3694,72.73,72.88,72.74,72.74,<,<,<,>,>,=,-,C,O,C>MP>O
1782576939.993,3695,72.88,72.67,72.9,72.9,>,<,<,<,<,=,-,MP,C,MP>O>C
1782577638.41,3696,72.67,72.71,72.66,72.66,<,>,>,>,>,=,-,C,MP,C>O>MP
1782578513.057,3697,72.71,72.79,72.75,72.75,<,<,<,>,>,=,-,C,O,C>MP>O
1782579629.52,3698,72.79,72.59,72.72,72.79,>,>,=,<,<,<,-,OP,C,-
1782579710.346,3699,72.59,72.36,72.47,72.47,>,>,>,<,<,=,-,O,C,O>MP>C
1782579756.939,3700,72.36,72.15,72.26,72.27,>,>,>,<,<,<,-,O,C,-
1782579845.668,3701,72.15,72.07,72.15,72.15,>,=,=,<,<,=,O=M=P,OMP,C,-
1782579888.0,3702,72.07,71.86,71.96,72.0,>,>,>,<,<,<,-,O,C,-
1782580035.705,3703,71.86,72.07,72.04,72.1,<,<,<,>,<,<,-,P,O,-
1782580387.699,3704,72.07,72.17,72.09,72.06,<,<,>,>,>,>,-,C,P,-
1782581054.319,3705,72.17,72.24,72.19,72.2,<,<,<,>,>,<,-,C,O,-
1782581667.472,3706,72.24,72.19,72.21,72.21,>,>,>,<,<,=,-,O,C,O>MP>C
1782582482.065,3707,72.19,72.17,72.19,72.18,>,=,>,<,<,>,-,OM,C,-
1782583179.803,3708,72.17,72.02,72.12,72.11,>,>,>,<,<,>,-,O,C,-
1782583627.204,3709,72.02,72.01,71.98,72.0,>,>,>,>,>,<,-,O,M,-
1782584529.059,3710,72.01,71.87,72.06,72.1,>,<,<,<,<,<,-,P,C,-
1782584651.24,3711,71.87,71.85,71.8,71.8,>,>,>,>,>,=,-,O,MP,O>C>MP
1782585211.075,3712,71.85,71.94,71.82,71.84,<,>,>,>,>,<,-,C,M,-
1782586783.227,3713,71.94,71.86,71.91,71.9,>,>,>,<,<,>,-,O,C,-
1782587826.028,3714,71.86,71.81,71.91,71.96,>,<,<,<,<,<,-,P,C,-
1782587968.636,3715,71.81,71.7,71.71,71.65,>,>,>,<,>,>,-,O,P,-
1782588300.568,3716,71.7,71.4,71.6,71.65,>,>,>,<,<,<,-,O,C,-
1782588303.187,3717,71.4,71.06,71.05,71.0,>,>,>,>,>,>,-,O,P,-
1782588305.813,3718,71.06,71.12,71.13,71.13,<,<,<,<,<,=,-,MP,O,MP>C>O
1782588353.948,3719,71.12,71.19,71.15,71.16,<,<,<,>,>,<,-,C,O,-
1782588425.265,3720,71.19,71.12,71.13,71.12,>,>,>,<,=,>,-,O,CP,-
1782588627.551,3721,71.12,71.09,71.15,71.12,>,<,=,<,<,>,-,M,C,-
1782588714.235,3722,71.09,71.0,71.0,71.0,>,>,>,=,=,=,C=M=P,O,CMP,-
1782588957.526,3723,71.0,71.12,71.03,71.0,<,<,=,>,>,>,-,C,OP,-
1782589323.473,3724,71.12,71.06,71.02,71.06,>,>,>,>,=,<,-,O,M,-
1782590093.626,3725,71.06,71.09,71.13,71.12,<,<,<,<,<,>,-,M,O,-
1782590460.455,3726,71.09,71.1,71.06,71.06,<,>,>,>,>,=,-,C,MP,C>O>MP
1782591171.783,3727,71.1,71.22,71.19,71.2,<,<,<,>,>,<,-,C,O,-
1782592309.488,3728,71.22,71.2,71.19,71.18,>,>,>,>,>,>,-,O,P,-
1782593330.514,3729,71.2,71.26,71.2,71.21,<,=,<,>,>,<,-,C,OM,-
1782594361.894,3730,71.26,71.42,71.25,71.18,<,>,>,>,>,>,-,C,P,-
1782594990.375,3731,71.42,71.47,71.44,71.44,<,<,<,>,>,=,-,C,O,C>MP>O
1782595859.678,3732,71.47,71.53,71.48,71.49,<,<,<,>,>,<,-,C,O,-
1782596402.529,3733,71.53,71.2,71.48,71.58,>,>,<,<,<,<,-,P,C,-
1782596723.824,3734,71.2,70.99,71.1,71.19,>,>,>,<,<,<,-,O,C,-
1782597111.127,3735,70.99,70.84,70.92,70.88,>,>,>,<,<,>,-,O,C,-
1782597546.921,3736,70.84,70.96,70.94,70.95,<,<,<,>,>,<,-,C,O,-
1782597771.073,3737,70.96,70.68,70.75,70.66,>,>,>,<,>,>,-,O,P,-
1782598158.464,3738,70.68,70.74,70.72,70.71,<,<,<,>,>,>,-,C,O,-
1782598524.38,3739,70.74,70.54,70.71,70.79,>,>,<,<,<,<,-,P,C,-
1782598576.43,3740,70.54,70.49,70.51,70.52,>,>,>,<,<,<,-,O,C,-
1782598605.759,3741,70.49,70.22,70.34,70.22,>,>,>,<,=,>,-,O,CP,-
1782598744.48,3742,70.22,70.45,70.38,70.51,<,<,<,>,<,<,-,P,O,-
1782599187.585,3743,70.45,70.56,70.53,70.52,<,<,<,>,>,>,-,C,O,-
1782599468.079,3744,70.56,70.85,70.72,70.73,<,<,<,>,>,<,-,C,O,-
1782599841.581,3745,70.85,71.0,70.87,70.85,<,<,=,>,>,>,-,C,OP,-
1782600584.71,3746,71.0,70.92,70.9,70.88,>,>,>,>,>,>,-,O,P,-
1782601625.841,3747,70.92,71.06,70.99,71.04,<,<,<,>,>,<,-,C,O,-
1782602060.445,3748,71.06,70.68,70.91,71.0,>,>,>,<,<,<,-,O,C,-
1782602252.858,3749,70.68,70.53,70.6,70.59,>,>,>,<,<,>,-,O,C,-
1782602942.481,3750,70.53,70.42,70.5,70.5,>,>,>,<,<,=,-,O,C,O>MP>C
1782603902.48,3751,70.42,70.56,70.55,70.55,<,<,<,>,>,=,-,C,O,C>MP>O
1782604876.479,3752,70.57,70.53,70.51,70.52,>,>,>,>,>,<,-,O,M,-
1782605341.332,3753,70.53,70.6,70.5,70.45,<,>,>,>,>,>,-,C,P,-
1782606021.964,3754,70.6,70.68,70.61,70.61,<,<,<,>,>,=,-,C,O,C>MP>O
1782606767.08,3755,70.68,70.62,70.68,70.69,>,=,<,<,<,<,-,P,C,-
1782607953.052,3756,70.62,70.61,70.67,70.68,>,<,<,<,<,<,-,P,C,-
1782608741.518,3757,70.61,70.46,70.62,70.65,>,<,<,<,<,<,-,P,C,-
1782609691.884,3758,70.46,70.67,70.52,70.65,<,<,<,>,>,<,-,C,O,-
1782610431.191,3759,70.67,70.82,70.73,70.72,<,<,<,>,>,>,-,C,O,-
1782611441.266,3760,70.82,70.88,70.81,70.83,<,>,<,>,>,<,-,C,M,-
1782612460.591,3761,70.88,70.87,70.9,70.9,>,<,<,<,<,=,-,MP,C,MP>O>C
1782613255.405,3762,70.87,70.77,70.9,70.95,>,<,<,<,<,<,-,P,C,-
1782613633.198,3763,70.77,70.5,70.55,70.5,>,>,>,<,=,>,-,O,CP,-
1782614162.141,3764,70.5,70.7,70.62,70.6,<,<,<,>,>,>,-,C,O,-
1782615718.584,3765,70.7,70.79,70.73,70.74,<,<,<,>,>,<,-,C,O,-
1782617577.086,3767,70.8,70.8,70.81,70.8,=,<,=,<,=,>,O=C=P,M,OCP,-
1782618748.462,3768,70.8,70.86,70.81,70.8,<,<,=,>,>,>,-,C,OP,-
1782618914.886,3769,70.86,70.78,70.8,70.8,>,>,>,<,<,=,-,O,C,O>MP>C
1782619578.644,3770,70.78,70.81,70.78,70.76,<,=,>,>,>,>,-,C,P,-
1782620974.312,3771,70.81,70.7,70.76,70.78,>,>,>,<,<,<,-,O,C,-
1782621514.392,3772,70.7,70.74,70.62,70.62,<,>,>,>,>,=,-,C,MP,C>O>MP
1782622119.897,3773,70.74,70.91,70.84,70.8,<,<,<,>,>,>,-,C,O,-
1782623063.394,3774,70.91,70.52,70.71,70.9,>,>,>,<,<,<,-,O,C,-
1782623178.874,3775,70.52,70.47,70.45,70.45,>,>,>,>,>,=,-,O,MP,O>C>MP
1782623965.672,3776,70.47,70.58,70.53,70.53,<,<,<,>,>,=,-,C,O,C>MP>O
1782624314.203,3777,70.58,70.34,70.46,70.46,>,>,>,<,<,=,-,O,C,O>MP>C
1782624359.505,3778,70.34,70.26,70.29,70.29,>,>,>,<,<,=,-,O,C,O>MP>C
1782624504.067,3779,70.26,70.12,70.21,70.18,>,>,>,<,<,>,-,O,C,-
1782624574.735,3780,70.12,70.22,70.2,70.1,<,<,>,>,>,>,-,C,P,-
1782624723.468,3781,70.22,70.25,70.18,70.14,<,>,>,>,>,>,-,C,P,-
1782625906.789,3783,70.4,70.4,70.4,70.4,=,=,=,=,=,=,O=C=M;O=C=P;O=M=P;C=M=P;O=C&M=P;O=M&C=P;O=P&C=M;O=C=M=P,OCMP,OCMP,-
1782626570.917,3784,70.4,70.52,70.49,70.51,<,<,<,>,>,<,-,C,O,-
1782627146.018,3785,70.52,70.23,70.4,70.4,>,>,>,<,<,=,-,O,C,O>MP>C
1782627364.194,3786,70.23,70.26,70.22,70.2,<,>,>,>,>,>,-,C,P,-
1782627620.209,3787,70.26,70.34,70.21,70.19,<,>,>,>,>,>,-,C,P,-
1782628271.975,3788,70.34,70.44,70.37,70.37,<,<,<,>,>,=,-,C,O,C>MP>O
1782628928.239,3789,70.44,70.47,70.46,70.46,<,<,<,>,>,=,-,C,O,C>MP>O
1782629988.972,3790,70.47,70.44,70.43,70.42,>,>,>,>,>,>,-,O,P,-
1782630125.485,3791,70.44,70.82,70.66,70.8,<,<,<,>,>,<,-,C,O,-
1782630186.379,3792,70.82,70.74,70.81,70.82,>,>,=,<,<,<,-,OP,C,-
1782630452.557,3793,70.74,70.65,70.68,70.68,>,>,>,<,<,=,-,O,C,O>MP>C
1782631021.431,3794,70.65,70.73,70.7,70.73,<,<,<,>,=,<,-,CP,O,-
1782631517.783,3795,70.73,70.7,70.73,70.74,>,=,<,<,<,<,-,P,C,-
1782632256.169,3796,70.7,70.82,70.69,70.65,<,>,>,>,>,>,-,C,P,-
1782632529.875,3797,70.82,70.83,70.86,70.85,<,<,<,<,<,>,-,M,O,-
1782632847.108,3798,70.83,70.92,70.87,70.92,<,<,<,>,=,<,-,CP,O,-
1782633021.236,3799,70.92,71.05,70.96,70.95,<,<,<,>,>,>,-,C,O,-
1782633322.448,3800,71.05,70.95,70.95,70.92,>,>,>,=,>,>,-,O,P,-
1782633589.964,3801,70.95,71.01,71.0,71.04,<,<,<,>,<,<,-,P,O,-
1782633690.067,3802,71.01,71.24,71.12,71.26,<,<,<,>,<,<,-,P,O,-
1782633777.681,3803,71.24,71.19,71.24,71.23,>,=,>,<,<,>,-,OM,C,-
1782634422.383,3804,71.19,71.06,71.13,71.13,>,>,>,<,<,=,-,O,C,O>MP>C
1782634918.205,3805,71.06,71.24,71.15,71.22,<,<,<,>,>,<,-,C,O,-
1782635622.63,3806,71.24,71.27,71.22,71.24,<,>,=,>,>,<,-,C,M,-
1782635889.237,3807,71.27,71.5,71.37,71.37,<,<,<,>,>,=,-,C,O,C>MP>O
1782635922.262,3808,71.5,71.7,71.62,71.62,<,<,<,>,>,=,-,C,O,C>MP>O
1782635960.213,3809,71.7,71.77,71.78,71.76,<,<,<,<,>,>,-,M,O,-
1782636001.542,3810,71.77,71.94,71.86,71.88,<,<,<,>,>,<,-,C,O,-
1782636014.842,3811,71.94,72.03,72.05,72.06,<,<,<,<,<,<,-,P,O,-
1782636070.648,3812,72.03,72.05,71.95,71.89,<,>,>,>,>,>,-,C,P,-
1782636170.306,3813,72.05,72.01,71.96,71.94,>,>,>,>,>,>,-,O,P,-
1782636275.076,3814,72.01,72.05,72.1,72.11,<,<,<,<,<,<,-,P,O,-
1782636440.096,3815,72.05,71.97,72.03,72.0,>,>,>,<,<,>,-,O,C,-
1782636711.703,3816,71.97,71.89,71.96,71.96,>,>,>,<,<,=,-,O,C,O>MP>C
1782637080.969,3817,71.89,71.9,71.88,71.88,<,>,>,>,>,=,-,C,MP,C>O>MP
1782637312.708,3818,71.9,71.66,71.84,71.9,>,>,=,<,<,<,-,OP,C,-
1782637635.1,3819,71.66,71.79,71.73,71.73,<,<,<,>,>,=,-,C,O,C>MP>O
1782638302.404,3820,71.79,71.71,71.76,71.76,>,>,>,<,<,=,-,O,C,O>MP>C
1782639260.168,3821,71.71,71.77,71.72,71.72,<,<,<,>,>,=,-,C,O,C>MP>O
1782639914.76,3822,71.77,71.98,71.87,71.9,<,<,<,>,>,<,-,C,O,-
1782640351.418,3823,71.98,71.6,71.68,71.67,>,>,>,<,<,>,-,O,C,-
1782640647.948,3824,71.6,71.48,71.53,71.5,>,>,>,<,<,>,-,O,C,-
1782641116.207,3825,71.48,71.26,71.39,71.51,>,>,<,<,<,<,-,P,C,-
1782641664.794,3826,71.26,71.48,71.34,71.37,<,<,<,>,>,<,-,C,O,-
1782642205.9,3827,71.48,71.27,71.44,71.53,>,>,<,<,<,<,-,P,C,-
1782642486.4,3828,71.27,71.17,71.16,71.16,>,>,>,>,>,=,-,O,MP,O>C>MP
1782643140.898,3829,71.17,71.23,71.23,71.25,<,<,<,=,<,<,-,P,O,-
1782644080.78,3830,71.22,71.4,71.38,71.41,<,<,<,>,<,<,-,P,O,-
1782644682.706,3831,71.4,71.72,71.7,71.71,<,<,<,>,>,<,-,C,O,-
1782645444.673,3832,71.72,71.43,71.51,71.5,>,>,>,<,<,>,-,O,C,-
1782645804.738,3833,71.43,71.76,71.73,71.73,<,<,<,>,>,=,-,C,O,C>MP>O
1782646667.685,3834,71.76,71.67,71.82,71.86,>,<,<,<,<,<,-,P,C,-
1782647454.796,3835,71.67,71.81,71.83,71.87,<,<,<,<,<,<,-,P,O,-
1782648149.908,3836,71.81,71.84,71.91,71.87,<,<,<,<,<,>,-,M,O,-
1782648940.382,3837,71.84,71.86,71.82,71.8,<,>,>,>,>,>,-,C,P,-
1782649743.984,3838,71.86,71.93,71.69,71.65,<,>,>,>,>,>,-,C,P,-
1782649837.446,3839,71.93,72.36,72.08,72.07,<,<,<,>,>,>,-,C,O,-
1782650120.539,3840,72.36,71.91,72.08,72.0,>,>,>,<,<,>,-,O,C,-
1782650873.616,3841,71.91,71.8,71.81,71.8,>,>,>,<,=,>,-,O,CP,-
1782651726.223,3842,71.8,71.5,71.8,71.8,>,=,=,<,<,=,O=M=P,OMP,C,-
1782652236.698,3844,71.38,71.38,71.37,71.37,=,>,>,>,>,=,O=C&M=P,OC,MP,-
1782652997.096,3845,71.38,71.63,71.53,71.56,<,<,<,>,>,<,-,C,O,-
1782653613.721,3846,71.63,71.8,71.67,71.62,<,<,>,>,>,>,-,C,P,-
1782654204.026,3847,71.8,72.02,71.86,71.76,<,<,>,>,>,>,-,C,P,-
1782654646.469,3848,72.02,71.89,71.99,71.97,>,>,>,<,<,>,-,O,C,-
1782655335.818,3849,71.89,71.76,71.76,71.75,>,>,>,=,>,>,-,O,P,-
1782656387.574,3850,71.76,72.1,71.88,71.91,<,<,<,>,>,<,-,C,O,-
1782657102.516,3851,72.1,71.86,71.98,72.13,>,>,<,<,<,<,-,P,C,-
1782657982.706,3852,71.86,71.76,71.81,71.81,>,>,>,<,<,=,-,O,C,O>MP>C
1782658894.451,3853,71.76,71.63,71.71,71.67,>,>,>,<,<,>,-,O,C,-
1782659396.601,3854,71.63,71.5,71.74,71.81,>,<,<,<,<,<,-,P,C,-
1782659904.691,3855,71.5,71.95,71.71,71.75,<,<,<,>,>,<,-,C,O,-
1782660680.828,3856,71.95,71.84,71.8,71.79,>,>,>,>,>,>,-,O,P,-
1782660971.979,3857,71.84,71.86,71.99,71.99,<,<,<,<,<,=,-,MP,O,MP>C>O
1782661838.821,3858,71.86,71.78,71.76,71.74,>,>,>,>,>,>,-,O,P,-
1782662138.442,3859,71.78,71.77,71.86,71.91,>,<,<,<,<,<,-,P,C,-
1782662480.573,3860,71.77,72.0,71.99,71.97,<,<,<,>,>,>,-,C,O,-
1782662967.44,3861,72.0,71.83,71.99,72.02,>,>,<,<,<,<,-,P,C,-
1782663780.082,3862,71.83,71.78,71.84,71.78,>,<,>,<,=,>,-,M,CP,-
1782663980.049,3863,71.78,71.47,71.51,71.4,>,>,>,<,>,>,-,O,P,-
1782664281.667,3864,71.47,71.3,71.42,71.4,>,>,>,<,<,>,-,O,C,-
1782664446.183,3865,71.3,71.18,71.27,71.31,>,>,<,<,<,<,-,P,C,-
1782665180.846,3867,71.2,71.2,71.24,71.2,=,<,=,<,=,>,O=C=P,M,OCP,-
1782665865.836,3868,71.2,71.54,71.38,71.39,<,<,<,>,>,<,-,C,O,-
1782666426.507,3869,71.54,71.87,71.6,71.53,<,<,>,>,>,>,-,C,P,-
1782666750.99,3870,71.87,71.5,71.74,71.8,>,>,>,<,<,<,-,O,C,-
1782667620.243,3871,71.5,71.36,71.48,71.46,>,>,>,<,<,>,-,O,C,-
1782668104.619,3872,71.36,71.09,71.29,71.31,>,>,>,<,<,<,-,O,C,-
1782668196.613,3873,71.09,70.96,71.0,71.0,>,>,>,<,<,=,-,O,C,O>MP>C
1782668664.679,3874,70.96,71.32,71.09,71.01,<,<,<,>,>,>,-,C,O,-
1782669467.967,3875,71.32,71.61,71.42,71.38,<,<,<,>,>,>,-,C,O,-
1782670276.452,3876,71.61,71.39,71.54,71.5,>,>,>,<,<,>,-,O,C,-
1782671463.547,3877,71.39,71.16,71.28,71.32,>,>,>,<,<,<,-,O,C,-
1782672527.896,3878,71.16,71.06,71.06,71.01,>,>,>,=,>,>,-,O,P,-
1782673367.597,3879,71.06,70.96,71.05,71.03,>,>,>,<,<,>,-,O,C,-
1782674038.745,3880,70.96,71.01,70.87,70.85,<,>,>,>,>,>,-,C,P,-
1782675165.214,3881,71.01,71.23,70.99,71.07,<,>,<,>,>,<,-,C,M,-
1782675746.097,3882,71.23,70.8,70.91,70.88,>,>,>,<,<,>,-,O,C,-
1782676027.568,3883,70.8,70.5,70.65,70.61,>,>,>,<,<,>,-,O,C,-
1782676066.819,3884,70.5,70.31,70.42,70.49,>,>,>,<,<,<,-,O,C,-
1782676351.643,3885,70.31,70.49,70.44,70.51,<,<,<,>,<,<,-,P,O,-
1782676944.089,3886,70.49,70.74,70.61,70.7,<,<,<,>,>,<,-,C,O,-
1782677654.633,3887,70.74,71.09,70.82,70.76,<,<,<,>,>,>,-,C,O,-
1782678210.417,3888,71.09,71.05,71.08,71.1,>,>,<,<,<,<,-,P,C,-
1782678956.341,3889,71.05,70.78,70.96,70.96,>,>,>,<,<,=,-,O,C,O>MP>C
1782679722.777,3890,70.78,70.81,70.75,70.72,<,>,>,>,>,>,-,C,P,-
1782681210.071,3891,70.81,70.58,70.82,70.82,>,<,<,<,<,=,-,MP,C,MP>O>C
1782682415.956,3892,70.58,70.92,70.75,70.72,<,<,<,>,>,>,-,C,O,-
1782683248.754,3893,70.92,70.4,70.8,70.81,>,>,>,<,<,<,-,O,C,-
1782683646.346,3894,70.4,70.29,70.38,70.41,>,>,<,<,<,<,-,P,C,-
1782684049.372,3895,70.29,70.75,70.39,70.33,<,<,<,>,>,>,-,C,O,-
1782684178.245,3896,70.75,71.05,70.98,70.98,<,<,<,>,>,=,-,C,O,C>MP>O
1782684229.377,3897,71.05,71.25,71.3,71.4,<,<,<,<,<,<,-,P,O,-
1782684422.113,3898,71.25,71.26,71.31,71.35,<,<,<,<,<,<,-,P,O,-
1782684699.243,3899,71.26,71.0,71.14,71.09,>,>,>,<,<,>,-,O,C,-
1782685149.495,3900,71.0,70.6,70.96,71.01,>,>,<,<,<,<,-,P,C,-
1782685318.744,3901,70.6,70.65,70.54,70.54,<,>,>,>,>,=,-,C,MP,C>O>MP
1782685821.679,3902,70.65,70.94,70.86,70.83,<,<,<,>,>,>,-,C,O,-
1782686395.682,3903,70.94,70.67,70.67,70.56,>,>,>,=,>,>,-,O,P,-
1782686831.865,3904,70.67,70.61,70.52,70.44,>,>,>,>,>,>,-,O,P,-
1782687124.954,3905,70.61,70.27,70.37,70.36,>,>,>,<,<,>,-,O,C,-
1782687205.261,3906,70.27,70.04,70.19,70.25,>,>,>,<,<,<,-,O,C,-
1782687207.379,3907,70.04,69.88,69.89,69.9,>,>,>,<,<,<,-,O,C,-
1782687221.552,3908,69.88,69.76,69.82,69.91,>,>,<,<,<,<,-,P,C,-
1782687314.652,3909,69.76,70.03,69.88,69.89,<,<,<,>,>,<,-,C,O,-
1782687571.913,3910,70.03,70.2,70.11,70.11,<,<,<,>,>,=,-,C,O,C>MP>O
1782687724.526,3911,70.2,70.53,70.39,70.56,<,<,<,>,<,<,-,P,O,-
1782688333.127,3912,70.52,70.65,70.52,70.53,<,=,<,>,>,<,-,C,OM,-
1782688721.325,3913,70.65,70.77,70.69,70.69,<,<,<,>,>,=,-,C,O,C>MP>O
1782689220.614,3914,70.77,70.89,70.81,70.89,<,<,<,>,=,<,-,CP,O,-
1782689494.311,3915,70.89,71.24,71.07,71.1,<,<,<,>,>,<,-,C,O,-
1782689799.423,3916,71.24,71.47,71.3,71.27,<,<,<,>,>,>,-,C,O,-
1782689975.475,3917,71.47,71.61,71.58,71.47,<,<,=,>,>,>,-,C,OP,-
1782690163.799,3918,71.61,71.56,71.62,71.62,>,<,<,<,<,=,-,MP,C,MP>O>C
1782690736.311,3919,71.56,71.41,71.53,71.52,>,>,>,<,<,>,-,O,C,-
1782691249.691,3920,71.41,71.16,71.34,71.35,>,>,>,<,<,<,-,O,C,-
1782691646.248,3921,71.16,70.89,71.04,71.0,>,>,>,<,<,>,-,O,C,-
1782692154.731,3922,70.89,71.27,71.26,71.4,<,<,<,>,<,<,-,P,O,-
1782692570.554,3923,71.27,71.0,71.15,71.26,>,>,>,<,<,<,-,O,C,-
1782693057.15,3924,71.0,70.62,70.82,70.9,>,>,>,<,<,<,-,O,C,-
1782693259.664,3925,70.62,70.67,70.48,70.49,<,>,>,>,>,<,-,C,M,-
1782693718.93,3926,70.67,71.0,70.75,70.76,<,<,<,>,>,<,-,C,O,-
1782694332.419,3927,71.0,71.13,71.02,71.0,<,<,=,>,>,>,-,C,OP,-
1782694678.021,3928,71.13,71.46,71.41,71.49,<,<,<,>,<,<,-,P,O,-
1782695113.127,3929,71.46,71.34,71.5,71.4,>,<,>,<,<,>,-,M,C,-
1782695860.567,3930,71.34,71.1,71.38,71.44,>,<,<,<,<,<,-,P,C,-
1782696168.59,3931,71.1,71.24,71.06,71.02,<,>,>,>,>,>,-,C,P,-
1782697177.88,3932,71.24,71.48,71.2,71.1,<,>,>,>,>,>,-,C,P,-
1782698272.808,3933,71.48,71.44,71.55,71.52,>,<,<,<,<,>,-,M,C,-
1782699056.254,3934,71.44,71.04,71.26,71.2,>,>,>,<,<,>,-,O,C,-
1782699265.504,3935,71.04,70.63,70.71,70.97,>,>,>,<,<,<,-,O,C,-
1782699779.906,3936,70.63,71.4,70.98,70.97,<,<,<,>,>,>,-,C,O,-
1782700066.774,3937,71.4,71.78,71.49,71.48,<,<,<,>,>,>,-,C,O,-
1782700674.917,3938,71.78,71.77,71.71,71.75,>,>,>,>,>,<,-,O,M,-
1782701042.529,3939,71.77,72.03,71.95,72.1,<,<,<,>,<,<,-,P,O,-
1782702007.411,3940,72.03,72.2,72.05,72.04,<,<,<,>,>,>,-,C,O,-
1782702184.489,3941,72.2,72.48,72.42,72.52,<,<,<,>,<,<,-,P,O,-
1782702425.184,3942,72.48,72.74,72.76,72.8,<,<,<,<,<,<,-,P,O,-
1782702626.637,3943,72.74,73.2,73.0,73.0,<,<,<,>,>,=,-,C,O,C>MP>O
1782702863.337,3944,73.2,72.98,73.03,72.99,>,>,>,<,<,>,-,O,C,-
1782703571.217,3945,72.98,73.06,72.89,72.85,<,>,>,>,>,>,-,C,P,-
1782704124.323,3946,73.06,73.03,73.15,73.17,>,<,<,<,<,<,-,P,C,-
1782704999.266,3947,73.03,72.73,72.78,72.8,>,>,>,<,<,<,-,O,C,-
1782706300.775,3948,72.73,72.43,72.58,72.58,>,>,>,<,<,=,-,O,C,O>MP>C
1782707439.841,3949,72.43,72.22,72.32,72.36,>,>,>,<,<,<,-,O,C,-
1782708248.177,3950,72.22,71.85,71.9,71.83,>,>,>,<,>,>,-,O,P,-
1782708761.475,3951,71.85,71.8,71.73,71.69,>,>,>,>,>,>,-,O,P,-
1782709502.708,3952,71.8,71.32,71.61,71.51,>,>,>,<,<,>,-,O,C,-
1782709693.284,3953,71.32,71.19,71.13,71.0,>,>,>,>,>,>,-,O,P,-
1782710252.513,3954,71.19,71.38,71.22,71.2,<,<,<,>,>,>,-,C,O,-
1782711383.969,3955,71.38,71.51,71.42,71.38,<,<,=,>,>,>,-,C,OP,-
1782712468.391,3956,71.51,71.91,71.75,71.77,<,<,<,>,>,<,-,C,O,-
1782712847.445,3957,71.91,72.44,72.23,72.3,<,<,<,>,>,<,-,C,O,-
1782713374.306,3958,72.44,72.45,72.32,72.4,<,>,>,>,>,<,-,C,M,-
1782713987.937,3959,72.45,72.69,72.53,72.68,<,<,<,>,>,<,-,C,O,-
1782714400.617,3960,72.69,73.0,72.89,72.9,<,<,<,>,>,<,-,C,O,-
1782715078.024,3961,73.0,72.4,72.63,72.52,>,>,>,<,<,>,-,O,C,-
1782716471.421,3962,72.4,72.18,72.35,72.35,>,>,>,<,<,=,-,O,C,O>MP>C
1782717759.985,3963,72.18,72.36,72.27,72.47,<,<,<,>,<,<,-,P,O,-
1782719323.76,3964,72.36,72.52,72.39,72.37,<,<,<,>,>,>,-,C,O,-
1782720016.349,3965,72.52,72.68,72.73,72.75,<,<,<,<,<,<,-,P,O,-
1782720672.07,3966,72.68,72.62,72.69,72.7,>,<,<,<,<,<,-,P,C,-
1782721561.183,3967,72.62,72.61,72.7,72.72,>,<,<,<,<,<,-,P,C,-
1782722334.804,3968,72.61,72.55,72.5,72.45,>,>,>,>,>,>,-,O,P,-
1782723257.725,3969,72.55,72.79,72.8,72.79,<,<,<,<,=,>,-,M,O,-
1782724440.17,3970,72.79,72.77,72.71,72.7,>,>,>,>,>,>,-,O,P,-
1782725110.133,3971,72.77,72.71,72.93,73.0,>,<,<,<,<,<,-,P,C,-
1782726008.485,3972,72.71,72.78,72.78,72.87,<,<,<,=,<,<,-,P,O,-
1782727307.263,3973,72.78,73.03,72.81,72.84,<,<,<,>,>,<,-,C,O,-
1782727788.686,3974,73.03,73.3,73.11,73.13,<,<,<,>,>,<,-,C,O,-
1782727923.176,3975,73.3,73.29,73.35,73.3,>,<,=,<,<,>,-,M,C,-
1782728352.9,3976,73.29,73.44,73.36,73.33,<,<,<,>,>,>,-,C,O,-
1782728635.449,3977,73.44,73.42,73.56,73.6,>,<,<,<,<,<,-,P,C,-
1782729205.58,3978,73.42,73.19,73.35,73.37,>,>,>,<,<,<,-,O,C,-
1782730019.755,3979,73.19,73.26,73.22,73.28,<,<,<,>,<,<,-,P,O,-
1782730932.229,3980,73.26,73.09,73.21,73.17,>,>,>,<,<,>,-,O,C,-
1782731306.479,3981,73.09,72.89,72.89,72.85,>,>,>,=,>,>,-,O,P,-
1782731718.828,3982,72.89,72.6,72.68,72.89,>,>,=,<,<,<,-,OP,C,-
1782732306.179,3983,72.6,72.56,72.5,72.5,>,>,>,>,>,=,-,O,MP,O>C>MP
1782732673.295,3984,72.56,72.94,72.65,72.59,<,<,<,>,>,>,-,C,O,-
1782732783.328,3985,72.94,72.8,72.99,73.04,>,<,<,<,<,<,-,P,C,-
1782733326.881,3986,72.81,72.4,72.53,72.39,>,>,>,<,>,>,-,O,P,-
1782734045.743,3987,72.4,72.27,72.35,72.4,>,>,=,<,<,<,-,OP,C,-
1782734437.239,3988,72.27,72.4,72.47,72.5,<,<,<,<,<,<,-,P,O,-
1782734578.292,3989,72.4,72.74,72.34,72.35,<,>,>,>,>,<,-,C,M,-
1782734672.351,3990,72.74,72.94,72.87,72.89,<,<,<,>,>,<,-,C,O,-
1782734810.339,3991,72.94,73.15,73.05,73.09,<,<,<,>,>,<,-,C,O,-
1782734966.702,3992,73.15,73.24,73.32,73.37,<,<,<,<,<,<,-,P,O,-
1782735140.902,3993,73.24,73.73,73.41,73.48,<,<,<,>,>,<,-,C,O,-
1782735152.815,3994,73.73,74.12,73.98,74.0,<,<,<,>,>,<,-,C,O,-
1782735189.417,3995,74.12,73.99,74.02,74.0,>,>,>,<,<,>,-,O,C,-
1782735325.281,3996,73.99,74.03,73.97,73.9,<,>,>,>,>,>,-,C,P,-
1782735599.185,3997,74.03,73.99,73.96,73.97,>,>,>,>,>,<,-,O,M,-
1782735908.203,3998,73.99,73.71,73.86,73.71,>,>,>,<,=,>,-,O,CP,-
1782736380.988,3999,73.71,73.83,73.84,73.8,<,<,<,<,>,>,-,M,O,-
1782736509.379,4000,73.84,74.47,74.28,74.32,<,<,<,>,>,<,-,C,O,-
1782736639.935,4001,74.47,74.05,74.28,74.44,>,>,>,<,<,<,-,O,C,-
1782736724.306,4002,74.05,73.42,73.71,73.51,>,>,>,<,<,>,-,O,C,-
1782736840.867,4003,73.42,73.27,73.39,73.41,>,>,>,<,<,<,-,O,C,-
1782737183.06,4004,73.27,73.51,73.33,73.35,<,<,<,>,>,<,-,C,O,-
1782737527.177,4005,73.51,73.04,73.41,73.53,>,>,<,<,<,<,-,P,C,-
1782738072.411,4006,73.04,73.77,73.43,73.4,<,<,<,>,>,>,-,C,O,-
1782738562.507,4007,73.77,73.75,73.83,73.8,>,<,<,<,<,>,-,M,C,-
1782738983.206,4008,73.75,74.11,74.11,74.12,<,<,<,=,<,<,-,P,O,-
1782739416.0,4009,74.11,73.84,74.13,74.11,>,<,=,<,<,>,-,M,C,-
1782739845.927,4010,73.84,73.42,73.61,73.61,>,>,>,<,<,=,-,O,C,O>MP>C
1782740154.475,4011,73.42,73.69,73.9,73.99,<,<,<,<,<,<,-,P,O,-
1782740396.405,4012,73.69,73.32,73.43,73.35,>,>,>,<,<,>,-,O,C,-
1782740617.204,4013,73.32,73.0,73.11,73.0,>,>,>,<,=,>,-,O,CP,-
1782740821.756,4014,73.0,73.03,72.94,73.0,<,>,=,>,>,<,-,C,M,-
1782741130.64,4015,73.03,73.02,72.98,73.0,>,>,>,>,>,<,-,O,M,-
1782741569.968,4016,73.02,73.59,73.22,73.1,<,<,<,>,>,>,-,C,O,-
1782741938.567,4017,73.59,73.28,73.58,73.49,>,>,>,<,<,>,-,O,C,-
1782742303.066,4018,73.28,72.73,73.14,73.17,>,>,>,<,<,<,-,O,C,-
1782742547.537,4019,72.73,72.63,72.6,72.63,>,>,>,>,=,<,-,O,M,-
1782742830.387,4020,72.63,72.59,72.63,72.72,>,=,<,<,<,<,-,P,C,-
1782743550.686,4021,72.59,72.96,72.95,72.95,<,<,<,>,>,=,-,C,O,C>MP>O
1782744600.568,4022,72.96,73.05,73.3,73.3,<,<,<,<,<,=,-,MP,O,MP>C>O
1782745216.62,4023,73.06,73.55,73.69,73.69,<,<,<,<,<,=,-,MP,O,MP>C>O
1782745942.337,4024,73.55,72.77,73.01,73.0,>,>,>,<,<,>,-,O,C,-
1782746924.591,4025,72.77,73.7,73.45,73.48,<,<,<,>,>,<,-,C,O,-
1782747125.266,4026,73.7,74.3,74.12,74.0,<,<,<,>,>,>,-,C,O,-
1782747798.446,4027,74.3,73.92,74.18,74.23,>,>,>,<,<,<,-,O,C,-
1782748945.547,4028,73.92,73.83,73.93,73.92,>,<,=,<,<,>,-,M,C,-
1782750158.248,4029,73.83,73.3,73.65,73.65,>,>,>,<,<,=,-,O,C,O>MP>C
1782750879.382,4030,73.3,73.09,73.05,73.05,>,>,>,>,>,=,-,O,MP,O>C>MP
1782751745.819,4031,73.09,74.02,73.65,73.7,<,<,<,>,>,<,-,C,O,-
1782752600.183,4032,74.02,74.22,74.01,74.0,<,>,>,>,>,>,-,C,P,-
1782752817.193,4033,74.22,74.61,74.7,74.75,<,<,<,<,<,<,-,P,O,-
1782753167.404,4034,74.61,75.0,74.77,74.61,<,<,=,>,>,>,-,C,OP,-
1782753290.013,4035,75.0,75.27,75.24,75.23,<,<,<,>,>,>,-,C,O,-
1782753333.143,4036,75.27,75.96,75.77,75.85,<,<,<,>,>,<,-,C,O,-
1782753381.938,4037,75.96,75.9,76.12,76.04,>,<,<,<,<,>,-,M,C,-
1782753663.792,4038,75.9,75.7,75.92,75.94,>,<,<,<,<,<,-,P,C,-
1782753948.107,4039,75.7,75.46,75.41,75.51,>,>,>,>,<,<,-,O,M,-
1782754400.529,4040,75.46,75.76,75.85,75.96,<,<,<,<,<,<,-,P,O,-
1782755302.284,4041,75.76,75.5,75.66,75.7,>,>,>,<,<,<,-,O,C,-
1782756340.566,4042,75.5,75.41,75.31,75.26,>,>,>,>,>,>,-,O,P,-
1782757637.676,4043,75.41,75.36,75.55,75.69,>,<,<,<,<,<,-,P,C,-
1782759150.549,4044,75.36,75.44,75.43,75.68,<,<,<,>,<,<,-,P,O,-
1782760785.938,4045,75.44,75.81,75.56,75.5,<,<,<,>,>,>,-,C,O,-
1782761644.245,4046,75.81,75.74,75.93,75.9,>,<,<,<,<,>,-,M,C,-
1782762758.495,4047,75.74,76.08,75.91,75.9,<,<,<,>,>,>,-,C,O,-
1782763943.852,4048,76.08,75.68,75.84,75.88,>,>,>,<,<,<,-,O,C,-
1782765744.184,4049,75.68,75.47,75.59,75.65,>,>,>,<,<,<,-,O,C,-
1782767013.353,4050,75.47,75.45,75.38,75.38,>,>,>,>,>,=,-,O,MP,O>C>MP
1782767995.695,4051,75.45,75.47,75.42,75.49,<,>,<,>,<,<,-,P,M,-
1782769916.205,4052,75.47,75.6,75.59,75.6,<,<,<,>,=,<,-,CP,O,-
1782771495.541,4053,75.6,75.34,75.51,75.56,>,>,>,<,<,<,-,O,C,-
1782772746.474,4054,75.34,75.25,75.3,75.3,>,>,>,<,<,=,-,O,C,O>MP>C
1782773522.053,4055,75.25,75.06,75.15,75.07,>,>,>,<,<,>,-,O,C,-
1782774629.643,4056,75.06,75.38,75.28,75.32,<,<,<,>,>,<,-,C,O,-
1782775722.993,4057,75.38,75.2,75.2,75.16,>,>,>,=,>,>,-,O,P,-
1782775837.597,4058,75.2,74.95,74.99,74.91,>,>,>,<,>,>,-,O,P,-
1782776243.41,4059,74.95,75.03,74.97,74.98,<,<,<,>,>,<,-,C,O,-
1782776955.083,4060,75.03,75.05,75.03,75.02,<,=,>,>,>,>,-,C,P,-
1782777605.931,4061,75.05,75.07,75.04,75.01,<,>,>,>,>,>,-,C,P,-
1782778161.031,4062,75.07,74.96,75.09,75.1,>,<,<,<,<,<,-,P,C,-
1782778844.129,4063,74.96,74.79,74.94,74.96,>,>,=,<,<,<,-,OP,C,-
1782779322.459,4064,74.79,74.67,74.76,74.79,>,>,=,<,<,<,-,OP,C,-
1782779505.096,4065,74.67,74.47,74.53,74.47,>,>,>,<,=,>,-,O,CP,-
1782779562.517,4066,74.47,74.53,74.33,74.32,<,>,>,>,>,>,-,C,P,-
1782779772.874,4067,74.53,74.34,74.5,74.5,>,>,>,<,<,=,-,O,C,O>MP>C
1782780006.189,4068,74.34,74.3,74.28,74.3,>,>,>,>,=,<,-,O,M,-
1782780345.882,4069,74.3,74.43,74.26,74.29,<,>,>,>,>,<,-,C,M,-
1782780597.734,4070,74.43,74.56,74.42,74.41,<,>,>,>,>,>,-,C,P,-
1782780972.273,4071,74.56,74.45,74.45,74.45,>,>,>,=,=,=,C=M=P,O,CMP,-
1782781499.803,4072,74.45,74.33,74.34,74.23,>,>,>,<,>,>,-,O,P,-
1782781902.691,4073,74.33,74.05,74.15,74.15,>,>,>,<,<,=,-,O,C,O>MP>C
1782782335.159,4074,74.05,74.35,74.1,74.05,<,<,=,>,>,>,-,C,OP,-
1782782758.133,4075,74.35,74.44,74.34,74.34,<,>,>,>,>,=,-,C,MP,C>O>MP
1782783050.562,4076,74.44,74.59,74.57,74.62,<,<,<,>,<,<,-,P,O,-
1782783832.122,4077,74.59,74.28,74.34,74.32,>,>,>,<,<,>,-,O,C,-
1782784980.931,4078,74.28,74.24,74.33,74.28,>,<,=,<,<,>,-,M,C,-
1782785651.742,4079,74.24,74.02,74.17,74.22,>,>,>,<,<,<,-,O,C,-
1782786713.239,4080,74.02,74.31,74.17,74.07,<,<,<,>,>,>,-,C,O,-
1782787486.48,4081,74.31,74.51,74.3,74.47,<,>,<,>,>,<,-,C,M,-
1782788224.046,4082,74.51,74.64,74.69,74.73,<,<,<,<,<,<,-,P,O,-
1782789425.497,4083,74.64,74.75,74.63,74.65,<,>,<,>,>,<,-,C,M,-
1782790325.477,4084,74.75,74.51,74.76,74.85,>,<,<,<,<,<,-,P,C,-
1782791109.055,4085,74.51,74.4,74.4,74.34,>,>,>,=,>,>,-,O,P,-
1782792032.031,4086,74.4,74.13,74.2,74.17,>,>,>,<,<,>,-,O,C,-
1782792312.201,4087,74.13,73.97,74.11,74.1,>,>,>,<,<,>,-,O,C,-
1782792529.446,4088,73.97,73.96,73.99,73.97,>,<,=,<,<,>,-,M,C,-
1782792761.224,4089,73.96,73.97,73.84,73.77,<,>,>,>,>,>,-,C,P,-
1782793005.434,4090,73.97,73.88,74.1,74.11,>,<,<,<,<,<,-,P,C,-
1782793203.204,4091,73.88,73.73,73.75,73.73,>,>,>,<,=,>,-,O,CP,-
1782793423.391,4092,73.73,73.9,73.79,73.78,<,<,<,>,>,>,-,C,O,-
1782793957.995,4093,73.9,74.0,73.86,73.86,<,>,>,>,>,=,-,C,MP,C>O>MP
1782794799.311,4094,74.0,74.05,74.03,73.97,<,<,>,>,>,>,-,C,P,-
1782796037.802,4095,74.05,74.02,74.02,74.01,>,>,>,=,>,>,-,O,P,-
1782797001.014,4096,74.02,73.97,73.95,73.95,>,>,>,>,>,=,-,O,MP,O>C>MP
1782797852.333,4097,73.97,73.89,73.92,73.92,>,>,>,<,<,=,-,O,C,O>MP>C
1782798435.489,4098,73.89,74.11,74.11,74.13,<,<,<,=,<,<,-,P,O,-
1782799262.184,4099,74.11,74.17,74.14,74.16,<,<,<,>,>,<,-,C,O,-
1782800207.172,4100,74.17,73.94,74.02,74.01,>,>,>,<,<,>,-,O,C,-
1782800928.868,4101,73.94,74.19,73.95,73.89,<,<,>,>,>,>,-,C,P,-
1782801575.968,4102,74.19,74.1,74.13,74.1,>,>,>,<,=,>,-,O,CP,-
1782802803.897,4103,74.1,74.13,74.1,74.1,<,=,=,>,>,=,O=M=P,C,OMP,-
1782803366.124,4104,74.12,73.9,74.13,74.19,>,<,<,<,<,<,-,P,C,-
1782803892.835,4105,73.9,73.96,73.87,73.86,<,>,>,>,>,>,-,C,P,-
1782805005.127,4106,73.96,74.0,73.93,73.88,<,>,>,>,>,>,-,C,P,-
1782805892.726,4107,74.0,74.06,74.04,74.03,<,<,<,>,>,>,-,C,O,-
1782806651.821,4108,74.06,74.07,74.08,74.05,<,<,>,<,>,>,-,M,P,-
1782807249.528,4109,74.07,73.88,74.04,74.07,>,>,=,<,<,<,-,OP,C,-
1782808018.21,4110,73.88,73.97,73.89,73.88,<,<,=,>,>,>,-,C,OP,-
1782808555.122,4111,73.97,73.67,73.85,73.86,>,>,>,<,<,<,-,O,C,-
1782808577.153,4112,73.67,73.51,73.56,73.5,>,>,>,<,>,>,-,O,P,-
1782808612.097,4113,73.51,73.47,73.52,73.54,>,<,<,<,<,<,-,P,C,-
1782808644.466,4114,73.47,73.49,73.43,73.4,<,>,>,>,>,>,-,C,P,-
1782808784.263,4115,73.49,73.5,73.49,73.5,<,=,<,>,=,<,O=M&C=P,CP,OM,-
1782808952.93,4116,73.5,73.53,73.49,73.49,<,>,>,>,>,=,-,C,MP,C>O>MP
1782809138.444,4117,73.53,73.33,73.53,73.55,>,=,<,<,<,<,-,P,C,-
1782809269.338,4118,73.33,73.38,73.35,73.36,<,<,<,>,>,<,-,C,O,-
1782809399.086,4119,73.38,73.54,73.33,73.3,<,>,>,>,>,>,-,C,P,-
1782809494.481,4120,73.54,73.3,73.38,73.39,>,>,>,<,<,<,-,O,C,-
1782809862.527,4121,73.3,73.55,73.47,73.52,<,<,<,>,>,<,-,C,O,-
1782810221.508,4122,73.55,73.73,73.62,73.72,<,<,<,>,>,<,-,C,O,-
1782810657.357,4123,73.73,73.58,73.65,73.72,>,>,>,<,<,<,-,O,C,-
1782811258.425,4124,73.58,73.65,73.71,73.75,<,<,<,<,<,<,-,P,O,-
1782811492.765,4125,73.65,73.64,73.63,73.63,>,>,>,>,>,=,-,O,MP,O>C>MP
1782812273.598,4126,73.64,73.71,73.61,73.59,<,>,>,>,>,>,-,C,P,-
1782813012.831,4127,73.71,73.8,73.72,73.73,<,<,<,>,>,<,-,C,O,-
1782813951.826,4128,73.8,73.72,73.8,73.8,>,=,=,<,<,=,O=M=P,OMP,C,-
1782815009.395,4129,73.72,73.6,73.7,73.65,>,>,>,<,<,>,-,O,C,-
1782815851.498,4130,73.6,73.54,73.6,73.65,>,=,<,<,<,<,-,P,C,-
1782816581.41,4131,73.54,73.68,73.57,73.56,<,<,<,>,>,>,-,C,O,-
1782817763.388,4132,73.68,73.66,73.67,73.65,>,>,>,<,>,>,-,O,P,-
1782818527.241,4133,73.66,73.4,73.43,73.42,>,>,>,<,<,>,-,O,C,-
1782818965.368,4134,73.4,73.37,73.4,73.38,>,=,>,<,<,>,-,OM,C,-
1782819366.326,4135,73.37,73.53,73.39,73.34,<,<,>,>,>,>,-,C,P,-
1782820185.082,4136,73.53,73.6,73.51,73.5,<,>,>,>,>,>,-,C,P,-
1782820800.206,4137,73.6,73.35,73.41,73.33,>,>,>,<,>,>,-,O,P,-
1782820996.877,4138,73.35,73.18,73.25,73.21,>,>,>,<,<,>,-,O,C,-
1782821188.245,4139,73.18,73.05,73.15,73.14,>,>,>,<,<,>,-,O,C,-
1782821410.205,4140,73.05,73.0,73.05,73.04,>,=,>,<,<,>,-,OM,C,-
1782821677.575,4141,73.0,72.95,73.03,73.0,>,<,=,<,<,>,-,M,C,-
1782822009.255,4142,72.95,72.9,72.94,72.94,>,>,>,<,<,=,-,O,C,O>MP>C
1782822104.142,4143,72.9,72.81,72.83,72.85,>,>,>,<,<,<,-,O,C,-
1782822229.185,4144,72.81,72.65,72.73,72.65,>,>,>,<,=,>,-,O,CP,-
1782822343.023,4145,72.65,72.6,72.6,72.59,>,>,>,=,>,>,-,O,P,-
1782822551.541,4146,72.6,72.64,72.63,72.59,<,<,>,>,>,>,-,C,P,-
1782822817.931,4147,72.64,72.53,72.62,72.63,>,>,>,<,<,<,-,O,C,-
1782823031.101,4148,72.53,72.51,72.48,72.47,>,>,>,>,>,>,-,O,P,-
1782823375.127,4149,72.51,72.52,72.44,72.43,<,>,>,>,>,>,-,C,P,-
1782823670.554,4150,72.52,72.25,72.34,72.3,>,>,>,<,<,>,-,O,C,-
1782823950.891,4151,72.25,72.32,72.25,72.25,<,=,=,>,>,=,O=M=P,C,OMP,-
1782824243.372,4152,72.32,72.25,72.26,72.3,>,>,>,<,<,<,-,O,C,-
1782824394.331,4153,72.25,72.07,72.13,72.13,>,>,>,<,<,=,-,O,C,O>MP>C
1782824509.019,4154,72.07,72.19,72.12,72.06,<,<,>,>,>,>,-,C,P,-
1782824608.805,4155,72.19,71.93,71.97,72.0,>,>,>,<,<,<,-,O,C,-
1782824854.917,4156,71.93,72.33,72.16,72.27,<,<,<,>,>,<,-,C,O,-
1782825080.381,4157,72.33,72.38,72.38,72.44,<,<,<,=,<,<,-,P,O,-
1782825373.491,4158,72.38,72.48,72.36,72.37,<,>,>,>,>,<,-,C,M,-
1782825986.98,4159,72.48,72.52,72.51,72.52,<,<,<,>,=,<,-,CP,O,-
1782826264.549,4160,72.52,72.57,72.61,72.58,<,<,<,<,<,>,-,M,O,-
1782826349.162,4161,72.57,72.09,72.34,72.7,>,>,<,<,<,<,-,P,C,-
1782826485.601,4162,72.09,72.01,72.15,72.18,>,<,<,<,<,<,-,P,C,-
1782826801.422,4163,72.01,72.11,72.09,72.12,<,<,<,>,<,<,-,P,O,-
1782827131.948,4164,72.11,72.43,72.38,72.41,<,<,<,>,>,<,-,C,O,-
1782827491.938,4165,72.43,72.64,72.48,72.81,<,<,<,>,<,<,-,P,O,-
1782827655.562,4166,72.64,72.7,72.71,72.7,<,<,<,<,=,>,-,M,O,-
1782828036.742,4167,72.7,72.85,72.76,72.73,<,<,<,>,>,>,-,C,O,-
1782828123.524,4168,72.85,73.39,73.17,73.45,<,<,<,>,<,<,-,P,O,-
1782828188.663,4169,73.39,73.48,73.47,73.43,<,<,<,>,>,>,-,C,O,-
1782828336.42,4170,73.48,73.35,73.35,73.4,>,>,>,=,<,<,-,O,CM,-
1782828645.541,4171,73.35,73.22,73.33,73.33,>,>,>,<,<,=,-,O,C,O>MP>C
1782829083.733,4172,73.22,73.28,73.32,73.3,<,<,<,<,<,>,-,M,O,-
1782829460.334,4173,73.28,73.73,73.52,73.63,<,<,<,>,>,<,-,C,O,-
1782829891.628,4174,73.73,73.6,73.7,73.55,>,>,>,<,>,>,-,O,P,-
1782830280.683,4175,73.6,73.44,73.63,73.68,>,<,<,<,<,<,-,P,C,-
1782830622.051,4176,73.44,73.42,73.27,73.3,>,>,>,>,>,<,-,O,M,-
1782831054.759,4177,73.42,73.01,73.27,73.08,>,>,>,<,<,>,-,O,C,-
1782831380.823,4178,73.01,72.78,72.89,72.95,>,>,>,<,<,<,-,O,C,-
1782831933.545,4179,72.78,72.6,72.84,72.7,>,<,>,<,<,>,-,M,C,-
1782832579.603,4180,72.6,72.75,72.81,72.81,<,<,<,<,<,=,-,MP,O,MP>C>O
1782832766.691,4181,72.75,72.81,72.89,72.9,<,<,<,<,<,<,-,P,O,-
1782833073.037,4182,72.81,73.32,73.22,73.23,<,<,<,>,>,<,-,C,O,-
1782833919.113,4183,73.32,73.14,73.32,73.34,>,=,<,<,<,<,-,P,C,-
1782834367.464,4184,73.14,73.79,73.44,73.5,<,<,<,>,>,<,-,C,O,-
1782834655.883,4185,73.79,73.61,73.89,73.92,>,<,<,<,<,<,-,P,C,-
1782835268.574,4186,73.61,73.2,73.2,73.06,>,>,>,=,>,>,-,O,P,-
1782836064.764,4187,73.2,73.07,73.25,73.06,>,<,>,<,>,>,-,M,P,-
1782837199.995,4188,73.07,72.8,72.84,72.77,>,>,>,<,>,>,-,O,P,-
1782838451.565,4189,72.8,73.55,73.17,72.8,<,<,=,>,>,>,-,C,OP,-
1782839272.417,4190,73.55,73.8,73.6,73.61,<,<,<,>,>,<,-,C,O,-
1782840308.285,4191,73.8,73.43,73.5,73.47,>,>,>,<,<,>,-,O,C,-
1782842312.298,4192,73.43,73.18,73.37,73.3,>,>,>,<,<,>,-,O,C,-
1782843868.69,4193,73.18,73.42,73.29,73.2,<,<,<,>,>,>,-,C,O,-
1782845139.842,4194,73.42,73.34,73.16,73.15,>,>,>,>,>,>,-,O,P,-
1782846151.248,4195,73.34,73.62,73.55,73.5,<,<,<,>,>,>,-,C,O,-
1782847927.322,4196,73.62,73.68,73.49,73.46,<,>,>,>,>,>,-,C,P,-
1782848630.22,4197,73.68,73.75,73.77,73.78,<,<,<,<,<,<,-,P,O,-
1782849599.614,4198,73.75,73.72,73.64,73.55,>,>,>,>,>,>,-,O,P,-
1782850607.536,4199,73.72,73.76,73.79,73.78,<,<,<,<,<,>,-,M,O,-
1782851559.697,4200,73.76,73.53,73.63,73.63,>,>,>,<,<,=,-,O,C,O>MP>C
1782852553.071,4201,73.53,73.85,73.74,73.8,<,<,<,>,>,<,-,C,O,-
1782853762.034,4202,73.85,73.61,73.67,73.6,>,>,>,<,>,>,-,O,P,-
1782853866.26,4203,73.61,73.28,73.41,73.52,>,>,>,<,<,<,-,O,C,-
1782854022.185,4204,73.28,73.23,73.25,73.25,>,>,>,<,<,=,-,O,C,O>MP>C
1782855008.042,4205,73.23,73.3,73.3,73.29,<,<,<,=,>,>,-,CM,O,-
1782856506.083,4206,73.3,73.35,73.39,73.44,<,<,<,<,<,<,-,P,O,-
1782857523.103,4207,73.36,73.5,73.56,73.6,<,<,<,<,<,<,-,P,O,-
1782858598.038,4208,73.51,73.49,73.63,73.7,>,<,<,<,<,<,-,P,C,-
1782858737.552,4209,73.49,73.25,73.31,73.27,>,>,>,<,<,>,-,O,C,-
1782859606.914,4210,73.25,73.35,73.35,73.35,<,<,<,=,=,=,C=M=P,CMP,O,-
1782861234.96,4211,73.35,73.3,73.37,73.35,>,<,=,<,<,>,-,M,C,-
1782862254.274,4212,73.3,73.56,73.5,73.5,<,<,<,>,>,=,-,C,O,C>MP>O
1782863278.455,4213,73.56,73.65,73.57,73.57,<,<,<,>,>,=,-,C,O,C>MP>O
1782864122.019,4214,73.65,73.62,73.63,73.65,>,>,=,<,<,<,-,OP,C,-
1782864586.15,4215,73.62,73.65,73.65,73.69,<,<,<,=,<,<,-,P,O,-
1782865128.325,4216,73.65,73.6,73.69,73.64,>,<,>,<,<,>,-,M,C,-
1782865348.506,4217,73.6,73.42,73.49,73.53,>,>,>,<,<,<,-,O,C,-
1782865631.605,4218,73.42,73.4,73.39,73.37,>,>,>,>,>,>,-,O,P,-
1782865948.273,4219,73.4,73.66,73.63,73.5,<,<,<,>,>,>,-,C,O,-
1782866744.977,4220,73.66,73.6,73.62,73.6,>,>,>,<,=,>,-,O,CP,-
1782867465.042,4221,73.6,73.64,73.66,73.66,<,<,<,<,<,=,-,MP,O,MP>C>O
1782867957.38,4222,73.64,73.26,73.42,73.49,>,>,>,<,<,<,-,O,C,-
1782868131.398,4223,73.26,73.04,73.19,73.2,>,>,>,<,<,<,-,O,C,-
1782868181.775,4224,73.04,72.97,73.02,73.01,>,>,>,<,<,>,-,O,C,-
1782868235.412,4225,72.97,72.82,72.89,72.88,>,>,>,<,<,>,-,O,C,-
1782868327.841,4226,72.82,72.86,72.77,72.78,<,>,>,>,>,<,-,C,M,-
1782868366.968,4227,72.86,72.44,72.55,72.41,>,>,>,<,>,>,-,O,P,-
1782868372.232,4228,72.44,72.47,72.44,72.45,<,=,<,>,>,<,-,C,OM,-
1782868385.372,4229,72.47,72.38,72.39,72.39,>,>,>,<,<,=,-,O,C,O>MP>C
1782868408.636,4230,72.38,72.28,72.3,72.27,>,>,>,<,>,>,-,O,P,-
1782868442.059,4231,72.28,72.82,72.55,72.67,<,<,<,>,>,<,-,C,O,-
1782868502.728,4232,72.82,72.93,72.81,72.84,<,>,<,>,>,<,-,C,M,-
1782868531.306,4233,72.93,73.12,73.08,73.15,<,<,<,>,<,<,-,P,O,-
1782868614.381,4234,73.12,72.7,72.88,72.75,>,>,>,<,<,>,-,O,C,-
1782868731.739,4235,72.7,73.0,72.85,72.84,<,<,<,>,>,>,-,C,O,-
1782868839.472,4236,73.0,73.2,73.07,73.08,<,<,<,>,>,<,-,C,O,-
1782868954.331,4237,73.2,73.33,73.23,73.2,<,<,=,>,>,>,-,C,OP,-
1782869163.478,4238,73.33,73.1,73.3,73.24,>,>,>,<,<,>,-,O,C,-
1782869317.644,4239,73.1,73.27,73.2,73.1,<,<,=,>,>,>,-,C,OP,-
1782869825.503,4241,73.4,73.4,73.35,73.35,=,>,>,>,>,=,O=C&M=P,OC,MP,-
1782869941.77,4242,73.4,73.69,73.59,73.4,<,<,=,>,>,>,-,C,OP,-
1782869967.45,4243,73.69,73.99,73.92,73.95,<,<,<,>,>,<,-,C,O,-
1782869971.54,4244,73.99,74.15,74.08,74.0,<,<,<,>,>,>,-,C,O,-
1782870034.817,4245,74.15,73.92,74.02,74.08,>,>,>,<,<,<,-,O,C,-
1782870070.819,4246,73.92,74.27,74.21,74.28,<,<,<,>,<,<,-,P,O,-
1782870123.418,4247,74.27,74.04,74.26,74.32,>,>,<,<,<,<,-,P,C,-
1782870241.064,4248,74.04,74.27,74.11,74.19,<,<,<,>,>,<,-,C,O,-
1782870395.485,4249,74.27,73.99,74.14,74.14,>,>,>,<,<,=,-,O,C,O>MP>C
1782870573.241,4250,73.99,73.89,73.95,73.94,>,>,>,<,<,>,-,O,C,-
1782870881.091,4251,73.89,73.98,73.86,73.82,<,>,>,>,>,>,-,C,P,-
1782871348.403,4252,73.98,73.99,73.99,73.99,<,<,<,=,=,=,C=M=P,CMP,O,-
1782871798.489,4253,73.99,73.95,73.87,73.87,>,>,>,>,>,=,-,O,MP,O>C>MP
1782872162.123,4254,73.95,74.21,74.11,74.1,<,<,<,>,>,>,-,C,O,-
1782872414.113,4255,74.21,74.12,74.26,74.28,>,<,<,<,<,<,-,P,C,-
1782872582.426,4256,74.12,74.38,74.37,74.42,<,<,<,>,<,<,-,P,O,-
1782872773.737,4257,74.38,74.37,74.41,74.44,>,<,<,<,<,<,-,P,C,-
1782872998.716,4258,74.37,74.45,74.49,74.5,<,<,<,<,<,<,-,P,O,-
1782873085.605,4259,74.45,74.74,74.56,74.43,<,<,>,>,>,>,-,C,P,-
1782873307.794,4260,74.74,74.64,74.59,74.59,>,>,>,>,>,=,-,O,MP,O>C>MP
1782873490.795,4261,74.64,74.8,74.71,74.7,<,<,<,>,>,>,-,C,O,-
1782873545.021,4262,74.8,74.93,74.9,74.93,<,<,<,>,=,<,-,CP,O,-
1782873746.657,4263,74.93,74.86,74.83,74.8,>,>,>,>,>,>,-,O,P,-
1782873897.235,4264,74.86,74.98,74.97,75.0,<,<,<,>,<,<,-,P,O,-
1782874094.379,4265,74.98,74.79,74.88,74.94,>,>,>,<,<,<,-,O,C,-
1782874456.387,4266,74.79,74.84,74.77,74.73,<,>,>,>,>,>,-,C,P,-
1782874911.789,4267,74.84,74.62,74.76,74.7,>,>,>,<,<,>,-,O,C,-
1782875206.446,4268,74.62,74.8,74.61,74.62,<,>,=,>,>,<,-,C,M,-
1782875854.762,4269,74.8,74.5,74.66,74.66,>,>,>,<,<,=,-,O,C,O>MP>C
1782876451.529,4270,74.5,74.41,74.43,74.4,>,>,>,<,>,>,-,O,P,-
1782877028.787,4271,74.41,75.09,74.6,74.5,<,<,<,>,>,>,-,C,O,-
1782877138.294,4272,75.09,74.95,75.13,75.14,>,<,<,<,<,<,-,P,C,-
1782877567.589,4273,74.95,74.93,74.92,75.0,>,>,<,>,<,<,-,P,M,-
1782877642.093,4274,74.93,75.45,75.26,75.38,<,<,<,>,>,<,-,C,O,-
1782877928.033,4275,75.45,75.32,75.29,75.25,>,>,>,>,>,>,-,O,P,-
1782878077.151,4276,75.32,75.54,75.44,75.35,<,<,<,>,>,>,-,C,O,-
1782878401.971,4277,75.54,75.5,75.52,75.55,>,>,<,<,<,<,-,P,C,-
1782878589.164,4278,75.5,75.4,75.42,75.5,>,>,=,<,<,<,-,OP,C,-
1782879229.302,4279,75.4,75.41,75.48,75.49,<,<,<,<,<,<,-,P,O,-
1782880249.233,4280,75.41,75.37,75.34,75.35,>,>,>,>,>,<,-,O,M,-
1782880440.987,4281,75.37,75.48,75.61,75.61,<,<,<,<,<,=,-,MP,O,MP>C>O
1782881205.979,4282,75.48,75.65,75.54,75.43,<,<,>,>,>,>,-,C,P,-
1782882033.023,4283,75.65,75.52,75.64,75.69,>,>,<,<,<,<,-,P,C,-
1782882959.74,4284,75.52,75.5,75.53,75.42,>,<,>,<,>,>,-,M,P,-
1782883643.821,4285,75.5,75.2,75.28,75.26,>,>,>,<,<,>,-,O,C,-
1782884690.591,4286,75.2,75.31,75.2,75.19,<,=,>,>,>,>,-,C,P,-
1782885797.046,4287,75.31,75.11,75.2,75.2,>,>,>,<,<,=,-,O,C,O>MP>C
1782886562.873,4288,75.11,74.98,75.01,75.01,>,>,>,<,<,=,-,O,C,O>MP>C
1782886989.443,4289,74.98,74.56,74.72,74.71,>,>,>,<,<,>,-,O,C,-
1782887631.072,4290,74.56,74.5,74.68,74.7,>,<,<,<,<,<,-,P,C,-
1782887751.372,4291,74.5,74.3,74.36,74.3,>,>,>,<,=,>,-,O,CP,-
1782887815.577,4292,74.3,74.16,74.2,74.2,>,>,>,<,<,=,-,O,C,O>MP>C
1782887939.156,4293,74.16,73.99,74.05,74.08,>,>,>,<,<,<,-,O,C,-
1782888333.756,4294,73.99,74.13,74.13,74.14,<,<,<,=,<,<,-,P,O,-
1782888978.628,4295,74.13,74.27,74.16,74.27,<,<,<,>,=,<,-,CP,O,-
1782889803.919,4296,74.27,74.22,74.22,74.21,>,>,>,=,>,>,-,O,P,-
1782890451.687,4297,74.22,74.25,74.38,74.43,<,<,<,<,<,<,-,P,O,-
1782890944.792,4298,74.25,74.56,74.59,74.6,<,<,<,<,<,<,-,P,O,-
1782891747.523,4299,74.56,74.79,74.58,74.55,<,<,>,>,>,>,-,C,P,-
1782892810.453,4300,74.79,74.8,74.78,74.88,<,>,<,>,<,<,-,P,M,-
1782893544.208,4301,74.8,74.85,74.92,74.92,<,<,<,<,<,=,-,MP,O,MP>C>O
1782893947.928,4302,74.85,74.78,74.84,74.85,>,>,=,<,<,<,-,OP,C,-
1782894816.789,4303,74.78,74.48,74.62,74.69,>,>,>,<,<,<,-,O,C,-
1782895607.753,4304,74.48,74.74,74.66,74.65,<,<,<,>,>,>,-,C,O,-
1782896264.48,4305,74.74,75.17,74.95,74.81,<,<,<,>,>,>,-,C,O,-
1782896464.275,4306,75.17,75.15,75.32,75.4,>,<,<,<,<,<,-,P,C,-
1782897075.344,4307,75.15,75.22,75.24,75.23,<,<,<,<,<,>,-,M,O,-
1782897702.301,4308,75.22,75.08,75.23,75.24,>,<,<,<,<,<,-,P,C,-
1782898709.024,4309,75.08,75.17,75.15,75.12,<,<,<,>,>,>,-,C,O,-
1782899429.519,4310,75.17,75.14,75.16,75.2,>,>,<,<,<,<,-,P,C,-
1782899745.993,4311,75.14,75.5,75.39,75.5,<,<,<,>,=,<,-,CP,O,-
1782900267.379,4312,75.5,75.49,75.4,75.4,>,>,>,>,>,=,-,O,MP,O>C>MP
1782900832.653,4313,75.49,75.32,75.38,75.32,>,>,>,<,=,>,-,O,CP,-
1782901633.751,4314,75.32,75.14,75.3,75.38,>,>,<,<,<,<,-,P,C,-
1782902590.371,4315,75.14,75.07,75.19,75.24,>,<,<,<,<,<,-,P,C,-
1782903645.422,4316,75.07,74.86,75.03,74.97,>,>,>,<,<,>,-,O,C,-
1782903901.45,4317,74.86,74.85,74.76,74.84,>,>,>,>,>,<,-,O,M,-
1782904506.858,4318,74.85,75.1,74.93,74.97,<,<,<,>,>,<,-,C,O,-
1782905487.253,4319,75.1,75.0,75.11,75.1,>,<,=,<,<,>,-,M,C,-
1782906008.528,4320,75.0,74.85,74.86,74.82,>,>,>,<,>,>,-,O,P,-
1782906906.401,4321,74.85,74.78,74.8,74.78,>,>,>,<,=,>,-,O,CP,-
1782907658.577,4322,74.78,74.54,74.7,74.63,>,>,>,<,<,>,-,O,C,-
1782907993.651,4323,74.54,74.53,74.63,74.51,>,<,>,<,>,>,-,M,P,-
1782908445.741,4324,74.53,74.56,74.49,74.55,<,>,<,>,>,<,-,C,M,-
1782909260.813,4325,74.56,74.44,74.55,74.53,>,>,>,<,<,>,-,O,C,-
1782909770.505,4326,74.44,74.4,74.4,74.4,>,>,>,=,=,=,C=M=P,O,CMP,-
1782910565.805,4327,74.4,74.43,74.39,74.42,<,>,<,>,>,<,-,C,M,-
1782910945.041,4328,74.43,74.9,74.62,74.52,<,<,<,>,>,>,-,C,O,-
1782911494.547,4329,74.9,74.95,74.84,74.84,<,>,>,>,>,=,-,C,MP,C>O>MP
1782911853.788,4330,74.95,75.03,74.96,74.99,<,<,<,>,>,<,-,C,O,-
1782912105.907,4331,75.03,75.23,75.03,75.03,<,=,=,>,>,=,O=M=P,C,OMP,-
1782912486.683,4332,75.23,75.24,75.21,75.22,<,>,>,>,>,<,-,C,M,-
1782912636.729,4333,75.24,74.69,75.08,75.2,>,>,>,<,<,<,-,O,C,-
1782912743.064,4334,74.69,75.3,74.99,74.99,<,<,<,>,>,=,-,C,O,C>MP>O
1782912819.049,4335,75.3,75.14,75.25,75.25,>,>,>,<,<,=,-,O,C,O>MP>C
1782913084.97,4336,75.14,75.21,75.32,75.5,<,<,<,<,<,<,-,P,O,-
1782913297.535,4337,75.21,75.58,75.46,75.5,<,<,<,>,>,<,-,C,O,-
1782913553.797,4338,75.58,75.53,75.47,75.6,>,>,<,>,<,<,-,P,M,-
1782913731.019,4339,75.53,75.6,75.61,75.65,<,<,<,<,<,<,-,P,O,-
1782913976.461,4340,75.6,75.7,75.65,75.65,<,<,<,>,>,=,-,C,O,C>MP>O
1782914017.531,4341,75.7,76.01,75.97,76.0,<,<,<,>,>,<,-,C,O,-
1782914204.723,4342,76.01,75.84,75.97,76.0,>,>,>,<,<,<,-,O,C,-
1782914474.534,4343,75.84,75.8,75.92,76.0,>,<,<,<,<,<,-,P,C,-
1782914756.473,4344,75.8,75.82,75.8,75.75,<,=,>,>,>,>,-,C,P,-
1782915067.475,4345,75.82,76.21,76.1,76.2,<,<,<,>,>,<,-,C,O,-
1782915325.212,4346,76.21,76.31,76.19,76.19,<,>,>,>,>,=,-,C,MP,C>O>MP
1782915413.242,4347,76.31,76.8,76.58,76.72,<,<,<,>,>,<,-,C,O,-
1782915481.144,4349,77.15,77.15,77.09,77.09,=,>,>,>,>,=,O=C&M=P,OC,MP,-
1782915617.631,4350,77.15,76.99,77.0,77.0,>,>,>,<,<,=,-,O,C,O>MP>C
1782915909.389,4351,76.99,76.89,76.92,76.9,>,>,>,<,<,>,-,O,C,-
1782916219.167,4352,76.89,76.87,76.68,76.63,>,>,>,>,>,>,-,O,P,-
1782916438.902,4353,76.87,76.4,76.67,76.4,>,>,>,<,=,>,-,O,CP,-
1782916846.927,4354,76.4,76.77,76.53,76.75,<,<,<,>,>,<,-,C,O,-
1782917223.146,4355,76.77,76.53,76.8,76.82,>,<,<,<,<,<,-,P,C,-
1782917691.344,4356,76.53,76.89,76.97,77.0,<,<,<,<,<,<,-,P,O,-
1782918387.922,4357,76.89,77.25,76.93,77.1,<,<,<,>,>,<,-,C,O,-
1782918830.486,4358,77.25,77.01,77.3,77.36,>,<,<,<,<,<,-,P,C,-
1782919389.87,4359,77.01,77.47,77.01,77.45,<,=,<,>,>,<,-,C,OM,-
1782919507.661,4360,77.47,77.51,77.64,77.64,<,<,<,<,<,=,-,MP,O,MP>C>O
1782920084.471,4361,77.51,77.24,77.5,77.55,>,>,<,<,<,<,-,P,C,-
1782921114.755,4362,77.24,77.11,77.26,77.24,>,<,=,<,<,>,-,M,C,-
1782922152.307,4363,77.11,77.4,77.31,77.33,<,<,<,>,>,<,-,C,O,-
1782923216.664,4364,77.4,77.68,77.41,77.34,<,<,>,>,>,>,-,C,P,-
1782923364.124,4365,77.68,77.78,77.98,78.0,<,<,<,<,<,<,-,P,O,-
1782924660.862,4366,77.78,77.38,77.58,77.58,>,>,>,<,<,=,-,O,C,O>MP>C
1782925213.904,4367,77.39,77.11,77.1,76.92,>,>,>,>,>,>,-,O,P,-
1782926377.271,4368,77.11,77.45,77.1,77.0,<,>,>,>,>,>,-,C,P,-
1782927087.516,4369,77.45,77.78,77.69,77.79,<,<,<,>,<,<,-,P,O,-
1782928481.424,4370,77.78,77.77,77.72,77.72,>,>,>,>,>,=,-,O,MP,O>C>MP
1782929697.527,4371,77.77,77.71,77.7,77.64,>,>,>,>,>,>,-,O,P,-
1782931481.989,4372,77.71,77.65,77.62,77.63,>,>,>,>,>,<,-,O,M,-
1782932709.71,4373,77.65,77.58,77.38,77.33,>,>,>,>,>,>,-,O,P,-
1782934090.274,4374,77.59,77.18,77.44,77.51,>,>,>,<,<,<,-,O,C,-
1782935170.497,4375,77.18,77.21,77.25,77.19,<,<,<,<,>,>,-,M,O,-
1782935824.48,4376,77.21,76.83,77.01,76.99,>,>,>,<,<,>,-,O,C,-
1782936166.556,4377,76.83,76.74,76.85,76.84,>,<,<,<,<,>,-,M,C,-
1782936966.659,4378,76.74,76.62,76.76,76.7,>,<,>,<,<,>,-,M,C,-
1782937588.195,4379,76.62,76.73,76.62,76.6,<,=,>,>,>,>,-,C,P,-
1782938040.706,4380,76.73,76.95,76.84,76.9,<,<,<,>,>,<,-,C,O,-
1782939181.047,4382,77.33,77.33,77.23,77.27,=,>,>,>,>,<,-,OC,M,-
1782939779.246,4383,77.33,77.59,77.42,77.42,<,<,<,>,>,=,-,C,O,C>MP>O
1782940127.348,4384,77.59,77.84,77.72,77.7,<,<,<,>,>,>,-,C,O,-
1782940614.461,4385,77.84,77.72,77.85,77.83,>,<,>,<,<,>,-,M,C,-
1782941578.309,4386,77.72,78.02,77.8,77.8,<,<,<,>,>,=,-,C,O,C>MP>O
1782941678.064,4387,78.02,78.56,78.2,78.2,<,<,<,>,>,=,-,C,O,C>MP>O
1782941935.596,4388,78.56,78.28,78.3,78.29,>,>,>,<,<,>,-,O,C,-
1782942754.728,4389,78.28,78.48,78.24,78.26,<,>,>,>,>,<,-,C,M,-
1782943211.261,4390,78.48,78.33,78.5,78.5,>,<,<,<,<,=,-,MP,C,MP>O>C
1782944358.504,4391,78.33,78.34,78.28,78.27,<,>,>,>,>,>,-,C,P,-
1782944982.052,4392,78.34,78.25,78.56,78.36,>,<,<,<,<,>,-,M,C,-
1782945542.698,4393,78.25,78.02,78.2,78.21,>,>,>,<,<,<,-,O,C,-
1782946002.646,4394,78.02,77.85,77.92,77.9,>,>,>,<,<,>,-,O,C,-
1782946518.27,4395,77.85,77.86,77.88,77.9,<,<,<,<,<,<,-,P,O,-
1782946982.7,4396,77.86,77.56,77.78,77.8,>,>,>,<,<,<,-,O,C,-
1782947716.58,4397,77.56,77.45,77.58,77.5,>,<,>,<,<,>,-,M,C,-
1782948038.512,4398,77.45,77.6,77.49,77.53,<,<,<,>,>,<,-,C,O,-
1782948892.794,4399,77.6,77.64,77.65,77.59,<,<,>,<,>,>,-,M,P,-
1782949121.817,4400,77.64,77.53,77.54,77.54,>,>,>,<,<,=,-,O,C,O>MP>C
1782949472.64,4401,77.53,77.49,77.5,77.5,>,>,>,<,<,=,-,O,C,O>MP>C
1782949777.446,4402,77.49,77.3,77.4,77.4,>,>,>,<,<,=,-,O,C,O>MP>C
1782950578.499,4403,77.3,77.18,77.38,77.4,>,<,<,<,<,<,-,P,C,-
1782950748.891,4404,77.18,77.32,77.27,77.32,<,<,<,>,=,<,-,CP,O,-
1782951997.284,4405,77.32,77.25,77.28,77.35,>,>,<,<,<,<,-,P,C,-
1782953192.241,4406,77.25,77.01,77.0,77.0,>,>,>,>,>,=,-,O,MP,O>C>MP
1782953942.843,4407,77.01,77.16,77.21,77.26,<,<,<,<,<,<,-,P,O,-
1782954666.677,4408,77.16,77.39,77.34,77.37,<,<,<,>,>,<,-,C,O,-
1782955296.503,4409,77.39,77.69,77.61,77.62,<,<,<,>,>,<,-,C,O,-
1782955980.58,4410,77.69,78.27,77.99,77.99,<,<,<,>,>,=,-,C,O,C>MP>O
1782956409.439,4411,78.27,78.44,78.29,78.26,<,<,>,>,>,>,-,C,P,-
1782956891.028,4412,78.44,78.26,78.36,78.28,>,>,>,<,<,>,-,O,C,-
1782957709.708,4413,78.26,78.06,78.06,78.0,>,>,>,=,>,>,-,O,P,-
1782958572.978,4414,78.06,78.16,77.98,77.96,<,>,>,>,>,>,-,C,P,-
1782959832.963,4415,78.16,78.32,78.16,78.16,<,=,=,>,>,=,O=M=P,C,OMP,-
1782960545.465,4416,78.32,78.44,78.45,78.44,<,<,<,<,=,>,-,M,O,-
1782961840.934,4417,78.44,78.36,78.4,78.41,>,>,>,<,<,<,-,O,C,-
1782962496.301,4418,78.36,77.97,78.18,78.11,>,>,>,<,<,>,-,O,C,-
1782962872.121,4419,77.97,78.35,77.96,77.95,<,>,>,>,>,>,-,C,P,-
1782963048.281,4420,78.35,78.32,78.55,78.6,>,<,<,<,<,<,-,P,C,-
1782963617.631,4421,78.32,78.5,78.36,78.35,<,<,<,>,>,>,-,C,O,-
1782964235.881,4422,78.5,78.74,78.5,78.52,<,=,<,>,>,<,-,C,OM,-
1782964347.551,4423,78.74,78.92,78.8,78.66,<,<,>,>,>,>,-,C,P,-
1782964861.038,4424,78.92,78.46,78.71,78.64,>,>,>,<,<,>,-,O,C,-
1782965481.601,4425,78.46,78.49,78.52,78.63,<,<,<,<,<,<,-,P,O,-
1782966292.062,4426,78.49,78.27,78.39,78.39,>,>,>,<,<,=,-,O,C,O>MP>C
1782967401.915,4427,78.27,78.06,78.14,78.22,>,>,>,<,<,<,-,O,C,-
1782968027.163,4428,78.06,78.33,78.22,78.2,<,<,<,>,>,>,-,C,O,-
1782969356.255,4429,78.33,78.27,78.21,78.11,>,>,>,>,>,>,-,O,P,-
1782970626.643,4430,78.27,78.08,78.05,78.05,>,>,>,>,>,=,-,O,MP,O>C>MP
1782971143.019,4431,78.08,77.83,77.83,77.83,>,>,>,=,=,=,C=M=P,O,CMP,-
1782972233.74,4432,77.83,78.02,77.99,78.07,<,<,<,>,<,<,-,P,O,-
1782972687.268,4433,78.02,77.99,77.98,78.0,>,>,>,>,<,<,-,O,M,-
1782973265.829,4434,77.99,78.27,78.05,77.98,<,<,>,>,>,>,-,C,P,-
1782973946.036,4435,78.27,78.48,78.28,78.28,<,<,<,>,>,=,-,C,O,C>MP>O
1782974818.542,4436,78.48,78.01,78.33,78.5,>,>,<,<,<,<,-,P,C,-
1782975049.952,4437,78.01,77.71,77.9,77.91,>,>,>,<,<,<,-,O,C,-
1782975689.922,4438,77.71,77.89,77.85,77.9,<,<,<,>,<,<,-,P,O,-
1782976243.519,4439,77.89,77.83,77.76,77.66,>,>,>,>,>,>,-,O,P,-
1782976752.211,4440,77.83,77.56,77.72,77.83,>,>,=,<,<,<,-,OP,C,-
1782977806.134,4441,77.56,77.8,77.7,77.71,<,<,<,>,>,<,-,C,O,-
1782978305.057,4442,77.8,77.99,77.87,77.9,<,<,<,>,>,<,-,C,O,-
1782979201.961,4443,77.99,77.97,77.95,77.89,>,>,>,>,>,>,-,O,P,-
1782979784.631,4444,77.97,78.15,78.12,78.16,<,<,<,>,<,<,-,P,O,-
1782980712.289,4445,78.15,78.23,78.13,78.1,<,>,>,>,>,>,-,C,P,-
1782981486.39,4446,78.23,78.28,78.22,78.18,<,>,>,>,>,>,-,C,P,-
1782982805.019,4447,78.28,78.42,78.37,78.38,<,<,<,>,>,<,-,C,O,-
1782983399.087,4448,78.42,78.43,78.37,78.39,<,>,>,>,>,<,-,C,M,-
1782984015.547,4449,78.43,78.47,78.43,78.43,<,=,=,>,>,=,O=M=P,C,OMP,-
1782984529.483,4450,78.47,78.83,78.59,78.55,<,<,<,>,>,>,-,C,O,-
1782984700.24,4451,78.83,79.05,78.9,79.0,<,<,<,>,>,<,-,C,O,-
1782984704.4,4452,79.05,79.29,79.24,79.3,<,<,<,>,<,<,-,P,O,-
1782984834.762,4453,79.29,79.15,79.12,79.13,>,>,>,>,>,<,-,O,M,-
1782984853.46,4454,79.15,79.4,79.4,79.4,<,<,<,=,=,=,C=M=P,CMP,O,-
1782984992.197,4455,79.4,79.41,79.4,79.4,<,=,=,>,>,=,O=M=P,C,OMP,-
1782985034.284,4456,79.41,79.5,79.53,79.5,<,<,<,<,=,>,-,M,O,-
1782985158.603,4457,79.5,79.46,79.54,79.6,>,<,<,<,<,<,-,P,C,-
1782985301.372,4458,79.46,79.48,79.49,79.47,<,<,<,<,>,>,-,M,O,-
1782985424.003,4459,79.48,79.49,79.56,79.5,<,<,<,<,<,>,-,M,O,-
1782985538.668,4460,79.49,79.28,79.45,79.45,>,>,>,<,<,=,-,O,C,O>MP>C
1782985842.479,4461,79.28,79.39,79.38,79.41,<,<,<,>,<,<,-,P,O,-
1782986041.109,4462,79.39,79.54,79.46,79.48,<,<,<,>,>,<,-,C,O,-
1782986291.586,4463,79.54,79.6,79.56,79.55,<,<,<,>,>,>,-,C,O,-
1782986770.582,4464,79.6,79.74,79.48,79.48,<,>,>,>,>,=,-,C,MP,C>O>MP
1782987299.748,4465,79.74,79.65,79.67,79.65,>,>,>,<,=,>,-,O,CP,-
1782987623.329,4466,79.65,79.84,79.61,79.74,<,>,<,>,>,<,-,C,M,-
1782987727.73,4468,79.9,79.9,79.94,80.0,=,<,<,<,<,<,-,P,OC,-
1782987784.931,4469,79.9,79.84,80.02,80.05,>,<,<,<,<,<,-,P,C,-
1782987873.628,4470,79.84,80.17,80.02,79.82,<,<,>,>,>,>,-,C,P,-
1782987979.555,4471,80.17,80.4,80.22,80.22,<,<,<,>,>,=,-,C,O,C>MP>O
1782988005.228,4472,80.4,80.48,80.5,80.5,<,<,<,<,<,=,-,MP,O,MP>C>O
1782988162.268,4473,80.48,80.15,80.38,80.5,>,>,<,<,<,<,-,P,C,-
1782988389.135,4474,80.15,80.28,80.24,80.2,<,<,<,>,>,>,-,C,O,-
1782988514.382,4475,80.28,80.69,80.55,80.41,<,<,<,>,>,>,-,C,O,-
1782988636.654,4476,80.69,80.62,80.65,80.64,>,>,>,<,<,>,-,O,C,-
1782988721.861,4477,80.62,80.75,80.75,80.8,<,<,<,=,<,<,-,P,O,-
1782988874.231,4478,80.75,80.89,80.81,80.9,<,<,<,>,<,<,-,P,O,-
1782988926.809,4479,80.89,81.15,81.02,80.95,<,<,<,>,>,>,-,C,O,-
1782988994.955,4480,81.15,81.24,81.18,81.2,<,<,<,>,>,<,-,C,O,-
1782989100.963,4481,81.24,81.1,81.08,81.05,>,>,>,>,>,>,-,O,P,-
1782989173.412,4482,81.1,81.11,81.14,81.15,<,<,<,<,<,<,-,P,O,-
1782989281.599,4483,81.11,81.16,81.03,81.08,<,>,>,>,>,<,-,C,M,-
1782989386.741,4484,81.16,81.31,81.27,81.33,<,<,<,>,<,<,-,P,O,-
1782989511.105,4485,81.31,81.41,81.38,81.35,<,<,<,>,>,>,-,C,O,-
1782989546.14,4486,81.41,81.82,81.71,81.7,<,<,<,>,>,>,-,C,O,-
1782989648.406,4487,81.82,81.76,81.73,81.8,>,>,>,>,<,<,-,O,M,-
1782989766.493,4488,81.76,81.49,81.74,81.46,>,>,>,<,>,>,-,O,P,-
1782989933.77,4489,81.49,81.82,81.71,81.85,<,<,<,>,<,<,-,P,O,-
1782989977.588,4490,81.82,82.05,81.97,82.0,<,<,<,>,>,<,-,C,O,-
1782990050.554,4491,82.05,81.85,82.01,82.01,>,>,>,<,<,=,-,O,C,O>MP>C
1782990302.375,4492,81.85,81.57,81.6,81.58,>,>,>,<,<,>,-,O,C,-
1782990610.563,4493,81.58,81.71,81.76,81.72,<,<,<,<,<,>,-,M,O,-
1782990679.846,4494,81.71,82.39,82.06,82.06,<,<,<,>,>,=,-,C,O,C>MP>O
1782990731.727,4495,82.39,82.51,82.47,82.5,<,<,<,>,>,<,-,C,O,-
