ts,bucket_id,O,C,M,P,L1_high,L1_low,L2,L3,L4_OC,L4_OM,L4_OP,L4_CM,L4_CP,L4_MP
1782021855.735,404,73.17,73.03,73.11,73.06,high_O,low_C,O>C,O>M>P>C,T,T,T,F,F,T
1782022148.819,405,73.03,73.11,73.05,73.02,high_C,low_P,C>P,C>M>O>P,F,F,T,T,T,T
1782022567.254,406,73.11,73.07,73.04,73.03,high_O,low_P,O>P,O>C>M>P,T,T,T,T,T,T
1782022757.18,407,73.07,73.14,73.16,73.18,high_P,low_O,P>O,P>M>C>O,F,F,F,F,F,F
1782022974.233,408,73.14,73.19,73.18,73.17,high_C,low_O,C>O,C>M>P>O,F,F,F,T,T,T
1782023289.578,409,73.19,73.22,73.17,73.19,high_C,low_M,C>M,TIE,F,T,TIE,T,T,F
1782023452.077,410,73.22,73.12,73.16,73.15,high_O,low_C,O>C,O>M>P>C,T,T,T,F,F,T
1782023591.066,411,73.12,73.17,73.12,73.1,high_C,low_P,C>P,TIE,F,TIE,T,T,T,T
1782023871.754,412,73.17,73.27,73.25,73.25,high_C,low_O,C>O,TIE,F,F,F,T,T,TIE
1782024157.116,413,73.27,73.33,73.29,73.28,high_C,low_O,C>O,C>M>P>O,F,F,F,T,T,T
1782024560.378,414,73.33,73.18,73.27,73.32,high_O,low_C,O>C,O>P>M>C,T,T,T,F,F,F
1782025196.521,415,73.18,73.2,73.19,73.19,high_C,low_O,C>O,TIE,F,F,F,T,T,TIE
1782025546.766,416,73.2,73.19,73.19,73.18,high_O,low_P,O>P,TIE,T,T,T,TIE,T,T
1782025868.458,417,73.19,73.32,73.29,73.3,high_C,low_O,C>O,C>P>M>O,F,F,F,T,T,F
1782026256.686,418,73.32,73.37,73.31,73.31,high_C,TIE,TIE,TIE,F,T,T,T,T,TIE
1782026555.436,419,73.37,73.28,73.37,73.4,high_P,low_C,P>C,TIE,T,TIE,F,F,F,F
1782026833.498,420,73.28,73.22,73.23,73.22,high_O,TIE,TIE,TIE,T,T,T,F,TIE,T
1782027095.702,421,73.22,73.34,73.24,73.24,high_C,low_O,C>O,TIE,F,F,F,T,T,TIE
1782027264.039,422,73.34,73.31,73.34,73.34,TIE,low_C,TIE,TIE,T,TIE,TIE,F,F,TIE
1782027319.846,423,73.31,73.36,73.31,73.3,high_C,low_P,C>P,TIE,F,TIE,T,T,T,T
1782027437.323,424,73.36,73.25,73.29,73.28,high_O,low_C,O>C,O>M>P>C,T,T,T,F,F,T
1782027471.756,425,73.25,73.24,73.24,73.24,high_O,TIE,TIE,TIE,T,T,T,TIE,TIE,TIE
1782027555.751,426,73.24,73.17,73.22,73.19,high_O,low_C,O>C,O>M>P>C,T,T,T,F,F,T
1782027621.745,427,73.17,73.19,73.2,73.2,TIE,low_O,TIE,TIE,F,F,F,F,F,TIE
1782027720.562,428,73.19,73.31,73.31,73.31,TIE,low_O,TIE,TIE,F,F,F,TIE,TIE,TIE
1782028218.485,429,73.31,73.25,73.3,73.3,high_O,low_C,O>C,TIE,T,T,T,F,F,TIE
1782028541.192,430,73.25,73.12,73.19,73.21,high_O,low_C,O>C,O>P>M>C,T,T,T,F,F,F
1782028708.741,431,73.12,73.17,73.11,73.1,high_C,low_P,C>P,C>O>M>P,F,T,T,T,T,T
1782028986.899,432,73.17,73.2,73.18,73.17,high_C,TIE,TIE,TIE,F,F,TIE,T,T,T
1782029255.906,433,73.2,73.15,73.14,73.14,high_O,TIE,TIE,TIE,T,T,T,T,T,TIE
1782029348.818,434,73.15,73.1,73.12,73.11,high_O,low_C,O>C,O>M>P>C,T,T,T,F,F,T
1782029462.932,435,73.1,73.08,73.05,73.04,high_O,low_P,O>P,O>C>M>P,T,T,T,T,T,T
1782029731.374,436,73.08,73.09,73.12,73.14,high_P,low_O,P>O,P>M>C>O,F,F,F,F,F,F
1782029968.645,437,73.09,73.04,73.06,73.06,high_O,low_C,O>C,TIE,T,T,T,F,F,TIE
1782030054.831,438,73.04,72.96,72.98,72.97,high_O,low_C,O>C,O>M>P>C,T,T,T,F,F,T
1782030199.442,439,72.96,73.0,72.99,72.99,high_C,low_O,C>O,TIE,F,F,F,T,T,TIE
1782030296.248,440,73.0,72.99,72.96,72.96,high_O,TIE,TIE,TIE,T,T,T,T,T,TIE
1782030323.545,441,72.99,72.97,73.02,73.02,TIE,low_C,TIE,TIE,T,F,F,F,F,TIE
1782030536.105,442,72.97,72.99,73.0,72.99,high_M,low_O,M>O,TIE,F,F,F,F,TIE,T
1782030777.45,443,72.99,72.96,72.98,72.99,TIE,low_C,TIE,TIE,T,T,TIE,F,F,F
1782030878.569,444,72.96,72.89,72.91,72.89,high_O,TIE,TIE,TIE,T,T,T,F,TIE,T
1782030920.034,445,72.89,72.84,72.88,72.88,high_O,low_C,O>C,TIE,T,T,T,F,F,TIE
1782030924.759,446,72.84,72.73,72.79,72.79,high_O,low_C,O>C,TIE,T,T,T,F,F,TIE
1782030961.938,447,72.73,72.75,72.75,72.77,high_P,low_O,P>O,TIE,F,F,F,TIE,F,F
1782031047.418,448,72.75,72.79,72.76,72.75,high_C,TIE,TIE,TIE,F,F,TIE,T,T,T
1782031193.018,449,72.79,72.92,72.88,72.89,high_C,low_O,C>O,C>P>M>O,F,F,F,T,T,F
1782031314.472,450,72.92,72.93,72.88,72.93,TIE,low_M,TIE,TIE,F,T,F,T,TIE,F
1782031451.171,451,72.93,73.0,72.94,72.94,high_C,low_O,C>O,TIE,F,F,F,T,T,TIE
1782031528.065,452,73.0,72.9,72.98,72.93,high_O,low_C,O>C,O>M>P>C,T,T,T,F,F,T
1782031676.872,453,72.9,72.94,72.91,72.9,high_C,TIE,TIE,TIE,F,F,TIE,T,T,T
1782031884.479,454,72.94,72.98,72.94,72.95,high_C,TIE,TIE,TIE,F,TIE,F,T,T,F
1782032162.383,455,72.98,73.05,73.03,73.05,TIE,low_O,TIE,TIE,F,F,F,T,TIE,F
1782032389.958,456,73.05,73.12,73.07,73.05,high_C,TIE,TIE,TIE,F,F,TIE,T,T,T
1782032572.609,458,73.1,73.1,73.08,73.08,TIE,TIE,TIE,TIE,TIE,T,T,T,T,TIE
1782032732.265,459,73.1,73.2,73.18,73.2,TIE,low_O,TIE,TIE,F,F,F,T,TIE,F
1782033061.196,460,73.2,73.09,73.13,73.13,high_O,low_C,O>C,TIE,T,T,T,F,F,TIE
1782033308.09,461,73.09,73.19,73.15,73.19,TIE,low_O,TIE,TIE,F,F,F,T,TIE,F
1782033369.129,462,73.19,73.31,73.31,73.31,TIE,low_O,TIE,TIE,F,F,F,TIE,TIE,TIE
1782033441.67,463,73.31,73.36,73.34,73.35,high_C,low_O,C>O,C>P>M>O,F,F,F,T,T,F
1782033613.842,464,73.36,73.32,73.32,73.32,high_O,TIE,TIE,TIE,T,T,T,TIE,TIE,TIE
1782033929.029,466,73.48,73.48,73.43,73.43,TIE,TIE,TIE,TIE,TIE,T,T,T,T,TIE
1782033997.07,467,73.48,73.57,73.54,73.55,high_C,low_O,C>O,C>P>M>O,F,F,F,T,T,F
1782034244.766,469,73.63,73.63,73.56,73.56,TIE,TIE,TIE,TIE,TIE,T,T,T,T,TIE
1782034445.879,471,73.7,73.7,73.68,73.69,TIE,low_M,TIE,TIE,TIE,T,T,T,T,F
1782034504.259,472,73.7,73.8,73.76,73.77,high_C,low_O,C>O,C>P>M>O,F,F,F,T,T,F
1782034561.856,473,73.8,73.89,73.85,73.86,high_C,low_O,C>O,C>P>M>O,F,F,F,T,T,F
1782034575.542,474,73.89,73.96,73.94,73.89,high_C,TIE,TIE,TIE,F,F,TIE,T,T,T
1782034634.354,475,73.96,73.81,73.84,73.85,high_O,low_C,O>C,O>P>M>C,T,T,T,F,F,F
1782034755.499,476,73.81,73.77,73.81,73.8,TIE,low_C,TIE,TIE,T,TIE,T,F,F,T
1782034837.953,477,73.77,73.79,73.85,73.85,TIE,low_O,TIE,TIE,F,F,F,F,F,TIE
1782035001.102,478,73.79,73.75,73.78,73.79,TIE,low_C,TIE,TIE,T,T,TIE,F,F,F
1782035263.618,479,73.75,73.85,73.75,73.75,high_C,TIE,TIE,TIE,F,TIE,TIE,T,T,TIE
1782035351.708,480,73.85,73.95,73.87,73.9,high_C,low_O,C>O,C>P>M>O,F,F,F,T,T,F
1782035420.276,481,73.95,74.01,73.98,74.0,high_C,low_O,C>O,C>P>M>O,F,F,F,T,T,F
1782035452.273,482,74.01,73.98,74.03,74.02,high_M,low_C,M>C,M>P>O>C,T,F,F,F,F,T
1782035689.004,483,73.98,73.9,73.93,73.92,high_O,low_C,O>C,O>M>P>C,T,T,T,F,F,T
1782035710.324,484,73.9,73.94,73.9,73.9,high_C,TIE,TIE,TIE,F,TIE,TIE,T,T,TIE
1782035730.463,485,73.94,73.99,73.98,73.98,high_C,low_O,C>O,TIE,F,F,F,T,T,TIE
1782035768.215,486,73.99,74.04,74.04,74.06,high_P,low_O,P>O,TIE,F,F,F,TIE,F,F
1782036047.578,488,74.0,74.0,74.0,74.0,TIE,TIE,TIE,TIE,TIE,TIE,TIE,TIE,TIE,TIE
1782036176.19,489,74.0,73.91,73.97,73.97,high_O,low_C,O>C,TIE,T,T,T,F,F,TIE
1782036389.309,490,73.91,73.9,73.88,73.88,high_O,TIE,TIE,TIE,T,T,T,T,T,TIE
1782036595.222,491,73.9,74.06,73.97,74.05,high_C,low_O,C>O,C>P>M>O,F,F,F,T,T,F
1782036687.779,492,74.06,74.0,74.07,74.07,TIE,low_C,TIE,TIE,T,F,F,F,F,TIE
1782036984.633,493,74.0,73.95,74.0,74.0,TIE,low_C,TIE,TIE,T,TIE,TIE,F,F,TIE
1782037142.755,494,73.95,74.02,74.0,74.01,high_C,low_O,C>O,C>P>M>O,F,F,F,T,T,F
1782037310.959,495,74.01,74.07,74.1,74.1,TIE,low_O,TIE,TIE,F,F,F,F,F,TIE
1782037446.063,496,74.07,74.24,74.15,74.15,high_C,low_O,C>O,TIE,F,F,F,T,T,TIE
1782037461.064,497,74.24,74.37,74.3,74.36,high_C,low_O,C>O,C>P>M>O,F,F,F,T,T,F
1782037499.471,498,74.37,74.25,74.36,74.37,TIE,low_C,TIE,TIE,T,T,TIE,F,F,F
1782037619.064,499,74.25,74.12,74.15,74.15,high_O,low_C,O>C,TIE,T,T,T,F,F,TIE
1782037828.93,500,74.12,74.13,74.16,74.13,high_M,low_O,M>O,TIE,F,F,F,F,TIE,T
1782037952.739,501,74.13,74.07,74.1,74.1,high_O,low_C,O>C,TIE,T,T,T,F,F,TIE
1782038265.727,502,74.07,74.21,74.11,74.12,high_C,low_O,C>O,C>P>M>O,F,F,F,T,T,F
1782038601.83,503,74.21,74.07,74.14,74.12,high_O,low_C,O>C,O>M>P>C,T,T,T,F,F,T
1782038719.234,504,74.07,74.02,74.02,74.01,high_O,low_P,O>P,TIE,T,T,T,TIE,T,T
1782039126.433,505,74.02,74.0,74.07,74.07,TIE,low_C,TIE,TIE,T,F,F,F,F,TIE
1782039192.15,506,74.0,73.94,73.95,73.95,high_O,low_C,O>C,TIE,T,T,T,F,F,TIE
1782039319.644,507,73.94,73.95,73.96,73.96,TIE,low_O,TIE,TIE,F,F,F,F,F,TIE
1782039457.661,508,73.95,73.97,73.96,73.94,high_C,low_P,C>P,C>M>O>P,F,F,T,T,T,T
1782039563.707,509,73.97,73.89,73.91,73.9,high_O,low_C,O>C,O>M>P>C,T,T,T,F,F,T
1782039622.21,510,73.89,73.84,73.85,73.85,high_O,low_C,O>C,TIE,T,T,T,F,F,TIE
1782039761.563,511,73.84,73.94,73.85,73.85,high_C,low_O,C>O,TIE,F,F,F,T,T,TIE
1782039999.774,513,73.77,73.77,73.75,73.76,TIE,low_M,TIE,TIE,TIE,T,T,T,T,F
1782040347.447,514,73.77,73.89,73.81,73.78,high_C,low_O,C>O,C>M>P>O,F,F,F,T,T,T
1782040612.46,515,73.89,73.64,73.69,73.65,high_O,low_C,O>C,O>M>P>C,T,T,T,F,F,T
1782040671.356,517,73.5,73.5,73.5,73.5,TIE,TIE,TIE,TIE,TIE,TIE,TIE,TIE,TIE,TIE
1782040696.981,518,73.5,73.41,73.5,73.51,high_P,low_C,P>C,TIE,T,TIE,F,F,F,F
1782040722.199,519,73.41,73.34,73.39,73.41,TIE,low_C,TIE,TIE,T,T,TIE,F,F,F
1782040742.633,520,73.34,73.4,73.37,73.36,high_C,low_O,C>O,C>M>P>O,F,F,F,T,T,T
1782040831.688,521,73.4,73.45,73.4,73.4,high_C,TIE,TIE,TIE,F,TIE,TIE,T,T,TIE
1782041043.488,522,73.45,73.57,73.53,73.58,high_P,low_O,P>O,P>C>M>O,F,F,F,T,F,F
1782041218.807,523,73.57,73.5,73.5,73.5,high_O,TIE,TIE,TIE,T,T,T,TIE,TIE,TIE
1782041418.035,524,73.5,73.47,73.5,73.49,TIE,low_C,TIE,TIE,T,TIE,T,F,F,T
1782041437.604,525,73.47,73.38,73.43,73.44,high_O,low_C,O>C,O>P>M>C,T,T,T,F,F,F
1782041527.614,526,73.38,73.3,73.33,73.3,high_O,TIE,TIE,TIE,T,T,T,F,TIE,T
1782041781.448,527,73.3,73.32,73.3,73.3,high_C,TIE,TIE,TIE,F,TIE,TIE,T,T,TIE
1782042178.497,528,73.32,73.31,73.33,73.33,TIE,low_C,TIE,TIE,T,F,F,F,F,TIE
1782042400.812,529,73.31,73.45,73.39,73.39,high_C,low_O,C>O,TIE,F,F,F,T,T,TIE
1782042616.068,530,73.45,73.37,73.44,73.45,TIE,low_C,TIE,TIE,T,T,TIE,F,F,F
1782042818.839,531,73.37,73.27,73.28,73.28,high_O,low_C,O>C,TIE,T,T,T,F,F,TIE
1782043024.747,532,73.27,73.28,73.3,73.33,high_P,low_O,P>O,P>M>C>O,F,F,F,F,F,F
1782043024.976,533,73.28,73.15,73.23,73.23,high_O,low_C,O>C,TIE,T,T,T,F,F,TIE
1782043039.069,534,73.15,73.06,73.12,73.13,high_O,low_C,O>C,O>P>M>C,T,T,T,F,F,F
1782043071.977,535,73.06,73.1,73.09,73.1,TIE,low_O,TIE,TIE,F,F,F,T,TIE,F
1782043381.955,537,73.07,73.07,73.13,73.17,high_P,TIE,TIE,TIE,TIE,F,F,F,F,F
1782043507.43,538,73.07,73.13,73.11,73.12,high_C,low_O,C>O,C>P>M>O,F,F,F,T,T,F
1782043707.351,539,73.13,73.18,73.17,73.18,TIE,low_O,TIE,TIE,F,F,F,T,TIE,F
1782044009.682,540,73.18,73.06,73.2,73.23,high_P,low_C,P>C,P>M>O>C,T,F,F,F,F,F
1782044113.152,541,73.06,72.97,73.03,73.04,high_O,low_C,O>C,O>P>M>C,T,T,T,F,F,F
1782044216.673,542,72.97,73.02,73.0,72.98,high_C,low_O,C>O,C>M>P>O,F,F,F,T,T,T
1782044457.094,544,72.9,72.9,72.97,72.98,high_P,TIE,TIE,TIE,TIE,F,F,F,F,F
1782044590.455,545,72.9,72.91,72.92,72.9,high_M,TIE,TIE,TIE,F,F,TIE,F,T,T
1782044715.124,546,72.91,73.04,72.9,72.88,high_C,low_P,C>P,C>O>M>P,F,T,T,T,T,T
1782044806.145,547,73.04,73.15,73.05,73.0,high_C,low_P,C>P,C>M>O>P,F,F,T,T,T,T
1782044900.165,548,73.15,73.05,73.08,73.12,high_O,low_C,O>C,O>P>M>C,T,T,T,F,F,F
1782045070.765,549,73.05,73.04,73.03,73.05,TIE,low_M,TIE,TIE,T,T,TIE,T,F,F
1782045159.779,551,73.12,73.12,73.12,73.12,TIE,TIE,TIE,TIE,TIE,TIE,TIE,TIE,TIE,TIE
1782045381.995,552,73.12,73.0,73.05,73.05,high_O,low_C,O>C,TIE,T,T,T,F,F,TIE
1782045748.181,553,73.0,73.16,73.1,73.1,high_C,low_O,C>O,TIE,F,F,F,T,T,TIE
1782045979.258,554,73.16,73.19,73.19,73.2,high_P,low_O,P>O,TIE,F,F,F,TIE,F,F
1782046373.606,555,73.19,73.28,73.2,73.2,high_C,low_O,C>O,TIE,F,F,F,T,T,TIE
1782046413.786,556,73.28,73.45,73.4,73.42,high_C,low_O,C>O,C>P>M>O,F,F,F,T,T,F
1782046488.395,557,73.45,73.46,73.46,73.46,TIE,low_O,TIE,TIE,F,F,F,TIE,TIE,TIE
1782046649.654,558,73.46,73.58,73.48,73.49,high_C,low_O,C>O,C>P>M>O,F,F,F,T,T,F
1782046801.532,559,73.58,73.59,73.61,73.59,high_M,low_O,M>O,TIE,F,F,F,F,TIE,T
1782047091.722,560,73.59,73.6,73.56,73.55,high_C,low_P,C>P,C>O>M>P,F,T,T,T,T,T
1782047259.476,561,73.6,73.62,73.71,73.7,high_M,low_O,M>O,M>P>C>O,F,F,F,F,F,T
1782047646.887,562,73.62,73.72,73.71,73.71,high_C,low_O,C>O,TIE,F,F,F,T,T,TIE
1782047783.961,563,73.72,73.88,73.75,73.73,high_C,low_O,C>O,C>M>P>O,F,F,F,T,T,T
1782048155.268,564,73.88,73.74,73.83,73.88,TIE,low_C,TIE,TIE,T,T,TIE,F,F,F
1782048568.129,565,73.74,73.7,73.69,73.69,high_O,TIE,TIE,TIE,T,T,T,T,T,TIE
1782048779.517,566,73.7,73.58,73.63,73.63,high_O,low_C,O>C,TIE,T,T,T,F,F,TIE
1782048964.297,567,73.58,73.48,73.51,73.51,high_O,low_C,O>C,TIE,T,T,T,F,F,TIE
1782049128.469,568,73.48,73.44,73.45,73.45,high_O,low_C,O>C,TIE,T,T,T,F,F,TIE
1782049442.482,569,73.44,73.47,73.46,73.46,high_C,low_O,C>O,TIE,F,F,F,T,T,TIE
1782049906.834,570,73.47,73.65,73.58,73.59,high_C,low_O,C>O,C>P>M>O,F,F,F,T,T,F
1782050242.134,571,73.65,73.78,73.66,73.64,high_C,low_P,C>P,C>M>O>P,F,F,T,T,T,T
1782050400.665,572,73.78,73.88,73.85,73.88,TIE,low_O,TIE,TIE,F,F,F,T,TIE,F
1782050792.011,574,73.9,73.9,73.85,73.81,TIE,low_P,TIE,TIE,TIE,T,T,T,T,T
1782051153.963,575,73.9,73.77,73.83,73.83,high_O,low_C,O>C,TIE,T,T,T,F,F,TIE
1782051558.556,576,73.77,73.63,73.68,73.67,high_O,low_C,O>C,O>M>P>C,T,T,T,F,F,T
1782051973.526,577,73.63,73.84,73.82,73.92,high_P,low_O,P>O,P>C>M>O,F,F,F,T,F,F
1782052396.738,578,73.84,73.83,73.78,73.85,high_P,low_M,P>M,P>O>C>M,T,T,F,T,F,F
1782052610.885,579,73.83,73.87,73.81,73.81,high_C,TIE,TIE,TIE,F,T,T,T,T,TIE
1782052812.339,580,73.87,73.95,73.91,73.93,high_C,low_O,C>O,C>P>M>O,F,F,F,T,T,F
1782052901.57,581,73.95,74.07,73.97,73.95,high_C,TIE,TIE,TIE,F,F,TIE,T,T,T
1782053030.583,582,74.07,73.97,74.08,74.08,TIE,low_C,TIE,TIE,T,F,F,F,F,TIE
1782053223.745,583,73.97,73.85,73.96,73.96,high_O,low_C,O>C,TIE,T,T,T,F,F,TIE
1782053738.858,584,73.85,73.95,73.88,73.91,high_C,low_O,C>O,C>P>M>O,F,F,F,T,T,F
1782053905.916,585,73.95,73.99,73.99,74.0,high_P,low_O,P>O,TIE,F,F,F,TIE,F,F
1782054105.634,586,73.99,74.15,74.0,74.0,high_C,low_O,C>O,TIE,F,F,F,T,T,TIE
1782054216.114,587,74.15,74.11,74.14,74.15,TIE,low_C,TIE,TIE,T,T,TIE,F,F,F
1782054397.732,588,74.11,74.17,74.14,74.16,high_C,low_O,C>O,C>P>M>O,F,F,F,T,T,F
1782054618.973,589,74.17,74.03,74.05,73.99,high_O,low_P,O>P,O>M>C>P,T,T,T,F,T,T
1782055441.49,591,73.97,73.97,73.99,74.0,high_P,TIE,TIE,TIE,TIE,F,F,F,F,F
1782055593.316,592,73.97,74.05,73.94,73.92,high_C,low_P,C>P,C>O>M>P,F,T,T,T,T,T
1782055960.77,593,74.05,74.07,74.1,74.1,TIE,low_O,TIE,TIE,F,F,F,F,F,TIE
1782056381.19,594,74.07,74.17,74.09,74.15,high_C,low_O,C>O,C>P>M>O,F,F,F,T,T,F
1782056660.724,595,74.17,74.19,74.17,74.2,high_P,TIE,TIE,TIE,F,TIE,F,T,F,F
1782057048.52,596,74.19,74.03,74.06,74.02,high_O,low_P,O>P,O>M>C>P,T,T,T,F,T,T
1782057601.2,597,74.03,74.07,74.03,74.03,high_C,TIE,TIE,TIE,F,TIE,TIE,T,T,TIE
1782057834.053,598,74.07,73.97,74.02,73.99,high_O,low_C,O>C,O>M>P>C,T,T,T,F,F,T
1782058005.934,599,73.97,73.93,73.92,73.91,high_O,low_P,O>P,O>C>M>P,T,T,T,T,T,T
1782058343.396,600,73.93,73.97,73.93,73.91,high_C,low_P,C>P,TIE,F,TIE,T,T,T,T
1782058525.329,601,73.97,73.83,73.84,73.82,high_O,low_P,O>P,O>M>C>P,T,T,T,F,T,T
1782058905.768,602,73.83,73.91,73.88,73.92,high_P,low_O,P>O,P>C>M>O,F,F,F,T,F,F
1782059207.935,603,73.91,74.03,73.98,73.98,high_C,low_O,C>O,TIE,F,F,F,T,T,TIE
1782059617.473,604,74.03,73.95,73.99,73.99,high_O,low_C,O>C,TIE,T,T,T,F,F,TIE
1782060001.694,606,73.85,73.85,73.83,73.76,TIE,low_P,TIE,TIE,TIE,T,T,T,T,T
1782060404.735,607,73.85,74.14,74.01,73.95,high_C,low_O,C>O,C>M>P>O,F,F,F,T,T,T
1782060534.585,608,74.14,74.22,74.2,74.2,high_C,low_O,C>O,TIE,F,F,F,T,T,TIE
1782060597.503,609,74.22,74.17,74.25,74.3,high_P,low_C,P>C,P>M>O>C,T,F,F,F,F,F
1782060730.11,610,74.17,74.39,74.3,74.36,high_C,low_O,C>O,C>P>M>O,F,F,F,T,T,F
1782060730.342,611,74.39,74.68,74.52,74.5,high_C,low_O,C>O,C>M>P>O,F,F,F,T,T,T
1782060730.692,612,74.68,74.59,74.68,74.69,high_P,low_C,P>C,TIE,T,TIE,F,F,F,F
1782060733.89,613,74.59,74.6,74.61,74.61,TIE,low_O,TIE,TIE,F,F,F,F,F,TIE
1782060763.367,614,74.6,74.55,74.52,74.55,high_O,low_M,O>M,TIE,T,T,T,T,TIE,F
1782060826.736,615,74.55,74.51,74.5,74.5,high_O,TIE,TIE,TIE,T,T,T,T,T,TIE
1782060976.353,616,74.51,74.44,74.52,74.52,TIE,low_C,TIE,TIE,T,F,F,F,F,TIE
1782061125.233,617,74.44,74.28,74.38,74.37,high_O,low_C,O>C,O>M>P>C,T,T,T,F,F,T
1782061284.093,618,74.28,74.25,74.26,74.27,high_O,low_C,O>C,O>P>M>C,T,T,T,F,F,F
1782061549.597,619,74.25,74.41,74.35,74.36,high_C,low_O,C>O,C>P>M>O,F,F,F,T,T,F
1782061712.755,620,74.41,74.4,74.45,74.48,high_P,low_C,P>C,P>M>O>C,T,F,F,F,F,F
1782062021.429,621,74.4,74.45,74.39,74.38,high_C,low_P,C>P,C>O>M>P,F,T,T,T,T,T
1782062285.496,622,74.45,74.28,74.42,74.5,high_P,low_C,P>C,P>O>M>C,T,T,F,F,F,F
1782062915.876,624,74.46,74.46,74.51,74.47,high_M,TIE,TIE,TIE,TIE,F,F,F,F,T
1782063214.795,625,74.46,74.4,74.43,74.4,high_O,TIE,TIE,TIE,T,T,T,F,TIE,T
1782063482.71,626,74.4,74.16,74.26,74.33,high_O,low_C,O>C,O>P>M>C,T,T,T,F,F,F
1782063646.549,627,74.16,74.08,74.1,74.1,high_O,low_C,O>C,TIE,T,T,T,F,F,TIE
1782063782.76,628,74.08,74.16,74.05,74.05,high_C,TIE,TIE,TIE,F,T,T,T,T,TIE
1782064017.102,629,74.16,74.27,74.24,74.27,TIE,low_O,TIE,TIE,F,F,F,T,TIE,F
1782064338.259,630,74.27,74.35,74.34,74.35,TIE,low_O,TIE,TIE,F,F,F,T,TIE,F
1782064791.977,631,74.35,74.2,74.33,74.35,TIE,low_C,TIE,TIE,T,T,TIE,F,F,F
1782064916.159,632,74.2,73.96,73.98,73.96,high_O,TIE,TIE,TIE,T,T,T,F,TIE,T
1782065072.586,633,73.96,73.85,73.9,73.88,high_O,low_C,O>C,O>M>P>C,T,T,T,F,F,T
1782065466.976,635,73.95,73.95,73.99,73.99,TIE,TIE,TIE,TIE,TIE,F,F,F,F,TIE
1782065828.152,636,73.95,73.98,73.95,73.91,high_C,low_P,C>P,TIE,F,TIE,T,T,T,T
1782066120.81,637,73.98,74.01,74.0,74.0,high_C,low_O,C>O,TIE,F,F,F,T,T,TIE
1782066526.333,638,74.01,74.08,74.09,74.09,TIE,low_O,TIE,TIE,F,F,F,F,F,TIE
1782066806.073,640,74.25,74.25,74.33,74.25,high_M,TIE,TIE,TIE,TIE,F,TIE,F,TIE,T
1782067158.7,641,74.25,74.31,74.31,74.34,high_P,low_O,P>O,TIE,F,F,F,TIE,F,F
1782068498.161,643,74.2,74.2,74.15,74.1,TIE,low_P,TIE,TIE,TIE,T,T,T,T,T
1782068896.97,644,74.2,74.15,74.2,74.15,TIE,TIE,TIE,TIE,T,TIE,T,F,TIE,T
1782069206.237,645,74.15,74.37,74.3,74.27,high_C,low_O,C>O,C>M>P>O,F,F,F,T,T,T
1782069484.268,646,74.37,74.3,74.38,74.38,TIE,low_C,TIE,TIE,T,F,F,F,F,TIE
1782070242.658,647,74.3,74.25,74.26,74.24,high_O,low_P,O>P,O>M>C>P,T,T,T,F,T,T
1782070866.766,648,74.25,74.31,74.27,74.29,high_C,low_O,C>O,C>P>M>O,F,F,F,T,T,F
1782071205.055,649,74.31,74.35,74.33,74.3,high_C,low_P,C>P,C>M>O>P,F,F,T,T,T,T
1782071703.626,650,74.35,74.4,74.36,74.36,high_C,low_O,C>O,TIE,F,F,F,T,T,TIE
1782072182.801,651,74.4,74.3,74.39,74.39,high_O,low_C,O>C,TIE,T,T,T,F,F,TIE
1782072478.328,652,74.3,74.43,74.46,74.51,high_P,low_O,P>O,P>M>C>O,F,F,F,F,F,F
1782072854.077,653,74.43,74.16,74.24,74.2,high_O,low_C,O>C,O>M>P>C,T,T,T,F,F,T
1782073145.705,654,74.16,74.0,74.13,74.1,high_O,low_C,O>C,O>M>P>C,T,T,T,F,F,T
1782073332.621,655,74.0,74.02,73.99,74.0,high_C,low_M,C>M,TIE,F,T,TIE,T,T,F
1782073801.988,656,74.02,74.07,74.04,74.05,high_C,low_O,C>O,C>P>M>O,F,F,F,T,T,F
1782074127.555,657,74.07,73.97,73.97,73.91,high_O,low_P,O>P,TIE,T,T,T,TIE,T,T
1782074510.139,658,73.97,73.88,73.92,73.9,high_O,low_C,O>C,O>M>P>C,T,T,T,F,F,T
1782074650.06,659,73.88,73.84,73.87,73.87,high_O,low_C,O>C,TIE,T,T,T,F,F,TIE
1782074813.767,660,73.84,73.76,73.82,73.82,high_O,low_C,O>C,TIE,T,T,T,F,F,TIE
1782074830.083,661,73.76,73.61,73.65,73.65,high_O,low_C,O>C,TIE,T,T,T,F,F,TIE
1782074830.135,662,73.61,73.54,73.56,73.51,high_O,low_P,O>P,O>M>C>P,T,T,T,F,T,T
1782074857.846,664,73.61,73.61,73.61,73.62,high_P,TIE,TIE,TIE,TIE,TIE,F,TIE,F,F
1782074911.128,665,73.61,73.53,73.56,73.54,high_O,low_C,O>C,O>M>P>C,T,T,T,F,F,T
1782074946.292,666,73.53,73.44,73.5,73.5,high_O,low_C,O>C,TIE,T,T,T,F,F,TIE
1782074951.949,667,73.44,73.35,73.38,73.37,high_O,low_C,O>C,O>M>P>C,T,T,T,F,F,T
1782074997.166,668,73.35,73.37,73.39,73.42,high_P,low_O,P>O,P>M>C>O,F,F,F,F,F,F
1782075095.106,669,73.37,73.38,73.38,73.38,TIE,low_O,TIE,TIE,F,F,F,TIE,TIE,TIE
1782075249.78,670,73.38,73.43,73.43,73.42,TIE,low_O,TIE,TIE,F,F,F,TIE,T,T
1782075298.673,671,73.43,73.51,73.5,73.51,TIE,low_O,TIE,TIE,F,F,F,T,TIE,F
1782075357.156,672,73.51,73.49,73.51,73.51,TIE,low_C,TIE,TIE,T,TIE,TIE,F,F,TIE
1782075460.306,673,73.49,73.34,73.4,73.38,high_O,low_C,O>C,O>M>P>C,T,T,T,F,F,T
1782075524.142,674,73.34,73.37,73.34,73.34,high_C,TIE,TIE,TIE,F,TIE,TIE,T,T,TIE
1782075673.002,675,73.37,73.39,73.4,73.4,TIE,low_O,TIE,TIE,F,F,F,F,F,TIE
1782075812.292,676,73.39,73.35,73.36,73.36,high_O,low_C,O>C,TIE,T,T,T,F,F,TIE
1782075914.357,677,73.35,73.3,73.35,73.36,high_P,low_C,P>C,TIE,T,TIE,F,F,F,F
1782075978.459,678,73.3,73.27,73.28,73.3,TIE,low_C,TIE,TIE,T,T,TIE,F,F,F
1782076104.962,679,73.27,73.22,73.24,73.24,high_O,low_C,O>C,TIE,T,T,T,F,F,TIE
1782076133.007,680,73.22,73.13,73.2,73.2,high_O,low_C,O>C,TIE,T,T,T,F,F,TIE
1782076154.924,681,73.13,73.04,73.1,73.1,high_O,low_C,O>C,TIE,T,T,T,F,F,TIE
1782076162.494,682,73.04,72.95,73.0,73.0,high_O,low_C,O>C,TIE,T,T,T,F,F,TIE
1782076184.995,684,72.96,72.96,72.95,72.95,TIE,TIE,TIE,TIE,TIE,T,T,T,T,TIE
1782076193.627,685,72.96,72.84,72.93,72.93,high_O,low_C,O>C,TIE,T,T,T,F,F,TIE
1782076194.695,686,72.84,72.65,72.7,72.7,high_O,low_C,O>C,TIE,T,T,T,F,F,TIE
1782076195.15,687,72.65,72.55,72.53,72.52,high_O,low_P,O>P,O>C>M>P,T,T,T,T,T,T
1782076196.096,688,72.55,72.5,72.53,72.55,TIE,low_C,TIE,TIE,T,T,TIE,F,F,F
1782076197.53,689,72.5,72.48,72.46,72.49,high_O,low_M,O>M,O>P>C>M,T,T,T,T,F,F
1782076201.035,690,72.48,72.6,72.5,72.49,high_C,low_O,C>O,C>M>P>O,F,F,F,T,T,T
1782076210.551,691,72.6,72.51,72.55,72.54,high_O,low_C,O>C,O>M>P>C,T,T,T,F,F,T
1782076222.818,692,72.51,72.65,72.58,72.65,TIE,low_O,TIE,TIE,F,F,F,T,TIE,F
1782076253.514,693,72.65,72.64,72.66,72.66,TIE,low_C,TIE,TIE,T,F,F,F,F,TIE
1782076274.958,695,72.5,72.5,72.47,72.52,high_P,low_M,P>M,TIE,TIE,T,F,T,F,F
1782076298.488,696,72.5,72.64,72.55,72.5,high_C,TIE,TIE,TIE,F,F,TIE,T,T,T
1782076373.676,697,72.64,72.56,72.56,72.55,high_O,low_P,O>P,TIE,T,T,T,TIE,T,T
1782076431.227,698,72.56,72.63,72.6,72.56,high_C,TIE,TIE,TIE,F,F,TIE,T,T,T
1782076534.836,699,72.63,72.69,72.67,72.7,high_P,low_O,P>O,P>C>M>O,F,F,F,T,F,F
1782076656.198,700,72.69,72.63,72.66,72.61,high_O,low_P,O>P,O>M>C>P,T,T,T,F,T,T
1782076771.018,701,72.63,72.62,72.54,72.64,high_P,low_M,P>M,P>O>C>M,T,T,F,T,F,F
1782076867.995,702,72.62,72.82,72.74,72.65,high_C,low_O,C>O,C>M>P>O,F,F,F,T,T,T
1782076917.943,703,72.82,72.88,72.85,72.84,high_C,low_O,C>O,C>M>P>O,F,F,F,T,T,T
1782076985.559,704,72.88,73.01,72.94,72.97,high_C,low_O,C>O,C>P>M>O,F,F,F,T,T,F
1782077040.323,705,73.01,72.99,73.02,73.02,TIE,low_C,TIE,TIE,T,F,F,F,F,TIE
1782077172.453,706,72.99,72.88,72.86,72.85,high_O,low_P,O>P,O>C>M>P,T,T,T,T,T,T
1782077387.312,707,72.88,72.74,72.83,72.79,high_O,low_C,O>C,O>M>P>C,T,T,T,F,F,T
1782077567.962,708,72.74,72.96,72.89,72.9,high_C,low_O,C>O,C>P>M>O,F,F,F,T,T,F
1782077855.634,709,72.96,72.83,72.87,72.87,high_O,low_C,O>C,TIE,T,T,T,F,F,TIE
1782077878.483,710,72.83,72.79,72.79,72.8,high_O,TIE,TIE,TIE,T,T,T,TIE,F,F
1782077944.584,711,72.79,72.99,72.87,73.0,high_P,low_O,P>O,P>C>M>O,F,F,F,T,F,F
1782077973.954,712,72.99,73.23,73.18,73.1,high_C,low_O,C>O,C>M>P>O,F,F,F,T,T,T
1782078030.334,715,73.2,73.16,73.2,73.2,TIE,low_C,TIE,TIE,T,TIE,TIE,F,F,TIE
1782078117.454,716,73.16,73.28,73.22,73.22,high_C,low_O,C>O,TIE,F,F,F,T,T,TIE
1782078505.182,717,73.28,73.25,73.2,73.19,high_O,low_P,O>P,O>C>M>P,T,T,T,T,T,T
1782078797.561,718,73.25,73.26,73.25,73.24,high_C,low_P,C>P,TIE,F,TIE,T,T,T,T
1782079031.452,719,73.26,72.99,73.12,73.1,high_O,low_C,O>C,O>M>P>C,T,T,T,F,F,T
1782079202.049,720,72.99,72.96,73.06,73.09,high_P,low_C,P>C,P>M>O>C,T,F,F,F,F,F
1782079265.287,721,72.96,72.9,72.96,72.96,TIE,low_C,TIE,TIE,T,TIE,TIE,F,F,TIE
1782079398.315,722,72.9,73.01,73.01,73.01,TIE,low_O,TIE,TIE,F,F,F,TIE,TIE,TIE
1782079518.651,723,73.01,73.1,73.12,73.1,high_M,low_O,M>O,TIE,F,F,F,F,TIE,T
1782079669.953,724,73.1,73.13,73.08,73.09,high_C,low_M,C>M,C>O>P>M,F,T,T,T,T,F
1782079817.809,725,73.13,72.95,72.9,72.88,high_O,low_P,O>P,O>C>M>P,T,T,T,T,T,T
1782079948.793,726,72.95,72.92,72.97,72.97,TIE,low_C,TIE,TIE,T,F,F,F,F,TIE
1782080102.311,727,72.92,73.03,72.97,72.98,high_C,low_O,C>O,C>P>M>O,F,F,F,T,T,F
1782080235.169,728,73.03,73.1,73.04,73.0,high_C,low_P,C>P,C>M>O>P,F,F,T,T,T,T
1782080427.366,729,73.1,73.01,73.12,73.14,high_P,low_C,P>C,P>M>O>C,T,F,F,F,F,F
1782080819.482,730,73.01,73.04,73.11,73.12,high_P,low_O,P>O,P>M>C>O,F,F,F,F,F,F
1782081023.163,731,73.04,72.7,72.92,73.02,high_O,low_C,O>C,O>P>M>C,T,T,T,F,F,F
1782081051.116,732,72.7,72.65,72.7,72.7,TIE,low_C,TIE,TIE,T,TIE,TIE,F,F,TIE
1782081124.132,733,72.65,72.85,72.64,72.6,high_C,low_P,C>P,C>O>M>P,F,T,T,T,T,T
1782081285.633,734,72.85,72.68,72.8,72.79,high_O,low_C,O>C,O>M>P>C,T,T,T,F,F,T
1782081554.104,735,72.68,72.73,72.71,72.71,high_C,low_O,C>O,TIE,F,F,F,T,T,TIE
1782081787.978,736,72.73,72.94,72.8,72.84,high_C,low_O,C>O,C>P>M>O,F,F,F,T,T,F
1782082260.489,737,72.94,72.98,72.9,72.9,high_C,TIE,TIE,TIE,F,T,T,T,T,TIE
1782082429.372,738,72.98,73.08,73.09,73.09,TIE,low_O,TIE,TIE,F,F,F,F,F,TIE
1782082701.095,739,73.08,73.04,73.12,73.2,high_P,low_C,P>C,P>M>O>C,T,F,F,F,F,F
1782082899.516,740,73.04,72.77,72.86,72.84,high_O,low_C,O>C,O>M>P>C,T,T,T,F,F,T
1782083025.173,741,72.77,72.76,72.78,72.8,high_P,low_C,P>C,P>M>O>C,T,F,F,F,F,F
1782083306.023,742,72.76,72.93,72.82,72.82,high_C,low_O,C>O,TIE,F,F,F,T,T,TIE
1782083589.572,743,72.93,72.91,72.85,72.84,high_O,low_P,O>P,O>C>M>P,T,T,T,T,T,T
1782083791.576,744,72.91,72.81,72.77,72.77,high_O,TIE,TIE,TIE,T,T,T,T,T,TIE
1782084116.181,745,72.81,72.96,72.85,72.81,high_C,TIE,TIE,TIE,F,F,TIE,T,T,T
1782084372.421,746,72.96,72.97,72.98,72.92,high_M,low_P,M>P,M>C>O>P,F,F,T,F,T,T
1782084613.96,747,72.97,72.92,72.9,72.88,high_O,low_P,O>P,O>C>M>P,T,T,T,T,T,T
1782084680.435,748,72.92,72.71,72.88,72.88,high_O,low_C,O>C,TIE,T,T,T,F,F,TIE
1782084697.932,749,72.71,72.69,72.71,72.71,TIE,low_C,TIE,TIE,T,TIE,TIE,F,F,TIE
1782084786.076,750,72.69,72.66,72.66,72.65,high_O,low_P,O>P,TIE,T,T,T,TIE,T,T
1782084819.284,751,72.66,72.47,72.57,72.6,high_O,low_C,O>C,O>P>M>C,T,T,T,F,F,F
1782084875.26,752,72.47,72.45,72.49,72.47,high_M,low_C,M>C,TIE,T,F,TIE,F,F,T
1782084953.697,753,72.45,72.47,72.45,72.45,high_C,TIE,TIE,TIE,F,TIE,TIE,T,T,TIE
1782084994.041,754,72.47,72.32,72.48,72.49,high_P,low_C,P>C,P>M>O>C,T,F,F,F,F,F
1782085003.661,755,72.32,72.3,72.32,72.33,high_P,low_C,P>C,TIE,T,TIE,F,F,F,F
1782085026.621,756,72.3,72.31,72.31,72.33,high_P,low_O,P>O,TIE,F,F,F,TIE,F,F
1782085101.238,757,72.31,72.49,72.35,72.37,high_C,low_O,C>O,C>P>M>O,F,F,F,T,T,F
1782085192.475,758,72.49,72.45,72.44,72.44,high_O,TIE,TIE,TIE,T,T,T,T,T,TIE
1782085509.316,760,72.52,72.52,72.51,72.5,TIE,low_P,TIE,TIE,TIE,T,T,T,T,T
1782085716.406,761,72.52,72.57,72.5,72.49,high_C,low_P,C>P,C>O>M>P,F,T,T,T,T,T
1782085997.804,762,72.57,72.49,72.53,72.53,high_O,low_C,O>C,TIE,T,T,T,F,F,TIE
1782086276.65,763,72.49,72.4,72.42,72.42,high_O,low_C,O>C,TIE,T,T,T,F,F,TIE
1782086433.066,764,72.4,72.51,72.45,72.45,high_C,low_O,C>O,TIE,F,F,F,T,T,TIE
1782086506.506,765,72.51,72.5,72.53,72.52,high_M,low_C,M>C,M>P>O>C,T,F,F,F,F,T
1782086735.881,766,72.5,72.64,72.57,72.62,high_C,low_O,C>O,C>P>M>O,F,F,F,T,T,F
1782086889.89,767,72.64,72.72,72.71,72.67,high_C,low_O,C>O,C>M>P>O,F,F,F,T,T,T
1782087052.488,768,72.72,72.68,72.77,72.8,high_P,low_C,P>C,P>M>O>C,T,F,F,F,F,F
1782087325.346,769,72.68,72.72,72.66,72.68,high_C,low_M,C>M,TIE,F,T,TIE,T,T,F
1782087524.842,770,72.72,73.0,72.8,72.79,high_C,low_O,C>O,C>M>P>O,F,F,F,T,T,T
1782087571.066,771,73.0,72.88,73.0,73.0,TIE,low_C,TIE,TIE,T,TIE,TIE,F,F,TIE
1782087771.502,772,72.88,72.7,72.87,72.87,high_O,low_C,O>C,TIE,T,T,T,F,F,TIE
1782088060.402,773,72.7,72.94,72.9,72.89,high_C,low_O,C>O,C>M>P>O,F,F,F,T,T,T
1782088274.683,774,72.94,72.96,72.94,72.95,high_C,TIE,TIE,TIE,F,TIE,F,T,T,F
1782088414.246,775,72.96,72.99,73.01,73.02,high_P,low_O,P>O,P>M>C>O,F,F,F,F,F,F
1782088637.818,776,72.99,73.15,73.05,73.15,TIE,low_O,TIE,TIE,F,F,F,T,TIE,F
1782088666.408,777,73.15,73.3,73.2,73.2,high_C,low_O,C>O,TIE,F,F,F,T,T,TIE
1782088680.09,778,73.3,73.53,73.44,73.44,high_C,low_O,C>O,TIE,F,F,F,T,T,TIE
1782088734.616,779,73.53,73.3,73.41,73.53,TIE,low_C,TIE,TIE,T,T,TIE,F,F,F
1782088865.359,780,73.3,73.4,73.34,73.37,high_C,low_O,C>O,C>P>M>O,F,F,F,T,T,F
1782089061.537,781,73.4,73.28,73.32,73.29,high_O,low_C,O>C,O>M>P>C,T,T,T,F,F,T
1782089204.662,782,73.28,73.31,73.25,73.23,high_C,low_P,C>P,C>O>M>P,F,T,T,T,T,T
1782089430.424,783,73.31,73.07,73.2,73.2,high_O,low_C,O>C,TIE,T,T,T,F,F,TIE
1782089590.22,784,73.07,73.06,73.05,73.05,high_O,TIE,TIE,TIE,T,T,T,T,T,TIE
1782089823.209,785,73.06,73.31,73.16,73.14,high_C,low_O,C>O,C>M>P>O,F,F,F,T,T,T
1782090044.253,786,73.31,73.39,73.37,73.32,high_C,low_O,C>O,C>M>P>O,F,F,F,T,T,T
1782090188.975,787,73.39,73.62,73.39,73.38,high_C,low_P,C>P,TIE,F,TIE,T,T,T,T
1782090352.614,788,73.62,73.39,73.49,73.58,high_O,low_C,O>C,O>P>M>C,T,T,T,F,F,F
1782090714.822,789,73.39,73.35,73.38,73.28,high_O,low_P,O>P,O>M>C>P,T,T,T,F,T,T
1782090987.362,790,73.35,73.42,73.28,73.27,high_C,low_P,C>P,C>O>M>P,F,T,T,T,T,T
1782091102.324,791,73.42,73.74,73.6,73.6,high_C,low_O,C>O,TIE,F,F,F,T,T,TIE
1782091126.794,792,73.74,73.78,73.77,73.78,TIE,low_O,TIE,TIE,F,F,F,T,TIE,F
1782091325.946,793,73.78,73.69,73.69,73.68,high_O,low_P,O>P,TIE,T,T,T,TIE,T,T
1782091417.532,794,73.69,73.94,73.88,73.88,high_C,low_O,C>O,TIE,F,F,F,T,T,TIE
1782091424.66,795,73.94,74.13,74.14,74.14,TIE,low_O,TIE,TIE,F,F,F,F,F,TIE
1782091445.205,796,74.13,74.19,74.19,74.24,high_P,low_O,P>O,TIE,F,F,F,TIE,F,F
1782091526.27,797,74.19,74.14,74.13,74.15,high_O,low_M,O>M,O>P>C>M,T,T,T,T,F,F
1782091568.132,798,74.14,74.24,74.25,74.31,high_P,low_O,P>O,P>M>C>O,F,F,F,F,F,F
1782091578.82,799,74.24,74.49,74.44,74.43,high_C,low_O,C>O,C>M>P>O,F,F,F,T,T,T
1782091583.403,800,74.49,74.59,74.59,74.6,high_P,low_O,P>O,TIE,F,F,F,TIE,F,F
1782091595.887,801,74.59,74.67,74.63,74.6,high_C,low_O,C>O,C>M>P>O,F,F,F,T,T,T
1782091601.066,802,74.67,74.94,74.82,74.72,high_C,low_O,C>O,C>M>P>O,F,F,F,T,T,T
1782091604.077,803,74.94,74.9,74.89,74.89,high_O,TIE,TIE,TIE,T,T,T,T,T,TIE
1782091619.516,804,74.9,74.82,74.83,74.82,high_O,TIE,TIE,TIE,T,T,T,F,TIE,T
1782091639.903,805,74.82,74.86,74.83,74.86,TIE,low_O,TIE,TIE,F,F,F,T,TIE,F
1782091669.783,806,74.86,74.78,74.9,74.93,high_P,low_C,P>C,P>M>O>C,T,F,F,F,F,F
1782091805.782,808,74.58,74.58,74.56,74.59,high_P,low_M,P>M,TIE,TIE,T,F,T,F,F
1782091856.324,809,74.58,74.71,74.66,74.66,high_C,low_O,C>O,TIE,F,F,F,T,T,TIE
1782091916.191,810,74.71,74.43,74.49,74.5,high_O,low_C,O>C,O>P>M>C,T,T,T,F,F,F
1782092015.045,811,74.43,74.26,74.37,74.28,high_O,low_C,O>C,O>M>P>C,T,T,T,F,F,T
1782092119.898,813,74.14,74.14,74.14,74.13,TIE,low_P,TIE,TIE,TIE,TIE,T,TIE,T,T
1782092275.8,814,74.14,74.15,74.13,74.13,high_C,TIE,TIE,TIE,F,T,T,T,T,TIE
1782092505.501,815,74.15,74.47,74.3,74.2,high_C,low_O,C>O,C>M>P>O,F,F,F,T,T,T
1782092724.813,816,74.47,74.41,74.28,74.27,high_O,low_P,O>P,O>C>M>P,T,T,T,T,T,T
1782092976.116,817,74.41,74.35,74.35,74.34,high_O,low_P,O>P,TIE,T,T,T,TIE,T,T
1782093244.144,818,74.35,74.43,74.39,74.35,high_C,TIE,TIE,TIE,F,F,TIE,T,T,T
1782093601.897,819,74.43,74.34,74.4,74.4,high_O,low_C,O>C,TIE,T,T,T,F,F,TIE
1782093745.941,820,74.34,74.05,74.21,74.17,high_O,low_C,O>C,O>M>P>C,T,T,T,F,F,T
1782094028.859,821,74.05,74.07,74.12,74.11,high_M,low_O,M>O,M>P>C>O,F,F,F,F,F,T
1782094390.703,822,74.07,74.05,74.05,73.98,high_O,low_P,O>P,TIE,T,T,T,TIE,T,T
1782094730.198,823,74.05,74.26,74.07,74.04,high_C,low_P,C>P,C>M>O>P,F,F,T,T,T,T
1782095098.104,824,74.26,74.11,74.13,74.11,high_O,TIE,TIE,TIE,T,T,T,F,TIE,T
1782095567.215,825,74.11,74.09,74.16,74.18,high_P,low_C,P>C,P>M>O>C,T,F,F,F,F,F
1782096005.784,826,74.09,74.19,74.12,74.17,high_C,low_O,C>O,C>P>M>O,F,F,F,T,T,F
1782096345.804,827,74.19,73.96,74.05,74.02,high_O,low_C,O>C,O>M>P>C,T,T,T,F,F,T
1782096553.954,828,73.96,73.84,73.87,73.85,high_O,low_C,O>C,O>M>P>C,T,T,T,F,F,T
1782096721.379,829,73.84,73.74,73.76,73.76,high_O,low_C,O>C,TIE,T,T,T,F,F,TIE
1782097194.859,830,73.74,73.77,73.79,73.81,high_P,low_O,P>O,P>M>C>O,F,F,F,F,F,F
1782097277.589,831,73.77,73.55,73.58,73.58,high_O,low_C,O>C,TIE,T,T,T,F,F,TIE
1782097311.172,832,73.55,73.33,73.45,73.46,high_O,low_C,O>C,O>P>M>C,T,T,T,F,F,F
1782097343.627,833,73.33,73.42,73.3,73.3,high_C,TIE,TIE,TIE,F,T,T,T,T,TIE
1782097458.902,834,73.42,73.58,73.53,73.42,high_C,TIE,TIE,TIE,F,F,TIE,T,T,T
1782097635.226,835,73.58,73.4,73.58,73.64,high_P,low_C,P>C,TIE,T,TIE,F,F,F,F
1782097831.15,836,73.4,73.46,73.44,73.38,high_C,low_P,C>P,C>M>O>P,F,F,T,T,T,T
1782098108.882,837,73.46,73.57,73.55,73.59,high_P,low_O,P>O,P>C>M>O,F,F,F,T,F,F
1782098348.423,838,73.57,73.76,73.69,73.69,high_C,low_O,C>O,TIE,F,F,F,T,T,TIE
1782098616.678,839,73.76,73.83,73.83,73.84,high_P,low_O,P>O,TIE,F,F,F,TIE,F,F
1782098808.314,840,73.83,73.86,73.93,73.96,high_P,low_O,P>O,P>M>C>O,F,F,F,F,F,F
1782099184.174,841,73.86,73.92,73.85,73.85,high_C,TIE,TIE,TIE,F,T,T,T,T,TIE
1782099724.287,842,73.92,73.86,73.86,73.87,high_O,TIE,TIE,TIE,T,T,T,TIE,F,F
1782100041.069,843,73.86,73.52,73.64,73.62,high_O,low_C,O>C,O>M>P>C,T,T,T,F,F,T
1782100271.781,844,73.52,73.59,73.62,73.64,high_P,low_O,P>O,P>M>C>O,F,F,F,F,F,F
1782100566.904,845,73.59,73.36,73.54,73.55,high_O,low_C,O>C,O>P>M>C,T,T,T,F,F,F
1782100818.336,846,73.36,73.46,73.42,73.46,TIE,low_O,TIE,TIE,F,F,F,T,TIE,F
1782101009.701,847,73.46,73.37,73.37,73.37,high_O,TIE,TIE,TIE,T,T,T,TIE,TIE,TIE
1782101275.221,848,73.37,73.49,73.47,73.49,TIE,low_O,TIE,TIE,F,F,F,T,TIE,F
1782101522.85,849,73.49,73.51,73.52,73.52,TIE,low_O,TIE,TIE,F,F,F,F,F,TIE
1782101932.079,850,73.51,73.64,73.54,73.52,high_C,low_O,C>O,C>M>P>O,F,F,F,T,T,T
1782102564.418,851,73.64,73.58,73.59,73.6,high_O,low_C,O>C,O>P>M>C,T,T,T,F,F,F
1782103124.721,852,73.58,73.54,73.54,73.51,high_O,low_P,O>P,TIE,T,T,T,TIE,T,T
1782103388.035,853,73.54,73.44,73.5,73.52,high_O,low_C,O>C,O>P>M>C,T,T,T,F,F,F
1782103625.89,854,73.44,73.71,73.5,73.5,high_C,low_O,C>O,TIE,F,F,F,T,T,TIE
1782103937.309,855,73.71,73.75,73.74,73.74,high_C,low_O,C>O,TIE,F,F,F,T,T,TIE
1782104463.211,856,73.75,73.88,73.81,73.8,high_C,low_O,C>O,C>M>P>O,F,F,F,T,T,T
1782104853.763,857,73.88,73.93,73.84,73.81,high_C,low_P,C>P,C>O>M>P,F,T,T,T,T,T
1782104946.328,858,73.93,74.02,74.01,74.01,high_C,low_O,C>O,TIE,F,F,F,T,T,TIE
1782105203.88,859,74.02,73.99,74.05,74.04,high_M,low_C,M>C,M>P>O>C,T,F,F,F,F,T
1782105521.063,860,73.99,74.09,74.04,74.05,high_C,low_O,C>O,C>P>M>O,F,F,F,T,T,F
1782105877.106,861,74.09,74.01,74.03,74.03,high_O,low_C,O>C,TIE,T,T,T,F,F,TIE
1782106372.472,862,74.01,73.98,73.98,73.95,high_O,low_P,O>P,TIE,T,T,T,TIE,T,T
1782106793.838,863,73.98,73.95,73.99,73.99,TIE,low_C,TIE,TIE,T,F,F,F,F,TIE
1782107372.958,864,73.95,73.93,73.95,73.97,high_P,low_C,P>C,TIE,T,TIE,F,F,F,F
1782107838.715,865,73.93,73.86,73.86,73.87,high_O,TIE,TIE,TIE,T,T,T,TIE,F,F
1782108380.973,866,73.86,73.85,73.88,73.88,TIE,low_C,TIE,TIE,T,F,F,F,F,TIE
1782108609.899,867,73.85,74.11,73.89,73.79,high_C,low_P,C>P,C>M>O>P,F,F,T,T,T,T
1782109079.76,868,74.11,73.98,74.02,73.98,high_O,TIE,TIE,TIE,T,T,T,F,TIE,T
1782109433.252,869,73.98,73.78,73.85,73.81,high_O,low_C,O>C,O>M>P>C,T,T,T,F,F,T
1782109801.119,870,73.78,73.79,73.85,73.83,high_M,low_O,M>O,M>P>C>O,F,F,F,F,F,T
1782109855.378,871,73.79,73.58,73.7,73.7,high_O,low_C,O>C,TIE,T,T,T,F,F,TIE
1782109895.982,872,73.58,73.71,73.63,73.58,high_C,TIE,TIE,TIE,F,F,TIE,T,T,T
1782110128.588,873,73.71,73.62,73.67,73.65,high_O,low_C,O>C,O>M>P>C,T,T,T,F,F,T
1782110602.805,874,73.62,73.69,73.69,73.69,TIE,low_O,TIE,TIE,F,F,F,TIE,TIE,TIE
1782110944.974,875,73.69,73.67,73.66,73.64,high_O,low_P,O>P,O>C>M>P,T,T,T,T,T,T
1782111146.135,876,73.66,73.52,73.6,73.61,high_O,low_C,O>C,O>P>M>C,T,T,T,F,F,F
1782111521.879,877,73.52,73.7,73.66,73.67,high_C,low_O,C>O,C>P>M>O,F,F,F,T,T,F
1782111847.393,878,73.7,73.81,73.71,73.67,high_C,low_P,C>P,C>M>O>P,F,F,T,T,T,T
1782111920.473,879,73.81,73.92,73.9,73.88,high_C,low_O,C>O,C>M>P>O,F,F,F,T,T,T
1782112053.564,880,73.92,73.87,73.94,73.94,TIE,low_C,TIE,TIE,T,F,F,F,F,TIE
1782112256.594,881,73.87,74.1,74.01,74.03,high_C,low_O,C>O,C>P>M>O,F,F,F,T,T,F
1782112376.009,882,74.1,74.17,74.12,74.08,high_C,low_P,C>P,C>M>O>P,F,F,T,T,T,T
1782112508.933,883,74.17,74.2,74.19,74.17,high_C,TIE,TIE,TIE,F,F,TIE,T,T,T
1782112614.861,884,74.2,74.18,74.25,74.29,high_P,low_C,P>C,P>M>O>C,T,F,F,F,F,F
1782112851.336,885,74.18,74.13,74.13,74.13,high_O,TIE,TIE,TIE,T,T,T,TIE,TIE,TIE
1782113100.1,886,74.13,74.22,74.23,74.25,high_P,low_O,P>O,P>M>C>O,F,F,F,F,F,F
1782113241.63,887,74.22,74.31,74.32,74.34,high_P,low_O,P>O,P>M>C>O,F,F,F,F,F,F
1782113488.281,888,74.31,74.38,74.3,74.31,high_C,low_M,C>M,TIE,F,T,TIE,T,T,F
1782113955.682,890,74.26,74.26,74.25,74.24,TIE,low_P,TIE,TIE,TIE,T,T,T,T,T
1782114210.794,891,74.26,74.18,74.23,74.26,TIE,low_C,TIE,TIE,T,T,TIE,F,F,F
1782114669.663,892,74.18,74.15,74.14,74.15,high_O,low_M,O>M,TIE,T,T,T,T,TIE,F
1782114880.656,893,74.15,74.04,74.05,74.0,high_O,low_P,O>P,O>M>C>P,T,T,T,F,T,T
1782115207.609,894,74.04,74.09,74.06,74.03,high_C,low_P,C>P,C>M>O>P,F,F,T,T,T,T
1782115410.141,895,74.09,74.1,74.07,74.07,high_C,TIE,TIE,TIE,F,T,T,T,T,TIE
1782115593.516,896,74.1,74.05,74.04,74.04,high_O,TIE,TIE,TIE,T,T,T,T,T,TIE
1782115810.278,897,74.05,74.16,74.15,74.26,high_P,low_O,P>O,P>C>M>O,F,F,F,T,F,F
1782116094.933,898,74.16,74.26,74.15,74.14,high_C,low_P,C>P,C>O>M>P,F,T,T,T,T,T
1782116345.062,899,74.26,74.08,74.18,74.14,high_O,low_C,O>C,O>M>P>C,T,T,T,F,F,T
1782116602.784,900,74.08,74.11,74.16,74.19,high_P,low_O,P>O,P>M>C>O,F,F,F,F,F,F
1782116927.322,901,74.11,73.99,74.0,73.99,high_O,TIE,TIE,TIE,T,T,T,F,TIE,T
1782117133.031,902,73.99,73.9,73.95,73.97,high_O,low_C,O>C,O>P>M>C,T,T,T,F,F,F
1782117393.292,903,73.9,73.84,73.93,73.88,high_M,low_C,M>C,M>O>P>C,T,F,T,F,F,T
1782117523.495,904,73.84,73.77,73.79,73.79,high_O,low_C,O>C,TIE,T,T,T,F,F,TIE
1782117614.083,905,73.77,73.75,73.71,73.7,high_O,low_P,O>P,O>C>M>P,T,T,T,T,T,T
1782117816.069,906,73.75,73.94,73.83,73.8,high_C,low_O,C>O,C>M>P>O,F,F,F,T,T,T
1782118022.685,907,73.94,73.96,74.0,74.0,TIE,low_O,TIE,TIE,F,F,F,F,F,TIE
1782118372.212,908,73.96,73.89,73.87,73.86,high_O,low_P,O>P,O>C>M>P,T,T,T,T,T,T
1782118947.746,909,73.89,73.82,73.85,73.83,high_O,low_C,O>C,O>M>P>C,T,T,T,F,F,T
1782119230.033,910,73.82,73.93,73.93,73.93,TIE,low_O,TIE,TIE,F,F,F,TIE,TIE,TIE
1782119416.865,911,73.93,73.9,73.89,73.89,high_O,TIE,TIE,TIE,T,T,T,T,T,TIE
1782119912.997,912,73.9,73.85,73.88,73.88,high_O,low_C,O>C,TIE,T,T,T,F,F,TIE
1782120202.542,913,73.85,73.73,73.79,73.8,high_O,low_C,O>C,O>P>M>C,T,T,T,F,F,F
1782120430.635,914,73.73,73.64,73.72,73.73,TIE,low_C,TIE,TIE,T,T,TIE,F,F,F
1782120606.829,915,73.64,73.6,73.65,73.65,TIE,low_C,TIE,TIE,T,F,F,F,F,TIE
1782120790.04,916,73.6,73.65,73.63,73.67,high_P,low_O,P>O,P>C>M>O,F,F,F,T,F,F
1782121030.21,917,73.65,73.61,73.67,73.65,high_M,low_C,M>C,TIE,T,F,TIE,F,F,T
1782121301.603,918,73.61,73.65,73.59,73.63,high_C,low_M,C>M,C>P>O>M,F,T,F,T,T,F
1782121633.728,919,73.65,73.72,73.7,73.7,high_C,low_O,C>O,TIE,F,F,F,T,T,TIE
1782122035.465,920,73.72,73.75,73.72,73.75,TIE,TIE,TIE,TIE,F,TIE,F,T,TIE,F
1782122421.204,921,73.75,73.7,73.78,73.75,high_M,low_C,M>C,TIE,T,F,TIE,F,F,T
1782122673.286,922,73.7,73.8,73.77,73.76,high_C,low_O,C>O,C>M>P>O,F,F,F,T,T,T
1782122886.463,923,73.8,73.94,73.88,73.88,high_C,low_O,C>O,TIE,F,F,F,T,T,TIE
1782123165.735,924,73.95,73.86,73.94,73.94,high_O,low_C,O>C,TIE,T,T,T,F,F,TIE
1782123592.79,925,73.86,73.78,73.85,73.84,high_O,low_C,O>C,O>M>P>C,T,T,T,F,F,T
1782123845.96,926,73.78,73.72,73.7,73.7,high_O,TIE,TIE,TIE,T,T,T,T,T,TIE
1782124124.218,927,73.72,73.63,73.64,73.62,high_O,low_P,O>P,O>M>C>P,T,T,T,F,T,T
1782124312.052,928,73.63,73.72,73.64,73.69,high_C,low_O,C>O,C>P>M>O,F,F,F,T,T,F
1782124629.829,929,73.72,73.68,73.68,73.68,high_O,TIE,TIE,TIE,T,T,T,TIE,TIE,TIE
1782124923.548,930,73.68,73.61,73.63,73.6,high_O,low_P,O>P,O>M>C>P,T,T,T,F,T,T
1782125160.824,931,73.61,73.68,73.62,73.62,high_C,low_O,C>O,TIE,F,F,F,T,T,TIE
1782125473.402,932,73.68,73.81,73.77,73.77,high_C,low_O,C>O,TIE,F,F,F,T,T,TIE
1782125770.359,933,73.81,73.83,73.83,73.83,TIE,low_O,TIE,TIE,F,F,F,TIE,TIE,TIE
1782126047.608,934,73.83,73.67,73.75,73.74,high_O,low_C,O>C,O>M>P>C,T,T,T,F,F,T
1782126315.62,935,73.67,73.87,73.7,73.85,high_C,low_O,C>O,C>P>M>O,F,F,F,T,T,F
1782126356.065,936,73.87,74.02,73.9,74.0,high_C,low_O,C>O,C>P>M>O,F,F,F,T,T,F
1782126365.238,937,74.02,74.13,74.1,74.11,high_C,low_O,C>O,C>P>M>O,F,F,F,T,T,F
1782126390.846,938,74.13,74.02,74.05,74.02,high_O,TIE,TIE,TIE,T,T,T,F,TIE,T
1782126434.083,939,74.02,74.12,74.14,74.17,high_P,low_O,P>O,P>M>C>O,F,F,F,F,F,F
1782126527.293,940,74.12,74.0,74.05,74.07,high_O,low_C,O>C,O>P>M>C,T,T,T,F,F,F
1782126725.293,941,74.0,73.92,74.01,74.04,high_P,low_C,P>C,P>M>O>C,T,F,F,F,F,F
1782126880.671,942,73.92,73.95,73.97,73.95,high_M,low_O,M>O,TIE,F,F,F,F,TIE,T
1782127133.074,943,73.95,73.94,73.94,73.95,TIE,TIE,TIE,TIE,T,T,TIE,TIE,F,F
1782127271.338,944,73.94,73.86,73.84,73.84,high_O,TIE,TIE,TIE,T,T,T,T,T,TIE
1782127479.493,945,73.86,73.77,73.78,73.75,high_O,low_P,O>P,O>M>C>P,T,T,T,F,T,T
1782127592.508,946,73.77,73.94,73.85,73.85,high_C,low_O,C>O,TIE,F,F,F,T,T,TIE
1782127624.503,947,73.94,73.98,74.01,74.0,high_M,low_O,M>O,M>P>C>O,F,F,F,F,F,T
1782127698.496,948,73.98,74.01,73.97,73.97,high_C,TIE,TIE,TIE,F,T,T,T,T,TIE
1782127769.813,949,74.01,73.89,73.92,73.93,high_O,low_C,O>C,O>P>M>C,T,T,T,F,F,F
1782127959.651,950,73.89,74.05,73.95,73.89,high_C,TIE,TIE,TIE,F,F,TIE,T,T,T
1782127997.116,951,74.05,74.2,74.12,74.19,high_C,low_O,C>O,C>P>M>O,F,F,F,T,T,F
1782128004.905,952,74.2,74.26,74.27,74.28,high_P,low_O,P>O,P>M>C>O,F,F,F,F,F,F
1782128063.474,953,74.26,74.25,74.23,74.27,high_P,low_M,P>M,P>O>C>M,T,T,F,T,F,F
1782128190.221,955,74.27,74.27,74.27,74.27,TIE,TIE,TIE,TIE,TIE,TIE,TIE,TIE,TIE,TIE
1782128214.913,956,74.27,74.35,74.31,74.32,high_C,low_O,C>O,C>P>M>O,F,F,F,T,T,F
1782128264.701,957,74.35,74.3,74.38,74.39,high_P,low_C,P>C,P>M>O>C,T,F,F,F,F,F
1782128422.84,958,74.3,74.16,74.24,74.26,high_O,low_C,O>C,O>P>M>C,T,T,T,F,F,F
1782128462.364,959,74.16,74.11,74.14,74.14,high_O,low_C,O>C,TIE,T,T,T,F,F,TIE
1782128478.948,960,74.11,74.1,74.11,74.11,TIE,low_C,TIE,TIE,T,TIE,TIE,F,F,TIE
1782128704.812,961,74.1,74.19,74.16,74.15,high_C,low_O,C>O,C>M>P>O,F,F,F,T,T,T
1782128856.919,962,74.19,74.2,74.2,74.22,high_P,low_O,P>O,TIE,F,F,F,TIE,F,F
1782128988.91,963,74.2,74.3,74.22,74.23,high_C,low_O,C>O,C>P>M>O,F,F,F,T,T,F
1782129011.883,964,74.3,74.29,74.31,74.3,high_M,low_C,M>C,TIE,T,F,TIE,F,F,T
1782129060.299,965,74.29,74.21,74.21,74.2,high_O,low_P,O>P,TIE,T,T,T,TIE,T,T
1782129109.082,966,74.21,74.2,74.17,74.15,high_O,low_P,O>P,O>C>M>P,T,T,T,T,T,T
1782129226.981,967,74.2,74.15,74.16,74.2,TIE,low_C,TIE,TIE,T,T,TIE,F,F,F
1782129309.721,968,74.15,74.17,74.17,74.15,TIE,TIE,TIE,TIE,F,F,TIE,TIE,T,T
1782129525.247,969,74.17,74.22,74.18,74.17,high_C,TIE,TIE,TIE,F,F,TIE,T,T,T
1782129624.915,970,74.22,74.07,74.15,74.1,high_O,low_C,O>C,O>M>P>C,T,T,T,F,F,T
1782129669.335,971,74.07,74.01,74.06,74.07,TIE,low_C,TIE,TIE,T,T,TIE,F,F,F
1782129739.32,973,74.18,74.18,74.2,74.2,TIE,TIE,TIE,TIE,TIE,F,F,F,F,TIE
1782129758.137,974,74.18,74.13,74.21,74.21,TIE,low_C,TIE,TIE,T,F,F,F,F,TIE
1782129856.756,975,74.13,74.1,74.11,74.13,TIE,low_C,TIE,TIE,T,T,TIE,F,F,F
1782130014.173,976,74.1,74.12,74.15,74.15,TIE,low_O,TIE,TIE,F,F,F,F,F,TIE
1782130239.867,977,74.12,74.03,74.05,74.05,high_O,low_C,O>C,TIE,T,T,T,F,F,TIE
1782130419.14,978,74.03,74.13,74.09,74.13,TIE,low_O,TIE,TIE,F,F,F,T,TIE,F
1782130762.724,979,74.13,74.04,74.05,74.05,high_O,low_C,O>C,TIE,T,T,T,F,F,TIE
1782130890.355,980,74.04,74.06,74.03,74.03,high_C,TIE,TIE,TIE,F,T,T,T,T,TIE
1782131093.524,981,74.06,74.22,74.14,74.16,high_C,low_O,C>O,C>P>M>O,F,F,F,T,T,F
1782131169.769,982,74.22,74.33,74.33,74.33,TIE,low_O,TIE,TIE,F,F,F,TIE,TIE,TIE
1782131271.884,983,74.33,74.29,74.29,74.28,high_O,low_P,O>P,TIE,T,T,T,TIE,T,T
1782131461.297,984,74.29,74.15,74.23,74.15,high_O,TIE,TIE,TIE,T,T,T,F,TIE,T
1782131614.623,985,74.15,74.25,74.16,74.14,high_C,low_P,C>P,C>M>O>P,F,F,T,T,T,T
1782131806.521,986,74.25,74.35,74.33,74.33,high_C,low_O,C>O,TIE,F,F,F,T,T,TIE
1782131903.593,987,74.35,74.48,74.44,74.46,high_C,low_O,C>O,C>P>M>O,F,F,F,T,T,F
1782131910.635,988,74.48,74.49,74.48,74.49,TIE,TIE,TIE,TIE,F,TIE,F,T,TIE,F
1782131970.06,989,74.49,74.46,74.48,74.48,high_O,low_C,O>C,TIE,T,T,T,F,F,TIE
1782132076.23,990,74.46,74.5,74.49,74.47,high_C,low_O,C>O,C>M>P>O,F,F,F,T,T,T
1782132216.198,991,74.5,74.4,74.44,74.44,high_O,low_C,O>C,TIE,T,T,T,F,F,TIE
1782132332.153,992,74.4,74.33,74.36,74.38,high_O,low_C,O>C,O>P>M>C,T,T,T,F,F,F
1782132499.523,993,74.33,74.39,74.36,74.37,high_C,low_O,C>O,C>P>M>O,F,F,F,T,T,F
1782132532.985,994,74.39,74.52,74.44,74.42,high_C,low_O,C>O,C>M>P>O,F,F,F,T,T,T
1782132673.474,995,74.52,74.39,74.47,74.39,high_O,TIE,TIE,TIE,T,T,T,F,TIE,T
1782132830.366,996,74.39,74.32,74.34,74.34,high_O,low_C,O>C,TIE,T,T,T,F,F,TIE
1782132983.744,997,74.32,74.37,74.27,74.23,high_C,low_P,C>P,C>O>M>P,F,T,T,T,T,T
1782133234.558,998,74.37,74.33,74.38,74.38,TIE,low_C,TIE,TIE,T,F,F,F,F,TIE
1782133387.926,999,74.33,74.31,74.37,74.37,TIE,low_C,TIE,TIE,T,F,F,F,F,TIE
1782133576.188,1000,74.31,74.37,74.43,74.44,high_P,low_O,P>O,P>M>C>O,F,F,F,F,F,F
1782133767.608,1001,74.37,74.29,74.3,74.3,high_O,low_C,O>C,TIE,T,T,T,F,F,TIE
1782133912.246,1002,74.29,74.45,74.41,74.37,high_C,low_O,C>O,C>M>P>O,F,F,F,T,T,T
1782134160.126,1003,74.45,74.36,74.46,74.46,TIE,low_C,TIE,TIE,T,F,F,F,F,TIE
1782134465.021,1004,74.36,74.33,74.36,74.4,high_P,low_C,P>C,TIE,T,TIE,F,F,F,F
1782134741.43,1005,74.33,74.38,74.4,74.46,high_P,low_O,P>O,P>M>C>O,F,F,F,F,F,F
1782134956.611,1006,74.38,74.27,74.28,74.4,high_P,low_C,P>C,P>O>M>C,T,T,F,F,F,F
1782135038.038,1007,74.27,74.55,74.37,74.51,high_C,low_O,C>O,C>P>M>O,F,F,F,T,T,F
1782135042.533,1008,74.55,74.66,74.63,74.62,high_C,low_O,C>O,C>M>P>O,F,F,F,T,T,T
1782135053.703,1009,74.66,74.74,74.74,74.74,TIE,low_O,TIE,TIE,F,F,F,TIE,TIE,TIE
1782135067.599,1010,74.74,74.73,74.78,74.78,TIE,low_C,TIE,TIE,T,F,F,F,F,TIE
1782135107.91,1011,74.73,74.6,74.66,74.7,high_O,low_C,O>C,O>P>M>C,T,T,T,F,F,F
1782135169.319,1012,74.6,74.5,74.51,74.5,high_O,TIE,TIE,TIE,T,T,T,F,TIE,T
1782135235.374,1013,74.5,74.32,74.33,74.33,high_O,low_C,O>C,TIE,T,T,T,F,F,TIE
1782135339.005,1014,74.32,74.58,74.39,74.54,high_C,low_O,C>O,C>P>M>O,F,F,F,T,T,F
1782135371.792,1015,74.58,74.68,74.7,74.77,high_P,low_O,P>O,P>M>C>O,F,F,F,F,F,F
1782135398.465,1016,74.68,74.78,74.79,74.82,high_P,low_O,P>O,P>M>C>O,F,F,F,F,F,F
1782135431.894,1017,74.78,74.8,74.79,74.8,TIE,low_O,TIE,TIE,F,F,F,T,TIE,F
1782135493.979,1018,74.8,74.83,74.79,74.8,high_C,low_M,C>M,TIE,F,T,TIE,T,T,F
1782135625.227,1019,74.83,74.7,74.73,74.73,high_O,low_C,O>C,TIE,T,T,T,F,F,TIE
1782135722.594,1020,74.7,74.54,74.64,74.66,high_O,low_C,O>C,O>P>M>C,T,T,T,F,F,F
1782135809.95,1021,74.54,74.49,74.52,74.5,high_O,low_C,O>C,O>M>P>C,T,T,T,F,F,T
1782135870.042,1022,74.49,74.68,74.66,74.68,TIE,low_O,TIE,TIE,F,F,F,T,TIE,F
1782136089.033,1024,74.77,74.77,74.76,74.74,TIE,low_P,TIE,TIE,TIE,T,T,T,T,T
1782136180.984,1025,74.77,74.72,74.75,74.76,high_O,low_C,O>C,O>P>M>C,T,T,T,F,F,F
1782136219.054,1026,74.72,74.87,74.76,74.73,high_C,low_O,C>O,C>M>P>O,F,F,F,T,T,T
1782136284.644,1028,74.86,74.86,74.88,74.87,high_M,TIE,TIE,TIE,TIE,F,F,F,F,T
1782136433.654,1029,74.86,74.87,74.87,74.9,high_P,low_O,P>O,TIE,F,F,F,TIE,F,F
1782136502.631,1030,74.87,74.85,74.84,74.85,high_O,low_M,O>M,TIE,T,T,T,T,TIE,F
1782136686.712,1031,74.85,74.9,74.88,74.87,high_C,low_O,C>O,C>M>P>O,F,F,F,T,T,T
1782136815.507,1032,74.9,74.94,74.93,74.93,high_C,low_O,C>O,TIE,F,F,F,T,T,TIE
1782136927.091,1033,74.94,74.71,74.8,74.81,high_O,low_C,O>C,O>P>M>C,T,T,T,F,F,F
1782137086.373,1034,74.71,74.64,74.65,74.64,high_O,TIE,TIE,TIE,T,T,T,F,TIE,T
1782137195.017,1035,74.64,74.5,74.56,74.55,high_O,low_C,O>C,O>M>P>C,T,T,T,F,F,T
1782137259.656,1036,74.5,74.4,74.41,74.4,high_O,TIE,TIE,TIE,T,T,T,F,TIE,T
1782137366.626,1037,74.4,74.37,74.41,74.41,TIE,low_C,TIE,TIE,T,F,F,F,F,TIE
1782137510.476,1038,74.37,74.34,74.37,74.37,TIE,low_C,TIE,TIE,T,TIE,TIE,F,F,TIE
1782137630.35,1039,74.34,74.22,74.31,74.31,high_O,low_C,O>C,TIE,T,T,T,F,F,TIE
1782137733.755,1040,74.22,74.18,74.24,74.29,high_P,low_C,P>C,P>M>O>C,T,F,F,F,F,F
1782137831.29,1041,74.18,74.12,74.19,74.25,high_P,low_C,P>C,P>M>O>C,T,F,F,F,F,F
1782137864.04,1042,74.12,73.98,74.01,74.0,high_O,low_C,O>C,O>M>P>C,T,T,T,F,F,T
1782137955.213,1043,73.98,74.09,74.1,73.98,high_M,TIE,TIE,TIE,F,F,TIE,F,T,T
1782138100.957,1044,74.09,74.19,74.07,74.05,high_C,low_P,C>P,C>O>M>P,F,T,T,T,T,T
1782138191.637,1045,74.19,74.1,74.09,74.08,high_O,low_P,O>P,O>C>M>P,T,T,T,T,T,T
1782138359.81,1047,73.95,73.95,73.96,73.96,TIE,TIE,TIE,TIE,TIE,F,F,F,F,TIE
1782138461.931,1048,73.95,73.87,73.96,73.85,high_M,low_P,M>P,M>O>C>P,T,F,T,F,T,T
1782138510.31,1049,73.87,73.78,73.8,73.82,high_O,low_C,O>C,O>P>M>C,T,T,T,F,F,F
1782138594.972,1050,73.78,73.72,73.74,73.71,high_O,low_P,O>P,O>M>C>P,T,T,T,F,T,T
1782138658.413,1051,73.72,73.58,73.68,73.7,high_O,low_C,O>C,O>P>M>C,T,T,T,F,F,F
1782138704.414,1052,73.58,73.6,73.61,73.55,high_M,low_P,M>P,M>C>O>P,F,F,T,F,T,T
1782138706.847,1053,73.6,73.55,73.55,73.55,high_O,TIE,TIE,TIE,T,T,T,TIE,TIE,TIE
1782138736.149,1054,73.55,73.52,73.54,73.55,TIE,low_C,TIE,TIE,T,T,TIE,F,F,F
1782138787.541,1055,73.52,73.5,73.51,73.5,high_O,TIE,TIE,TIE,T,T,T,F,TIE,T
1782138890.502,1056,73.5,73.68,73.66,73.72,high_P,low_O,P>O,P>C>M>O,F,F,F,T,F,F
1782139000.719,1057,73.68,73.76,73.71,73.62,high_C,low_P,C>P,C>M>O>P,F,F,T,T,T,T
1782139070.31,1058,73.76,73.5,73.59,73.51,high_O,low_C,O>C,O>M>P>C,T,T,T,F,F,T
1782139100.48,1059,73.5,73.33,73.45,73.5,TIE,low_C,TIE,TIE,T,T,TIE,F,F,F
1782139143.848,1060,73.33,73.38,73.35,73.35,high_C,low_O,C>O,TIE,F,F,F,T,T,TIE
1782139234.319,1061,73.38,73.52,73.46,73.5,high_C,low_O,C>O,C>P>M>O,F,F,F,T,T,F
1782139380.753,1062,73.52,73.59,73.51,73.46,high_C,low_P,C>P,C>O>M>P,F,T,T,T,T,T
1782139509.069,1063,73.59,73.37,73.44,73.42,high_O,low_C,O>C,O>M>P>C,T,T,T,F,F,T
1782139792.028,1065,73.54,73.54,73.48,73.35,TIE,low_P,TIE,TIE,TIE,T,T,T,T,T
1782140001.217,1066,73.54,73.58,73.57,73.57,high_C,low_O,C>O,TIE,F,F,F,T,T,TIE
1782140129.824,1067,73.58,73.25,73.39,73.39,high_O,low_C,O>C,TIE,T,T,T,F,F,TIE
1782140167.021,1068,73.25,73.3,73.21,73.24,high_C,low_M,C>M,C>O>P>M,F,T,T,T,T,F
1782140306.9,1069,73.3,73.41,73.3,73.28,high_C,low_P,C>P,TIE,F,TIE,T,T,T,T
1782140590.461,1070,73.41,73.56,73.5,73.55,high_C,low_O,C>O,C>P>M>O,F,F,F,T,T,F
1782140773.467,1071,73.56,73.32,73.56,73.6,high_P,low_C,P>C,TIE,T,TIE,F,F,F,F
1782140960.887,1072,73.32,73.43,73.33,73.33,high_C,low_O,C>O,TIE,F,F,F,T,T,TIE
1782141140.112,1073,73.43,73.56,73.44,73.45,high_C,low_O,C>O,C>P>M>O,F,F,F,T,T,F
1782141174.166,1074,73.56,73.65,73.65,73.65,TIE,low_O,TIE,TIE,F,F,F,TIE,TIE,TIE
1782141359.723,1075,73.65,73.57,73.59,73.58,high_O,low_C,O>C,O>M>P>C,T,T,T,F,F,T
1782141752.663,1076,73.57,73.52,73.5,73.49,high_O,low_P,O>P,O>C>M>P,T,T,T,T,T,T
1782142057.185,1077,73.52,73.68,73.55,73.54,high_C,low_O,C>O,C>M>P>O,F,F,F,T,T,T
1782142385.742,1078,73.68,73.67,73.61,73.61,high_O,TIE,TIE,TIE,T,T,T,T,T,TIE
1782142647.694,1079,73.67,73.56,73.67,73.64,TIE,low_C,TIE,TIE,T,TIE,T,F,F,T
1782143108.446,1080,73.56,73.37,73.51,73.5,high_O,low_C,O>C,O>M>P>C,T,T,T,F,F,T
1782143362.174,1081,73.37,73.1,73.3,73.3,high_O,low_C,O>C,TIE,T,T,T,F,F,TIE
1782143384.049,1082,73.1,72.96,73.04,72.96,high_O,TIE,TIE,TIE,T,T,T,F,TIE,T
1782143479.238,1083,72.96,72.98,73.04,73.11,high_P,low_O,P>O,P>M>C>O,F,F,F,F,F,F
1782143721.92,1084,72.98,73.09,73.06,73.07,high_C,low_O,C>O,C>P>M>O,F,F,F,T,T,F
1782144007.545,1085,73.09,73.13,73.06,73.1,high_C,low_M,C>M,C>P>O>M,F,T,F,T,T,F
1782144107.747,1086,73.13,72.95,73.04,73.08,high_O,low_C,O>C,O>P>M>C,T,T,T,F,F,F
1782144368.428,1087,72.95,72.89,72.93,72.96,high_P,low_C,P>C,P>O>M>C,T,T,F,F,F,F
1782144488.736,1088,72.89,72.7,72.78,72.78,high_O,low_C,O>C,TIE,T,T,T,F,F,TIE
1782144577.72,1089,72.7,72.67,72.7,72.75,high_P,low_C,P>C,TIE,T,TIE,F,F,F,F
1782144808.565,1090,72.67,72.65,72.73,72.71,high_M,low_C,M>C,M>P>O>C,T,F,F,F,F,T
1782145014.887,1091,72.65,72.58,72.68,72.7,high_P,low_C,P>C,P>M>O>C,T,F,F,F,F,F
1782145203.663,1092,72.58,72.82,72.76,72.8,high_C,low_O,C>O,C>P>M>O,F,F,F,T,T,F
1782145473.67,1093,72.82,72.77,72.85,72.85,TIE,low_C,TIE,TIE,T,F,F,F,F,TIE
1782145862.847,1094,72.77,72.68,72.71,72.71,high_O,low_C,O>C,TIE,T,T,T,F,F,TIE
1782146156.615,1095,72.68,72.54,72.65,72.65,high_O,low_C,O>C,TIE,T,T,T,F,F,TIE
1782146520.911,1096,72.54,72.65,72.61,72.54,high_C,TIE,TIE,TIE,F,F,TIE,T,T,T
1782146977.957,1097,72.65,72.69,72.7,72.7,TIE,low_O,TIE,TIE,F,F,F,F,F,TIE
1782147318.573,1098,72.69,72.9,72.79,72.8,high_C,low_O,C>O,C>P>M>O,F,F,F,T,T,F
1782147591.108,1099,72.9,72.89,72.89,72.87,high_O,low_P,O>P,TIE,T,T,T,TIE,T,T
1782148191.982,1100,72.89,72.95,72.89,72.9,high_C,TIE,TIE,TIE,F,TIE,F,T,T,F
1782148974.02,1101,72.95,72.78,72.92,72.94,high_O,low_C,O>C,O>P>M>C,T,T,T,F,F,F
1782149486.486,1102,72.78,72.66,72.78,72.68,TIE,low_C,TIE,TIE,T,TIE,T,F,F,T
1782149916.181,1103,72.66,72.89,72.74,72.85,high_C,low_O,C>O,C>P>M>O,F,F,F,T,T,F
1782150453.315,1104,72.89,73.05,72.88,72.82,high_C,low_P,C>P,C>O>M>P,F,T,T,T,T,T
1782150847.031,1105,73.05,73.2,73.13,73.21,high_P,low_O,P>O,P>C>M>O,F,F,F,T,F,F
1782151128.497,1106,73.19,73.27,73.25,73.27,TIE,low_O,TIE,TIE,F,F,F,T,TIE,F
1782151423.318,1107,73.27,73.37,73.31,73.31,high_C,low_O,C>O,TIE,F,F,F,T,T,TIE
1782152022.398,1108,73.37,73.44,73.39,73.4,high_C,low_O,C>O,C>P>M>O,F,F,F,T,T,F
1782152428.895,1109,73.44,73.41,73.47,73.5,high_P,low_C,P>C,P>M>O>C,T,F,F,F,F,F
1782152914.965,1110,73.41,73.3,73.38,73.39,high_O,low_C,O>C,O>P>M>C,T,T,T,F,F,F
1782153410.281,1111,73.3,73.34,73.29,73.27,high_C,low_P,C>P,C>O>M>P,F,T,T,T,T,T
1782153970.408,1112,73.34,73.1,73.24,73.17,high_O,low_C,O>C,O>M>P>C,T,T,T,F,F,T
1782154040.466,1113,73.1,73.0,72.99,72.96,high_O,low_P,O>P,O>C>M>P,T,T,T,T,T,T
1782154062.679,1114,73.0,72.9,72.99,72.9,high_O,TIE,TIE,TIE,T,T,T,F,TIE,T
1782154130.917,1115,72.9,72.91,72.9,72.9,high_C,TIE,TIE,TIE,F,TIE,TIE,T,T,TIE
1782154367.636,1116,72.91,72.75,72.89,72.89,high_O,low_C,O>C,TIE,T,T,T,F,F,TIE
1782154436.563,1117,72.75,72.69,72.75,72.75,TIE,low_C,TIE,TIE,T,TIE,TIE,F,F,TIE
1782154586.861,1119,72.6,72.6,72.57,72.58,TIE,low_M,TIE,TIE,TIE,T,T,T,T,F
1782154929.243,1121,72.61,72.61,72.57,72.57,TIE,TIE,TIE,TIE,TIE,T,T,T,T,TIE
1782155218.185,1122,72.61,72.53,72.62,72.62,TIE,low_C,TIE,TIE,T,F,F,F,F,TIE
1782155510.64,1123,72.53,72.62,72.5,72.5,high_C,TIE,TIE,TIE,F,T,T,T,T,TIE
1782155868.885,1124,72.62,72.65,72.63,72.62,high_C,TIE,TIE,TIE,F,F,TIE,T,T,T
1782156291.308,1125,72.65,72.57,72.68,72.68,TIE,low_C,TIE,TIE,T,F,F,F,F,TIE
1782156418.694,1126,72.57,72.46,72.44,72.43,high_O,low_P,O>P,O>C>M>P,T,T,T,T,T,T
1782156791.517,1127,72.46,72.69,72.61,72.62,high_C,low_O,C>O,C>P>M>O,F,F,F,T,T,F
1782157312.86,1128,72.69,72.7,72.7,72.69,TIE,TIE,TIE,TIE,F,F,TIE,TIE,T,T
1782157827.952,1129,72.7,72.63,72.6,72.6,high_O,TIE,TIE,TIE,T,T,T,T,T,TIE
1782158315.916,1130,72.63,72.69,72.69,72.7,high_P,low_O,P>O,TIE,F,F,F,TIE,F,F
1782158482.18,1131,72.69,72.75,72.68,72.66,high_C,low_P,C>P,C>O>M>P,F,T,T,T,T,T
1782158676.763,1132,72.75,72.9,72.83,72.8,high_C,low_O,C>O,C>M>P>O,F,F,F,T,T,T
1782159051.812,1133,72.9,72.67,72.79,72.77,high_O,low_C,O>C,O>M>P>C,T,T,T,F,F,T
1782159581.513,1134,72.67,72.76,72.73,72.73,high_C,low_O,C>O,TIE,F,F,F,T,T,TIE
1782159993.319,1135,72.76,72.51,72.61,72.64,high_O,low_C,O>C,O>P>M>C,T,T,T,F,F,F
1782160349.083,1136,72.51,72.68,72.5,72.5,high_C,TIE,TIE,TIE,F,T,T,T,T,TIE
1782161111.409,1137,72.68,72.76,72.73,72.75,high_C,low_O,C>O,C>P>M>O,F,F,F,T,T,F
1782161733.783,1138,72.76,72.74,72.7,72.74,high_O,low_M,O>M,TIE,T,T,T,T,TIE,F
1782162232.704,1139,72.74,72.78,72.75,72.75,high_C,low_O,C>O,TIE,F,F,F,T,T,TIE
1782162799.401,1140,72.78,72.71,72.79,72.81,high_P,low_C,P>C,P>M>O>C,T,F,F,F,F,F
1782163379.008,1141,72.71,72.61,72.69,72.69,high_O,low_C,O>C,TIE,T,T,T,F,F,TIE
1782164053.608,1142,72.61,72.62,72.61,72.63,high_P,TIE,TIE,TIE,F,TIE,F,T,F,F
1782164370.844,1143,72.62,72.4,72.57,72.6,high_O,low_C,O>C,O>P>M>C,T,T,T,F,F,F
1782164372.257,1144,72.4,72.28,72.36,72.39,high_O,low_C,O>C,O>P>M>C,T,T,T,F,F,F
1782164380.389,1145,72.28,72.31,72.28,72.29,high_C,TIE,TIE,TIE,F,TIE,F,T,T,F
1782164472.236,1146,72.31,72.41,72.35,72.38,high_C,low_O,C>O,C>P>M>O,F,F,F,T,T,F
1782164685.567,1147,72.41,72.38,72.39,72.38,high_O,TIE,TIE,TIE,T,T,T,F,TIE,T
1782164753.726,1148,72.38,72.4,72.35,72.39,high_C,low_M,C>M,C>P>O>M,F,T,F,T,T,F
1782165106.034,1149,72.4,72.56,72.55,72.56,TIE,low_O,TIE,TIE,F,F,F,T,TIE,F
1782165483.16,1150,72.56,72.69,72.64,72.65,high_C,low_O,C>O,C>P>M>O,F,F,F,T,T,F
1782165750.791,1151,72.69,72.8,72.7,72.7,high_C,low_O,C>O,TIE,F,F,F,T,T,TIE
1782165880.34,1152,72.8,72.81,72.86,72.86,TIE,low_O,TIE,TIE,F,F,F,F,F,TIE
1782166315.691,1153,72.81,72.75,72.71,72.77,high_O,low_M,O>M,O>P>C>M,T,T,T,T,F,F
1782166846.203,1154,72.75,72.5,72.63,72.62,high_O,low_C,O>C,O>M>P>C,T,T,T,F,F,T
1782167105.587,1155,72.5,72.53,72.52,72.5,high_C,TIE,TIE,TIE,F,F,TIE,T,T,T
1782167225.052,1156,72.53,72.27,72.32,72.31,high_O,low_C,O>C,O>M>P>C,T,T,T,F,F,T
1782167259.557,1157,72.27,72.11,72.17,72.15,high_O,low_C,O>C,O>M>P>C,T,T,T,F,F,T
1782167259.706,1158,72.11,72.17,72.11,72.1,high_C,low_P,C>P,TIE,F,TIE,T,T,T,T
1782167282.434,1159,72.17,72.11,72.14,72.13,high_O,low_C,O>C,O>M>P>C,T,T,T,F,F,T
1782167287.127,1160,72.11,72.0,72.0,72.0,high_O,TIE,TIE,TIE,T,T,T,TIE,TIE,TIE
1782167287.462,1161,72.0,71.73,71.82,71.82,high_O,low_C,O>C,TIE,T,T,T,F,F,TIE
1782167287.471,1162,71.73,71.92,71.67,71.6,high_C,low_P,C>P,C>O>M>P,F,T,T,T,T,T
1782167288.328,1163,71.92,71.73,71.78,71.89,high_O,low_C,O>C,O>P>M>C,T,T,T,F,F,F
1782167288.746,1164,71.73,71.55,71.57,71.53,high_O,low_P,O>P,O>M>C>P,T,T,T,F,T,T
1782167289.623,1165,71.55,71.36,71.46,71.5,high_O,low_C,O>C,O>P>M>C,T,T,T,F,F,F
1782167290.002,1166,71.36,71.45,71.34,71.36,high_C,low_M,C>M,TIE,F,T,TIE,T,T,F
1782167290.742,1167,71.45,71.5,71.46,71.45,high_C,TIE,TIE,TIE,F,F,TIE,T,T,T
1782167291.336,1168,71.5,71.51,71.48,71.5,high_C,low_M,C>M,TIE,F,T,TIE,T,T,F
1782167291.732,1169,71.51,71.57,71.52,71.52,high_C,low_O,C>O,TIE,F,F,F,T,T,TIE
1782167293.656,1170,71.57,71.62,71.58,71.59,high_C,low_O,C>O,C>P>M>O,F,F,F,T,T,F
1782167299.287,1171,71.62,71.76,71.66,71.63,high_C,low_O,C>O,C>M>P>O,F,F,F,T,T,T
1782167310.994,1172,71.76,71.87,71.78,71.79,high_C,low_O,C>O,C>P>M>O,F,F,F,T,T,F
1782167333.012,1173,71.87,71.86,71.85,71.86,high_O,low_M,O>M,TIE,T,T,T,T,TIE,F
1782167364.697,1174,71.86,71.8,71.82,71.8,high_O,TIE,TIE,TIE,T,T,T,F,TIE,T
1782167402.522,1175,71.8,71.79,71.8,71.81,high_P,low_C,P>C,TIE,T,TIE,F,F,F,F
1782167430.636,1176,71.79,71.83,71.78,71.75,high_C,low_P,C>P,C>O>M>P,F,T,T,T,T,T
1782167460.733,1177,71.83,71.81,71.83,71.82,TIE,low_C,TIE,TIE,T,TIE,T,F,F,T
1782167520.908,1178,71.81,71.72,71.87,71.89,high_P,low_C,P>C,P>M>O>C,T,F,F,F,F,F
1782167600.026,1179,71.72,71.86,71.74,71.72,high_C,TIE,TIE,TIE,F,F,TIE,T,T,T
1782167695.368,1180,71.86,71.98,71.94,71.94,high_C,low_O,C>O,TIE,F,F,F,T,T,TIE
1782167822.204,1181,71.98,71.74,71.89,71.84,high_O,low_C,O>C,O>M>P>C,T,T,T,F,F,T
1782167831.191,1182,71.74,71.62,71.62,71.62,high_O,TIE,TIE,TIE,T,T,T,TIE,TIE,TIE
1782167881.104,1183,71.62,71.64,71.65,71.65,TIE,low_O,TIE,TIE,F,F,F,F,F,TIE
1782167936.811,1184,71.64,71.66,71.61,71.62,high_C,low_M,C>M,C>O>P>M,F,T,T,T,T,F
1782168084.105,1185,71.66,71.72,71.69,71.71,high_C,low_O,C>O,C>P>M>O,F,F,F,T,T,F
1782168226.338,1186,71.72,71.79,71.76,71.73,high_C,low_O,C>O,C>M>P>O,F,F,F,T,T,T
1782168417.679,1187,71.79,71.76,71.73,71.79,TIE,low_M,TIE,TIE,T,T,TIE,T,F,F
1782168543.809,1188,71.76,71.78,71.77,71.78,TIE,low_O,TIE,TIE,F,F,F,T,TIE,F
1782168650.565,1189,71.78,71.9,71.87,71.87,high_C,low_O,C>O,TIE,F,F,F,T,T,TIE
1782168840.886,1190,71.9,71.93,71.92,71.94,high_P,low_O,P>O,P>C>M>O,F,F,F,T,F,F
1782169040.548,1191,71.93,72.0,71.97,71.92,high_C,low_P,C>P,C>M>O>P,F,F,T,T,T,T
1782169173.872,1192,72.0,72.08,72.05,71.96,high_C,low_P,C>P,C>M>O>P,F,F,T,T,T,T
1782169410.442,1193,72.08,72.02,72.03,72.03,high_O,low_C,O>C,TIE,T,T,T,F,F,TIE
1782169633.332,1194,72.02,72.01,71.98,71.96,high_O,low_P,O>P,O>C>M>P,T,T,T,T,T,T
1782169888.668,1195,72.01,71.98,72.0,72.01,TIE,low_C,TIE,TIE,T,T,TIE,F,F,F
1782170285.48,1196,71.98,71.9,71.98,72.0,high_P,low_C,P>C,TIE,T,TIE,F,F,F,F
1782170660.363,1197,71.9,72.03,71.98,71.96,high_C,low_O,C>O,C>M>P>O,F,F,F,T,T,T
1782170876.2,1198,72.03,72.1,72.05,72.06,high_C,low_O,C>O,C>P>M>O,F,F,F,T,T,F
1782171189.714,1199,72.1,71.92,72.03,72.04,high_O,low_C,O>C,O>P>M>C,T,T,T,F,F,F
1782171409.359,1200,71.92,72.05,71.93,71.91,high_C,low_P,C>P,C>M>O>P,F,F,T,T,T,T
1782171834.387,1201,72.05,71.93,71.99,71.95,high_O,low_C,O>C,O>M>P>C,T,T,T,F,F,T
1782172119.953,1202,71.93,71.89,71.92,71.89,high_O,TIE,TIE,TIE,T,T,T,F,TIE,T
1782172403.011,1203,71.89,71.91,71.82,71.82,high_C,TIE,TIE,TIE,F,T,T,T,T,TIE
1782172802.28,1204,71.91,71.84,71.94,71.94,TIE,low_C,TIE,TIE,T,F,F,F,F,TIE
1782172949.493,1205,71.84,71.89,71.9,71.85,high_M,low_O,M>O,M>C>P>O,F,F,F,F,T,T
1782173267.684,1206,71.89,71.85,71.89,71.88,TIE,low_C,TIE,TIE,T,TIE,T,F,F,T
1782173501.033,1207,71.85,71.78,71.81,71.79,high_O,low_C,O>C,O>M>P>C,T,T,T,F,F,T
1782173703.651,1208,71.78,71.82,71.78,71.82,TIE,TIE,TIE,TIE,F,TIE,F,T,TIE,F
1782173786.187,1209,71.82,71.76,71.82,71.82,TIE,low_C,TIE,TIE,T,TIE,TIE,F,F,TIE
1782174027.108,1210,71.76,71.67,71.7,71.69,high_O,low_C,O>C,O>M>P>C,T,T,T,F,F,T
1782174187.529,1211,71.67,71.68,71.68,71.68,TIE,low_O,TIE,TIE,F,F,F,TIE,TIE,TIE
1782174320.407,1212,71.68,71.61,71.62,71.61,high_O,TIE,TIE,TIE,T,T,T,F,TIE,T
1782174364.522,1213,71.61,71.57,71.54,71.54,high_O,TIE,TIE,TIE,T,T,T,T,T,TIE
1782174440.177,1214,71.57,71.55,71.54,71.54,high_O,TIE,TIE,TIE,T,T,T,T,T,TIE
1782174485.828,1215,71.55,71.49,71.5,71.5,high_O,low_C,O>C,TIE,T,T,T,F,F,TIE
1782174534.191,1216,71.49,71.44,71.44,71.43,high_O,low_P,O>P,TIE,T,T,T,TIE,T,T
1782174579.257,1217,71.44,71.43,71.45,71.45,TIE,low_C,TIE,TIE,T,F,F,F,F,TIE
1782174629.127,1218,71.43,71.42,71.45,71.45,TIE,low_C,TIE,TIE,T,F,F,F,F,TIE
1782174642.66,1219,71.42,71.47,71.46,71.46,high_C,low_O,C>O,TIE,F,F,F,T,T,TIE
1782174686.252,1220,71.47,71.62,71.5,71.48,high_C,low_O,C>O,C>M>P>O,F,F,F,T,T,T
1782174848.268,1221,71.62,71.6,71.63,71.63,TIE,low_C,TIE,TIE,T,F,F,F,F,TIE
1782175179.347,1222,71.6,71.54,71.54,71.54,high_O,TIE,TIE,TIE,T,T,T,TIE,TIE,TIE
1782175435.356,1223,71.54,71.69,71.63,71.6,high_C,low_O,C>O,C>M>P>O,F,F,F,T,T,T
1782175551.279,1224,71.69,71.78,71.76,71.75,high_C,low_O,C>O,C>M>P>O,F,F,F,T,T,T
1782175729.05,1225,71.78,71.7,71.7,71.8,high_P,TIE,TIE,TIE,T,T,F,TIE,F,F
1782176053.489,1226,71.7,71.87,71.75,71.75,high_C,low_O,C>O,TIE,F,F,F,T,T,TIE
1782176313.448,1227,71.87,71.77,71.79,71.8,high_O,low_C,O>C,O>P>M>C,T,T,T,F,F,F
1782176461.907,1228,71.77,71.92,71.84,71.84,high_C,low_O,C>O,TIE,F,F,F,T,T,TIE
1782176563.165,1229,71.91,71.9,71.94,71.93,high_M,low_C,M>C,M>P>O>C,T,F,F,F,F,T
1782177132.814,1231,71.86,71.86,71.89,71.9,high_P,TIE,TIE,TIE,TIE,F,F,F,F,F
1782177490.225,1232,71.86,71.83,71.84,71.84,high_O,low_C,O>C,TIE,T,T,T,F,F,TIE
1782177823.466,1233,71.83,71.9,71.94,71.97,high_P,low_O,P>O,P>M>C>O,F,F,F,F,F,F
1782178415.381,1235,71.82,71.82,71.88,71.88,TIE,TIE,TIE,TIE,TIE,F,F,F,F,TIE
1782178585.602,1236,71.82,71.62,71.68,71.64,high_O,low_C,O>C,O>M>P>C,T,T,T,F,F,T
1782178729.117,1237,71.62,71.61,71.6,71.6,high_O,TIE,TIE,TIE,T,T,T,T,T,TIE
1782179117.621,1238,71.61,71.63,71.67,71.71,high_P,low_O,P>O,P>M>C>O,F,F,F,F,F,F
1782179196.052,1239,71.63,71.48,71.56,71.63,TIE,low_C,TIE,TIE,T,T,TIE,F,F,F
1782179301.999,1240,71.48,71.4,71.44,71.48,TIE,low_C,TIE,TIE,T,T,TIE,F,F,F
1782179375.476,1241,71.4,71.39,71.37,71.37,high_O,TIE,TIE,TIE,T,T,T,T,T,TIE
1782179415.479,1242,71.39,71.32,71.3,71.3,high_O,TIE,TIE,TIE,T,T,T,T,T,TIE
1782179482.758,1243,71.32,71.41,71.31,71.3,high_C,low_P,C>P,C>O>M>P,F,T,T,T,T,T
1782179558.088,1244,71.41,71.46,71.44,71.45,high_C,low_O,C>O,C>P>M>O,F,F,F,T,T,F
1782179650.589,1245,71.46,71.52,71.5,71.51,high_C,low_O,C>O,C>P>M>O,F,F,F,T,T,F
1782179731.809,1246,71.52,71.65,71.55,71.53,high_C,low_O,C>O,C>M>P>O,F,F,F,T,T,T
1782180004.149,1247,71.65,71.67,71.67,71.69,high_P,low_O,P>O,TIE,F,F,F,TIE,F,F
1782180281.292,1248,71.67,71.71,71.66,71.63,high_C,low_P,C>P,C>O>M>P,F,T,T,T,T,T
1782180596.795,1249,71.71,71.61,71.69,71.7,high_O,low_C,O>C,O>P>M>C,T,T,T,F,F,F
1782180810.741,1250,71.61,71.64,71.61,71.61,high_C,TIE,TIE,TIE,F,TIE,TIE,T,T,TIE
1782180941.5,1251,71.64,71.83,71.73,71.73,high_C,low_O,C>O,TIE,F,F,F,T,T,TIE
1782181288.645,1252,71.83,71.89,71.84,71.83,high_C,TIE,TIE,TIE,F,F,TIE,T,T,T
1782181620.149,1253,71.89,71.94,71.9,71.89,high_C,TIE,TIE,TIE,F,F,TIE,T,T,T
1782181932.202,1254,71.94,71.85,71.88,71.88,high_O,low_C,O>C,TIE,T,T,T,F,F,TIE
1782182529.417,1255,71.85,71.94,71.89,71.92,high_C,low_O,C>O,C>P>M>O,F,F,F,T,T,F
1782183008.591,1256,71.94,71.86,71.88,71.87,high_O,low_C,O>C,O>M>P>C,T,T,T,F,F,T
1782183291.022,1257,71.86,71.93,71.95,71.95,TIE,low_O,TIE,TIE,F,F,F,F,F,TIE
1782183583.895,1258,71.93,71.99,71.95,71.99,TIE,low_O,TIE,TIE,F,F,F,T,TIE,F
1782183789.266,1259,71.99,71.8,71.87,71.87,high_O,low_C,O>C,TIE,T,T,T,F,F,TIE
1782183865.233,1260,71.8,71.75,71.76,71.75,high_O,TIE,TIE,TIE,T,T,T,F,TIE,T
1782184113.798,1261,71.75,71.71,71.73,71.75,TIE,low_C,TIE,TIE,T,T,TIE,F,F,F
1782184512.036,1262,71.71,71.77,71.71,71.7,high_C,low_P,C>P,TIE,F,TIE,T,T,T,T
1782184993.072,1263,71.77,71.7,71.76,71.76,high_O,low_C,O>C,TIE,T,T,T,F,F,TIE
1782185445.306,1264,71.7,71.82,71.84,71.86,high_P,low_O,P>O,P>M>C>O,F,F,F,F,F,F
1782185897.659,1265,71.82,71.74,71.8,71.8,high_O,low_C,O>C,TIE,T,T,T,F,F,TIE
1782186233.416,1266,71.74,71.77,71.75,71.77,TIE,low_O,TIE,TIE,F,F,F,T,TIE,F
1782187202.729,1268,71.95,71.95,71.91,71.94,TIE,low_M,TIE,TIE,TIE,T,T,T,T,F
1782187647.846,1269,71.95,71.9,71.93,71.95,TIE,low_C,TIE,TIE,T,T,TIE,F,F,F
1782188038.184,1270,71.9,71.85,71.84,71.79,high_O,low_P,O>P,O>C>M>P,T,T,T,T,T,T
1782188403.445,1271,71.85,71.71,71.77,71.76,high_O,low_C,O>C,O>M>P>C,T,T,T,F,F,T
1782188618.973,1272,71.71,71.77,71.68,71.67,high_C,low_P,C>P,C>O>M>P,F,T,T,T,T,T
1782189068.028,1273,71.77,71.88,71.87,71.88,TIE,low_O,TIE,TIE,F,F,F,T,TIE,F
1782189248.001,1274,71.88,71.89,71.9,71.92,high_P,low_O,P>O,P>M>C>O,F,F,F,F,F,F
1782189638.769,1275,71.89,71.78,71.8,71.79,high_O,low_C,O>C,O>M>P>C,T,T,T,F,F,T
1782189964.904,1276,71.78,71.71,71.75,71.74,high_O,low_C,O>C,O>M>P>C,T,T,T,F,F,T
1782190203.229,1277,71.71,71.62,71.68,71.67,high_O,low_C,O>C,O>M>P>C,T,T,T,F,F,T
1782190257.245,1278,71.62,71.53,71.54,71.51,high_O,low_P,O>P,O>M>C>P,T,T,T,F,T,T
1782190293.482,1279,71.53,71.48,71.49,71.51,high_O,low_C,O>C,O>P>M>C,T,T,T,F,F,F
1782190378.488,1280,71.48,71.46,71.51,71.51,TIE,low_C,TIE,TIE,T,F,F,F,F,TIE
1782190497.676,1281,71.46,71.42,71.43,71.43,high_O,low_C,O>C,TIE,T,T,T,F,F,TIE
1782190525.418,1282,71.42,71.41,71.38,71.37,high_O,low_P,O>P,O>C>M>P,T,T,T,T,T,T
1782190586.161,1283,71.41,71.38,71.38,71.39,high_O,TIE,TIE,TIE,T,T,T,TIE,F,F
1782190696.208,1284,71.38,71.43,71.41,71.41,high_C,low_O,C>O,TIE,F,F,F,T,T,TIE
1782190812.971,1285,71.43,71.45,71.46,71.45,high_M,low_O,M>O,TIE,F,F,F,F,TIE,T
1782190991.047,1286,71.45,71.47,71.48,71.46,high_M,low_O,M>O,M>C>P>O,F,F,F,F,T,T
1782191191.45,1287,71.47,71.51,71.52,71.51,high_M,low_O,M>O,TIE,F,F,F,F,TIE,T
1782191299.957,1288,71.51,71.33,71.4,71.36,high_O,low_C,O>C,O>M>P>C,T,T,T,F,F,T
1782191350.69,1289,71.33,71.36,71.33,71.32,high_C,low_P,C>P,TIE,F,TIE,T,T,T,T
1782191486.543,1290,71.36,71.49,71.45,71.41,high_C,low_O,C>O,C>M>P>O,F,F,F,T,T,T
1782191719.653,1291,71.49,71.32,71.43,71.42,high_O,low_C,O>C,O>M>P>C,T,T,T,F,F,T
1782191920.89,1292,71.32,71.37,71.41,71.38,high_M,low_O,M>O,M>P>C>O,F,F,F,F,F,T
1782191990.172,1293,71.37,71.3,71.32,71.31,high_O,low_C,O>C,O>M>P>C,T,T,T,F,F,T
1782192138.053,1294,71.3,71.41,71.36,71.3,high_C,TIE,TIE,TIE,F,F,TIE,T,T,T
1782192218.213,1295,71.41,71.22,71.33,71.34,high_O,low_C,O>C,O>P>M>C,T,T,T,F,F,F
1782192256.078,1296,71.22,71.24,71.24,71.23,TIE,low_O,TIE,TIE,F,F,F,TIE,T,T
1782192282.139,1297,71.24,71.19,71.21,71.2,high_O,low_C,O>C,O>M>P>C,T,T,T,F,F,T
1782192320.652,1298,71.19,71.17,71.19,71.19,TIE,low_C,TIE,TIE,T,TIE,TIE,F,F,TIE
1782192339.634,1299,71.17,71.12,71.14,71.14,high_O,low_C,O>C,TIE,T,T,T,F,F,TIE
1782192344.848,1300,71.12,71.06,71.08,71.07,high_O,low_C,O>C,O>M>P>C,T,T,T,F,F,T
1782192356.87,1301,71.06,70.98,71.03,71.0,high_O,low_C,O>C,O>M>P>C,T,T,T,F,F,T
1782192362.064,1302,70.98,71.0,71.0,71.0,TIE,low_O,TIE,TIE,F,F,F,TIE,TIE,TIE
1782192408.881,1303,71.0,71.03,71.04,71.05,high_P,low_O,P>O,P>M>C>O,F,F,F,F,F,F
1782192450.047,1304,71.03,71.02,71.0,71.0,high_O,TIE,TIE,TIE,T,T,T,T,T,TIE
1782192513.349,1305,71.02,71.09,71.07,71.04,high_C,low_O,C>O,C>M>P>O,F,F,F,T,T,T
1782192626.825,1306,71.09,71.1,71.11,71.11,TIE,low_O,TIE,TIE,F,F,F,F,F,TIE
1782192756.317,1307,71.1,71.01,71.11,71.13,high_P,low_C,P>C,P>M>O>C,T,F,F,F,F,F
1782192893.413,1308,71.01,70.96,71.02,71.03,high_P,low_C,P>C,P>M>O>C,T,F,F,F,F,F
1782192893.435,1309,70.96,70.89,70.92,70.91,high_O,low_C,O>C,O>M>P>C,T,T,T,F,F,T
1782192893.44,1310,70.89,70.84,70.85,70.85,high_O,low_C,O>C,TIE,T,T,T,F,F,TIE
1782192924.265,1311,70.84,70.93,70.93,70.93,TIE,low_O,TIE,TIE,F,F,F,TIE,TIE,TIE
1782193014.175,1312,70.93,71.08,70.95,71.08,TIE,low_O,TIE,TIE,F,F,F,T,TIE,F
1782193173.932,1313,71.08,70.96,71.0,70.95,high_O,low_P,O>P,O>M>C>P,T,T,T,F,T,T
1782193328.15,1314,70.96,70.95,70.97,70.96,high_M,low_C,M>C,TIE,T,F,TIE,F,F,T
1782193443.831,1315,70.95,71.13,70.98,70.97,high_C,low_O,C>O,C>M>P>O,F,F,F,T,T,T
1782193621.264,1316,71.13,71.01,71.1,71.12,high_O,low_C,O>C,O>P>M>C,T,T,T,F,F,F
1782193755.558,1317,71.01,71.04,71.01,71.01,high_C,TIE,TIE,TIE,F,TIE,TIE,T,T,TIE
1782193992.943,1318,71.04,71.01,71.03,71.02,high_O,low_C,O>C,O>M>P>C,T,T,T,F,F,T
1782194171.793,1319,71.01,71.0,70.95,70.94,high_O,low_P,O>P,O>C>M>P,T,T,T,T,T,T
1782194376.457,1320,71.0,70.98,70.98,70.96,high_O,low_P,O>P,TIE,T,T,T,TIE,T,T
1782194434.954,1321,70.98,70.9,70.96,70.91,high_O,low_C,O>C,O>M>P>C,T,T,T,F,F,T
1782194435.054,1322,70.9,70.82,70.85,70.82,high_O,TIE,TIE,TIE,T,T,T,F,TIE,T
1782194436.14,1323,70.82,70.84,70.82,70.82,high_C,TIE,TIE,TIE,F,TIE,TIE,T,T,TIE
1782194514.97,1324,70.84,70.88,70.86,70.87,high_C,low_O,C>O,C>P>M>O,F,F,F,T,T,F
1782194532.619,1325,70.88,70.85,70.85,70.85,high_O,TIE,TIE,TIE,T,T,T,TIE,TIE,TIE
1782194774.394,1326,70.85,70.86,70.88,70.85,high_M,TIE,TIE,TIE,F,F,TIE,F,T,T
1782194855.224,1327,70.86,70.75,70.79,70.84,high_O,low_C,O>C,O>P>M>C,T,T,T,F,F,F
1782194898.306,1328,70.75,70.73,70.73,70.72,high_O,low_P,O>P,TIE,T,T,T,TIE,T,T
1782194905.924,1329,70.73,70.59,70.65,70.65,high_O,low_C,O>C,TIE,T,T,T,F,F,TIE
1782194910.77,1330,70.59,70.54,70.56,70.56,high_O,low_C,O>C,TIE,T,T,T,F,F,TIE
1782194943.583,1331,70.54,70.66,70.61,70.63,high_C,low_O,C>O,C>P>M>O,F,F,F,T,T,F
1782195029.277,1332,70.66,70.83,70.69,70.78,high_C,low_O,C>O,C>P>M>O,F,F,F,T,T,F
1782195166.748,1333,70.83,70.81,70.82,70.88,high_P,low_C,P>C,P>O>M>C,T,T,F,F,F,F
1782195290.987,1334,70.81,70.71,70.79,70.81,TIE,low_C,TIE,TIE,T,T,TIE,F,F,F
1782195363.762,1335,70.71,70.67,70.7,70.7,high_O,low_C,O>C,TIE,T,T,T,F,F,TIE
1782195435.61,1336,70.67,70.79,70.74,70.74,high_C,low_O,C>O,TIE,F,F,F,T,T,TIE
1782195451.833,1337,70.79,70.65,70.72,70.72,high_O,low_C,O>C,TIE,T,T,T,F,F,TIE
1782195467.322,1338,70.65,70.59,70.63,70.62,high_O,low_C,O>C,O>M>P>C,T,T,T,F,F,T
1782195467.325,1339,70.59,70.47,70.52,70.51,high_O,low_C,O>C,O>M>P>C,T,T,T,F,F,T
1782195467.449,1340,70.47,70.48,70.44,70.44,high_C,TIE,TIE,TIE,F,T,T,T,T,TIE
1782195475.564,1341,70.48,70.52,70.48,70.5,high_C,TIE,TIE,TIE,F,TIE,F,T,T,F
1782195508.2,1342,70.52,70.45,70.49,70.46,high_O,low_C,O>C,O>M>P>C,T,T,T,F,F,T
1782195525.069,1343,70.45,70.37,70.36,70.35,high_O,low_P,O>P,O>C>M>P,T,T,T,T,T,T
1782195532.448,1344,70.37,70.31,70.3,70.27,high_O,low_P,O>P,O>C>M>P,T,T,T,T,T,T
1782195551.697,1345,70.31,70.28,70.29,70.3,high_O,low_C,O>C,O>P>M>C,T,T,T,F,F,F
1782195615.053,1346,70.28,70.35,70.35,70.37,high_P,low_O,P>O,TIE,F,F,F,TIE,F,F
1782195619.805,1347,70.35,70.17,70.17,70.15,high_O,low_P,O>P,TIE,T,T,T,TIE,T,T
1782195643.725,1348,70.17,70.13,70.2,70.22,high_P,low_C,P>C,P>M>O>C,T,F,F,F,F,F
1782195654.058,1349,70.13,70.11,70.11,70.1,high_O,low_P,O>P,TIE,T,T,T,TIE,T,T
1782195669.518,1350,70.11,70.02,70.07,70.08,high_O,low_C,O>C,O>P>M>C,T,T,T,F,F,F
1782195672.015,1351,70.02,69.94,70.0,70.0,high_O,low_C,O>C,TIE,T,T,T,F,F,TIE
1782195677.094,1352,69.94,69.76,69.9,69.9,high_O,low_C,O>C,TIE,T,T,T,F,F,TIE
1782195680.017,1353,69.76,69.74,69.74,69.74,high_O,TIE,TIE,TIE,T,T,T,TIE,TIE,TIE
1782195681.322,1354,69.74,69.73,69.76,69.74,high_M,low_C,M>C,TIE,T,F,TIE,F,F,T
1782195686.424,1355,69.73,69.81,69.8,69.78,high_C,low_O,C>O,C>M>P>O,F,F,F,T,T,T
1782195694.864,1356,69.81,69.78,69.82,69.8,high_M,low_C,M>C,M>O>P>C,T,F,T,F,F,T
1782195705.73,1357,69.78,69.86,69.82,69.81,high_C,low_O,C>O,C>M>P>O,F,F,F,T,T,T
1782195714.336,1358,69.86,69.82,69.83,69.84,high_O,low_C,O>C,O>P>M>C,T,T,T,F,F,F
1782195741.687,1359,69.82,69.83,69.9,69.93,high_P,low_O,P>O,P>M>C>O,F,F,F,F,F,F
1782195756.038,1360,69.83,69.78,69.73,69.73,high_O,TIE,TIE,TIE,T,T,T,T,T,TIE
1782195785.967,1361,69.78,69.76,69.76,69.78,TIE,TIE,TIE,TIE,T,T,TIE,TIE,F,F
1782195809.741,1362,69.76,69.64,69.71,69.69,high_O,low_C,O>C,O>M>P>C,T,T,T,F,F,T
1782195834.746,1363,69.64,69.75,69.69,69.68,high_C,low_O,C>O,C>M>P>O,F,F,F,T,T,T
1782195871.624,1364,69.75,69.69,69.76,69.75,high_M,low_C,M>C,TIE,T,F,TIE,F,F,T
1782195899.119,1365,69.69,69.91,69.85,69.69,high_C,TIE,TIE,TIE,F,F,TIE,T,T,T
1782195923.04,1366,69.91,69.85,69.9,69.9,high_O,low_C,O>C,TIE,T,T,T,F,F,TIE
1782195957.194,1367,69.85,69.94,69.89,69.94,TIE,low_O,TIE,TIE,F,F,F,T,TIE,F
1782195998.231,1368,69.94,69.77,69.86,69.81,high_O,low_C,O>C,O>M>P>C,T,T,T,F,F,T
1782196036.868,1369,69.77,69.79,69.81,69.79,high_M,low_O,M>O,TIE,F,F,F,F,TIE,T
1782196073.376,1370,69.79,69.85,69.81,69.79,high_C,TIE,TIE,TIE,F,F,TIE,T,T,T
1782196112.416,1371,69.85,69.87,69.86,69.86,high_C,low_O,C>O,TIE,F,F,F,T,T,TIE
1782196164.826,1372,69.87,69.93,69.89,69.89,high_C,low_O,C>O,TIE,F,F,F,T,T,TIE
1782196224.525,1373,69.93,69.85,69.89,69.93,TIE,low_C,TIE,TIE,T,T,TIE,F,F,F
1782196278.996,1374,69.85,69.86,69.86,69.91,high_P,low_O,P>O,TIE,F,F,F,TIE,F,F
1782196341.96,1375,69.86,69.98,69.94,69.94,high_C,low_O,C>O,TIE,F,F,F,T,T,TIE
1782196382.565,1376,69.98,70.02,70.0,70.0,high_C,low_O,C>O,TIE,F,F,F,T,T,TIE
1782196403.216,1377,70.02,70.11,70.08,70.08,high_C,low_O,C>O,TIE,F,F,F,T,T,TIE
1782196456.038,1378,70.11,70.08,70.1,70.1,high_O,low_C,O>C,TIE,T,T,T,F,F,TIE
1782196531.92,1379,70.08,70.14,70.08,70.08,high_C,TIE,TIE,TIE,F,TIE,TIE,T,T,TIE
1782196619.673,1380,70.14,70.15,70.12,70.14,high_C,low_M,C>M,TIE,F,T,TIE,T,T,F
1782196712.883,1381,70.15,70.14,70.17,70.17,TIE,low_C,TIE,TIE,T,F,F,F,F,TIE
1782196833.47,1382,70.14,70.23,70.18,70.17,high_C,low_O,C>O,C>M>P>O,F,F,F,T,T,T
1782196993.846,1383,70.23,70.12,70.17,70.17,high_O,low_C,O>C,TIE,T,T,T,F,F,TIE
1782197162.451,1384,70.12,70.21,70.12,70.12,high_C,TIE,TIE,TIE,F,TIE,TIE,T,T,TIE
1782197313.465,1385,70.21,70.25,70.29,70.29,TIE,low_O,TIE,TIE,F,F,F,F,F,TIE
1782197774.225,1387,70.28,70.28,70.29,70.29,TIE,TIE,TIE,TIE,TIE,F,F,F,F,TIE
1782198015.165,1388,70.28,70.26,70.28,70.26,TIE,TIE,TIE,TIE,T,TIE,T,F,TIE,T
1782198156.256,1389,70.26,70.29,70.31,70.34,high_P,low_O,P>O,P>M>C>O,F,F,F,F,F,F
1782198346.19,1390,70.29,70.34,70.35,70.35,TIE,low_O,TIE,TIE,F,F,F,F,F,TIE
1782198553.202,1391,70.34,70.42,70.41,70.44,high_P,low_O,P>O,P>C>M>O,F,F,F,T,F,F
1782198765.201,1392,70.42,70.48,70.44,70.44,high_C,low_O,C>O,TIE,F,F,F,T,T,TIE
1782198923.156,1393,70.48,70.46,70.49,70.49,TIE,low_C,TIE,TIE,T,F,F,F,F,TIE
1782199116.971,1394,70.46,70.37,70.38,70.39,high_O,low_C,O>C,O>P>M>C,T,T,T,F,F,F
1782199419.932,1395,70.37,70.47,70.47,70.5,high_P,low_O,P>O,TIE,F,F,F,TIE,F,F
1782199716.182,1396,70.47,70.42,70.42,70.42,high_O,TIE,TIE,TIE,T,T,T,TIE,TIE,TIE
1782199896.221,1397,70.42,70.28,70.38,70.42,TIE,low_C,TIE,TIE,T,T,TIE,F,F,F
1782199952.273,1398,70.28,70.24,70.27,70.28,TIE,low_C,TIE,TIE,T,T,TIE,F,F,F
1782200099.863,1399,70.24,70.28,70.24,70.21,high_C,low_P,C>P,TIE,F,TIE,T,T,T,T
1782200284.341,1400,70.28,70.25,70.22,70.22,high_O,TIE,TIE,TIE,T,T,T,T,T,TIE
1782200660.366,1401,70.25,70.14,70.23,70.25,TIE,low_C,TIE,TIE,T,T,TIE,F,F,F
1782200911.212,1402,70.14,70.17,70.17,70.13,TIE,low_P,TIE,TIE,F,F,T,TIE,T,T
1782201106.865,1403,70.17,70.1,70.17,70.17,TIE,low_C,TIE,TIE,T,TIE,TIE,F,F,TIE
1782201267.149,1404,70.1,70.03,70.06,70.08,high_O,low_C,O>C,O>P>M>C,T,T,T,F,F,F
1782201439.702,1405,70.03,70.1,70.09,70.1,TIE,low_O,TIE,TIE,F,F,F,T,TIE,F
1782201559.251,1406,70.1,69.93,70.0,70.0,high_O,low_C,O>C,TIE,T,T,T,F,F,TIE
1782201640.118,1407,69.93,69.87,69.93,69.93,TIE,low_C,TIE,TIE,T,TIE,TIE,F,F,TIE
1782201666.071,1408,69.87,69.97,69.9,69.9,high_C,low_O,C>O,TIE,F,F,F,T,T,TIE
1782201803.328,1409,69.97,69.92,69.91,69.9,high_O,low_P,O>P,O>C>M>P,T,T,T,T,T,T
1782201964.81,1410,69.92,69.9,69.87,69.92,TIE,low_M,TIE,TIE,T,T,TIE,T,F,F
1782202208.289,1411,69.9,69.97,69.95,69.98,high_P,low_O,P>O,P>C>M>O,F,F,F,T,F,F
1782202410.813,1412,69.97,69.98,70.0,70.0,TIE,low_O,TIE,TIE,F,F,F,F,F,TIE
1782202429.006,1413,69.98,69.81,69.89,69.9,high_O,low_C,O>C,O>P>M>C,T,T,T,F,F,F
1782202431.063,1414,69.81,69.68,69.71,69.68,high_O,TIE,TIE,TIE,T,T,T,F,TIE,T
1782202432.65,1415,69.68,69.61,69.66,69.67,high_O,low_C,O>C,O>P>M>C,T,T,T,F,F,F
1782202436.055,1416,69.61,69.52,69.56,69.58,high_O,low_C,O>C,O>P>M>C,T,T,T,F,F,F
1782202438.08,1417,69.52,69.32,69.41,69.38,high_O,low_C,O>C,O>M>P>C,T,T,T,F,F,T
1782202440.004,1418,69.32,69.16,69.27,69.32,TIE,low_C,TIE,TIE,T,T,TIE,F,F,F
1782202442.493,1419,69.16,69.23,69.21,69.23,TIE,low_O,TIE,TIE,F,F,F,T,TIE,F
1782202446.006,1420,69.23,69.22,69.25,69.25,TIE,low_C,TIE,TIE,T,F,F,F,F,TIE
1782202453.361,1421,69.22,69.16,69.19,69.2,high_O,low_C,O>C,O>P>M>C,T,T,T,F,F,F
1782202468.943,1423,69.09,69.09,69.08,69.08,TIE,TIE,TIE,TIE,TIE,T,T,T,T,TIE
1782202473.738,1424,69.09,68.88,69.0,69.0,high_O,low_C,O>C,TIE,T,T,T,F,F,TIE
1782202482.323,1425,68.88,68.98,68.98,69.0,high_P,low_O,P>O,TIE,F,F,F,TIE,F,F
1782202502.943,1426,68.98,69.03,69.0,69.0,high_C,low_O,C>O,TIE,F,F,F,T,T,TIE
1782202516.261,1427,69.03,68.8,68.94,68.8,high_O,TIE,TIE,TIE,T,T,T,F,TIE,T
1782202520.594,1428,68.8,68.71,68.71,68.68,high_O,low_P,O>P,TIE,T,T,T,TIE,T,T
1782202532.741,1429,68.71,68.92,68.84,68.85,high_C,low_O,C>O,C>P>M>O,F,F,F,T,T,F
1782202570.369,1430,68.92,68.81,68.86,68.84,high_O,low_C,O>C,O>M>P>C,T,T,T,F,F,T
1782202592.207,1431,68.81,68.85,68.89,68.9,high_P,low_O,P>O,P>M>C>O,F,F,F,F,F,F
1782202622.552,1432,68.85,68.9,68.82,68.82,high_C,TIE,TIE,TIE,F,T,T,T,T,TIE
1782202648.984,1433,68.9,68.69,68.75,68.75,high_O,low_C,O>C,TIE,T,T,T,F,F,TIE
1782202654.685,1434,68.69,68.5,68.56,68.5,high_O,TIE,TIE,TIE,T,T,T,F,TIE,T
1782202657.594,1435,68.5,68.44,68.43,68.43,high_O,TIE,TIE,TIE,T,T,T,T,T,TIE
1782202670.633,1436,68.44,68.54,68.48,68.47,high_C,low_O,C>O,C>M>P>O,F,F,F,T,T,T
1782202711.467,1438,68.75,68.75,68.71,68.75,TIE,low_M,TIE,TIE,TIE,T,TIE,T,TIE,F
1782202744.886,1439,68.75,68.62,68.65,68.62,high_O,TIE,TIE,TIE,T,T,T,F,TIE,T
1782202783.131,1440,68.62,68.58,68.57,68.57,high_O,TIE,TIE,TIE,T,T,T,T,T,TIE
1782202810.448,1441,68.58,68.49,68.5,68.5,high_O,low_C,O>C,TIE,T,T,T,F,F,TIE
1782202924.942,1444,68.71,68.71,68.76,68.76,TIE,TIE,TIE,TIE,TIE,F,F,F,F,TIE
1782202967.106,1445,68.71,68.63,68.72,68.75,high_P,low_C,P>C,P>M>O>C,T,F,F,F,F,F
1782203014.261,1446,68.63,68.47,68.54,68.47,high_O,TIE,TIE,TIE,T,T,T,F,TIE,T
1782203054.247,1447,68.47,68.4,68.47,68.49,high_P,low_C,P>C,TIE,T,TIE,F,F,F,F
1782203067.691,1449,68.21,68.21,68.21,68.22,high_P,TIE,TIE,TIE,TIE,TIE,F,TIE,F,F
1782203092.569,1450,68.21,68.27,68.28,68.28,TIE,low_O,TIE,TIE,F,F,F,F,F,TIE
1782203120.428,1451,68.27,68.44,68.33,68.32,high_C,low_O,C>O,C>M>P>O,F,F,F,T,T,T
1782203153.503,1452,68.44,68.59,68.46,68.42,high_C,low_P,C>P,C>M>O>P,F,F,T,T,T,T
1782203187.738,1453,68.59,68.4,68.43,68.36,high_O,low_P,O>P,O>M>C>P,T,T,T,F,T,T
1782203224.828,1454,68.4,68.38,68.45,68.46,high_P,low_C,P>C,P>M>O>C,T,F,F,F,F,F
1782203280.099,1455,68.38,68.29,68.34,68.37,high_O,low_C,O>C,O>P>M>C,T,T,T,F,F,F
1782203304.343,1456,68.29,68.31,68.18,68.16,high_C,low_P,C>P,C>O>M>P,F,T,T,T,T,T
1782203336.607,1457,68.31,68.46,68.41,68.43,high_C,low_O,C>O,C>P>M>O,F,F,F,T,T,F
1782203364.665,1458,68.46,68.5,68.5,68.5,TIE,low_O,TIE,TIE,F,F,F,TIE,TIE,TIE
1782203403.245,1459,68.5,68.35,68.38,68.4,high_O,low_C,O>C,O>P>M>C,T,T,T,F,F,F
1782203449.257,1460,68.35,68.6,68.57,68.6,TIE,low_O,TIE,TIE,F,F,F,T,TIE,F
1782203501.698,1461,68.6,68.61,68.63,68.63,TIE,low_O,TIE,TIE,F,F,F,F,F,TIE
1782203591.322,1462,68.61,68.63,68.63,68.62,TIE,low_O,TIE,TIE,F,F,F,TIE,T,T
1782203678.6,1463,68.63,68.64,68.66,68.67,high_P,low_O,P>O,P>M>C>O,F,F,F,F,F,F
1782203767.704,1464,68.64,68.75,68.69,68.69,high_C,low_O,C>O,TIE,F,F,F,T,T,TIE
1782203838.652,1465,68.75,68.72,68.77,68.77,TIE,low_C,TIE,TIE,T,F,F,F,F,TIE
1782203964.297,1466,68.72,68.69,68.71,68.71,high_O,low_C,O>C,TIE,T,T,T,F,F,TIE
1782204106.367,1467,68.69,68.87,68.78,68.8,high_C,low_O,C>O,C>P>M>O,F,F,F,T,T,F
1782204244.741,1468,68.87,68.76,68.78,68.74,high_O,low_P,O>P,O>M>C>P,T,T,T,F,T,T
1782204406.952,1469,68.76,68.64,68.67,68.66,high_O,low_C,O>C,O>M>P>C,T,T,T,F,F,T
1782204527.554,1470,68.64,68.58,68.58,68.62,high_O,TIE,TIE,TIE,T,T,T,TIE,F,F
1782204780.608,1471,68.58,68.67,68.57,68.53,high_C,low_P,C>P,C>O>M>P,F,T,T,T,T,T
1782205049.38,1472,68.67,68.71,68.69,68.7,high_C,low_O,C>O,C>P>M>O,F,F,F,T,T,F
1782205550.619,1474,68.8,68.8,68.81,68.8,high_M,TIE,TIE,TIE,TIE,F,TIE,F,TIE,T
1782205898.948,1475,68.8,68.76,68.74,68.79,high_O,low_M,O>M,O>P>C>M,T,T,T,T,F,F
1782206155.554,1476,68.76,68.83,68.77,68.79,high_C,low_O,C>O,C>P>M>O,F,F,F,T,T,F
1782206525.087,1477,68.83,68.92,68.84,68.83,high_C,TIE,TIE,TIE,F,F,TIE,T,T,T
1782206825.143,1478,68.92,68.86,68.92,68.93,high_P,low_C,P>C,TIE,T,TIE,F,F,F,F
1782207125.24,1479,68.87,68.85,68.86,68.85,high_O,TIE,TIE,TIE,T,T,T,F,TIE,T
1782207621.345,1480,68.85,68.81,68.86,68.87,high_P,low_C,P>C,P>M>O>C,T,F,F,F,F,F
1782207896.16,1481,68.81,68.8,68.73,68.72,high_O,low_P,O>P,O>C>M>P,T,T,T,T,T,T
1782208340.404,1482,68.8,68.95,68.9,68.93,high_C,low_O,C>O,C>P>M>O,F,F,F,T,T,F
1782208531.454,1483,68.95,68.8,68.89,68.92,high_O,low_C,O>C,O>P>M>C,T,T,T,F,F,F
1782208923.287,1484,68.8,69.01,68.84,68.84,high_C,low_O,C>O,TIE,F,F,F,T,T,TIE
1782209031.868,1485,69.01,69.08,69.09,69.08,high_M,low_O,M>O,TIE,F,F,F,F,TIE,T
1782209317.902,1486,69.08,68.94,69.04,69.05,high_O,low_C,O>C,O>P>M>C,T,T,T,F,F,F
1782209583.136,1487,68.94,68.93,68.92,68.9,high_O,low_P,O>P,O>C>M>P,T,T,T,T,T,T
1782210293.109,1488,68.93,68.88,68.91,68.92,high_O,low_C,O>C,O>P>M>C,T,T,T,F,F,F
1782210810.936,1489,68.88,68.86,68.86,68.86,high_O,TIE,TIE,TIE,T,T,T,TIE,TIE,TIE
1782211241.354,1490,68.86,68.8,68.8,68.78,high_O,low_P,O>P,TIE,T,T,T,TIE,T,T
1782211504.581,1491,68.8,68.66,68.67,68.67,high_O,low_C,O>C,TIE,T,T,T,F,F,TIE
1782211862.803,1492,68.65,68.6,68.66,68.68,high_P,low_C,P>C,P>M>O>C,T,F,F,F,F,F
1782212022.24,1493,68.6,68.67,68.62,68.61,high_C,low_O,C>O,C>M>P>O,F,F,F,T,T,T
1782212464.079,1494,68.67,68.85,68.72,68.71,high_C,low_O,C>O,C>M>P>O,F,F,F,T,T,T
1782212897.84,1495,68.85,68.9,68.86,68.85,high_C,TIE,TIE,TIE,F,F,TIE,T,T,T
1782213369.563,1496,68.9,69.02,68.91,68.93,high_C,low_O,C>O,C>P>M>O,F,F,F,T,T,F
1782213656.52,1497,69.02,69.05,68.94,68.92,high_C,low_P,C>P,C>O>M>P,F,T,T,T,T,T
1782213661.818,1498,69.05,69.18,69.16,69.18,TIE,low_O,TIE,TIE,F,F,F,T,TIE,F
1782213742.808,1499,69.18,69.1,69.15,69.19,high_P,low_C,P>C,P>O>M>C,T,T,F,F,F,F
1782213971.79,1500,69.1,69.01,69.1,69.1,TIE,low_C,TIE,TIE,T,TIE,TIE,F,F,TIE
1782214328.005,1501,69.01,69.2,69.11,69.12,high_C,low_O,C>O,C>P>M>O,F,F,F,T,T,F
1782214490.203,1502,69.2,69.15,69.21,69.21,TIE,low_C,TIE,TIE,T,F,F,F,F,TIE
1782214749.356,1503,69.15,69.22,69.16,69.17,high_C,low_O,C>O,C>P>M>O,F,F,F,T,T,F
1782215103.243,1504,69.22,69.2,69.21,69.21,high_O,low_C,O>C,TIE,T,T,T,F,F,TIE
1782215391.397,1505,69.2,69.06,69.21,69.22,high_P,low_C,P>C,P>M>O>C,T,F,F,F,F,F
1782215554.001,1506,69.06,69.1,69.08,69.07,high_C,low_O,C>O,C>M>P>O,F,F,F,T,T,T
1782215909.363,1507,69.1,69.2,69.16,69.17,high_C,low_O,C>O,C>P>M>O,F,F,F,T,T,F
1782216128.783,1508,69.2,69.29,69.24,69.25,high_C,low_O,C>O,C>P>M>O,F,F,F,T,T,F
1782216423.95,1509,69.29,69.17,69.26,69.2,high_O,low_C,O>C,O>M>P>C,T,T,T,F,F,T
1782217380.386,1511,69.06,69.06,69.09,69.09,TIE,TIE,TIE,TIE,TIE,F,F,F,F,TIE
1782217696.352,1512,69.06,69.08,69.04,69.04,high_C,TIE,TIE,TIE,F,T,T,T,T,TIE
1782217977.493,1513,69.08,69.14,69.18,69.13,high_M,low_O,M>O,M>C>P>O,F,F,F,F,T,T
1782218367.629,1514,69.14,69.06,69.11,69.13,high_O,low_C,O>C,O>P>M>C,T,T,T,F,F,F
1782218696.451,1515,69.06,69.04,69.08,69.07,high_M,low_C,M>C,M>P>O>C,T,F,F,F,F,T
1782218848.734,1516,69.04,69.0,69.0,69.0,high_O,TIE,TIE,TIE,T,T,T,TIE,TIE,TIE
1782219010.28,1517,69.0,68.82,68.99,69.0,TIE,low_C,TIE,TIE,T,T,TIE,F,F,F
1782219112.284,1518,68.82,68.85,68.9,68.88,high_M,low_O,M>O,M>P>C>O,F,F,F,F,F,T
1782219343.751,1519,68.85,68.92,68.87,68.87,high_C,low_O,C>O,TIE,F,F,F,T,T,TIE
1782219720.571,1520,68.92,68.95,68.91,68.92,high_C,low_M,C>M,TIE,F,T,TIE,T,T,F
1782219916.836,1521,68.95,68.75,68.81,68.8,high_O,low_C,O>C,O>M>P>C,T,T,T,F,F,T
1782220266.968,1523,68.76,68.76,68.76,68.78,high_P,TIE,TIE,TIE,TIE,TIE,F,TIE,F,F
1782220480.016,1524,68.76,68.91,68.78,68.77,high_C,low_O,C>O,C>M>P>O,F,F,F,T,T,T
1782220704.543,1525,68.91,68.85,68.87,68.88,high_O,low_C,O>C,O>P>M>C,T,T,T,F,F,F
1782221039.926,1526,68.85,68.76,68.83,68.83,high_O,low_C,O>C,TIE,T,T,T,F,F,TIE
1782221041.065,1527,68.76,68.71,68.7,68.7,high_O,TIE,TIE,TIE,T,T,T,T,T,TIE
1782221180.547,1528,68.71,68.74,68.69,68.7,high_C,low_M,C>M,C>O>P>M,F,T,T,T,T,F
1782221402.286,1529,68.74,68.68,68.73,68.73,high_O,low_C,O>C,TIE,T,T,T,F,F,TIE
1782221468.911,1530,68.68,68.66,68.71,68.69,high_M,low_C,M>C,M>P>O>C,T,F,F,F,F,T
1782221492.929,1531,68.66,68.63,68.61,68.62,high_O,low_M,O>M,O>C>P>M,T,T,T,T,T,F
1782221521.448,1532,68.63,69.08,68.96,69.0,high_C,low_O,C>O,C>P>M>O,F,F,F,T,T,F
1782221525.696,1533,69.08,69.3,69.17,69.3,TIE,low_O,TIE,TIE,F,F,F,T,TIE,F
1782221533.319,1534,69.3,69.26,69.27,69.3,TIE,low_C,TIE,TIE,T,T,TIE,F,F,F
1782221565.406,1535,69.26,69.21,69.18,69.15,high_O,low_P,O>P,O>C>M>P,T,T,T,T,T,T
1782221600.752,1536,69.21,69.15,69.19,69.16,high_O,low_C,O>C,O>M>P>C,T,T,T,F,F,T
1782221629.12,1537,69.15,69.14,69.16,69.15,high_M,low_C,M>C,TIE,T,F,TIE,F,F,T
1782221701.25,1538,69.14,69.11,69.14,69.14,TIE,low_C,TIE,TIE,T,TIE,TIE,F,F,TIE
1782221778.101,1539,69.11,69.15,69.16,69.18,high_P,low_O,P>O,P>M>C>O,F,F,F,F,F,F
1782221908.016,1540,69.15,68.99,69.04,69.02,high_O,low_C,O>C,O>M>P>C,T,T,T,F,F,T
1782222047.717,1541,68.99,69.02,69.02,69.04,high_P,low_O,P>O,TIE,F,F,F,TIE,F,F
1782222140.315,1542,69.02,69.01,68.85,68.9,high_O,low_M,O>M,O>C>P>M,T,T,T,T,T,F
1782222293.124,1543,69.01,68.96,68.96,68.96,high_O,TIE,TIE,TIE,T,T,T,TIE,TIE,TIE
1782222427.593,1544,68.96,68.86,68.89,68.98,high_P,low_C,P>C,P>O>M>C,T,T,F,F,F,F
1782222533.578,1545,68.86,69.18,69.03,69.0,high_C,low_O,C>O,C>M>P>O,F,F,F,T,T,T
1782222721.844,1546,69.18,69.08,69.05,69.06,high_O,low_M,O>M,O>C>P>M,T,T,T,T,T,F
1782222842.497,1547,69.08,69.18,69.18,69.17,TIE,low_O,TIE,TIE,F,F,F,TIE,T,T
1782222939.268,1548,69.18,69.0,69.08,69.08,high_O,low_C,O>C,TIE,T,T,T,F,F,TIE
1782223156.789,1549,69.0,69.09,69.11,69.1,high_M,low_O,M>O,M>P>C>O,F,F,F,F,F,T
1782223276.356,1550,69.09,69.21,69.19,69.21,TIE,low_O,TIE,TIE,F,F,F,T,TIE,F
1782223357.082,1551,69.21,69.35,69.28,69.21,high_C,TIE,TIE,TIE,F,F,TIE,T,T,T
1782223489.163,1552,69.35,69.25,69.29,69.3,high_O,low_C,O>C,O>P>M>C,T,T,T,F,F,F
1782223696.659,1553,69.25,69.21,69.09,69.08,high_O,low_P,O>P,O>C>M>P,T,T,T,T,T,T
1782223812.055,1554,69.21,69.45,69.34,69.36,high_C,low_O,C>O,C>P>M>O,F,F,F,T,T,F
1782223928.957,1555,69.45,69.22,69.3,69.22,high_O,TIE,TIE,TIE,T,T,T,F,TIE,T
1782224033.168,1556,69.22,69.32,69.33,69.34,high_P,low_O,P>O,P>M>C>O,F,F,F,F,F,F
1782224115.841,1557,69.32,69.43,69.45,69.46,high_P,low_O,P>O,P>M>C>O,F,F,F,F,F,F
1782224213.432,1558,69.43,69.5,69.44,69.5,TIE,low_O,TIE,TIE,F,F,F,T,TIE,F
1782224280.75,1559,69.5,69.51,69.51,69.5,TIE,TIE,TIE,TIE,F,F,TIE,TIE,T,T
1782224352.769,1560,69.51,69.5,69.53,69.51,high_M,low_C,M>C,TIE,T,F,TIE,F,F,T
1782224438.712,1561,69.5,69.63,69.57,69.57,high_C,low_O,C>O,TIE,F,F,F,T,T,TIE
1782224477.849,1562,69.63,69.49,69.53,69.56,high_O,low_C,O>C,O>P>M>C,T,T,T,F,F,F
1782224566.811,1563,69.49,69.34,69.43,69.45,high_O,low_C,O>C,O>P>M>C,T,T,T,F,F,F
1782224668.406,1564,69.34,69.29,69.32,69.33,high_O,low_C,O>C,O>P>M>C,T,T,T,F,F,F
1782224798.902,1565,69.29,69.12,69.17,69.16,high_O,low_C,O>C,O>M>P>C,T,T,T,F,F,T
1782224961.457,1566,69.12,69.23,69.14,69.08,high_C,low_P,C>P,C>M>O>P,F,F,T,T,T,T
1782225059.9,1567,69.23,69.32,69.33,69.28,high_M,low_O,M>O,M>C>P>O,F,F,F,F,T,T
1782225236.847,1568,69.32,69.23,69.19,69.13,high_O,low_P,O>P,O>C>M>P,T,T,T,T,T,T
1782225407.294,1569,69.23,69.49,69.35,69.45,high_C,low_O,C>O,C>P>M>O,F,F,F,T,T,F
1782225577.174,1570,69.49,69.33,69.43,69.47,high_O,low_C,O>C,O>P>M>C,T,T,T,F,F,F
1782226130.799,1572,69.26,69.26,69.15,69.23,TIE,low_M,TIE,TIE,TIE,T,T,T,T,F
1782226467.795,1573,69.26,69.11,69.25,69.25,high_O,low_C,O>C,TIE,T,T,T,F,F,TIE
1782226768.01,1574,69.11,69.18,69.17,69.1,high_C,low_P,C>P,C>M>O>P,F,F,T,T,T,T
1782226827.752,1575,69.18,69.08,69.09,69.07,high_O,low_P,O>P,O>M>C>P,T,T,T,F,T,T
1782227070.191,1576,69.08,69.06,69.04,69.04,high_O,TIE,TIE,TIE,T,T,T,T,T,TIE
1782227230.105,1577,69.06,68.81,68.93,68.93,high_O,low_C,O>C,TIE,T,T,T,F,F,TIE
1782227351.753,1578,68.81,68.78,68.8,68.8,high_O,low_C,O>C,TIE,T,T,T,F,F,TIE
1782227441.515,1579,68.78,68.7,68.75,68.78,TIE,low_C,TIE,TIE,T,T,TIE,F,F,F
1782227592.938,1580,68.7,68.8,68.71,68.71,high_C,low_O,C>O,TIE,F,F,F,T,T,TIE
1782227930.808,1581,68.8,68.65,68.71,68.67,high_O,low_C,O>C,O>M>P>C,T,T,T,F,F,T
1782228198.769,1582,68.65,68.68,68.7,68.7,TIE,low_O,TIE,TIE,F,F,F,F,F,TIE
1782228325.55,1583,68.68,68.49,68.57,68.5,high_O,low_C,O>C,O>M>P>C,T,T,T,F,F,T
1782228567.346,1584,68.49,68.63,68.61,68.66,high_P,low_O,P>O,P>C>M>O,F,F,F,T,F,F
1782228859.211,1585,68.63,68.97,68.78,68.78,high_C,low_O,C>O,TIE,F,F,F,T,T,TIE
1782229206.705,1586,68.97,68.78,68.83,68.82,high_O,low_C,O>C,O>M>P>C,T,T,T,F,F,T
1782229338.65,1587,68.78,68.6,68.71,68.78,TIE,low_C,TIE,TIE,T,T,TIE,F,F,F
1782229639.048,1588,68.6,68.39,68.59,68.58,high_O,low_C,O>C,O>M>P>C,T,T,T,F,F,T
1782229746.106,1589,68.39,68.38,68.4,68.38,high_M,TIE,TIE,TIE,T,F,T,F,TIE,T
1782230052.496,1590,68.38,68.55,68.44,68.55,TIE,low_O,TIE,TIE,F,F,F,T,TIE,F
1782230342.625,1591,68.55,68.78,68.67,68.6,high_C,low_O,C>O,C>M>P>O,F,F,F,T,T,T
1782230647.672,1592,68.78,68.81,68.87,68.88,high_P,low_O,P>O,P>M>C>O,F,F,F,F,F,F
1782230829.761,1593,68.81,68.99,68.91,68.91,high_C,low_O,C>O,TIE,F,F,F,T,T,TIE
1782230885.597,1594,68.99,69.25,69.2,69.24,high_C,low_O,C>O,C>P>M>O,F,F,F,T,T,F
1782231010.554,1595,69.25,69.33,69.19,69.16,high_C,low_P,C>P,C>O>M>P,F,T,T,T,T,T
1782231147.383,1596,69.33,69.23,69.29,69.23,high_O,TIE,TIE,TIE,T,T,T,F,TIE,T
1782231339.956,1597,69.23,69.1,69.24,69.24,TIE,low_C,TIE,TIE,T,F,F,F,F,TIE
1782231721.631,1598,69.1,69.07,69.08,69.1,TIE,low_C,TIE,TIE,T,T,TIE,F,F,F
1782232357.648,1599,69.07,69.06,69.04,69.06,high_O,low_M,O>M,TIE,T,T,T,T,TIE,F
1782232864.34,1600,69.06,69.03,69.02,68.97,high_O,low_P,O>P,O>C>M>P,T,T,T,T,T,T
1782233402.525,1601,69.03,68.91,69.0,69.0,high_O,low_C,O>C,TIE,T,T,T,F,F,TIE
1782233818.326,1602,68.91,68.81,68.86,68.86,high_O,low_C,O>C,TIE,T,T,T,F,F,TIE
1782234236.179,1603,68.81,68.7,68.79,68.73,high_O,low_C,O>C,O>M>P>C,T,T,T,F,F,T
1782234771.143,1604,68.7,68.72,68.66,68.65,high_C,low_P,C>P,C>O>M>P,F,T,T,T,T,T
1782235153.288,1605,68.72,68.91,68.79,68.83,high_C,low_O,C>O,C>P>M>O,F,F,F,T,T,F
1782235756.143,1606,68.91,69.06,69.01,69.04,high_C,low_O,C>O,C>P>M>O,F,F,F,T,T,F
1782236088.327,1607,69.06,68.97,68.93,68.9,high_O,low_P,O>P,O>C>M>P,T,T,T,T,T,T
1782236771.285,1608,68.97,68.91,68.96,68.85,high_O,low_P,O>P,O>M>C>P,T,T,T,F,T,T
1782237320.075,1609,68.91,68.65,68.76,68.76,high_O,low_C,O>C,TIE,T,T,T,F,F,TIE
1782237831.484,1610,68.65,68.8,68.73,68.73,high_C,low_O,C>O,TIE,F,F,F,T,T,TIE
1782238358.719,1611,68.8,68.85,68.78,68.79,high_C,low_M,C>M,C>O>P>M,F,T,T,T,T,F
1782238977.988,1612,68.85,68.94,68.83,68.84,high_C,low_M,C>M,C>O>P>M,F,T,T,T,T,F
1782239586.335,1613,68.94,68.86,68.94,68.95,high_P,low_C,P>C,TIE,T,TIE,F,F,F,F
1782240163.325,1614,68.86,68.75,68.77,68.76,high_O,low_C,O>C,O>M>P>C,T,T,T,F,F,T
1782240471.398,1615,68.75,68.66,68.7,68.7,high_O,low_C,O>C,TIE,T,T,T,F,F,TIE
1782240905.458,1616,68.66,68.87,68.8,68.81,high_C,low_O,C>O,C>P>M>O,F,F,F,T,T,F
1782241327.412,1617,68.87,68.9,68.87,68.89,high_C,TIE,TIE,TIE,F,TIE,F,T,T,F
1782241576.322,1618,68.9,68.97,68.97,69.0,high_P,low_O,P>O,TIE,F,F,F,TIE,F,F
1782242110.611,1619,68.97,68.88,68.92,68.89,high_O,low_C,O>C,O>M>P>C,T,T,T,F,F,T
1782242616.686,1620,68.88,68.85,68.78,68.77,high_O,low_P,O>P,O>C>M>P,T,T,T,T,T,T
1782242990.75,1621,68.85,68.92,68.84,68.81,high_C,low_P,C>P,C>O>M>P,F,T,T,T,T,T
1782243394.206,1622,68.92,68.94,68.93,68.93,high_C,low_O,C>O,TIE,F,F,F,T,T,TIE
1782243895.876,1623,68.94,68.73,68.78,68.75,high_O,low_C,O>C,O>M>P>C,T,T,T,F,F,T
1782244201.104,1624,68.73,68.88,68.78,68.71,high_C,low_P,C>P,C>M>O>P,F,F,T,T,T,T
1782244500.249,1625,68.88,68.94,68.86,68.85,high_C,low_P,C>P,C>O>M>P,F,T,T,T,T,T
1782244763.817,1626,68.94,68.9,68.91,68.89,high_O,low_P,O>P,O>M>C>P,T,T,T,F,T,T
1782244874.692,1627,68.9,68.99,68.87,68.89,high_C,low_M,C>M,C>O>P>M,F,T,T,T,T,F
1782245251.992,1628,68.99,69.01,68.95,68.95,high_C,TIE,TIE,TIE,F,T,T,T,T,TIE
1782245673.988,1629,69.01,68.95,68.99,69.01,TIE,low_C,TIE,TIE,T,T,TIE,F,F,F
1782246216.111,1630,68.95,68.99,68.95,68.97,high_C,TIE,TIE,TIE,F,TIE,F,T,T,F
1782246771.843,1631,68.99,68.97,68.95,68.96,high_O,low_M,O>M,O>C>P>M,T,T,T,T,T,F
1782247024.516,1632,68.97,68.91,68.98,69.0,high_P,low_C,P>C,P>M>O>C,T,F,F,F,F,F
1782247508.469,1633,68.91,68.88,68.93,68.94,high_P,low_C,P>C,P>M>O>C,T,F,F,F,F,F
1782247929.056,1634,68.88,68.91,68.9,68.89,high_C,low_O,C>O,C>M>P>O,F,F,F,T,T,T
1782248393.144,1635,68.91,68.97,68.92,68.93,high_C,low_O,C>O,C>P>M>O,F,F,F,T,T,F
1782248555.337,1636,68.97,68.98,68.98,68.99,high_P,low_O,P>O,TIE,F,F,F,TIE,F,F
1782248681.75,1637,68.98,69.11,69.05,69.0,high_C,low_O,C>O,C>M>P>O,F,F,F,T,T,T
1782249002.214,1638,69.11,69.14,69.1,69.14,TIE,low_M,TIE,TIE,F,T,F,T,TIE,F
1782249192.69,1639,69.14,69.1,69.12,69.12,high_O,low_C,O>C,TIE,T,T,T,F,F,TIE
1782249452.167,1640,69.1,69.04,69.14,69.19,high_P,low_C,P>C,P>M>O>C,T,F,F,F,F,F
1782249696.948,1641,69.04,69.11,69.05,69.05,high_C,low_O,C>O,TIE,F,F,F,T,T,TIE
1782250104.647,1642,69.11,69.09,69.11,69.12,high_P,low_C,P>C,TIE,T,TIE,F,F,F,F
1782250155.341,1643,69.09,69.2,69.17,69.17,high_C,low_O,C>O,TIE,F,F,F,T,T,TIE
1782250241.992,1644,69.2,69.22,69.22,69.22,TIE,low_O,TIE,TIE,F,F,F,TIE,TIE,TIE
1782250625.001,1646,69.24,69.24,69.22,69.22,TIE,TIE,TIE,TIE,TIE,T,T,T,T,TIE
1782250947.465,1647,69.24,69.19,69.21,69.18,high_O,low_P,O>P,O>M>C>P,T,T,T,F,T,T
1782251683.468,1649,69.2,69.2,69.2,69.2,TIE,TIE,TIE,TIE,TIE,TIE,TIE,TIE,TIE,TIE
1782252014.899,1650,69.2,69.23,69.22,69.22,high_C,low_O,C>O,TIE,F,F,F,T,T,TIE
1782252354.506,1651,69.23,69.32,69.3,69.31,high_C,low_O,C>O,C>P>M>O,F,F,F,T,T,F
1782252451.32,1652,69.32,69.47,69.4,69.39,high_C,low_O,C>O,C>M>P>O,F,F,F,T,T,T
1782252571.526,1653,69.47,69.44,69.45,69.45,high_O,low_C,O>C,TIE,T,T,T,F,F,TIE
1782252656.055,1654,69.44,69.49,69.47,69.47,high_C,low_O,C>O,TIE,F,F,F,T,T,TIE
1782252737.913,1655,69.49,69.56,69.52,69.55,high_C,low_O,C>O,C>P>M>O,F,F,F,T,T,F
1782252744.745,1656,69.56,69.57,69.58,69.58,TIE,low_O,TIE,TIE,F,F,F,F,F,TIE
1782252839.586,1657,69.57,69.61,69.59,69.59,high_C,low_O,C>O,TIE,F,F,F,T,T,TIE
1782252839.751,1658,69.61,69.68,69.62,69.61,high_C,TIE,TIE,TIE,F,F,TIE,T,T,T
1782252908.756,1659,69.68,69.63,69.66,69.67,high_O,low_C,O>C,O>P>M>C,T,T,T,F,F,F
1782252925.039,1660,69.63,69.57,69.6,69.6,high_O,low_C,O>C,TIE,T,T,T,F,F,TIE
1782252985.207,1661,69.57,69.66,69.57,69.56,high_C,low_P,C>P,TIE,F,TIE,T,T,T,T
1782252994.829,1662,69.66,69.75,69.72,69.72,high_C,low_O,C>O,TIE,F,F,F,T,T,TIE
1782253044.252,1663,69.75,69.79,69.76,69.79,TIE,low_O,TIE,TIE,F,F,F,T,TIE,F
1782253142.998,1664,69.79,69.68,69.76,69.74,high_O,low_C,O>C,O>M>P>C,T,T,T,F,F,T
1782253265.691,1665,69.68,69.61,69.64,69.61,high_O,TIE,TIE,TIE,T,T,T,F,TIE,T
1782253354.528,1666,69.61,69.45,69.51,69.57,high_O,low_C,O>C,O>P>M>C,T,T,T,F,F,F
1782253451.33,1667,69.45,69.39,69.41,69.39,high_O,TIE,TIE,TIE,T,T,T,F,TIE,T
1782253587.349,1668,69.39,69.33,69.38,69.37,high_O,low_C,O>C,O>M>P>C,T,T,T,F,F,T
1782253843.133,1669,69.33,69.49,69.4,69.48,high_C,low_O,C>O,C>P>M>O,F,F,F,T,T,F
1782254075.238,1670,69.49,69.5,69.49,69.49,high_C,TIE,TIE,TIE,F,TIE,TIE,T,T,TIE
1782254282.17,1671,69.5,69.43,69.39,69.36,high_O,low_P,O>P,O>C>M>P,T,T,T,T,T,T
1782254428.804,1672,69.43,69.5,69.5,69.5,TIE,low_O,TIE,TIE,F,F,F,TIE,TIE,TIE
1782254647.643,1673,69.5,69.46,69.5,69.52,high_P,low_C,P>C,TIE,T,TIE,F,F,F,F
1782255004.204,1674,69.46,69.48,69.46,69.45,high_C,low_P,C>P,TIE,F,TIE,T,T,T,T
1782255302.281,1675,69.48,69.45,69.45,69.45,high_O,TIE,TIE,TIE,T,T,T,TIE,TIE,TIE
1782255621.87,1676,69.45,69.47,69.5,69.52,high_P,low_O,P>O,P>M>C>O,F,F,F,F,F,F
1782255744.019,1677,69.47,69.46,69.41,69.38,high_O,low_P,O>P,O>C>M>P,T,T,T,T,T,T
1782255902.161,1678,69.46,69.38,69.42,69.4,high_O,low_C,O>C,O>M>P>C,T,T,T,F,F,T
1782255941.275,1679,69.38,69.29,69.28,69.27,high_O,low_P,O>P,O>C>M>P,T,T,T,T,T,T
1782256144.064,1680,69.29,69.38,69.31,69.31,high_C,low_O,C>O,TIE,F,F,F,T,T,TIE
1782256320.169,1681,69.38,69.37,69.33,69.31,high_O,low_P,O>P,O>C>M>P,T,T,T,T,T,T
1782256696.758,1682,69.37,69.34,69.36,69.36,high_O,low_C,O>C,TIE,T,T,T,F,F,TIE
1782256988.45,1683,69.34,69.47,69.46,69.46,high_C,low_O,C>O,TIE,F,F,F,T,T,TIE
1782257258.731,1684,69.47,69.46,69.5,69.47,high_M,low_C,M>C,TIE,T,F,TIE,F,F,T
1782257656.126,1685,69.46,69.54,69.49,69.49,high_C,low_O,C>O,TIE,F,F,F,T,T,TIE
1782257930.175,1686,69.54,69.4,69.51,69.56,high_P,low_C,P>C,P>O>M>C,T,T,F,F,F,F
1782258358.89,1687,69.4,69.49,69.39,69.38,high_C,low_P,C>P,C>O>M>P,F,T,T,T,T,T
1782258402.069,1688,69.49,69.74,69.64,69.58,high_C,low_O,C>O,C>M>P>O,F,F,F,T,T,T
1782258538.341,1689,69.74,69.68,69.67,69.64,high_O,low_P,O>P,O>C>M>P,T,T,T,T,T,T
1782258720.923,1690,69.68,69.6,69.65,69.66,high_O,low_C,O>C,O>P>M>C,T,T,T,F,F,F
1782259015.762,1691,69.6,69.7,69.67,69.7,TIE,low_O,TIE,TIE,F,F,F,T,TIE,F
1782259210.784,1692,69.7,69.64,69.68,69.68,high_O,low_C,O>C,TIE,T,T,T,F,F,TIE
1782259316.623,1693,69.64,69.74,69.71,69.71,high_C,low_O,C>O,TIE,F,F,F,T,T,TIE
1782259405.863,1694,69.74,69.7,69.69,69.68,high_O,low_P,O>P,O>C>M>P,T,T,T,T,T,T
1782259578.731,1695,69.7,69.62,69.59,69.63,high_O,low_M,O>M,O>P>C>M,T,T,T,T,F,F
1782259685.653,1696,69.62,69.82,69.76,69.76,high_C,low_O,C>O,TIE,F,F,F,T,T,TIE
1782259772.531,1697,69.82,69.83,69.84,69.83,high_M,low_O,M>O,TIE,F,F,F,F,TIE,T
1782259868.57,1698,69.83,69.78,69.81,69.79,high_O,low_C,O>C,O>M>P>C,T,T,T,F,F,T
1782259977.625,1699,69.78,69.89,69.89,69.89,TIE,low_O,TIE,TIE,F,F,F,TIE,TIE,TIE
1782260122.337,1700,69.89,69.92,69.86,69.92,TIE,low_M,TIE,TIE,F,T,F,T,TIE,F
1782260234.87,1701,69.92,69.94,69.89,69.92,high_C,low_M,C>M,TIE,F,T,TIE,T,T,F
1782260402.947,1702,69.94,69.88,69.92,69.93,high_O,low_C,O>C,O>P>M>C,T,T,T,F,F,F
1782260623.195,1703,69.88,69.84,69.84,69.87,high_O,TIE,TIE,TIE,T,T,T,TIE,F,F
1782260925.948,1704,69.84,69.76,69.82,69.82,high_O,low_C,O>C,TIE,T,T,T,F,F,TIE
1782261066.474,1705,69.76,69.83,69.81,69.82,high_C,low_O,C>O,C>P>M>O,F,F,F,T,T,F
1782261263.231,1706,69.83,69.78,69.79,69.78,high_O,TIE,TIE,TIE,T,T,T,F,TIE,T
1782261343.545,1707,69.78,69.9,69.83,69.77,high_C,low_P,C>P,C>M>O>P,F,F,T,T,T,T
1782261503.425,1708,69.9,69.95,69.88,69.86,high_C,low_P,C>P,C>O>M>P,F,T,T,T,T,T
1782261505.792,1709,69.95,70.03,70.0,70.0,high_C,low_O,C>O,TIE,F,F,F,T,T,TIE
1782261547.593,1711,70.01,70.01,70.01,70.01,TIE,TIE,TIE,TIE,TIE,TIE,TIE,TIE,TIE,TIE
1782261583.414,1712,70.01,70.08,70.01,70.01,high_C,TIE,TIE,TIE,F,TIE,TIE,T,T,TIE
1782261640.922,1713,70.08,70.03,70.06,70.02,high_O,low_P,O>P,O>M>C>P,T,T,T,F,T,T
1782261900.287,1715,69.97,69.97,69.98,69.98,TIE,TIE,TIE,TIE,TIE,F,F,F,F,TIE
1782261991.163,1716,69.97,70.0,69.95,69.97,high_C,low_M,C>M,TIE,F,T,TIE,T,T,F
1782262050.185,1717,70.0,69.98,70.0,70.0,TIE,low_C,TIE,TIE,T,TIE,TIE,F,F,TIE
1782262203.216,1718,69.98,70.0,70.01,69.99,high_M,low_O,M>O,M>C>P>O,F,F,F,F,T,T
1782262417.148,1719,70.0,69.97,70.01,70.04,high_P,low_C,P>C,P>M>O>C,T,F,F,F,F,F
1782262599.517,1720,69.97,69.83,69.92,69.92,high_O,low_C,O>C,TIE,T,T,T,F,F,TIE
1782262860.426,1721,69.83,69.89,69.92,69.92,TIE,low_O,TIE,TIE,F,F,F,F,F,TIE
1782263106.387,1722,69.89,69.8,69.87,69.86,high_O,low_C,O>C,O>M>P>C,T,T,T,F,F,T
1782263262.13,1723,69.8,69.75,69.72,69.7,high_O,low_P,O>P,O>C>M>P,T,T,T,T,T,T
1782263432.006,1724,69.75,69.76,69.73,69.65,high_C,low_P,C>P,C>O>M>P,F,T,T,T,T,T
1782263613.14,1725,69.76,69.86,69.8,69.8,high_C,low_O,C>O,TIE,F,F,F,T,T,TIE
1782264023.681,1727,69.69,69.69,69.67,69.64,TIE,low_P,TIE,TIE,TIE,T,T,T,T,T
1782264314.243,1728,69.69,69.91,69.81,69.79,high_C,low_O,C>O,C>M>P>O,F,F,F,T,T,T
1782264645.32,1729,69.91,69.97,69.88,69.85,high_C,low_P,C>P,C>O>M>P,F,T,T,T,T,T
1782264718.192,1730,69.97,70.11,70.06,70.0,high_C,low_O,C>O,C>M>P>O,F,F,F,T,T,T
1782264719.369,1731,70.11,70.26,70.18,70.18,high_C,low_O,C>O,TIE,F,F,F,T,T,TIE
1782264729.626,1732,70.26,70.19,70.22,70.2,high_O,low_C,O>C,O>M>P>C,T,T,T,F,F,T
1782264823.094,1733,70.19,70.24,70.18,70.2,high_C,low_M,C>M,C>P>O>M,F,T,F,T,T,F
1782264958.485,1734,70.24,70.28,70.23,70.2,high_C,low_P,C>P,C>O>M>P,F,T,T,T,T,T
1782265051.827,1735,70.28,70.29,70.25,70.23,high_C,low_P,C>P,C>O>M>P,F,T,T,T,T,T
1782265061.262,1736,70.29,70.35,70.31,70.3,high_C,low_O,C>O,C>M>P>O,F,F,F,T,T,T
1782265193.734,1737,70.35,70.19,70.24,70.22,high_O,low_C,O>C,O>M>P>C,T,T,T,F,F,T
1782265309.705,1738,70.19,70.11,70.2,70.25,high_P,low_C,P>C,P>M>O>C,T,F,F,F,F,F
1782265486.121,1739,70.11,70.09,70.15,70.15,TIE,low_C,TIE,TIE,T,F,F,F,F,TIE
1782265819.543,1740,70.09,70.2,70.15,70.19,high_C,low_O,C>O,C>P>M>O,F,F,F,T,T,F
1782266092.436,1741,70.2,70.25,70.21,70.2,high_C,TIE,TIE,TIE,F,F,TIE,T,T,T
1782266355.801,1742,70.25,70.06,70.15,70.16,high_O,low_C,O>C,O>P>M>C,T,T,T,F,F,F
1782266470.693,1743,70.06,70.07,70.07,70.09,high_P,low_O,P>O,TIE,F,F,F,TIE,F,F
1782266597.395,1744,70.07,70.03,70.06,70.06,high_O,low_C,O>C,TIE,T,T,T,F,F,TIE
1782266679.621,1745,70.03,69.91,69.98,70.0,high_O,low_C,O>C,O>P>M>C,T,T,T,F,F,F
1782266728.798,1746,69.91,69.89,69.92,69.95,high_P,low_C,P>C,P>M>O>C,T,F,F,F,F,F
1782266795.901,1747,69.89,69.88,69.86,69.85,high_O,low_P,O>P,O>C>M>P,T,T,T,T,T,T
1782266886.661,1748,69.88,69.8,69.85,69.85,high_O,low_C,O>C,TIE,T,T,T,F,F,TIE
1782267005.382,1749,69.8,69.87,69.87,69.8,TIE,TIE,TIE,TIE,F,F,TIE,TIE,T,T
1782267283.058,1750,69.87,69.82,69.89,69.9,high_P,low_C,P>C,P>M>O>C,T,F,F,F,F,F
1782267467.339,1751,69.82,69.71,69.76,69.78,high_O,low_C,O>C,O>P>M>C,T,T,T,F,F,F
1782267540.556,1752,69.71,69.66,69.67,69.68,high_O,low_C,O>C,O>P>M>C,T,T,T,F,F,F
1782267680.064,1753,69.66,69.58,69.65,69.66,TIE,low_C,TIE,TIE,T,T,TIE,F,F,F
1782267856.818,1755,69.55,69.55,69.56,69.55,high_M,TIE,TIE,TIE,TIE,F,TIE,F,TIE,T
1782268177.805,1756,69.55,69.7,69.6,69.6,high_C,low_O,C>O,TIE,F,F,F,T,T,TIE
1782268486.624,1757,69.7,69.68,69.69,69.7,TIE,low_C,TIE,TIE,T,T,TIE,F,F,F
1782268755.582,1758,69.68,69.55,69.61,69.63,high_O,low_C,O>C,O>P>M>C,T,T,T,F,F,F
1782268826.29,1759,69.55,69.6,69.5,69.47,high_C,low_P,C>P,C>O>M>P,F,T,T,T,T,T
1782268966.553,1760,69.6,69.67,69.72,69.72,TIE,low_O,TIE,TIE,F,F,F,F,F,TIE
1782269368.937,1761,69.67,69.53,69.62,69.64,high_O,low_C,O>C,O>P>M>C,T,T,T,F,F,F
1782269512.909,1762,69.53,69.47,69.57,69.6,high_P,low_C,P>C,P>M>O>C,T,F,F,F,F,F
1782269690.912,1763,69.47,69.39,69.46,69.48,high_P,low_C,P>C,P>O>M>C,T,T,F,F,F,F
1782269953.264,1764,69.39,69.42,69.48,69.49,high_P,low_O,P>O,P>M>C>O,F,F,F,F,F,F
1782270195.912,1765,69.42,69.4,69.42,69.44,high_P,low_C,P>C,TIE,T,TIE,F,F,F,F
1782270401.059,1766,69.4,69.31,69.32,69.31,high_O,TIE,TIE,TIE,T,T,T,F,TIE,T
1782270574.973,1767,69.31,69.39,69.29,69.28,high_C,low_P,C>P,C>O>M>P,F,T,T,T,T,T
1782270835.602,1768,69.39,69.42,69.35,69.32,high_C,low_P,C>P,C>O>M>P,F,T,T,T,T,T
1782271158.461,1770,69.22,69.22,69.2,69.19,TIE,low_P,TIE,TIE,TIE,T,T,T,T,T
1782271186.321,1771,69.22,69.12,69.11,69.11,high_O,TIE,TIE,TIE,T,T,T,T,T,TIE
1782271226.979,1772,69.12,69.11,69.08,69.11,high_O,low_M,O>M,TIE,T,T,T,T,TIE,F
1782271434.192,1773,69.11,69.22,69.16,69.16,high_C,low_O,C>O,TIE,F,F,F,T,T,TIE
1782271621.063,1774,69.22,69.26,69.26,69.26,TIE,low_O,TIE,TIE,F,F,F,TIE,TIE,TIE
1782271741.917,1775,69.26,69.31,69.29,69.3,high_C,low_O,C>O,C>P>M>O,F,F,F,T,T,F
1782271896.242,1776,69.31,69.46,69.41,69.4,high_C,low_O,C>O,C>M>P>O,F,F,F,T,T,T
1782272086.607,1777,69.46,69.47,69.47,69.46,TIE,TIE,TIE,TIE,F,F,TIE,TIE,T,T
1782272276.992,1778,69.47,69.69,69.61,69.7,high_P,low_O,P>O,P>C>M>O,F,F,F,T,F,F
1782272661.725,1779,69.69,69.66,69.68,69.68,high_O,low_C,O>C,TIE,T,T,T,F,F,TIE
1782273104.746,1780,69.66,69.62,69.67,69.68,high_P,low_C,P>C,P>M>O>C,T,F,F,F,F,F
1782273805.529,1782,69.53,69.53,69.54,69.54,TIE,TIE,TIE,TIE,TIE,F,F,F,F,TIE
1782273974.164,1783,69.53,69.45,69.48,69.49,high_O,low_C,O>C,O>P>M>C,T,T,T,F,F,F
1782274523.967,1784,69.45,69.5,69.42,69.41,high_C,low_P,C>P,C>O>M>P,F,T,T,T,T,T
1782274786.811,1785,69.5,69.38,69.42,69.5,TIE,low_C,TIE,TIE,T,T,TIE,F,F,F
1782274980.36,1786,69.38,69.25,69.29,69.28,high_O,low_C,O>C,O>M>P>C,T,T,T,F,F,T
1782275090.871,1787,69.25,69.05,69.16,69.12,high_O,low_C,O>C,O>M>P>C,T,T,T,F,F,T
1782275093.414,1788,69.05,69.0,68.97,69.0,high_O,low_M,O>M,TIE,T,T,T,T,TIE,F
1782275119.552,1789,69.0,69.02,69.0,69.02,TIE,TIE,TIE,TIE,F,TIE,F,T,TIE,F
1782275316.846,1790,69.02,69.14,69.09,69.09,high_C,low_O,C>O,TIE,F,F,F,T,T,TIE
1782275564.023,1791,69.14,69.33,69.14,69.11,high_C,low_P,C>P,TIE,F,TIE,T,T,T,T
1782275797.514,1792,69.33,69.3,69.29,69.3,high_O,low_M,O>M,TIE,T,T,T,T,TIE,F
1782276247.104,1793,69.3,69.29,69.27,69.26,high_O,low_P,O>P,O>C>M>P,T,T,T,T,T,T
1782276467.85,1794,69.29,69.57,69.49,69.55,high_C,low_O,C>O,C>P>M>O,F,F,F,T,T,F
1782276755.24,1795,69.57,69.5,69.59,69.6,high_P,low_C,P>C,P>M>O>C,T,F,F,F,F,F
1782277213.43,1796,69.5,69.57,69.5,69.5,high_C,TIE,TIE,TIE,F,TIE,TIE,T,T,TIE
1782277579.675,1797,69.57,69.5,69.57,69.62,high_P,low_C,P>C,TIE,T,TIE,F,F,F,F
1782277794.182,1798,69.5,69.72,69.57,69.72,TIE,low_O,TIE,TIE,F,F,F,T,TIE,F
1782277985.954,1799,69.72,69.74,69.75,69.76,high_P,low_O,P>O,P>M>C>O,F,F,F,F,F,F
1782278356.407,1800,69.74,69.78,69.74,69.73,high_C,low_P,C>P,TIE,F,TIE,T,T,T,T
1782278697.501,1801,69.78,69.84,69.74,69.71,high_C,low_P,C>P,C>O>M>P,F,T,T,T,T,T
1782278911.639,1802,69.84,69.93,69.89,69.88,high_C,low_O,C>O,C>M>P>O,F,F,F,T,T,T
1782279168.953,1803,69.93,70.0,69.94,69.94,high_C,low_O,C>O,TIE,F,F,F,T,T,TIE
1782279423.611,1804,70.0,70.1,70.0,70.0,high_C,TIE,TIE,TIE,F,TIE,TIE,T,T,TIE
1782279510.44,1805,70.1,70.13,70.14,70.14,TIE,low_O,TIE,TIE,F,F,F,F,F,TIE
1782279649.252,1806,70.13,69.98,70.02,70.02,high_O,low_C,O>C,TIE,T,T,T,F,F,TIE
1782280018.813,1807,69.98,70.0,69.99,69.98,high_C,TIE,TIE,TIE,F,F,TIE,T,T,T
1782280437.949,1808,70.0,69.86,69.9,69.86,high_O,TIE,TIE,TIE,T,T,T,F,TIE,T
1782280924.841,1809,69.86,69.82,69.86,69.86,TIE,low_C,TIE,TIE,T,TIE,TIE,F,F,TIE
1782281285.956,1810,69.82,69.83,69.78,69.81,high_C,low_M,C>M,C>O>P>M,F,T,T,T,T,F
1782281647.137,1811,69.83,69.87,69.91,69.94,high_P,low_O,P>O,P>M>C>O,F,F,F,F,F,F
1782282491.513,1813,69.91,69.91,69.94,69.92,high_M,TIE,TIE,TIE,TIE,F,F,F,F,T
1782282822.83,1814,69.91,69.89,69.88,69.88,high_O,TIE,TIE,TIE,T,T,T,T,T,TIE
1782283344.135,1815,69.89,69.84,69.9,69.9,TIE,low_C,TIE,TIE,T,F,F,F,F,TIE
1782283544.394,1816,69.84,69.67,69.77,69.84,TIE,low_C,TIE,TIE,T,T,TIE,F,F,F
1782283763.464,1817,69.67,69.76,69.7,69.69,high_C,low_O,C>O,C>M>P>O,F,F,F,T,T,T
1782284200.455,1818,69.76,69.7,69.72,69.72,high_O,low_C,O>C,TIE,T,T,T,F,F,TIE
1782284496.45,1819,69.7,69.63,69.7,69.7,TIE,low_C,TIE,TIE,T,TIE,TIE,F,F,TIE
1782284699.305,1820,69.63,69.67,69.6,69.62,high_C,low_M,C>M,C>O>P>M,F,T,T,T,T,F
1782284854.78,1821,69.67,69.5,69.58,69.62,high_O,low_C,O>C,O>P>M>C,T,T,T,F,F,F
1782285246.765,1822,69.5,69.64,69.58,69.59,high_C,low_O,C>O,C>P>M>O,F,F,F,T,T,F
1782285501.127,1823,69.64,69.55,69.6,69.56,high_O,low_C,O>C,O>M>P>C,T,T,T,F,F,T
1782285769.707,1824,69.55,69.57,69.6,69.6,TIE,low_O,TIE,TIE,F,F,F,F,F,TIE
1782285970.711,1825,69.57,69.52,69.6,69.65,high_P,low_C,P>C,P>M>O>C,T,F,F,F,F,F
1782286327.992,1826,69.52,69.51,69.55,69.56,high_P,low_C,P>C,P>M>O>C,T,F,F,F,F,F
1782286742.557,1828,69.46,69.46,69.4,69.38,TIE,low_P,TIE,TIE,TIE,T,T,T,T,T
1782287073.662,1829,69.46,69.48,69.47,69.46,high_C,TIE,TIE,TIE,F,F,TIE,T,T,T
1782287324.268,1830,69.48,69.4,69.49,69.5,high_P,low_C,P>C,P>M>O>C,T,F,F,F,F,F
1782287440.059,1831,69.4,69.39,69.36,69.36,high_O,TIE,TIE,TIE,T,T,T,T,T,TIE
1782287618.965,1832,69.39,69.29,69.32,69.35,high_O,low_C,O>C,O>P>M>C,T,T,T,F,F,F
1782287777.142,1833,69.29,69.3,69.28,69.31,high_P,low_M,P>M,P>C>O>M,F,T,F,T,F,F
1782288060.111,1834,69.3,69.29,69.32,69.32,TIE,low_C,TIE,TIE,T,F,F,F,F,TIE
1782288275.847,1835,69.29,69.41,69.38,69.39,high_C,low_O,C>O,C>P>M>O,F,F,F,T,T,F
1782288422.182,1836,69.41,69.3,69.39,69.39,high_O,low_C,O>C,TIE,T,T,T,F,F,TIE
1782288677.306,1837,69.3,69.28,69.3,69.3,TIE,low_C,TIE,TIE,T,TIE,TIE,F,F,TIE
1782288934.348,1838,69.28,69.31,69.27,69.29,high_C,low_M,C>M,C>P>O>M,F,T,F,T,T,F
1782289162.69,1839,69.31,69.34,69.32,69.34,TIE,low_O,TIE,TIE,F,F,F,T,TIE,F
1782289570.806,1841,69.36,69.36,69.36,69.36,TIE,TIE,TIE,TIE,TIE,TIE,TIE,TIE,TIE,TIE
1782289927.66,1842,69.36,69.43,69.39,69.39,high_C,low_O,C>O,TIE,F,F,F,T,T,TIE
1782290032.593,1843,69.43,69.57,69.55,69.56,high_C,low_O,C>O,C>P>M>O,F,F,F,T,T,F
1782290173.591,1844,69.57,69.48,69.5,69.48,high_O,TIE,TIE,TIE,T,T,T,F,TIE,T
1782290445.092,1845,69.48,69.37,69.44,69.45,high_O,low_C,O>C,O>P>M>C,T,T,T,F,F,F
1782290762.932,1846,69.37,69.41,69.42,69.42,TIE,low_O,TIE,TIE,F,F,F,F,F,TIE
1782291077.01,1847,69.41,69.34,69.38,69.38,high_O,low_C,O>C,TIE,T,T,T,F,F,TIE
1782291716.272,1849,69.4,69.4,69.42,69.42,TIE,TIE,TIE,TIE,TIE,F,F,F,F,TIE
1782291895.452,1850,69.4,69.43,69.3,69.3,high_C,TIE,TIE,TIE,F,T,T,T,T,TIE
1782292171.163,1851,69.43,69.37,69.45,69.49,high_P,low_C,P>C,P>M>O>C,T,F,F,F,F,F
1782292358.873,1852,69.37,69.29,69.31,69.3,high_O,low_C,O>C,O>M>P>C,T,T,T,F,F,T
1782292580.876,1853,69.29,69.41,69.35,69.35,high_C,low_O,C>O,TIE,F,F,F,T,T,TIE
1782292622.969,1854,69.41,69.35,69.4,69.41,TIE,low_C,TIE,TIE,T,T,TIE,F,F,F
1782292700.074,1855,69.35,69.46,69.37,69.37,high_C,low_O,C>O,TIE,F,F,F,T,T,TIE
1782293203.091,1856,69.46,69.41,69.41,69.4,high_O,low_P,O>P,TIE,T,T,T,TIE,T,T
1782293467.329,1857,69.41,69.24,69.28,69.24,high_O,TIE,TIE,TIE,T,T,T,F,TIE,T
1782293662.67,1858,69.24,69.32,69.23,69.19,high_C,low_P,C>P,C>O>M>P,F,T,T,T,T,T
1782294061.515,1859,69.32,69.23,69.25,69.23,high_O,TIE,TIE,TIE,T,T,T,F,TIE,T
1782294438.406,1860,69.23,69.25,69.21,69.2,high_C,low_P,C>P,C>O>M>P,F,T,T,T,T,T
1782295040.919,1861,69.25,69.3,69.29,69.3,TIE,low_O,TIE,TIE,F,F,F,T,TIE,F
1782295417.271,1862,69.3,69.2,69.22,69.2,high_O,TIE,TIE,TIE,T,T,T,F,TIE,T
1782295699.017,1863,69.2,69.28,69.23,69.22,high_C,low_O,C>O,C>M>P>O,F,F,F,T,T,T
1782295857.609,1864,69.28,69.07,69.14,69.09,high_O,low_C,O>C,O>M>P>C,T,T,T,F,F,T
1782296342.105,1866,69.19,69.19,69.18,69.19,TIE,low_M,TIE,TIE,TIE,T,TIE,T,TIE,F
1782296377.295,1867,69.19,69.0,69.06,69.12,high_O,low_C,O>C,O>P>M>C,T,T,T,F,F,F
1782296390.067,1868,69.0,68.94,68.97,69.0,TIE,low_C,TIE,TIE,T,T,TIE,F,F,F
1782296490.169,1870,69.0,69.0,68.96,68.92,TIE,low_P,TIE,TIE,TIE,T,T,T,T,T
1782296626.969,1871,69.0,68.98,69.03,69.01,high_M,low_C,M>C,M>P>O>C,T,F,F,F,F,T
1782296799.928,1872,68.98,69.07,69.04,69.07,TIE,low_O,TIE,TIE,F,F,F,T,TIE,F
1782297096.419,1873,69.07,69.12,69.09,69.09,high_C,low_O,C>O,TIE,F,F,F,T,T,TIE
1782297308.516,1874,69.12,69.14,69.16,69.16,TIE,low_O,TIE,TIE,F,F,F,F,F,TIE
1782297642.97,1875,69.14,69.08,69.1,69.1,high_O,low_C,O>C,TIE,T,T,T,F,F,TIE
1782297739.507,1876,69.08,69.14,69.11,69.15,high_P,low_O,P>O,P>C>M>O,F,F,F,T,F,F
1782297830.238,1877,69.14,69.15,69.15,69.15,TIE,low_O,TIE,TIE,F,F,F,TIE,TIE,TIE
1782297988.717,1878,69.15,69.11,69.17,69.17,TIE,low_C,TIE,TIE,T,F,F,F,F,TIE
1782298295.862,1879,69.11,69.06,69.05,69.05,high_O,TIE,TIE,TIE,T,T,T,T,T,TIE
1782298579.509,1880,69.06,69.0,69.01,69.0,high_O,TIE,TIE,TIE,T,T,T,F,TIE,T
1782298718.857,1881,69.0,69.02,69.01,69.03,high_P,low_O,P>O,P>C>M>O,F,F,F,T,F,F
1782298921.897,1882,69.02,69.08,69.02,69.0,high_C,low_P,C>P,TIE,F,TIE,T,T,T,T
1782299102.76,1883,69.08,69.05,69.05,69.05,high_O,TIE,TIE,TIE,T,T,T,TIE,TIE,TIE
1782299241.048,1884,69.05,68.92,68.95,68.95,high_O,low_C,O>C,TIE,T,T,T,F,F,TIE
1782299277.789,1885,68.92,68.89,68.88,68.88,high_O,TIE,TIE,TIE,T,T,T,T,T,TIE
1782299319.388,1886,68.89,68.84,68.84,68.84,high_O,TIE,TIE,TIE,T,T,T,TIE,TIE,TIE
1782299431.125,1887,68.84,68.9,68.88,68.88,high_C,low_O,C>O,TIE,F,F,F,T,T,TIE
1782299530.638,1888,68.9,68.93,68.95,68.96,high_P,low_O,P>O,P>M>C>O,F,F,F,F,F,F
1782299702.131,1889,68.93,68.86,68.94,68.96,high_P,low_C,P>C,P>M>O>C,T,F,F,F,F,F
1782299753.498,1890,68.86,68.8,68.81,68.8,high_O,TIE,TIE,TIE,T,T,T,F,TIE,T
1782299819.013,1891,68.8,68.87,68.82,68.79,high_C,low_P,C>P,C>M>O>P,F,F,T,T,T,T
1782299945.599,1892,68.87,68.88,68.87,68.89,high_P,TIE,TIE,TIE,F,TIE,F,T,F,F
1782300087.957,1893,68.88,68.79,68.78,68.78,high_O,TIE,TIE,TIE,T,T,T,T,T,TIE
1782300270.507,1894,68.79,68.82,68.8,68.81,high_C,low_O,C>O,C>P>M>O,F,F,F,T,T,F
1782300490.072,1895,68.82,68.89,68.89,68.91,high_P,low_O,P>O,TIE,F,F,F,TIE,F,F
1782300808.947,1896,68.89,68.96,68.89,68.86,high_C,low_P,C>P,TIE,F,TIE,T,T,T,T
1782300998.58,1897,68.96,69.05,69.0,69.0,high_C,low_O,C>O,TIE,F,F,F,T,T,TIE
1782301025.168,1898,69.05,69.15,69.11,69.12,high_C,low_O,C>O,C>P>M>O,F,F,F,T,T,F
1782301039.667,1899,69.15,69.33,69.23,69.29,high_C,low_O,C>O,C>P>M>O,F,F,F,T,T,F
1782301115.726,1900,69.33,69.24,69.3,69.29,high_O,low_C,O>C,O>M>P>C,T,T,T,F,F,T
1782301163.285,1901,69.24,69.26,69.28,69.26,high_M,low_O,M>O,TIE,F,F,F,F,TIE,T
1782301322.967,1902,69.26,69.37,69.27,69.26,high_C,TIE,TIE,TIE,F,F,TIE,T,T,T
1782301412.284,1903,69.37,69.38,69.35,69.35,high_C,TIE,TIE,TIE,F,T,T,T,T,TIE
1782301431.029,1904,69.38,69.53,69.45,69.42,high_C,low_O,C>O,C>M>P>O,F,F,F,T,T,T
1782301468.794,1905,69.53,69.49,69.47,69.49,high_O,low_M,O>M,TIE,T,T,T,T,TIE,F
1782301511.795,1906,69.49,69.53,69.51,69.51,high_C,low_O,C>O,TIE,F,F,F,T,T,TIE
1782301621.728,1907,69.53,69.48,69.49,69.49,high_O,low_C,O>C,TIE,T,T,T,F,F,TIE
1782301705.665,1908,69.48,69.6,69.49,69.49,high_C,low_O,C>O,TIE,F,F,F,T,T,TIE
1782301721.637,1909,69.6,69.71,69.68,69.7,high_C,low_O,C>O,C>P>M>O,F,F,F,T,T,F
1782301732.247,1910,69.71,69.87,69.79,69.88,high_P,low_O,P>O,P>C>M>O,F,F,F,T,F,F
1782301751.176,1911,69.87,69.94,69.88,69.88,high_C,low_O,C>O,TIE,F,F,F,T,T,TIE
1782301756.784,1912,69.94,70.11,70.0,70.0,high_C,low_O,C>O,TIE,F,F,F,T,T,TIE
1782301760.059,1913,70.11,70.08,70.11,70.12,high_P,low_C,P>C,TIE,T,TIE,F,F,F,F
1782301770.829,1914,70.08,70.25,70.17,70.15,high_C,low_O,C>O,C>M>P>O,F,F,F,T,T,T
1782301775.58,1915,70.25,70.36,70.31,70.28,high_C,low_O,C>O,C>M>P>O,F,F,F,T,T,T
1782301783.249,1916,70.36,70.28,70.31,70.34,high_O,low_C,O>C,O>P>M>C,T,T,T,F,F,F
1782301797.43,1917,70.28,70.16,70.25,70.26,high_O,low_C,O>C,O>P>M>C,T,T,T,F,F,F
1782301819.908,1918,70.16,70.08,70.14,70.14,high_O,low_C,O>C,TIE,T,T,T,F,F,TIE
1782301846.929,1919,70.08,70.04,70.06,70.06,high_O,low_C,O>C,TIE,T,T,T,F,F,TIE
1782301897.544,1920,70.04,69.89,69.96,69.96,high_O,low_C,O>C,TIE,T,T,T,F,F,TIE
1782301962.015,1921,69.89,69.92,69.91,69.9,high_C,low_O,C>O,C>M>P>O,F,F,F,T,T,T
1782302051.755,1922,69.92,69.87,69.9,69.9,high_O,low_C,O>C,TIE,T,T,T,F,F,TIE
1782302092.947,1923,69.87,69.88,69.88,69.88,TIE,low_O,TIE,TIE,F,F,F,TIE,TIE,TIE
1782302164.642,1924,69.88,69.75,69.76,69.74,high_O,low_P,O>P,O>M>C>P,T,T,T,F,T,T
1782302408.982,1926,69.78,69.78,69.77,69.78,TIE,low_M,TIE,TIE,TIE,T,TIE,T,TIE,F
1782302513.072,1927,69.78,69.64,69.67,69.66,high_O,low_C,O>C,O>M>P>C,T,T,T,F,F,T
1782302627.209,1928,69.64,69.77,69.7,69.69,high_C,low_O,C>O,C>M>P>O,F,F,F,T,T,T
1782302675.752,1929,69.77,69.81,69.79,69.78,high_C,low_O,C>O,C>M>P>O,F,F,F,T,T,T
1782302781.037,1930,69.81,69.78,69.81,69.85,high_P,low_C,P>C,TIE,T,TIE,F,F,F,F
1782303007.174,1931,69.78,69.79,69.74,69.72,high_C,low_P,C>P,C>O>M>P,F,T,T,T,T,T
1782303180.337,1932,69.79,69.83,69.8,69.74,high_C,low_P,C>P,C>M>O>P,F,F,T,T,T,T
1782303323.816,1933,69.83,69.8,69.82,69.82,high_O,low_C,O>C,TIE,T,T,T,F,F,TIE
1782303399.81,1934,69.8,69.78,69.73,69.7,high_O,low_P,O>P,O>C>M>P,T,T,T,T,T,T
1782303738.697,1936,69.8,69.8,69.82,69.82,TIE,TIE,TIE,TIE,TIE,F,F,F,F,TIE
1782303830.445,1937,69.8,69.7,69.74,69.74,high_O,low_C,O>C,TIE,T,T,T,F,F,TIE
1782303962.056,1938,69.7,69.64,69.68,69.68,high_O,low_C,O>C,TIE,T,T,T,F,F,TIE
1782304132.31,1939,69.64,69.7,69.63,69.63,high_C,TIE,TIE,TIE,F,T,T,T,T,TIE
1782304334.383,1940,69.7,69.57,69.7,69.74,high_P,low_C,P>C,TIE,T,TIE,F,F,F,F
1782304554.427,1941,69.57,69.6,69.68,69.68,TIE,low_O,TIE,TIE,F,F,F,F,F,TIE
1782304859.856,1942,69.6,69.73,69.74,69.75,high_P,low_O,P>O,P>M>C>O,F,F,F,F,F,F
1782305351.013,1943,69.73,69.64,69.68,69.68,high_O,low_C,O>C,TIE,T,T,T,F,F,TIE
1782305468.212,1944,69.63,69.46,69.5,69.49,high_O,low_C,O>C,O>M>P>C,T,T,T,F,F,T
1782305627.983,1945,69.46,69.55,69.47,69.47,high_C,low_O,C>O,TIE,F,F,F,T,T,TIE
1782305796.167,1946,69.55,69.46,69.48,69.46,high_O,TIE,TIE,TIE,T,T,T,F,TIE,T
1782305931.986,1947,69.46,69.42,69.42,69.41,high_O,low_P,O>P,TIE,T,T,T,TIE,T,T
1782306049.842,1948,69.42,69.33,69.35,69.42,TIE,low_C,TIE,TIE,T,T,TIE,F,F,F
1782306101.169,1949,69.33,69.25,69.28,69.26,high_O,low_C,O>C,O>M>P>C,T,T,T,F,F,T
1782306200.01,1950,69.25,69.23,69.27,69.29,high_P,low_C,P>C,P>M>O>C,T,F,F,F,F,F
1782306267.101,1951,69.22,69.14,69.19,69.2,high_O,low_C,O>C,O>P>M>C,T,T,T,F,F,F
1782306308.185,1952,69.14,69.13,69.11,69.11,high_O,TIE,TIE,TIE,T,T,T,T,T,TIE
1782306383.331,1953,69.13,69.1,69.13,69.13,TIE,low_C,TIE,TIE,T,TIE,TIE,F,F,TIE
1782306402.799,1954,69.1,68.91,68.99,69.1,TIE,low_C,TIE,TIE,T,T,TIE,F,F,F
1782306424.71,1955,68.91,68.95,68.91,68.91,high_C,TIE,TIE,TIE,F,TIE,TIE,T,T,TIE
1782306481.236,1956,68.95,69.11,69.06,69.08,high_C,low_O,C>O,C>P>M>O,F,F,F,T,T,F
1782306544.329,1957,69.1,68.94,69.01,69.01,high_O,low_C,O>C,TIE,T,T,T,F,F,TIE
1782306629.738,1958,68.94,68.89,68.94,68.94,TIE,low_C,TIE,TIE,T,TIE,TIE,F,F,TIE
1782306655.929,1959,68.89,68.83,68.86,68.87,high_O,low_C,O>C,O>P>M>C,T,T,T,F,F,F
1782306675.9,1960,68.83,68.79,68.81,68.8,high_O,low_C,O>C,O>M>P>C,T,T,T,F,F,T
1782306737.968,1961,68.79,68.77,68.79,68.77,TIE,TIE,TIE,TIE,T,TIE,T,F,TIE,T
1782306752.064,1962,68.77,68.65,68.69,68.68,high_O,low_C,O>C,O>M>P>C,T,T,T,F,F,T
1782306752.129,1963,68.65,68.63,68.61,68.63,high_O,low_M,O>M,TIE,T,T,T,T,TIE,F
1782306754.224,1964,68.63,68.6,68.61,68.61,high_O,low_C,O>C,TIE,T,T,T,F,F,TIE
1782306758.975,1965,68.6,68.59,68.57,68.57,high_O,TIE,TIE,TIE,T,T,T,T,T,TIE
1782306793.456,1966,68.59,68.6,68.61,68.61,TIE,low_O,TIE,TIE,F,F,F,F,F,TIE
1782306835.001,1967,68.6,68.67,68.67,68.69,high_P,low_O,P>O,TIE,F,F,F,TIE,F,F
1782306879.026,1968,68.67,68.7,68.67,68.65,high_C,low_P,C>P,TIE,F,TIE,T,T,T,T
1782306954.593,1969,68.7,68.73,68.73,68.73,TIE,low_O,TIE,TIE,F,F,F,TIE,TIE,TIE
1782307042.48,1970,68.73,68.74,68.71,68.66,high_C,low_P,C>P,C>O>M>P,F,T,T,T,T,T
1782307115.204,1971,68.74,68.78,68.78,68.79,high_P,low_O,P>O,TIE,F,F,F,TIE,F,F
1782307197.389,1972,68.78,68.88,68.83,68.88,TIE,low_O,TIE,TIE,F,F,F,T,TIE,F
1782307300.246,1973,68.88,68.78,68.82,68.82,high_O,low_C,O>C,TIE,T,T,T,F,F,TIE
1782307345.724,1974,68.78,68.57,68.66,68.64,high_O,low_C,O>C,O>M>P>C,T,T,T,F,F,T
1782307353.88,1975,68.57,68.41,68.48,68.41,high_O,TIE,TIE,TIE,T,T,T,F,TIE,T
1782307366.344,1976,68.41,68.45,68.46,68.45,high_M,low_O,M>O,TIE,F,F,F,F,TIE,T
1782307380.247,1977,68.45,68.33,68.4,68.42,high_O,low_C,O>C,O>P>M>C,T,T,T,F,F,F
1782307403.518,1978,68.33,68.44,68.44,68.45,high_P,low_O,P>O,TIE,F,F,F,TIE,F,F
1782307417.346,1979,68.44,68.37,68.37,68.36,high_O,low_P,O>P,TIE,T,T,T,TIE,T,T
1782307452.085,1980,68.37,68.52,68.41,68.36,high_C,low_P,C>P,C>M>O>P,F,F,T,T,T,T
1782307528.437,1982,68.68,68.68,68.66,68.65,TIE,low_P,TIE,TIE,TIE,T,T,T,T,T
1782307554.909,1983,68.68,68.85,68.77,68.83,high_C,low_O,C>O,C>P>M>O,F,F,F,T,T,F
1782307577.122,1984,68.85,68.89,68.84,68.82,high_C,low_P,C>P,C>O>M>P,F,T,T,T,T,T
1782307620.037,1985,68.89,68.87,68.85,68.83,high_O,low_P,O>P,O>C>M>P,T,T,T,T,T,T
1782307655.032,1986,68.87,68.9,68.87,68.88,high_C,TIE,TIE,TIE,F,TIE,F,T,T,F
1782307743.028,1987,68.9,68.91,68.88,68.86,high_C,low_P,C>P,C>O>M>P,F,T,T,T,T,T
1782307802.051,1988,68.91,68.77,68.91,68.96,high_P,low_C,P>C,TIE,T,TIE,F,F,F,F
1782307816.177,1989,68.77,68.74,68.72,68.7,high_O,low_P,O>P,O>C>M>P,T,T,T,T,T,T
1782307863.619,1990,68.74,68.79,68.76,68.78,high_C,low_O,C>O,C>P>M>O,F,F,F,T,T,F
1782307936.3,1991,68.79,68.77,68.8,68.82,high_P,low_C,P>C,P>M>O>C,T,F,F,F,F,F
1782307961.379,1992,68.77,68.93,68.83,68.7,high_C,low_P,C>P,C>M>O>P,F,F,T,T,T,T
1782307986.395,1993,68.93,69.13,69.08,69.0,high_C,low_O,C>O,C>M>P>O,F,F,F,T,T,T
1782307998.094,1994,69.13,69.44,69.34,69.42,high_C,low_O,C>O,C>P>M>O,F,F,F,T,T,F
1782308032.874,1995,69.44,69.27,69.32,69.32,high_O,low_C,O>C,TIE,T,T,T,F,F,TIE
1782308070.116,1996,69.27,69.38,69.39,69.4,high_P,low_O,P>O,P>M>C>O,F,F,F,F,F,F
1782308124.328,1997,69.38,69.29,69.29,69.29,high_O,TIE,TIE,TIE,T,T,T,TIE,TIE,TIE
1782308134.755,1998,69.29,69.28,69.22,69.28,high_O,low_M,O>M,TIE,T,T,T,T,TIE,F
1782308195.991,1999,69.28,69.16,69.3,69.21,high_M,low_C,M>C,M>O>P>C,T,F,T,F,F,T
1782308230.399,2000,69.16,69.06,69.06,69.06,high_O,TIE,TIE,TIE,T,T,T,TIE,TIE,TIE
1782308329.317,2001,69.06,69.08,69.11,69.1,high_M,low_O,M>O,M>P>C>O,F,F,F,F,F,T
1782308424.381,2002,69.08,69.0,69.03,69.0,high_O,TIE,TIE,TIE,T,T,T,F,TIE,T
1782308467.756,2003,69.0,68.86,68.92,68.9,high_O,low_C,O>C,O>M>P>C,T,T,T,F,F,T
1782308509.222,2004,68.86,68.83,68.82,68.81,high_O,low_P,O>P,O>C>M>P,T,T,T,T,T,T
1782308575.794,2005,68.83,68.75,68.81,68.83,TIE,low_C,TIE,TIE,T,T,TIE,F,F,F
1782308640.693,2006,68.75,68.66,68.66,68.66,high_O,TIE,TIE,TIE,T,T,T,TIE,TIE,TIE
1782308706.417,2007,68.66,68.82,68.7,68.67,high_C,low_O,C>O,C>M>P>O,F,F,F,T,T,T
1782308730.427,2008,68.82,68.84,68.79,68.76,high_C,low_P,C>P,C>O>M>P,F,T,T,T,T,T
1782308760.202,2009,68.84,68.68,68.84,68.86,high_P,low_C,P>C,TIE,T,TIE,F,F,F,F
1782308776.307,2010,68.68,68.73,68.67,68.65,high_C,low_P,C>P,C>O>M>P,F,T,T,T,T,T
1782308808.404,2011,68.73,68.8,68.73,68.73,high_C,TIE,TIE,TIE,F,TIE,TIE,T,T,TIE
1782308871.403,2012,68.8,68.84,68.78,68.78,high_C,TIE,TIE,TIE,F,T,T,T,T,TIE
1782308940.138,2013,68.84,68.71,68.71,68.65,high_O,low_P,O>P,TIE,T,T,T,TIE,T,T
1782308969.376,2014,68.71,68.93,68.85,68.92,high_C,low_O,C>O,C>P>M>O,F,F,F,T,T,F
1782309011.969,2015,68.93,69.01,68.96,68.98,high_C,low_O,C>O,C>P>M>O,F,F,F,T,T,F
1782309062.927,2016,69.01,69.1,69.09,69.11,high_P,low_O,P>O,P>C>M>O,F,F,F,T,F,F
1782309099.388,2017,69.1,69.23,69.2,69.19,high_C,low_O,C>O,C>M>P>O,F,F,F,T,T,T
1782309183.57,2018,69.23,69.19,69.19,69.22,high_O,TIE,TIE,TIE,T,T,T,TIE,F,F
1782309336.352,2019,69.19,68.95,69.05,69.0,high_O,low_C,O>C,O>M>P>C,T,T,T,F,F,T
1782309502.991,2020,68.95,68.91,68.88,68.9,high_O,low_M,O>M,O>C>P>M,T,T,T,T,T,F
1782309616.02,2021,68.91,68.83,68.85,68.85,high_O,low_C,O>C,TIE,T,T,T,F,F,TIE
1782309723.31,2022,68.83,68.74,68.83,68.83,TIE,low_C,TIE,TIE,T,TIE,TIE,F,F,TIE
1782309790.134,2023,68.74,68.9,68.75,68.75,high_C,low_O,C>O,TIE,F,F,F,T,T,TIE
1782309901.424,2024,68.9,68.79,68.83,68.83,high_O,low_C,O>C,TIE,T,T,T,F,F,TIE
1782310006.017,2025,68.79,68.92,68.96,68.97,high_P,low_O,P>O,P>M>C>O,F,F,F,F,F,F
1782310115.169,2026,68.92,68.98,69.02,69.09,high_P,low_O,P>O,P>M>C>O,F,F,F,F,F,F
1782310135.4,2027,68.98,68.79,68.8,68.8,high_O,low_C,O>C,TIE,T,T,T,F,F,TIE
1782310254.001,2028,68.79,69.1,68.98,69.13,high_P,low_O,P>O,P>C>M>O,F,F,F,T,F,F
1782310358.126,2029,69.1,68.84,68.92,68.9,high_O,low_C,O>C,O>M>P>C,T,T,T,F,F,T
1782310460.297,2030,68.84,68.68,68.79,68.79,high_O,low_C,O>C,TIE,T,T,T,F,F,TIE
1782310493.642,2031,68.68,68.88,68.72,68.88,TIE,low_O,TIE,TIE,F,F,F,T,TIE,F
1782310635.135,2032,68.88,68.71,68.88,68.88,TIE,low_C,TIE,TIE,T,TIE,TIE,F,F,TIE
1782310752.34,2033,68.71,68.61,68.73,68.71,high_M,low_C,M>C,TIE,T,F,TIE,F,F,T
1782310806.41,2034,68.61,68.71,68.69,68.7,high_C,low_O,C>O,C>P>M>O,F,F,F,T,T,F
1782310845.743,2035,68.71,68.56,68.63,68.63,high_O,low_C,O>C,TIE,T,T,T,F,F,TIE
1782310913.357,2036,68.56,68.7,68.67,68.74,high_P,low_O,P>O,P>C>M>O,F,F,F,T,F,F
1782310992.409,2037,68.7,68.91,68.81,68.79,high_C,low_O,C>O,C>M>P>O,F,F,F,T,T,T
1782311108.777,2038,68.91,68.99,68.94,68.95,high_C,low_O,C>O,C>P>M>O,F,F,F,T,T,F
1782311245.746,2039,68.99,68.92,68.98,69.0,high_P,low_C,P>C,P>O>M>C,T,T,F,F,F,F
1782311424.956,2040,68.92,69.17,69.01,69.0,high_C,low_O,C>O,C>M>P>O,F,F,F,T,T,T
1782311483.067,2041,69.17,69.27,69.23,69.25,high_C,low_O,C>O,C>P>M>O,F,F,F,T,T,F
1782311605.39,2042,69.27,69.18,69.21,69.27,TIE,low_C,TIE,TIE,T,T,TIE,F,F,F
1782311768.294,2043,69.18,69.29,69.27,69.3,high_P,low_O,P>O,P>C>M>O,F,F,F,T,F,F
1782311971.509,2044,69.29,68.95,69.18,69.21,high_O,low_C,O>C,O>P>M>C,T,T,T,F,F,F
1782312178.719,2045,68.95,68.78,68.9,68.9,high_O,low_C,O>C,TIE,T,T,T,F,F,TIE
1782312440.201,2046,68.78,69.1,69.01,68.99,high_C,low_O,C>O,C>M>P>O,F,F,F,T,T,T
1782312803.539,2047,69.1,68.95,69.04,69.05,high_O,low_C,O>C,O>P>M>C,T,T,T,F,F,F
1782313025.189,2048,68.95,68.86,68.8,68.8,high_O,TIE,TIE,TIE,T,T,T,T,T,TIE
1782313209.728,2049,68.86,68.8,68.8,68.8,high_O,TIE,TIE,TIE,T,T,T,TIE,TIE,TIE
1782313412.545,2050,68.8,68.63,68.75,68.8,TIE,low_C,TIE,TIE,T,T,TIE,F,F,F
1782313642.057,2051,68.63,68.55,68.67,68.65,high_M,low_C,M>C,M>P>O>C,T,F,F,F,F,T
1782313743.472,2052,68.55,68.47,68.5,68.5,high_O,low_C,O>C,TIE,T,T,T,F,F,TIE
1782313950.51,2053,68.47,68.33,68.51,68.33,high_M,TIE,TIE,TIE,T,F,T,F,TIE,T
1782314226.723,2055,68.34,68.34,68.38,68.39,high_P,TIE,TIE,TIE,TIE,F,F,F,F,F
1782314470.998,2056,68.34,68.45,68.4,68.4,high_C,low_O,C>O,TIE,F,F,F,T,T,TIE
1782314693.798,2057,68.44,68.4,68.54,68.6,high_P,low_C,P>C,P>M>O>C,T,F,F,F,F,F
1782314925.851,2058,68.4,68.35,68.38,68.39,high_O,low_C,O>C,O>P>M>C,T,T,T,F,F,F
1782315196.612,2059,68.35,68.21,68.31,68.3,high_O,low_C,O>C,O>M>P>C,T,T,T,F,F,T
1782315204.377,2060,68.21,68.0,68.11,68.21,TIE,low_C,TIE,TIE,T,T,TIE,F,F,F
1782315211.651,2061,68.0,68.08,68.0,68.0,high_C,TIE,TIE,TIE,F,TIE,TIE,T,T,TIE
1782315326.827,2062,68.08,68.1,68.08,68.07,high_C,low_P,C>P,TIE,F,TIE,T,T,T,T
1782315468.688,2063,68.1,68.06,68.04,68.0,high_O,low_P,O>P,O>C>M>P,T,T,T,T,T,T
1782315631.421,2064,68.06,68.02,68.0,67.99,high_O,low_P,O>P,O>C>M>P,T,T,T,T,T,T
1782315743.987,2065,68.02,67.86,67.89,67.87,high_O,low_C,O>C,O>M>P>C,T,T,T,F,F,T
1782315778.075,2066,67.86,67.66,67.79,67.8,high_O,low_C,O>C,O>P>M>C,T,T,T,F,F,F
1782315808.595,2067,67.66,67.72,67.72,67.72,TIE,low_O,TIE,TIE,F,F,F,TIE,TIE,TIE
1782315903.335,2068,67.72,67.68,67.71,67.72,TIE,low_C,TIE,TIE,T,T,TIE,F,F,F
1782315927.48,2069,67.68,67.52,67.57,67.55,high_O,low_C,O>C,O>M>P>C,T,T,T,F,F,T
1782315943.223,2070,67.52,67.46,67.48,67.45,high_O,low_P,O>P,O>M>C>P,T,T,T,F,T,T
1782316004.302,2071,67.46,67.38,67.43,67.47,high_P,low_C,P>C,P>O>M>C,T,T,F,F,F,F
1782316070.495,2072,67.38,67.34,67.34,67.33,high_O,low_P,O>P,TIE,T,T,T,TIE,T,T
1782316165.093,2073,67.34,67.43,67.42,67.42,high_C,low_O,C>O,TIE,F,F,F,T,T,TIE
1782316536.981,2075,67.46,67.46,67.5,67.53,high_P,TIE,TIE,TIE,TIE,F,F,F,F,F
1782316721.195,2076,67.46,67.25,67.33,67.35,high_O,low_C,O>C,O>P>M>C,T,T,T,F,F,F
1782316864.346,2077,67.25,67.44,67.44,67.47,high_P,low_O,P>O,TIE,F,F,F,TIE,F,F
1782317140.804,2078,67.44,67.45,67.43,67.43,high_C,TIE,TIE,TIE,F,T,T,T,T,TIE
1782317350.6,2079,67.45,67.37,67.45,67.42,TIE,low_C,TIE,TIE,T,TIE,T,F,F,T
1782317520.408,2080,67.37,67.51,67.45,67.44,high_C,low_O,C>O,C>M>P>O,F,F,F,T,T,T
1782317681.929,2081,67.51,67.65,67.57,67.56,high_C,low_O,C>O,C>M>P>O,F,F,F,T,T,T
1782317866.698,2082,67.65,67.6,67.67,67.66,high_M,low_C,M>C,M>P>O>C,T,F,F,F,F,T
1782318024.782,2083,67.6,67.62,67.66,67.68,high_P,low_O,P>O,P>M>C>O,F,F,F,F,F,F
1782318146.647,2084,67.62,67.34,67.4,67.35,high_O,low_C,O>C,O>M>P>C,T,T,T,F,F,T
1782318203.232,2085,67.34,67.95,67.73,67.74,high_C,low_O,C>O,C>P>M>O,F,F,F,T,T,F
1782318342.16,2086,67.95,67.65,67.89,67.94,high_O,low_C,O>C,O>P>M>C,T,T,T,F,F,F
1782318664.599,2087,67.65,67.79,67.67,67.61,high_C,low_P,C>P,C>M>O>P,F,F,T,T,T,T
1782319051.747,2088,67.79,67.59,67.76,67.76,high_O,low_C,O>C,TIE,T,T,T,F,F,TIE
1782319239.606,2089,67.59,67.44,67.49,67.48,high_O,low_C,O>C,O>M>P>C,T,T,T,F,F,T
1782319411.058,2090,67.44,67.34,67.42,67.41,high_O,low_C,O>C,O>M>P>C,T,T,T,F,F,T
1782319515.352,2091,67.34,67.16,67.29,67.29,high_O,low_C,O>C,TIE,T,T,T,F,F,TIE
1782319588.942,2092,67.16,67.07,67.13,67.13,high_O,low_C,O>C,TIE,T,T,T,F,F,TIE
1782319615.621,2093,67.07,67.02,67.0,67.0,high_O,TIE,TIE,TIE,T,T,T,T,T,TIE
1782319676.86,2094,67.02,66.91,66.94,66.92,high_O,low_C,O>C,O>M>P>C,T,T,T,F,F,T
1782319813.626,2095,66.91,66.96,66.93,66.91,high_C,TIE,TIE,TIE,F,F,TIE,T,T,T
1782319869.256,2096,66.96,66.61,66.6,66.6,high_O,TIE,TIE,TIE,T,T,T,T,T,TIE
1782319874.104,2097,66.61,66.39,66.42,66.41,high_O,low_C,O>C,O>M>P>C,T,T,T,F,F,T
1782319887.46,2098,66.39,66.44,66.41,66.4,high_C,low_O,C>O,C>M>P>O,F,F,F,T,T,T
1782319909.655,2099,66.44,66.3,66.42,66.45,high_P,low_C,P>C,P>O>M>C,T,T,F,F,F,F
1782319909.678,2100,66.3,66.5,66.43,66.5,TIE,low_O,TIE,TIE,F,F,F,T,TIE,F
1782319917.47,2101,66.5,66.38,66.49,66.5,TIE,low_C,TIE,TIE,T,T,TIE,F,F,F
1782319932.006,2102,66.38,66.63,66.61,66.61,high_C,low_O,C>O,TIE,F,F,F,T,T,TIE
1782319981.112,2103,66.63,66.7,66.71,66.7,high_M,low_O,M>O,TIE,F,F,F,F,TIE,T
1782320083.546,2104,66.7,66.67,66.71,66.7,high_M,low_C,M>C,TIE,T,F,TIE,F,F,T
1782320108.006,2105,66.67,66.5,66.5,66.5,high_O,TIE,TIE,TIE,T,T,T,TIE,TIE,TIE
1782320119.621,2106,66.5,66.43,66.5,66.5,TIE,low_C,TIE,TIE,T,TIE,TIE,F,F,TIE
1782320200.862,2107,66.43,66.39,66.43,66.43,TIE,low_C,TIE,TIE,T,TIE,TIE,F,F,TIE
1782320285.967,2108,66.39,66.46,66.33,66.38,high_C,low_M,C>M,C>O>P>M,F,T,T,T,T,F
1782320428.284,2109,66.46,66.58,66.52,66.5,high_C,low_O,C>O,C>M>P>O,F,F,F,T,T,T
1782320562.055,2110,66.58,66.84,66.7,66.7,high_C,low_O,C>O,TIE,F,F,F,T,T,TIE
1782320704.06,2111,66.84,66.75,66.84,66.85,high_P,low_C,P>C,TIE,T,TIE,F,F,F,F
1782320814.624,2112,66.75,66.32,66.54,66.55,high_O,low_C,O>C,O>P>M>C,T,T,T,F,F,F
1782320923.815,2113,66.32,66.37,66.34,66.33,high_C,low_O,C>O,C>M>P>O,F,F,F,T,T,T
1782321123.63,2114,66.37,66.28,66.44,66.51,high_P,low_C,P>C,P>M>O>C,T,F,F,F,F,F
1782321272.852,2115,66.28,66.36,66.25,66.22,high_C,low_P,C>P,C>O>M>P,F,T,T,T,T,T
1782321440.559,2116,66.36,66.15,66.17,66.12,high_O,low_P,O>P,O>M>C>P,T,T,T,F,T,T
1782321560.243,2117,66.15,65.93,66.04,66.0,high_O,low_C,O>C,O>M>P>C,T,T,T,F,F,T
1782321600.475,2118,65.93,65.84,65.9,65.88,high_O,low_C,O>C,O>M>P>C,T,T,T,F,F,T
1782321635.798,2119,65.84,65.63,65.72,65.76,high_O,low_C,O>C,O>P>M>C,T,T,T,F,F,F
1782321661.069,2120,65.63,65.37,65.48,65.48,high_O,low_C,O>C,TIE,T,T,T,F,F,TIE
1782321720.25,2121,65.37,65.44,65.45,65.5,high_P,low_O,P>O,P>M>C>O,F,F,F,F,F,F
1782321767.615,2122,65.44,65.19,65.33,65.32,high_O,low_C,O>C,O>M>P>C,T,T,T,F,F,T
1782321855.245,2123,65.19,65.4,65.32,65.15,high_C,low_P,C>P,C>M>O>P,F,F,T,T,T,T
1782322015.019,2124,65.4,65.45,65.34,65.33,high_C,low_P,C>P,C>O>M>P,F,T,T,T,T,T
1782322112.458,2125,65.45,65.59,65.64,65.7,high_P,low_O,P>O,P>M>C>O,F,F,F,F,F,F
1782322476.273,2127,65.55,65.55,65.45,65.47,TIE,low_M,TIE,TIE,TIE,T,T,T,T,F
1782322848.017,2128,65.55,65.35,65.41,65.4,high_O,low_C,O>C,O>M>P>C,T,T,T,F,F,T
1782323141.103,2129,65.35,65.24,65.27,65.25,high_O,low_C,O>C,O>M>P>C,T,T,T,F,F,T
1782323244.058,2130,65.24,65.0,65.08,65.1,high_O,low_C,O>C,O>P>M>C,T,T,T,F,F,F
1782323280.375,2131,65.0,64.7,64.79,64.78,high_O,low_C,O>C,O>M>P>C,T,T,T,F,F,T
1782323355.222,2132,64.7,64.89,64.81,64.82,high_C,low_O,C>O,C>P>M>O,F,F,F,T,T,F
1782323463.892,2133,64.89,65.08,65.1,65.11,high_P,low_O,P>O,P>M>C>O,F,F,F,F,F,F
1782323672.048,2134,65.08,64.97,64.96,64.91,high_O,low_P,O>P,O>C>M>P,T,T,T,T,T,T
1782323945.836,2135,64.97,64.85,64.93,64.97,TIE,low_C,TIE,TIE,T,T,TIE,F,F,F
1782324209.33,2136,64.85,64.89,64.98,65.0,high_P,low_O,P>O,P>M>C>O,F,F,F,F,F,F
1782324488.772,2137,64.89,65.15,65.04,65.04,high_C,low_O,C>O,TIE,F,F,F,T,T,TIE
1782324681.889,2138,65.15,65.28,65.22,65.21,high_C,low_O,C>O,C>M>P>O,F,F,F,T,T,T
1782324890.864,2139,65.28,65.42,65.3,65.3,high_C,low_O,C>O,TIE,F,F,F,T,T,TIE
1782325010.11,2140,65.42,65.74,65.71,65.71,high_C,low_O,C>O,TIE,F,F,F,T,T,TIE
1782325176.894,2141,65.74,65.87,65.8,65.8,high_C,low_O,C>O,TIE,F,F,F,T,T,TIE
1782325309.635,2142,65.87,66.13,66.0,65.97,high_C,low_O,C>O,C>M>P>O,F,F,F,T,T,T
1782325396.152,2143,66.13,66.04,66.17,66.17,TIE,low_C,TIE,TIE,T,F,F,F,F,TIE
1782325578.087,2144,66.04,66.13,66.16,66.09,high_M,low_O,M>O,M>C>P>O,F,F,F,F,T,T
1782325763.627,2145,66.13,66.18,66.18,66.15,TIE,low_O,TIE,TIE,F,F,F,TIE,T,T
1782326126.564,2146,66.18,66.08,66.13,66.15,high_O,low_C,O>C,O>P>M>C,T,T,T,F,F,F
1782326437.874,2147,66.08,65.9,66.03,66.03,high_O,low_C,O>C,TIE,T,T,T,F,F,TIE
1782326966.174,2148,65.9,65.86,65.96,65.98,high_P,low_C,P>C,P>M>O>C,T,F,F,F,F,F
1782327410.31,2149,65.86,66.0,65.88,65.92,high_C,low_O,C>O,C>P>M>O,F,F,F,T,T,F
1782327860.805,2150,66.0,66.21,66.06,66.0,high_C,TIE,TIE,TIE,F,F,TIE,T,T,T
1782328301.247,2151,66.21,65.66,65.93,65.98,high_O,low_C,O>C,O>P>M>C,T,T,T,F,F,F
1782328592.92,2152,65.66,65.55,65.66,65.69,high_P,low_C,P>C,TIE,T,TIE,F,F,F,F
1782329114.535,2153,65.55,65.9,65.7,65.71,high_C,low_O,C>O,C>P>M>O,F,F,F,T,T,F
1782329777.91,2154,65.9,65.92,65.85,65.85,high_C,TIE,TIE,TIE,F,T,T,T,T,TIE
1782330550.162,2155,65.92,65.74,65.82,65.85,high_O,low_C,O>C,O>P>M>C,T,T,T,F,F,F
1782330813.563,2156,65.74,66.06,66.01,66.14,high_P,low_O,P>O,P>C>M>O,F,F,F,T,F,F
1782331214.399,2157,66.06,66.02,66.07,66.09,high_P,low_C,P>C,P>M>O>C,T,F,F,F,F,F
1782331295.697,2158,66.02,66.62,66.3,66.28,high_C,low_O,C>O,C>M>P>O,F,F,F,T,T,T
1782331321.825,2159,66.62,66.85,66.83,66.83,high_C,low_O,C>O,TIE,F,F,F,T,T,TIE
1782331501.825,2160,66.85,66.68,66.75,66.83,high_O,low_C,O>C,O>P>M>C,T,T,T,F,F,F
1782331572.132,2161,66.68,67.34,67.04,67.04,high_C,low_O,C>O,TIE,F,F,F,T,T,TIE
1782331713.317,2162,67.34,67.12,67.32,67.34,TIE,low_C,TIE,TIE,T,T,TIE,F,F,F
1782332061.174,2163,67.12,67.18,67.17,67.29,high_P,low_O,P>O,P>C>M>O,F,F,F,T,F,F
1782332513.795,2164,67.18,67.41,67.3,67.37,high_C,low_O,C>O,C>P>M>O,F,F,F,T,T,F
1782332863.673,2165,67.41,67.43,67.42,67.49,high_P,low_O,P>O,P>C>M>O,F,F,F,T,F,F
1782333295.952,2166,67.43,67.26,67.45,67.57,high_P,low_C,P>C,P>M>O>C,T,F,F,F,F,F
1782333899.844,2167,67.26,67.46,67.5,67.5,TIE,low_O,TIE,TIE,F,F,F,F,F,TIE
1782334424.84,2169,67.82,67.82,67.86,67.9,high_P,TIE,TIE,TIE,TIE,F,F,F,F,F
1782334967.843,2170,67.82,67.46,67.63,67.64,high_O,low_C,O>C,O>P>M>C,T,T,T,F,F,F
1782335365.222,2171,67.46,67.3,67.35,67.26,high_O,low_P,O>P,O>M>C>P,T,T,T,F,T,T
1782335623.92,2172,67.3,67.37,67.35,67.35,high_C,low_O,C>O,TIE,F,F,F,T,T,TIE
1782336102.159,2173,67.37,67.41,67.3,67.27,high_C,low_P,C>P,C>O>M>P,F,T,T,T,T,T
1782337140.196,2174,67.41,67.79,67.49,67.51,high_C,low_O,C>O,C>P>M>O,F,F,F,T,T,F
1782338170.678,2175,67.79,67.82,67.81,67.79,high_C,TIE,TIE,TIE,F,F,TIE,T,T,T
1782338422.504,2176,67.82,68.3,68.0,68.0,high_C,low_O,C>O,TIE,F,F,F,T,T,TIE
1782338586.618,2177,68.3,68.2,68.32,68.3,high_M,low_C,M>C,TIE,T,F,TIE,F,F,T
1782338948.635,2178,68.2,68.14,68.14,68.16,high_O,TIE,TIE,TIE,T,T,T,TIE,F,F
1782339447.353,2179,68.14,67.96,68.01,67.98,high_O,low_C,O>C,O>M>P>C,T,T,T,F,F,T
1782340047.086,2180,67.96,67.8,67.87,67.8,high_O,TIE,TIE,TIE,T,T,T,F,TIE,T
1782340759.044,2181,67.8,67.81,67.88,67.88,TIE,low_O,TIE,TIE,F,F,F,F,F,TIE
1782341457.034,2182,67.81,67.71,67.76,67.71,high_O,TIE,TIE,TIE,T,T,T,F,TIE,T
1782342423.617,2183,67.71,67.86,67.8,67.83,high_C,low_O,C>O,C>P>M>O,F,F,F,T,T,F
1782343289.367,2184,67.86,67.95,67.84,67.85,high_C,low_M,C>M,C>O>P>M,F,T,T,T,T,F
1782343645.558,2185,67.95,68.05,68.07,68.08,high_P,low_O,P>O,P>M>C>O,F,F,F,F,F,F
1782344066.138,2186,68.05,68.04,68.01,68.03,high_O,low_M,O>M,O>C>P>M,T,T,T,T,T,F
1782344715.387,2187,68.04,68.07,68.0,68.03,high_C,low_M,C>M,C>O>P>M,F,T,T,T,T,F
1782345640.039,2189,68.0,68.0,68.03,68.02,high_M,TIE,TIE,TIE,TIE,F,F,F,F,T
1782346006.765,2190,68.0,68.25,68.11,68.12,high_C,low_O,C>O,C>P>M>O,F,F,F,T,T,F
1782346349.308,2191,68.25,68.2,68.17,68.18,high_O,low_M,O>M,O>C>P>M,T,T,T,T,T,F
1782346766.252,2192,68.2,67.98,68.04,68.08,high_O,low_C,O>C,O>P>M>C,T,T,T,F,F,F
1782347162.67,2193,67.98,67.88,67.95,67.96,high_O,low_C,O>C,O>P>M>C,T,T,T,F,F,F
1782347445.968,2194,67.88,67.91,67.89,67.88,high_C,TIE,TIE,TIE,F,F,TIE,T,T,T
1782347759.702,2195,67.91,67.85,67.88,67.91,TIE,low_C,TIE,TIE,T,T,TIE,F,F,F
1782347963.804,2196,67.85,67.79,67.83,67.8,high_O,low_C,O>C,O>M>P>C,T,T,T,F,F,T
1782348358.057,2197,67.79,67.7,67.8,67.8,TIE,low_C,TIE,TIE,T,F,F,F,F,TIE
1782348548.845,2198,67.7,67.71,67.69,67.71,TIE,low_M,TIE,TIE,F,T,F,T,TIE,F
1782348991.995,2199,67.71,67.67,67.77,67.78,high_P,low_C,P>C,P>M>O>C,T,F,F,F,F,F
1782349127.9,2200,67.67,67.53,67.58,67.6,high_O,low_C,O>C,O>P>M>C,T,T,T,F,F,F
1782349221.32,2201,67.53,67.72,67.56,67.56,high_C,low_O,C>O,TIE,F,F,F,T,T,TIE
1782349407.348,2202,67.72,67.49,67.66,67.71,high_O,low_C,O>C,O>P>M>C,T,T,T,F,F,F
1782349637.343,2203,67.49,67.53,67.54,67.55,high_P,low_O,P>O,P>M>C>O,F,F,F,F,F,F
1782349839.033,2204,67.53,67.46,67.48,67.47,high_O,low_C,O>C,O>M>P>C,T,T,T,F,F,T
1782350300.644,2205,67.46,67.55,67.49,67.49,high_C,low_O,C>O,TIE,F,F,F,T,T,TIE
1782350600.774,2206,67.55,67.68,67.54,67.61,high_C,low_M,C>M,C>P>O>M,F,T,F,T,T,F
1782350855.058,2207,67.68,67.63,67.66,67.7,high_P,low_C,P>C,P>O>M>C,T,T,F,F,F,F
1782351329.849,2208,67.63,67.65,67.63,67.63,high_C,TIE,TIE,TIE,F,TIE,TIE,T,T,TIE
1782351717.138,2209,67.65,67.69,67.7,67.7,TIE,low_O,TIE,TIE,F,F,F,F,F,TIE
1782352123.275,2210,67.69,67.76,67.73,67.75,high_C,low_O,C>O,C>P>M>O,F,F,F,T,T,F
1782352377.297,2211,67.76,67.9,67.86,67.9,TIE,low_O,TIE,TIE,F,F,F,T,TIE,F
1782352732.63,2212,67.9,67.83,67.9,67.9,TIE,low_C,TIE,TIE,T,TIE,TIE,F,F,TIE
1782353045.014,2213,67.83,67.88,67.84,67.86,high_C,low_O,C>O,C>P>M>O,F,F,F,T,T,F
1782353447.895,2214,67.88,67.69,67.8,67.8,high_O,low_C,O>C,TIE,T,T,T,F,F,TIE
1782353701.29,2215,67.69,67.61,67.66,67.62,high_O,low_C,O>C,O>M>P>C,T,T,T,F,F,T
1782354031.086,2216,67.61,67.83,67.65,67.62,high_C,low_O,C>O,C>M>P>O,F,F,F,T,T,T
1782355203.842,2218,67.82,67.82,67.8,67.8,TIE,TIE,TIE,TIE,TIE,T,T,T,T,TIE
1782355958.145,2220,67.6,67.6,67.62,67.62,TIE,TIE,TIE,TIE,TIE,F,F,F,F,TIE
1782356200.237,2221,67.6,67.65,67.65,67.65,TIE,low_O,TIE,TIE,F,F,F,TIE,TIE,TIE
1782356584.712,2222,67.65,67.74,67.73,67.74,TIE,low_O,TIE,TIE,F,F,F,T,TIE,F
1782357044.185,2223,67.74,67.7,67.71,67.71,high_O,low_C,O>C,TIE,T,T,T,F,F,TIE
1782357307.498,2224,67.7,67.46,67.57,67.65,high_O,low_C,O>C,O>P>M>C,T,T,T,F,F,F
1782357601.111,2225,67.46,67.64,67.57,67.58,high_C,low_O,C>O,C>P>M>O,F,F,F,T,T,F
1782358133.685,2226,67.64,67.6,67.62,67.63,high_O,low_C,O>C,O>P>M>C,T,T,T,F,F,F
1782358431.31,2227,67.6,67.63,67.66,67.61,high_M,low_O,M>O,M>C>P>O,F,F,F,F,T,T
1782358593.422,2228,67.63,67.55,67.58,67.58,high_O,low_C,O>C,TIE,T,T,T,F,F,TIE
1782358847.117,2229,67.55,67.51,67.54,67.53,high_O,low_C,O>C,O>M>P>C,T,T,T,F,F,T
1782359129.076,2230,67.51,67.49,67.52,67.51,high_M,low_C,M>C,TIE,T,F,TIE,F,F,T
1782359555.435,2231,67.49,67.6,67.56,67.59,high_C,low_O,C>O,C>P>M>O,F,F,F,T,T,F
1782359878.302,2232,67.6,67.61,67.63,67.63,TIE,low_O,TIE,TIE,F,F,F,F,F,TIE
1782360157.492,2233,67.61,67.65,67.65,67.64,TIE,low_O,TIE,TIE,F,F,F,TIE,T,T
1782360196.069,2234,67.65,67.55,67.62,67.6,high_O,low_C,O>C,O>M>P>C,T,T,T,F,F,T
1782360266.703,2236,67.6,67.6,67.6,67.6,TIE,TIE,TIE,TIE,TIE,TIE,TIE,TIE,TIE,TIE
1782360534.949,2237,67.6,67.68,67.62,67.62,high_C,low_O,C>O,TIE,F,F,F,T,T,TIE
1782361043.657,2238,67.68,67.53,67.59,67.54,high_O,low_C,O>C,O>M>P>C,T,T,T,F,F,T
1782361369.065,2239,67.53,67.64,67.55,67.54,high_C,low_O,C>O,C>M>P>O,F,F,F,T,T,T
1782361944.615,2240,67.64,67.49,67.59,67.65,high_P,low_C,P>C,P>O>M>C,T,T,F,F,F,F
1782362295.074,2241,67.49,67.6,67.49,67.49,high_C,TIE,TIE,TIE,F,TIE,TIE,T,T,TIE
1782362407.583,2242,67.6,67.66,67.66,67.66,TIE,low_O,TIE,TIE,F,F,F,TIE,TIE,TIE
1782362603.921,2243,67.66,67.7,67.65,67.66,high_C,low_M,C>M,TIE,F,T,TIE,T,T,F
1782362758.211,2244,67.7,67.83,67.75,67.73,high_C,low_O,C>O,C>M>P>O,F,F,F,T,T,T
1782362852.648,2245,67.83,67.92,67.85,67.85,high_C,low_O,C>O,TIE,F,F,F,T,T,TIE
1782362944.201,2246,67.92,67.96,67.93,67.93,high_C,low_O,C>O,TIE,F,F,F,T,T,TIE
1782362979.984,2247,67.96,68.03,68.0,68.0,high_C,low_O,C>O,TIE,F,F,F,T,T,TIE
1782363014.649,2248,68.03,68.14,68.1,68.12,high_C,low_O,C>O,C>P>M>O,F,F,F,T,T,F
1782363043.133,2249,68.14,68.13,68.13,68.13,high_O,TIE,TIE,TIE,T,T,T,TIE,TIE,TIE
1782363097.782,2250,68.13,68.11,68.1,68.1,high_O,TIE,TIE,TIE,T,T,T,T,T,TIE
1782363165.209,2251,68.11,68.13,68.13,68.11,TIE,TIE,TIE,TIE,F,F,TIE,TIE,T,T
1782363198.39,2252,68.13,68.21,68.18,68.2,high_C,low_O,C>O,C>P>M>O,F,F,F,T,T,F
1782363228.403,2253,68.21,68.24,68.22,68.21,high_C,TIE,TIE,TIE,F,F,TIE,T,T,T
1782363229.439,2254,68.24,68.16,68.2,68.2,high_O,low_C,O>C,TIE,T,T,T,F,F,TIE
1782363301.378,2255,68.16,68.22,68.19,68.19,high_C,low_O,C>O,TIE,F,F,F,T,T,TIE
1782363370.532,2256,68.22,68.34,68.31,68.32,high_C,low_O,C>O,C>P>M>O,F,F,F,T,T,F
1782363396.274,2257,68.34,68.29,68.36,68.35,high_M,low_C,M>C,M>P>O>C,T,F,F,F,F,T
1782363396.296,2258,68.29,68.25,68.26,68.25,high_O,TIE,TIE,TIE,T,T,T,F,TIE,T
1782363442.268,2259,68.25,68.37,68.36,68.25,high_C,TIE,TIE,TIE,F,F,TIE,T,T,T
1782363473.745,2260,68.37,68.44,68.45,68.46,high_P,low_O,P>O,P>M>C>O,F,F,F,F,F,F
1782363555.909,2261,68.44,68.4,68.41,68.4,high_O,TIE,TIE,TIE,T,T,T,F,TIE,T
1782363619.486,2262,68.4,68.31,68.39,68.32,high_O,low_C,O>C,O>M>P>C,T,T,T,F,F,T
1782363689.369,2263,68.31,68.45,68.36,68.33,high_C,low_O,C>O,C>M>P>O,F,F,F,T,T,T
1782363719.422,2264,68.45,68.55,68.48,68.5,high_C,low_O,C>O,C>P>M>O,F,F,F,T,T,F
1782363727.748,2265,68.55,68.63,68.6,68.63,TIE,low_O,TIE,TIE,F,F,F,T,TIE,F
1782363755.347,2266,68.63,68.7,68.66,68.65,high_C,low_O,C>O,C>M>P>O,F,F,F,T,T,T
1782363763.018,2267,68.7,68.79,68.72,68.73,high_C,low_O,C>O,C>P>M>O,F,F,F,T,T,F
1782363769.164,2268,68.79,68.8,68.8,68.8,TIE,low_O,TIE,TIE,F,F,F,TIE,TIE,TIE
1782363799.079,2269,68.8,68.52,68.6,68.53,high_O,low_C,O>C,O>M>P>C,T,T,T,F,F,T
1782363833.825,2270,68.52,68.57,68.59,68.59,TIE,low_O,TIE,TIE,F,F,F,F,F,TIE
1782363919.16,2271,68.57,68.68,68.68,68.7,high_P,low_O,P>O,TIE,F,F,F,TIE,F,F
1782363993.629,2272,68.68,68.6,68.68,68.67,TIE,low_C,TIE,TIE,T,TIE,T,F,F,T
1782364048.468,2273,68.6,68.72,68.69,68.68,high_C,low_O,C>O,C>M>P>O,F,F,F,T,T,T
1782364070.413,2274,68.72,68.86,68.79,68.75,high_C,low_O,C>O,C>M>P>O,F,F,F,T,T,T
1782364100.523,2276,68.89,68.89,68.87,68.88,TIE,low_M,TIE,TIE,TIE,T,T,T,T,F
1782364116.081,2277,68.89,68.93,68.92,68.93,TIE,low_O,TIE,TIE,F,F,F,T,TIE,F
1782364149.964,2278,68.93,69.01,68.96,69.0,high_C,low_O,C>O,C>P>M>O,F,F,F,T,T,F
1782364177.12,2279,69.01,68.95,68.95,68.95,high_O,TIE,TIE,TIE,T,T,T,TIE,TIE,TIE
1782364181.362,2280,68.95,68.98,68.97,68.96,high_C,low_O,C>O,C>M>P>O,F,F,F,T,T,T
1782364186.95,2281,68.98,69.01,69.01,69.0,TIE,low_O,TIE,TIE,F,F,F,TIE,T,T
1782364197.92,2282,69.01,69.08,69.06,69.07,high_C,low_O,C>O,C>P>M>O,F,F,F,T,T,F
1782364249.634,2283,69.08,68.99,69.0,68.99,high_O,TIE,TIE,TIE,T,T,T,F,TIE,T
1782364289.442,2284,68.99,68.94,68.93,68.94,high_O,low_M,O>M,TIE,T,T,T,T,TIE,F
1782364352.231,2285,68.94,68.91,68.93,68.91,high_O,TIE,TIE,TIE,T,T,T,F,TIE,T
1782364483.049,2286,68.91,68.97,68.94,68.93,high_C,low_O,C>O,C>M>P>O,F,F,F,T,T,T
1782364534.539,2287,68.97,68.93,68.98,68.99,high_P,low_C,P>C,P>M>O>C,T,F,F,F,F,F
1782364587.129,2288,68.93,68.84,68.85,68.8,high_O,low_P,O>P,O>M>C>P,T,T,T,F,T,T
1782364662.153,2289,68.84,68.97,68.95,68.98,high_P,low_O,P>O,P>C>M>O,F,F,F,T,F,F
1782364757.719,2290,68.97,68.9,68.96,68.96,high_O,low_C,O>C,TIE,T,T,T,F,F,TIE
1782364875.177,2291,68.9,68.92,68.9,68.9,high_C,TIE,TIE,TIE,F,TIE,TIE,T,T,TIE
1782364957.122,2292,68.92,68.89,68.87,68.87,high_O,TIE,TIE,TIE,T,T,T,T,T,TIE
1782365028.1,2293,68.89,69.09,68.9,68.9,high_C,low_O,C>O,TIE,F,F,F,T,T,TIE
1782365030.169,2294,69.09,69.13,69.12,69.12,high_C,low_O,C>O,TIE,F,F,F,T,T,TIE
1782365040.22,2295,69.13,69.16,69.16,69.16,TIE,low_O,TIE,TIE,F,F,F,TIE,TIE,TIE
1782365063.444,2296,69.16,69.2,69.17,69.17,high_C,low_O,C>O,TIE,F,F,F,T,T,TIE
1782365096.165,2297,69.2,69.04,69.19,69.21,high_P,low_C,P>C,P>O>M>C,T,T,F,F,F,F
1782365195.006,2298,69.04,68.98,68.99,68.98,high_O,TIE,TIE,TIE,T,T,T,F,TIE,T
1782365317.989,2299,68.98,68.99,68.99,68.99,TIE,low_O,TIE,TIE,F,F,F,TIE,TIE,TIE
1782365436.741,2300,68.99,69.01,69.02,69.02,TIE,low_O,TIE,TIE,F,F,F,F,F,TIE
1782365535.753,2301,69.01,69.13,69.09,69.09,high_C,low_O,C>O,TIE,F,F,F,T,T,TIE
1782365622.952,2302,69.13,69.14,69.15,69.15,TIE,low_O,TIE,TIE,F,F,F,F,F,TIE
1782365752.424,2303,69.14,69.18,69.18,69.18,TIE,low_O,TIE,TIE,F,F,F,TIE,TIE,TIE
1782365915.579,2305,69.16,69.16,69.14,69.14,TIE,TIE,TIE,TIE,TIE,T,T,T,T,TIE
1782365994.66,2306,69.16,69.06,69.1,69.07,high_O,low_C,O>C,O>M>P>C,T,T,T,F,F,T
1782366171.052,2307,69.06,69.01,69.03,69.04,high_O,low_C,O>C,O>P>M>C,T,T,T,F,F,F
1782366310.661,2308,69.01,68.94,68.95,68.91,high_O,low_P,O>P,O>M>C>P,T,T,T,F,T,T
1782366497.991,2309,68.94,69.01,68.95,68.95,high_C,low_O,C>O,TIE,F,F,F,T,T,TIE
1782366859.554,2311,69.1,69.1,69.1,69.1,TIE,TIE,TIE,TIE,TIE,TIE,TIE,TIE,TIE,TIE
1782367171.888,2312,69.1,69.02,69.07,69.02,high_O,TIE,TIE,TIE,T,T,T,F,TIE,T
1782367440.91,2313,69.02,69.08,69.09,69.12,high_P,low_O,P>O,P>M>C>O,F,F,F,F,F,F
1782367722.647,2314,69.09,69.07,69.02,69.01,high_O,low_P,O>P,O>C>M>P,T,T,T,T,T,T
1782367906.183,2315,69.07,69.21,69.16,69.16,high_C,low_O,C>O,TIE,F,F,F,T,T,TIE
1782368015.71,2316,69.21,69.24,69.21,69.21,high_C,TIE,TIE,TIE,F,TIE,TIE,T,T,TIE
1782368114.219,2317,69.24,69.17,69.17,69.17,high_O,TIE,TIE,TIE,T,T,T,TIE,TIE,TIE
1782368120.008,2318,69.17,69.25,69.22,69.24,high_C,low_O,C>O,C>P>M>O,F,F,F,T,T,F
1782368120.256,2319,69.25,69.36,69.3,69.29,high_C,low_O,C>O,C>M>P>O,F,F,F,T,T,T
1782368122.067,2320,69.36,69.39,69.37,69.37,high_C,low_O,C>O,TIE,F,F,F,T,T,TIE
1782368130.741,2321,69.39,69.5,69.44,69.4,high_C,low_O,C>O,C>M>P>O,F,F,F,T,T,T
1782368137.877,2322,69.5,69.49,69.5,69.5,TIE,low_C,TIE,TIE,T,TIE,TIE,F,F,TIE
1782368178.102,2323,69.49,69.62,69.54,69.6,high_C,low_O,C>O,C>P>M>O,F,F,F,T,T,F
1782368218.075,2325,69.52,69.52,69.5,69.48,TIE,low_P,TIE,TIE,TIE,T,T,T,T,T
1782368277.709,2326,69.52,69.49,69.52,69.5,TIE,low_C,TIE,TIE,T,TIE,T,F,F,T
1782368340.799,2327,69.49,69.45,69.43,69.44,high_O,low_M,O>M,O>C>P>M,T,T,T,T,T,F
1782368448.049,2328,69.45,69.36,69.38,69.37,high_O,low_C,O>C,O>M>P>C,T,T,T,F,F,T
1782368565.053,2329,69.36,69.3,69.31,69.31,high_O,low_C,O>C,TIE,T,T,T,F,F,TIE
1782368733.777,2330,69.3,69.24,69.29,69.29,high_O,low_C,O>C,TIE,T,T,T,F,F,TIE
1782368825.902,2331,69.24,69.25,69.19,69.18,high_C,low_P,C>P,C>O>M>P,F,T,T,T,T,T
1782369084.719,2332,69.25,69.22,69.22,69.21,high_O,low_P,O>P,TIE,T,T,T,TIE,T,T
1782369238.841,2333,69.22,69.34,69.32,69.34,TIE,low_O,TIE,TIE,F,F,F,T,TIE,F
1782369307.074,2334,69.34,69.41,69.37,69.38,high_C,low_O,C>O,C>P>M>O,F,F,F,T,T,F
1782369488.33,2335,69.41,69.29,69.34,69.37,high_O,low_C,O>C,O>P>M>C,T,T,T,F,F,F
1782369674.18,2336,69.29,69.35,69.36,69.4,high_P,low_O,P>O,P>M>C>O,F,F,F,F,F,F
1782369950.115,2337,69.35,69.37,69.38,69.37,high_M,low_O,M>O,TIE,F,F,F,F,TIE,T
1782370289.889,2338,69.37,69.48,69.39,69.39,high_C,low_O,C>O,TIE,F,F,F,T,T,TIE
1782370588.732,2339,69.48,69.47,69.44,69.48,TIE,low_M,TIE,TIE,T,T,TIE,T,F,F
1782370650.569,2340,69.47,69.41,69.52,69.47,high_M,low_C,M>C,TIE,T,F,TIE,F,F,T
1782370825.69,2341,69.41,69.53,69.44,69.43,high_C,low_O,C>O,C>M>P>O,F,F,F,T,T,T
1782370970.75,2342,69.53,69.36,69.48,69.49,high_O,low_C,O>C,O>P>M>C,T,T,T,F,F,F
1782371011.744,2343,69.36,69.31,69.31,69.3,high_O,low_P,O>P,TIE,T,T,T,TIE,T,T
1782371180.241,2344,69.31,69.29,69.29,69.3,high_O,TIE,TIE,TIE,T,T,T,TIE,F,F
1782371338.157,2345,69.29,69.18,69.25,69.27,high_O,low_C,O>C,O>P>M>C,T,T,T,F,F,F
1782371403.841,2346,69.18,69.31,69.27,69.3,high_C,low_O,C>O,C>P>M>O,F,F,F,T,T,F
1782371905.287,2348,69.32,69.32,69.37,69.44,high_P,TIE,TIE,TIE,TIE,F,F,F,F,F
1782372189.481,2349,69.32,69.34,69.33,69.32,high_C,TIE,TIE,TIE,F,F,TIE,T,T,T
1782372720.311,2350,69.34,69.35,69.33,69.34,high_C,low_M,C>M,TIE,F,T,TIE,T,T,F
1782373094.022,2351,69.35,69.33,69.33,69.3,high_O,low_P,O>P,TIE,T,T,T,TIE,T,T
1782373451.939,2352,69.33,69.4,69.42,69.42,TIE,low_O,TIE,TIE,F,F,F,F,F,TIE
1782373725.202,2353,69.4,69.34,69.34,69.38,high_O,TIE,TIE,TIE,T,T,T,TIE,F,F
1782374094.786,2354,69.34,69.38,69.32,69.32,high_C,TIE,TIE,TIE,F,T,T,T,T,TIE
1782374304.227,2355,69.38,69.42,69.37,69.35,high_C,low_P,C>P,C>O>M>P,F,T,T,T,T,T
1782374373.738,2356,69.42,69.38,69.41,69.41,high_O,low_C,O>C,TIE,T,T,T,F,F,TIE
1782374577.354,2357,69.38,69.37,69.33,69.3,high_O,low_P,O>P,O>C>M>P,T,T,T,T,T,T
1782374858.617,2358,69.37,69.24,69.3,69.35,high_O,low_C,O>C,O>P>M>C,T,T,T,F,F,F
1782375098.889,2359,69.24,69.26,69.24,69.24,high_C,TIE,TIE,TIE,F,TIE,TIE,T,T,TIE
1782375294.016,2360,69.26,69.19,69.21,69.21,high_O,low_C,O>C,TIE,T,T,T,F,F,TIE
1782375409.522,2361,69.19,69.13,69.17,69.21,high_P,low_C,P>C,P>O>M>C,T,T,F,F,F,F
1782375605.738,2362,69.13,69.12,69.11,69.12,high_O,low_M,O>M,TIE,T,T,T,T,TIE,F
1782375841.941,2363,69.12,69.05,69.09,69.1,high_O,low_C,O>C,O>P>M>C,T,T,T,F,F,F
1782375995.264,2364,69.05,69.01,69.01,69.0,high_O,low_P,O>P,TIE,T,T,T,TIE,T,T
1782376203.424,2365,69.01,69.07,69.1,69.14,high_P,low_O,P>O,P>M>C>O,F,F,F,F,F,F
1782376540.667,2366,69.07,69.01,69.02,69.02,high_O,low_C,O>C,TIE,T,T,T,F,F,TIE
1782376561.835,2367,69.01,69.04,68.99,68.99,high_C,TIE,TIE,TIE,F,T,T,T,T,TIE
1782376915.413,2368,69.04,68.98,69.01,69.0,high_O,low_C,O>C,O>M>P>C,T,T,T,F,F,T
1782377073.197,2369,68.98,69.16,69.08,69.1,high_C,low_O,C>O,C>P>M>O,F,F,F,T,T,F
1782377113.229,2370,69.16,69.18,69.16,69.17,high_C,TIE,TIE,TIE,F,TIE,F,T,T,F
1782377246.911,2371,69.18,69.11,69.18,69.18,TIE,low_C,TIE,TIE,T,TIE,TIE,F,F,TIE
1782377538.099,2372,69.11,69.01,69.08,69.08,high_O,low_C,O>C,TIE,T,T,T,F,F,TIE
1782378024.955,2373,69.01,69.07,69.0,69.0,high_C,TIE,TIE,TIE,F,T,T,T,T,TIE
1782378580.309,2374,69.07,69.06,69.08,69.08,TIE,low_C,TIE,TIE,T,F,F,F,F,TIE
1782378600.869,2375,69.06,69.09,69.06,69.07,high_C,TIE,TIE,TIE,F,TIE,F,T,T,F
1782379152.724,2376,69.09,69.06,69.11,69.09,high_M,low_C,M>C,TIE,T,F,TIE,F,F,T
1782379355.98,2377,69.06,68.86,68.95,68.87,high_O,low_C,O>C,O>M>P>C,T,T,T,F,F,T
1782379421.247,2378,68.86,68.91,68.87,68.84,high_C,low_P,C>P,C>M>O>P,F,F,T,T,T,T
1782379572.821,2379,68.91,68.85,68.85,68.86,high_O,TIE,TIE,TIE,T,T,T,TIE,F,F
1782379753.048,2380,68.85,68.93,68.88,68.86,high_C,low_O,C>O,C>M>P>O,F,F,F,T,T,T
1782379946.311,2381,68.93,68.83,68.92,68.84,high_O,low_C,O>C,O>M>P>C,T,T,T,F,F,T
1782380515.926,2382,68.83,68.92,68.93,68.91,high_M,low_O,M>O,M>C>P>O,F,F,F,F,T,T
1782381209.176,2383,68.92,68.91,68.92,68.92,TIE,low_C,TIE,TIE,T,TIE,TIE,F,F,TIE
1782381463.269,2384,68.91,68.8,68.84,68.85,high_O,low_C,O>C,O>P>M>C,T,T,T,F,F,F
1782381590.773,2385,68.8,68.79,68.79,68.79,high_O,TIE,TIE,TIE,T,T,T,TIE,TIE,TIE
1782381979.958,2386,68.79,68.77,68.8,68.8,TIE,low_C,TIE,TIE,T,F,F,F,F,TIE
1782382080.451,2387,68.77,68.78,68.73,68.74,high_C,low_M,C>M,C>O>P>M,F,T,T,T,T,F
1782382507.619,2388,68.78,68.8,68.76,68.78,high_C,low_M,C>M,TIE,F,T,TIE,T,T,F
1782382825.723,2389,68.8,68.68,68.78,68.79,high_O,low_C,O>C,O>P>M>C,T,T,T,F,F,F
1782382865.95,2390,68.68,68.6,68.63,68.62,high_O,low_C,O>C,O>M>P>C,T,T,T,F,F,T
1782382936.339,2391,68.6,68.59,68.6,68.59,TIE,TIE,TIE,TIE,T,TIE,T,F,TIE,T
1782383106.148,2392,68.59,68.55,68.59,68.6,high_P,low_C,P>C,TIE,T,TIE,F,F,F,F
1782383329.952,2393,68.55,68.51,68.54,68.55,TIE,low_C,TIE,TIE,T,T,TIE,F,F,F
1782383412.59,2394,68.51,68.55,68.52,68.5,high_C,low_P,C>P,C>M>O>P,F,F,T,T,T,T
1782383661.019,2395,68.55,68.5,68.53,68.53,high_O,low_C,O>C,TIE,T,T,T,F,F,TIE
1782383845.47,2396,68.5,68.43,68.49,68.49,high_O,low_C,O>C,TIE,T,T,T,F,F,TIE
1782383983.474,2397,68.43,68.44,68.45,68.44,high_M,low_O,M>O,TIE,F,F,F,F,TIE,T
1782384092.303,2398,68.44,68.37,68.4,68.43,high_O,low_C,O>C,O>P>M>C,T,T,T,F,F,F
1782384212.857,2399,68.37,68.35,68.36,68.35,high_O,TIE,TIE,TIE,T,T,T,F,TIE,T
1782384227.844,2400,68.35,68.34,68.33,68.35,TIE,low_M,TIE,TIE,T,T,TIE,T,F,F
1782384328.379,2401,68.34,68.21,68.28,68.28,high_O,low_C,O>C,TIE,T,T,T,F,F,TIE
1782384377.335,2402,68.21,68.2,68.21,68.21,TIE,low_C,TIE,TIE,T,TIE,TIE,F,F,TIE
1782384390.751,2403,68.2,68.13,68.16,68.14,high_O,low_C,O>C,O>M>P>C,T,T,T,F,F,T
1782384390.833,2404,68.13,68.11,68.09,68.1,high_O,low_M,O>M,O>C>P>M,T,T,T,T,T,F
1782384439.52,2405,68.11,68.16,68.15,68.15,high_C,low_O,C>O,TIE,F,F,F,T,T,TIE
1782384526.026,2406,68.16,68.3,68.23,68.24,high_C,low_O,C>O,C>P>M>O,F,F,F,T,T,F
1782384636.575,2407,68.3,68.32,68.3,68.3,high_C,TIE,TIE,TIE,F,TIE,TIE,T,T,TIE
1782384711.533,2408,68.32,68.35,68.31,68.3,high_C,low_P,C>P,C>O>M>P,F,T,T,T,T,T
1782384971.629,2409,68.35,68.3,68.32,68.35,TIE,low_C,TIE,TIE,T,T,TIE,F,F,F
1782385245.457,2410,68.3,68.32,68.27,68.31,high_C,low_M,C>M,C>P>O>M,F,T,F,T,T,F
1782385406.495,2411,68.32,68.19,68.27,68.27,high_O,low_C,O>C,TIE,T,T,T,F,F,TIE
1782385470.359,2412,68.19,68.14,68.13,68.14,high_O,low_M,O>M,TIE,T,T,T,T,TIE,F
1782385585.901,2413,68.14,68.09,68.14,68.09,TIE,TIE,TIE,TIE,T,TIE,T,F,TIE,T
1782385599.233,2414,68.09,68.05,68.05,68.05,high_O,TIE,TIE,TIE,T,T,T,TIE,TIE,TIE
1782385626.44,2415,68.05,67.97,68.03,68.05,TIE,low_C,TIE,TIE,T,T,TIE,F,F,F
1782385709.498,2416,67.97,68.03,68.03,68.06,high_P,low_O,P>O,TIE,F,F,F,TIE,F,F
1782385804.52,2417,68.03,68.01,68.01,68.0,high_O,low_P,O>P,TIE,T,T,T,TIE,T,T
1782385973.856,2418,68.01,68.15,68.08,68.07,high_C,low_O,C>O,C>M>P>O,F,F,F,T,T,T
1782386064.108,2419,68.15,68.23,68.19,68.2,high_C,low_O,C>O,C>P>M>O,F,F,F,T,T,F
1782386100.49,2420,68.23,68.36,68.3,68.33,high_C,low_O,C>O,C>P>M>O,F,F,F,T,T,F
1782386132.183,2421,68.36,68.37,68.35,68.33,high_C,low_P,C>P,C>O>M>P,F,T,T,T,T,T
1782386198.881,2422,68.37,68.27,68.33,68.35,high_O,low_C,O>C,O>P>M>C,T,T,T,F,F,F
1782386304.131,2423,68.27,68.19,68.22,68.24,high_O,low_C,O>C,O>P>M>C,T,T,T,F,F,F
1782386452.904,2424,68.19,68.18,68.19,68.18,TIE,TIE,TIE,TIE,T,TIE,T,F,TIE,T
1782386686.973,2425,68.18,68.12,68.16,68.16,high_O,low_C,O>C,TIE,T,T,T,F,F,TIE
1782386842.199,2426,68.12,68.1,68.1,68.1,high_O,TIE,TIE,TIE,T,T,T,TIE,TIE,TIE
1782387039.729,2427,68.1,68.11,68.09,68.1,high_C,low_M,C>M,TIE,F,T,TIE,T,T,F
1782387425.795,2429,68.17,68.17,68.13,68.13,TIE,TIE,TIE,TIE,TIE,T,T,T,T,TIE
1782387676.264,2430,68.17,68.25,68.21,68.25,TIE,low_O,TIE,TIE,F,F,F,T,TIE,F
1782387970.546,2431,68.25,68.16,68.19,68.16,high_O,TIE,TIE,TIE,T,T,T,F,TIE,T
1782388198.39,2432,68.16,67.99,68.04,68.01,high_O,low_C,O>C,O>M>P>C,T,T,T,F,F,T
1782388445.129,2433,67.99,68.0,68.01,67.99,high_M,TIE,TIE,TIE,F,F,TIE,F,T,T
1782388655.764,2434,68.0,68.11,68.05,68.06,high_C,low_O,C>O,C>P>M>O,F,F,F,T,T,F
1782389239.95,2436,68.14,68.14,68.18,68.18,TIE,TIE,TIE,TIE,TIE,F,F,F,F,TIE
1782389437.188,2437,68.14,68.18,68.18,68.17,TIE,low_O,TIE,TIE,F,F,F,TIE,T,T
1782389648.204,2438,68.18,68.08,68.09,68.05,high_O,low_P,O>P,O>M>C>P,T,T,T,F,T,T
1782389884.129,2439,68.08,68.0,68.03,68.0,high_O,TIE,TIE,TIE,T,T,T,F,TIE,T
1782389951.701,2440,68.0,68.02,67.96,67.95,high_C,low_P,C>P,C>O>M>P,F,T,T,T,T,T
1782390364.476,2441,68.02,68.07,68.03,68.02,high_C,TIE,TIE,TIE,F,F,TIE,T,T,T
1782390427.056,2442,68.07,67.85,67.89,67.88,high_O,low_C,O>C,O>M>P>C,T,T,T,F,F,T
1782390483.729,2443,67.85,67.76,67.83,67.85,TIE,low_C,TIE,TIE,T,T,TIE,F,F,F
1782390560.889,2444,67.76,67.85,67.77,67.78,high_C,low_O,C>O,C>P>M>O,F,F,F,T,T,F
1782390611.257,2445,67.85,67.95,67.87,67.85,high_C,TIE,TIE,TIE,F,F,TIE,T,T,T
1782390615.896,2446,67.95,68.24,68.14,68.15,high_C,low_O,C>O,C>P>M>O,F,F,F,T,T,F
1782390622.452,2447,68.24,68.32,68.22,68.2,high_C,low_P,C>P,C>O>M>P,F,T,T,T,T,T
1782390624.717,2448,68.32,68.56,68.52,68.54,high_C,low_O,C>O,C>P>M>O,F,F,F,T,T,F
1782390626.758,2449,68.56,68.75,68.61,68.62,high_C,low_O,C>O,C>P>M>O,F,F,F,T,T,F
1782390628.652,2450,68.75,68.86,68.7,68.68,high_C,low_P,C>P,C>O>M>P,F,T,T,T,T,T
1782390630.886,2451,68.86,68.79,68.83,68.83,high_O,low_C,O>C,TIE,T,T,T,F,F,TIE
1782390632.562,2452,68.79,68.77,68.77,68.79,TIE,TIE,TIE,TIE,T,T,TIE,TIE,F,F
1782390637.41,2453,68.77,68.8,68.73,68.73,high_C,TIE,TIE,TIE,F,T,T,T,T,TIE
1782390645.418,2454,68.8,68.55,68.64,68.62,high_O,low_C,O>C,O>M>P>C,T,T,T,F,F,T
1782390654.236,2455,68.55,68.65,68.55,68.55,high_C,TIE,TIE,TIE,F,TIE,TIE,T,T,TIE
1782390670.014,2456,68.65,68.44,68.48,68.62,high_O,low_C,O>C,O>P>M>C,T,T,T,F,F,F
1782390714.152,2457,68.44,68.43,68.41,68.4,high_O,low_P,O>P,O>C>M>P,T,T,T,T,T,T
1782390824.727,2459,68.37,68.37,68.37,68.37,TIE,TIE,TIE,TIE,TIE,TIE,TIE,TIE,TIE,TIE
1782390896.171,2460,68.37,68.45,68.45,68.45,TIE,low_O,TIE,TIE,F,F,F,TIE,TIE,TIE
1782390999.176,2461,68.45,68.4,68.43,68.39,high_O,low_P,O>P,O>M>C>P,T,T,T,F,T,T
1782391108.126,2462,68.4,68.3,68.42,68.41,high_M,low_C,M>C,M>P>O>C,T,F,F,F,F,T
1782391232.706,2463,68.3,68.31,68.31,68.3,TIE,TIE,TIE,TIE,F,F,TIE,TIE,T,T
1782391388.63,2464,68.31,68.32,68.36,68.39,high_P,low_O,P>O,P>M>C>O,F,F,F,F,F,F
1782391569.468,2465,68.32,68.36,68.32,68.32,high_C,TIE,TIE,TIE,F,TIE,TIE,T,T,TIE
1782391715.707,2466,68.36,68.41,68.38,68.4,high_C,low_O,C>O,C>P>M>O,F,F,F,T,T,F
1782391818.871,2467,68.41,68.44,68.44,68.44,TIE,low_O,TIE,TIE,F,F,F,TIE,TIE,TIE
1782392014.112,2468,68.44,68.43,68.43,68.43,high_O,TIE,TIE,TIE,T,T,T,TIE,TIE,TIE
1782392177.972,2469,68.43,68.16,68.24,68.2,high_O,low_C,O>C,O>M>P>C,T,T,T,F,F,T
1782392276.173,2470,68.16,68.18,68.18,68.17,TIE,low_O,TIE,TIE,F,F,F,TIE,T,T
1782392431.184,2471,68.18,68.26,68.28,68.33,high_P,low_O,P>O,P>M>C>O,F,F,F,F,F,F
1782392617.411,2472,68.26,68.25,68.25,68.25,high_O,TIE,TIE,TIE,T,T,T,TIE,TIE,TIE
1782392895.528,2473,68.25,68.11,68.21,68.23,high_O,low_C,O>C,O>P>M>C,T,T,T,F,F,F
1782393108.336,2474,68.11,68.28,68.14,68.08,high_C,low_P,C>P,C>M>O>P,F,F,T,T,T,T
1782393221.671,2475,68.28,68.37,68.29,68.28,high_C,TIE,TIE,TIE,F,F,TIE,T,T,T
1782393425.229,2476,68.37,68.29,68.37,68.38,high_P,low_C,P>C,TIE,T,TIE,F,F,F,F
1782393819.05,2477,68.29,68.28,68.27,68.27,high_O,TIE,TIE,TIE,T,T,T,T,T,TIE
1782394038.082,2478,68.28,68.2,68.2,68.19,high_O,low_P,O>P,TIE,T,T,T,TIE,T,T
1782394200.835,2479,68.2,68.14,68.18,68.21,high_P,low_C,P>C,P>O>M>C,T,T,F,F,F,F
1782394205.096,2480,68.14,68.37,68.3,68.32,high_C,low_O,C>O,C>P>M>O,F,F,F,T,T,F
1782394237.994,2481,68.37,68.11,68.18,68.17,high_O,low_C,O>C,O>M>P>C,T,T,T,F,F,T
1782394271.707,2482,68.11,67.9,68.02,67.96,high_O,low_C,O>C,O>M>P>C,T,T,T,F,F,T
1782394287.748,2483,67.9,67.87,67.81,67.75,high_O,low_P,O>P,O>C>M>P,T,T,T,T,T,T
1782394296.874,2484,67.87,67.91,67.9,67.9,high_C,low_O,C>O,TIE,F,F,F,T,T,TIE
1782394302.762,2485,67.91,67.9,67.9,67.9,high_O,TIE,TIE,TIE,T,T,T,TIE,TIE,TIE
1782394325.7,2486,67.9,67.84,67.85,67.84,high_O,TIE,TIE,TIE,T,T,T,F,TIE,T
1782394393.774,2488,67.79,67.79,67.77,67.77,TIE,TIE,TIE,TIE,TIE,T,T,T,T,TIE
1782394446.333,2489,67.79,68.05,67.87,67.87,high_C,low_O,C>O,TIE,F,F,F,T,T,TIE
1782394521.727,2490,68.05,67.75,67.9,67.9,high_O,low_C,O>C,TIE,T,T,T,F,F,TIE
1782394606.205,2491,67.75,67.83,67.86,67.86,TIE,low_O,TIE,TIE,F,F,F,F,F,TIE
1782394687.415,2492,67.83,67.63,67.74,67.7,high_O,low_C,O>C,O>M>P>C,T,T,T,F,F,T
1782394707.417,2493,67.63,67.57,67.62,67.62,high_O,low_C,O>C,TIE,T,T,T,F,F,TIE
1782394721.406,2494,67.57,67.52,67.56,67.56,high_O,low_C,O>C,TIE,T,T,T,F,F,TIE
1782394725.614,2495,67.52,67.51,67.5,67.5,high_O,TIE,TIE,TIE,T,T,T,T,T,TIE
1782394737.763,2496,67.51,67.48,67.46,67.47,high_O,low_M,O>M,O>C>P>M,T,T,T,T,T,F
1782394772.377,2497,67.48,67.46,67.45,67.42,high_O,low_P,O>P,O>C>M>P,T,T,T,T,T,T
1782394800.678,2498,67.46,67.37,67.39,67.37,high_O,TIE,TIE,TIE,T,T,T,F,TIE,T
1782394815.065,2499,67.37,67.29,67.32,67.37,TIE,low_C,TIE,TIE,T,T,TIE,F,F,F
1782394834.252,2500,67.29,67.21,67.24,67.24,high_O,low_C,O>C,TIE,T,T,T,F,F,TIE
1782394865.409,2501,67.21,67.27,67.16,67.13,high_C,low_P,C>P,C>O>M>P,F,T,T,T,T,T
1782394906.56,2502,67.27,67.09,67.12,67.15,high_O,low_C,O>C,O>P>M>C,T,T,T,F,F,F
1782394921.049,2503,67.09,66.94,67.01,67.0,high_O,low_C,O>C,O>M>P>C,T,T,T,F,F,T
1782394938.994,2505,66.9,66.9,66.84,66.9,TIE,low_M,TIE,TIE,TIE,T,TIE,T,TIE,F
1782394963.325,2506,66.9,66.84,66.87,66.87,high_O,low_C,O>C,TIE,T,T,T,F,F,TIE
1782394980.3,2507,66.84,66.85,66.88,66.88,TIE,low_O,TIE,TIE,F,F,F,F,F,TIE
1782395004.068,2508,66.85,66.77,66.81,66.81,high_O,low_C,O>C,TIE,T,T,T,F,F,TIE
1782395060.994,2510,66.7,66.7,66.71,66.71,TIE,TIE,TIE,TIE,TIE,F,F,F,F,TIE
1782395083.065,2511,66.7,66.54,66.62,66.62,high_O,low_C,O>C,TIE,T,T,T,F,F,TIE
1782395101.741,2512,66.54,66.58,66.52,66.54,high_C,low_M,C>M,TIE,F,T,TIE,T,T,F
1782395118.208,2513,66.58,66.67,66.61,66.58,high_C,TIE,TIE,TIE,F,F,TIE,T,T,T
1782395131.223,2514,66.67,66.65,66.66,66.66,high_O,low_C,O>C,TIE,T,T,T,F,F,TIE
1782395144.449,2516,66.37,66.37,66.37,66.37,TIE,TIE,TIE,TIE,TIE,TIE,TIE,TIE,TIE,TIE
1782395147.687,2517,66.37,66.27,66.31,66.37,TIE,low_C,TIE,TIE,T,T,TIE,F,F,F
1782395156.126,2518,66.27,66.11,66.2,66.24,high_O,low_C,O>C,O>P>M>C,T,T,T,F,F,F
1782395166.534,2519,66.11,66.06,66.14,66.14,TIE,low_C,TIE,TIE,T,F,F,F,F,TIE
1782395170.717,2520,66.06,66.05,66.03,66.0,high_O,low_P,O>P,O>C>M>P,T,T,T,T,T,T
1782395180.095,2521,66.05,66.03,66.05,66.04,TIE,low_C,TIE,TIE,T,TIE,T,F,F,T
1782395188.485,2522,66.03,66.02,66.01,65.99,high_O,low_P,O>P,O>C>M>P,T,T,T,T,T,T
1782395199.469,2523,66.02,66.0,65.99,66.0,high_O,low_M,O>M,TIE,T,T,T,T,TIE,F
1782395220.813,2524,66.0,65.95,65.95,65.93,high_O,low_P,O>P,TIE,T,T,T,TIE,T,T
1782395236.841,2525,65.95,66.05,66.08,66.06,high_M,low_O,M>O,M>P>C>O,F,F,F,F,F,T
1782395256.457,2526,66.05,65.84,65.93,65.93,high_O,low_C,O>C,TIE,T,T,T,F,F,TIE
1782395282.715,2527,65.84,65.99,65.98,65.98,high_C,low_O,C>O,TIE,F,F,F,T,T,TIE
1782395303.398,2528,65.99,65.81,66.01,66.04,high_P,low_C,P>C,P>M>O>C,T,F,F,F,F,F
1782395311.698,2529,65.81,65.57,65.69,65.6,high_O,low_C,O>C,O>M>P>C,T,T,T,F,F,T
1782395322.436,2530,65.57,65.69,65.61,65.62,high_C,low_O,C>O,C>P>M>O,F,F,F,T,T,F
1782395331.77,2531,65.69,65.59,65.67,65.67,high_O,low_C,O>C,TIE,T,T,T,F,F,TIE
1782395333.604,2532,65.59,65.4,65.43,65.42,high_O,low_C,O>C,O>M>P>C,T,T,T,F,F,T
1782395343.108,2533,65.4,65.43,65.48,65.49,high_P,low_O,P>O,P>M>C>O,F,F,F,F,F,F
1782395362.341,2534,65.43,65.51,65.52,65.53,high_P,low_O,P>O,P>M>C>O,F,F,F,F,F,F
1782395377.207,2535,65.51,65.8,65.66,65.74,high_C,low_O,C>O,C>P>M>O,F,F,F,T,T,F
1782395401.079,2536,65.8,65.87,65.84,65.84,high_C,low_O,C>O,TIE,F,F,F,T,T,TIE
1782395414.429,2537,65.87,65.8,65.8,65.75,high_O,low_P,O>P,TIE,T,T,T,TIE,T,T
1782395446.097,2538,65.8,65.89,65.91,65.94,high_P,low_O,P>O,P>M>C>O,F,F,F,F,F,F
1782395464.715,2539,65.89,65.62,65.77,65.76,high_O,low_C,O>C,O>M>P>C,T,T,T,F,F,T
1782395483.196,2541,65.37,65.37,65.32,65.32,TIE,TIE,TIE,TIE,TIE,T,T,T,T,TIE
1782395496.555,2542,65.37,65.25,65.29,65.31,high_O,low_C,O>C,O>P>M>C,T,T,T,F,F,F
1782395505.684,2543,65.25,65.21,65.2,65.2,high_O,TIE,TIE,TIE,T,T,T,T,T,TIE
1782395517.902,2544,65.21,65.31,65.3,65.31,TIE,low_O,TIE,TIE,F,F,F,T,TIE,F
1782395540.481,2545,65.31,65.39,65.46,65.46,TIE,low_O,TIE,TIE,F,F,F,F,F,TIE
1782395578.881,2546,65.39,65.32,65.37,65.44,high_P,low_C,P>C,P>O>M>C,T,T,F,F,F,F
1782395601.965,2547,65.32,65.17,65.29,65.27,high_O,low_C,O>C,O>M>P>C,T,T,T,F,F,T
1782395610.633,2548,65.17,65.02,65.1,65.1,high_O,low_C,O>C,TIE,T,T,T,F,F,TIE
1782395613.307,2549,65.02,64.82,64.9,65.0,high_O,low_C,O>C,O>P>M>C,T,T,T,F,F,F
1782395617.532,2550,64.82,64.91,64.88,64.86,high_C,low_O,C>O,C>M>P>O,F,F,F,T,T,T
1782395624.739,2551,64.91,64.86,64.85,64.88,high_O,low_M,O>M,O>P>C>M,T,T,T,T,F,F
1782395633.371,2552,64.86,64.82,64.86,64.85,TIE,low_C,TIE,TIE,T,TIE,T,F,F,T
1782395643.61,2553,64.82,64.71,64.78,64.77,high_O,low_C,O>C,O>M>P>C,T,T,T,F,F,T
1782395650.22,2554,64.71,64.83,64.78,64.79,high_C,low_O,C>O,C>P>M>O,F,F,F,T,T,F
1782395659.685,2555,64.83,64.9,64.89,64.93,high_P,low_O,P>O,P>C>M>O,F,F,F,T,F,F
1782395700.345,2557,64.94,64.94,64.83,64.84,TIE,low_M,TIE,TIE,TIE,T,T,T,T,F
1782395711.577,2558,64.94,64.92,64.99,65.0,high_P,low_C,P>C,P>M>O>C,T,F,F,F,F,F
1782395731.626,2559,64.92,64.6,64.76,64.8,high_O,low_C,O>C,O>P>M>C,T,T,T,F,F,F
1782395738.378,2561,64.44,64.44,64.43,64.43,TIE,TIE,TIE,TIE,TIE,T,T,T,T,TIE
1782395745.473,2562,64.44,64.33,64.37,64.34,high_O,low_C,O>C,O>M>P>C,T,T,T,F,F,T
1782395756.581,2563,64.33,64.47,64.4,64.44,high_C,low_O,C>O,C>P>M>O,F,F,F,T,T,F
1782395764.624,2564,64.47,64.6,64.49,64.53,high_C,low_O,C>O,C>P>M>O,F,F,F,T,T,F
1782395780.189,2565,64.6,64.69,64.66,64.65,high_C,low_O,C>O,C>M>P>O,F,F,F,T,T,T
1782395801.584,2566,64.69,64.6,64.68,64.67,high_O,low_C,O>C,O>M>P>C,T,T,T,F,F,T
1782395822.283,2567,64.6,64.65,64.76,64.65,high_M,low_O,M>O,TIE,F,F,F,F,TIE,T
1782395836.144,2568,64.65,64.62,64.65,64.65,TIE,low_C,TIE,TIE,T,TIE,TIE,F,F,TIE
1782395856.45,2569,64.62,64.64,64.67,64.65,high_M,low_O,M>O,M>P>C>O,F,F,F,F,F,T
1782395870.321,2570,64.64,64.47,64.54,64.53,high_O,low_C,O>C,O>M>P>C,T,T,T,F,F,T
1782395880.656,2571,64.47,64.38,64.43,64.43,high_O,low_C,O>C,TIE,T,T,T,F,F,TIE
1782395890.241,2572,64.38,64.21,64.38,64.38,TIE,low_C,TIE,TIE,T,TIE,TIE,F,F,TIE
1782395891.983,2573,64.21,64.15,64.17,64.15,high_O,TIE,TIE,TIE,T,T,T,F,TIE,T
1782395919.41,2575,64.29,64.29,64.31,64.3,high_M,TIE,TIE,TIE,TIE,F,F,F,F,T
1782395946.047,2576,64.29,64.4,64.33,64.33,high_C,low_O,C>O,TIE,F,F,F,T,T,TIE
1782395964.83,2577,64.4,64.15,64.18,64.18,high_O,low_C,O>C,TIE,T,T,T,F,F,TIE
1782395974.85,2578,64.15,64.04,64.05,64.03,high_O,low_P,O>P,O>M>C>P,T,T,T,F,T,T
1782395996.916,2579,64.04,64.08,64.04,64.03,high_C,low_P,C>P,TIE,F,TIE,T,T,T,T
1782396004.772,2580,64.08,64.36,64.23,64.29,high_C,low_O,C>O,C>P>M>O,F,F,F,T,T,F
1782396012.089,2581,64.36,64.78,64.63,64.5,high_C,low_O,C>O,C>M>P>O,F,F,F,T,T,T
1782396020.87,2582,64.78,64.8,64.81,64.81,TIE,low_O,TIE,TIE,F,F,F,F,F,TIE
1782396029.942,2583,64.8,64.86,64.85,64.86,TIE,low_O,TIE,TIE,F,F,F,T,TIE,F
1782396048.608,2584,64.86,64.83,64.81,64.87,high_P,low_M,P>M,P>O>C>M,T,T,F,T,F,F
1782396065.051,2585,64.83,64.76,64.79,64.8,high_O,low_C,O>C,O>P>M>C,T,T,T,F,F,F
1782396087.141,2586,64.76,64.86,64.64,64.58,high_C,low_P,C>P,C>O>M>P,F,T,T,T,T,T
1782396102.252,2587,64.86,64.91,64.87,64.85,high_C,low_P,C>P,C>M>O>P,F,F,T,T,T,T
1782396120.252,2588,64.91,65.01,64.92,64.87,high_C,low_P,C>P,C>M>O>P,F,F,T,T,T,T
1782396130.017,2589,65.01,65.1,64.99,65.0,high_C,low_M,C>M,C>O>P>M,F,T,T,T,T,F
1782396136.357,2590,65.1,65.22,65.12,65.1,high_C,TIE,TIE,TIE,F,F,TIE,T,T,T
1782396146.154,2591,65.22,65.32,65.3,65.3,high_C,low_O,C>O,TIE,F,F,F,T,T,TIE
1782396158.323,2592,65.32,65.26,65.32,65.32,TIE,low_C,TIE,TIE,T,TIE,TIE,F,F,TIE
1782396172.416,2593,65.26,65.33,65.24,65.25,high_C,low_M,C>M,C>O>P>M,F,T,T,T,T,F
1782396187.732,2594,65.33,65.23,65.27,65.24,high_O,low_C,O>C,O>M>P>C,T,T,T,F,F,T
1782396211.042,2595,65.23,65.3,65.28,65.33,high_P,low_O,P>O,P>C>M>O,F,F,F,T,F,F
1782396237.516,2596,65.3,65.27,65.33,65.32,high_M,low_C,M>C,M>P>O>C,T,F,F,F,F,T
1782396272.12,2597,65.27,65.05,65.16,65.15,high_O,low_C,O>C,O>M>P>C,T,T,T,F,F,T
1782396301.414,2598,65.05,65.13,65.05,65.0,high_C,low_P,C>P,TIE,F,TIE,T,T,T,T
1782396324.753,2599,65.13,65.34,65.23,65.32,high_C,low_O,C>O,C>P>M>O,F,F,F,T,T,F
1782396335.051,2600,65.34,65.37,65.41,65.42,high_P,low_O,P>O,P>M>C>O,F,F,F,F,F,F
1782396359.973,2601,65.37,65.23,65.28,65.22,high_O,low_P,O>P,O>M>C>P,T,T,T,F,T,T
1782396384.309,2602,65.23,65.41,65.39,65.41,TIE,low_O,TIE,TIE,F,F,F,T,TIE,F
1782396429.91,2603,65.41,65.38,65.38,65.38,high_O,TIE,TIE,TIE,T,T,T,TIE,TIE,TIE
1782396437.128,2604,65.38,65.39,65.39,65.39,TIE,low_O,TIE,TIE,F,F,F,TIE,TIE,TIE
1782396474.538,2605,65.39,65.62,65.49,65.49,high_C,low_O,C>O,TIE,F,F,F,T,T,TIE
1782396494.242,2606,65.62,65.59,65.71,65.73,high_P,low_C,P>C,P>M>O>C,T,F,F,F,F,F
1782396508.232,2607,65.59,65.81,65.75,65.78,high_C,low_O,C>O,C>P>M>O,F,F,F,T,T,F
1782396512.418,2608,65.81,65.8,65.8,65.8,high_O,TIE,TIE,TIE,T,T,T,TIE,TIE,TIE
1782396528.957,2609,65.8,65.83,65.8,65.8,high_C,TIE,TIE,TIE,F,TIE,TIE,T,T,TIE
1782396553.071,2610,65.83,65.93,65.85,65.85,high_C,low_O,C>O,TIE,F,F,F,T,T,TIE
1782396589.44,2611,65.93,65.97,65.93,65.93,high_C,TIE,TIE,TIE,F,TIE,TIE,T,T,TIE
1782396606.178,2612,65.97,66.1,66.0,65.98,high_C,low_O,C>O,C>M>P>O,F,F,F,T,T,T
1782396620.946,2613,66.1,66.28,66.21,66.18,high_C,low_O,C>O,C>M>P>O,F,F,F,T,T,T
1782396639.531,2614,66.28,66.04,66.31,66.31,TIE,low_C,TIE,TIE,T,F,F,F,F,TIE
1782396660.73,2615,66.04,66.05,66.07,66.06,high_M,low_O,M>O,M>P>C>O,F,F,F,F,F,T
1782396691.41,2616,66.05,66.08,66.14,66.16,high_P,low_O,P>O,P>M>C>O,F,F,F,F,F,F
1782396725.833,2617,66.08,66.09,66.09,66.1,high_P,low_O,P>O,TIE,F,F,F,TIE,F,F
1782396763.44,2618,66.09,66.08,66.0,65.98,high_O,low_P,O>P,O>C>M>P,T,T,T,T,T,T
1782396819.485,2619,66.08,66.06,66.08,66.04,TIE,low_P,TIE,TIE,T,TIE,T,F,T,T
1782396876.555,2620,66.06,65.87,66.04,66.13,high_P,low_C,P>C,P>O>M>C,T,T,F,F,F,F
1782396925.844,2621,65.87,65.95,65.87,65.81,high_C,low_P,C>P,TIE,F,TIE,T,T,T,T
1782396964.457,2622,65.95,65.69,65.8,65.8,high_O,low_C,O>C,TIE,T,T,T,F,F,TIE
1782396980.707,2623,65.69,65.39,65.5,65.5,high_O,low_C,O>C,TIE,T,T,T,F,F,TIE
1782396999.295,2624,65.39,65.3,65.37,65.38,high_O,low_C,O>C,O>P>M>C,T,T,T,F,F,F
1782397027.982,2625,65.3,65.29,65.28,65.29,high_O,low_M,O>M,TIE,T,T,T,T,TIE,F
1782397069.112,2626,65.29,65.44,65.52,65.5,high_M,low_O,M>O,M>P>C>O,F,F,F,F,F,T
1782397103.035,2627,65.44,65.57,65.54,65.55,high_C,low_O,C>O,C>P>M>O,F,F,F,T,T,F
1782397145.402,2628,65.57,65.23,65.43,65.3,high_O,low_C,O>C,O>M>P>C,T,T,T,F,F,T
1782397191.866,2629,65.23,65.63,65.45,65.56,high_C,low_O,C>O,C>P>M>O,F,F,F,T,T,F
1782397221.681,2630,65.63,65.98,65.85,65.63,high_C,TIE,TIE,TIE,F,F,TIE,T,T,T
1782397231.094,2631,65.98,66.09,66.01,66.0,high_C,low_O,C>O,C>M>P>O,F,F,F,T,T,T
1782397271.91,2632,66.09,66.03,66.0,66.0,high_O,TIE,TIE,TIE,T,T,T,T,T,TIE
1782397306.751,2633,66.03,66.17,66.12,66.19,high_P,low_O,P>O,P>C>M>O,F,F,F,T,F,F
1782397363.285,2634,66.17,66.0,66.02,66.0,high_O,TIE,TIE,TIE,T,T,T,F,TIE,T
1782397507.743,2636,65.81,65.81,65.72,65.69,TIE,low_P,TIE,TIE,TIE,T,T,T,T,T
1782397613.629,2637,65.81,65.94,65.79,65.78,high_C,low_P,C>P,C>O>M>P,F,T,T,T,T,T
1782397741.537,2638,65.94,65.75,65.77,65.96,high_P,low_C,P>C,P>O>M>C,T,T,F,F,F,F
1782397823.555,2639,65.75,65.59,65.7,65.62,high_O,low_C,O>C,O>M>P>C,T,T,T,F,F,T
1782397940.987,2640,65.59,65.66,65.61,65.61,high_C,low_O,C>O,TIE,F,F,F,T,T,TIE
1782397979.131,2641,65.66,66.11,65.97,65.98,high_C,low_O,C>O,C>P>M>O,F,F,F,T,T,F
1782397989.628,2642,66.11,66.58,66.3,66.17,high_C,low_O,C>O,C>M>P>O,F,F,F,T,T,T
1782397992.797,2643,66.58,66.72,66.69,66.59,high_C,low_O,C>O,C>M>P>O,F,F,F,T,T,T
1782397995.982,2644,66.72,66.73,66.7,66.7,high_C,TIE,TIE,TIE,F,T,T,T,T,TIE
1782398003.111,2645,66.73,66.96,66.8,66.79,high_C,low_O,C>O,C>M>P>O,F,F,F,T,T,T
1782398012.338,2646,66.96,66.87,66.9,66.85,high_O,low_P,O>P,O>M>C>P,T,T,T,F,T,T
1782398017.571,2647,66.87,67.04,67.04,67.02,TIE,low_O,TIE,TIE,F,F,F,TIE,T,T
1782398024.27,2648,67.04,67.06,67.02,67.05,high_C,low_M,C>M,C>P>O>M,F,T,F,T,T,F
1782398029.055,2649,67.06,66.97,67.06,67.06,TIE,low_C,TIE,TIE,T,TIE,TIE,F,F,TIE
1782398043.633,2650,66.97,66.73,66.87,66.79,high_O,low_C,O>C,O>M>P>C,T,T,T,F,F,T
1782398073.183,2651,66.73,66.58,66.6,66.6,high_O,low_C,O>C,TIE,T,T,T,F,F,TIE
1782398125.78,2652,66.58,66.59,66.61,66.6,high_M,low_O,M>O,M>P>C>O,F,F,F,F,F,T
1782398171.206,2653,66.59,66.25,66.46,66.57,high_O,low_C,O>C,O>P>M>C,T,T,T,F,F,F
1782398225.159,2654,66.25,66.35,66.3,66.34,high_C,low_O,C>O,C>P>M>O,F,F,F,T,T,F
1782398288.439,2655,66.35,66.22,66.16,66.16,high_O,TIE,TIE,TIE,T,T,T,T,T,TIE
1782398370.755,2656,66.22,66.31,66.17,66.31,TIE,low_M,TIE,TIE,F,T,F,T,TIE,F
1782398448.433,2657,66.31,66.19,66.26,66.31,TIE,low_C,TIE,TIE,T,T,TIE,F,F,F
1782398546.664,2658,66.19,66.12,66.11,66.08,high_O,low_P,O>P,O>C>M>P,T,T,T,T,T,T
1782398629.582,2659,66.12,66.0,66.02,66.0,high_O,TIE,TIE,TIE,T,T,T,F,TIE,T
1782398760.621,2660,66.0,65.97,66.0,66.0,TIE,low_C,TIE,TIE,T,TIE,TIE,F,F,TIE
1782398873.925,2661,65.97,66.02,66.01,66.03,high_P,low_O,P>O,P>C>M>O,F,F,F,T,F,F
1782399013.7,2662,66.02,66.24,66.13,66.13,high_C,low_O,C>O,TIE,F,F,F,T,T,TIE
1782399047.325,2663,66.24,66.39,66.35,66.37,high_C,low_O,C>O,C>P>M>O,F,F,F,T,T,F
1782399126.1,2664,66.39,66.63,66.61,66.64,high_P,low_O,P>O,P>C>M>O,F,F,F,T,F,F
1782399274.563,2665,66.63,66.61,66.57,66.52,high_O,low_P,O>P,O>C>M>P,T,T,T,T,T,T
1782399472.484,2666,66.61,66.3,66.52,66.61,TIE,low_C,TIE,TIE,T,T,TIE,F,F,F
1782399631.131,2667,66.3,66.24,66.32,66.32,TIE,low_C,TIE,TIE,T,F,F,F,F,TIE
1782399726.975,2668,66.24,66.0,66.13,66.0,high_O,TIE,TIE,TIE,T,T,T,F,TIE,T
1782399826.022,2669,66.0,65.87,65.92,65.89,high_O,low_C,O>C,O>M>P>C,T,T,T,F,F,T
1782399965.346,2670,65.87,65.98,66.01,66.0,high_M,low_O,M>O,M>P>C>O,F,F,F,F,F,T
1782400204.255,2671,65.98,66.03,66.0,65.98,high_C,TIE,TIE,TIE,F,F,TIE,T,T,T
1782400389.876,2672,66.03,65.75,65.83,65.85,high_O,low_C,O>C,O>P>M>C,T,T,T,F,F,F
1782400526.966,2673,65.75,65.43,65.64,65.55,high_O,low_C,O>C,O>M>P>C,T,T,T,F,F,T
1782400550.619,2674,65.43,65.35,65.34,65.32,high_O,low_P,O>P,O>C>M>P,T,T,T,T,T,T
1782400623.662,2675,65.35,65.44,65.31,65.26,high_C,low_P,C>P,C>O>M>P,F,T,T,T,T,T
1782400730.967,2676,65.44,65.81,65.51,65.5,high_C,low_O,C>O,C>M>P>O,F,F,F,T,T,T
1782400908.76,2677,65.81,65.72,65.8,65.7,high_O,low_P,O>P,O>M>C>P,T,T,T,F,T,T
1782401094.444,2678,65.72,65.95,65.88,65.93,high_C,low_O,C>O,C>P>M>O,F,F,F,T,T,F
1782401402.79,2679,65.95,65.87,65.86,65.87,high_O,low_M,O>M,TIE,T,T,T,T,TIE,F
1782401781.768,2680,65.87,66.16,65.87,65.92,high_C,TIE,TIE,TIE,F,TIE,F,T,T,F
1782402105.175,2681,66.16,65.84,66.02,66.07,high_O,low_C,O>C,O>P>M>C,T,T,T,F,F,F
1782402374.414,2682,65.84,65.99,65.75,65.69,high_C,low_P,C>P,C>O>M>P,F,T,T,T,T,T
1782402893.43,2683,65.99,66.01,65.92,65.95,high_C,low_M,C>M,C>O>P>M,F,T,T,T,T,F
1782403105.051,2684,66.01,66.21,66.2,66.25,high_P,low_O,P>O,P>C>M>O,F,F,F,T,F,F
1782403369.491,2685,66.21,66.28,66.3,66.28,high_M,low_O,M>O,TIE,F,F,F,F,TIE,T
1782403615.973,2686,66.28,66.7,66.34,66.3,high_C,low_O,C>O,C>M>P>O,F,F,F,T,T,T
1782403750.127,2687,66.7,66.81,66.64,66.59,high_C,low_P,C>P,C>O>M>P,F,T,T,T,T,T
1782403861.627,2688,66.81,66.97,66.92,66.94,high_C,low_O,C>O,C>P>M>O,F,F,F,T,T,F
1782404112.958,2689,66.97,66.64,66.65,66.6,high_O,low_P,O>P,O>M>C>P,T,T,T,F,T,T
1782404549.822,2690,66.64,66.59,66.57,66.52,high_O,low_P,O>P,O>C>M>P,T,T,T,T,T,T
1782404940.682,2691,66.59,66.67,66.63,66.65,high_C,low_O,C>O,C>P>M>O,F,F,F,T,T,F
1782405145.789,2692,66.67,66.33,66.33,66.32,high_O,low_P,O>P,TIE,T,T,T,TIE,T,T
1782405501.682,2693,66.33,66.2,66.21,66.18,high_O,low_P,O>P,O>M>C>P,T,T,T,F,T,T
1782405838.185,2694,66.2,66.0,66.12,66.11,high_O,low_C,O>C,O>M>P>C,T,T,T,F,F,T
1782405944.771,2695,66.0,65.63,65.8,66.0,TIE,low_C,TIE,TIE,T,T,TIE,F,F,F
1782406246.071,2696,65.63,65.88,65.78,65.92,high_P,low_O,P>O,P>C>M>O,F,F,F,T,F,F
1782406699.921,2697,65.88,65.9,65.83,65.85,high_C,low_M,C>M,C>O>P>M,F,T,T,T,T,F
1782407248.896,2698,65.9,65.87,65.91,65.92,high_P,low_C,P>C,P>M>O>C,T,F,F,F,F,F
1782407674.624,2699,65.87,66.45,66.3,66.39,high_C,low_O,C>O,C>P>M>O,F,F,F,T,T,F
1782407813.357,2700,66.45,66.62,66.62,66.68,high_P,low_O,P>O,TIE,F,F,F,TIE,F,F
1782408183.392,2701,66.62,66.75,66.67,66.68,high_C,low_O,C>O,C>P>M>O,F,F,F,T,T,F
1782408399.122,2702,66.76,67.03,66.88,67.0,high_C,low_O,C>O,C>P>M>O,F,F,F,T,T,F
1782408484.025,2703,67.03,67.2,67.21,67.2,high_M,low_O,M>O,TIE,F,F,F,F,TIE,T
1782408652.77,2704,67.2,67.3,67.26,67.29,high_C,low_O,C>O,C>P>M>O,F,F,F,T,T,F
1782408905.151,2705,67.3,66.94,66.98,66.91,high_O,low_P,O>P,O>M>C>P,T,T,T,F,T,T
1782409286.296,2706,66.93,67.26,67.13,67.15,high_C,low_O,C>O,C>P>M>O,F,F,F,T,T,F
1782409601.184,2707,67.26,66.72,66.93,66.84,high_O,low_C,O>C,O>M>P>C,T,T,T,F,F,T
1782409983.572,2708,66.72,66.76,66.76,66.83,high_P,low_O,P>O,TIE,F,F,F,TIE,F,F
1782410321.651,2709,66.76,66.94,66.9,66.94,TIE,low_O,TIE,TIE,F,F,F,T,TIE,F
1782410682.037,2710,66.94,66.79,66.9,67.02,high_P,low_C,P>C,P>O>M>C,T,T,F,F,F,F
1782411026.288,2711,66.79,66.52,66.65,66.65,high_O,low_C,O>C,TIE,T,T,T,F,F,TIE
1782411228.243,2712,66.52,66.09,66.33,66.1,high_O,low_C,O>C,O>M>P>C,T,T,T,F,F,T
1782411526.706,2713,66.09,66.34,66.11,66.1,high_C,low_O,C>O,C>M>P>O,F,F,F,T,T,T
1782411717.325,2714,66.34,66.41,66.52,66.55,high_P,low_O,P>O,P>M>C>O,F,F,F,F,F,F
1782412384.23,2715,66.41,66.16,66.4,66.41,TIE,low_C,TIE,TIE,T,T,TIE,F,F,F
1782412641.594,2716,66.16,66.1,66.04,66.0,high_O,low_P,O>P,O>C>M>P,T,T,T,T,T,T
1782413116.055,2717,66.1,66.02,66.04,66.04,high_O,low_C,O>C,TIE,T,T,T,F,F,TIE
1782413458.338,2718,66.02,66.03,66.05,66.05,TIE,low_O,TIE,TIE,F,F,F,F,F,TIE
1782414058.447,2719,66.03,66.13,66.13,66.15,high_P,low_O,P>O,TIE,F,F,F,TIE,F,F
1782414726.485,2720,66.13,65.88,65.96,65.93,high_O,low_C,O>C,O>M>P>C,T,T,T,F,F,T
1782415141.847,2721,65.88,65.74,65.78,65.77,high_O,low_C,O>C,O>M>P>C,T,T,T,F,F,T
1782415430.7,2722,65.74,65.69,65.79,65.83,high_P,low_C,P>C,P>M>O>C,T,F,F,F,F,F
1782415601.776,2723,65.69,65.93,65.79,65.79,high_C,low_O,C>O,TIE,F,F,F,T,T,TIE
1782416010.629,2724,65.93,66.03,65.96,66.02,high_C,low_O,C>O,C>P>M>O,F,F,F,T,T,F
1782416762.587,2725,66.03,66.0,66.1,66.09,high_M,low_C,M>C,M>P>O>C,T,F,F,F,F,T
1782417079.597,2726,66.0,66.03,66.03,66.05,high_P,low_O,P>O,TIE,F,F,F,TIE,F,F
1782417290.252,2727,66.03,65.92,65.93,65.95,high_O,low_C,O>C,O>P>M>C,T,T,T,F,F,F
1782417591.114,2728,65.92,66.16,65.98,65.97,high_C,low_O,C>O,C>M>P>O,F,F,F,T,T,T
1782417657.21,2729,66.16,66.27,66.19,66.16,high_C,TIE,TIE,TIE,F,F,TIE,T,T,T
1782417724.509,2730,66.27,66.42,66.5,66.5,TIE,low_O,TIE,TIE,F,F,F,F,F,TIE
1782417868.713,2731,66.42,66.58,66.45,66.42,high_C,TIE,TIE,TIE,F,F,TIE,T,T,T
1782418143.292,2732,66.58,66.59,66.53,66.5,high_C,low_P,C>P,C>O>M>P,F,T,T,T,T,T
1782418505.065,2733,66.59,66.43,66.49,66.48,high_O,low_C,O>C,O>M>P>C,T,T,T,F,F,T
1782418936.192,2734,66.43,66.67,66.62,66.64,high_C,low_O,C>O,C>P>M>O,F,F,F,T,T,F
1782419520.837,2735,66.67,66.44,66.69,66.71,high_P,low_C,P>C,P>M>O>C,T,F,F,F,F,F
1782419973.054,2736,66.44,66.37,66.47,66.44,high_M,low_C,M>C,TIE,T,F,TIE,F,F,T
1782420458.367,2737,66.37,66.3,66.33,66.34,high_O,low_C,O>C,O>P>M>C,T,T,T,F,F,F
1782420616.919,2738,66.3,66.12,66.22,66.25,high_O,low_C,O>C,O>P>M>C,T,T,T,F,F,F
1782421582.381,2740,66.28,66.28,66.31,66.31,TIE,TIE,TIE,TIE,TIE,F,F,F,F,TIE
1782421985.04,2741,66.28,66.27,66.4,66.4,TIE,low_C,TIE,TIE,T,F,F,F,F,TIE
1782422455.015,2742,66.27,66.42,66.39,66.39,high_C,low_O,C>O,TIE,F,F,F,T,T,TIE
1782422813.429,2743,66.42,66.65,66.51,66.48,high_C,low_O,C>O,C>M>P>O,F,F,F,T,T,T
1782423033.044,2744,66.65,66.78,66.76,66.65,high_C,TIE,TIE,TIE,F,F,TIE,T,T,T
1782423224.634,2745,66.78,66.96,66.95,66.97,high_P,low_O,P>O,P>C>M>O,F,F,F,T,F,F
1782423418.942,2746,66.96,67.1,67.07,67.1,TIE,low_O,TIE,TIE,F,F,F,T,TIE,F
1782423718.988,2747,67.1,66.89,67.08,67.15,high_P,low_C,P>C,P>O>M>C,T,T,F,F,F,F
1782424462.402,2748,66.89,67.04,66.94,66.92,high_C,low_O,C>O,C>M>P>O,F,F,F,T,T,T
1782424711.045,2749,67.04,67.26,67.11,67.1,high_C,low_O,C>O,C>M>P>O,F,F,F,T,T,T
1782424978.655,2750,67.26,67.27,67.22,67.21,high_C,low_P,C>P,C>O>M>P,F,T,T,T,T,T
1782425281.956,2751,67.27,67.15,67.18,67.14,high_O,low_P,O>P,O>M>C>P,T,T,T,F,T,T
1782425477.499,2752,67.15,66.98,67.01,67.1,high_O,low_C,O>C,O>P>M>C,T,T,T,F,F,F
1782425607.509,2753,66.98,66.96,66.98,66.97,TIE,low_C,TIE,TIE,T,TIE,T,F,F,T
1782425980.221,2754,66.96,66.99,66.99,66.96,TIE,TIE,TIE,TIE,F,F,TIE,TIE,T,T
1782426606.753,2755,66.99,67.05,67.0,67.0,high_C,low_O,C>O,TIE,F,F,F,T,T,TIE
1782427579.109,2757,67.22,67.22,67.13,67.13,TIE,TIE,TIE,TIE,TIE,T,T,T,T,TIE
1782427935.316,2758,67.23,67.11,67.1,67.05,high_O,low_P,O>P,O>C>M>P,T,T,T,T,T,T
1782428350.436,2759,67.11,67.17,67.12,67.09,high_C,low_P,C>P,C>M>O>P,F,F,T,T,T,T
1782428836.979,2760,67.17,67.07,67.17,67.2,high_P,low_C,P>C,TIE,T,TIE,F,F,F,F
1782429074.273,2761,67.07,67.03,67.01,67.0,high_O,low_P,O>P,O>C>M>P,T,T,T,T,T,T
1782429455.561,2762,67.03,67.27,67.17,67.17,high_C,low_O,C>O,TIE,F,F,F,T,T,TIE
1782429503.412,2763,67.27,67.43,67.4,67.41,high_C,low_O,C>O,C>P>M>O,F,F,F,T,T,F
1782429629.234,2764,67.43,67.46,67.44,67.44,high_C,low_O,C>O,TIE,F,F,F,T,T,TIE
1782429760.981,2765,67.46,67.51,67.5,67.5,high_C,low_O,C>O,TIE,F,F,F,T,T,TIE
1782429836.102,2766,67.51,67.62,67.58,67.61,high_C,low_O,C>O,C>P>M>O,F,F,F,T,T,F
1782429890.395,2767,67.62,67.65,67.65,67.66,high_P,low_O,P>O,TIE,F,F,F,TIE,F,F
1782430007.372,2769,67.74,67.74,67.75,67.74,high_M,TIE,TIE,TIE,TIE,F,TIE,F,TIE,T
1782430025.405,2770,67.74,67.99,67.87,67.97,high_C,low_O,C>O,C>P>M>O,F,F,F,T,T,F
1782430026.793,2771,67.99,68.04,68.0,68.0,high_C,low_O,C>O,TIE,F,F,F,T,T,TIE
1782430082.041,2772,68.04,68.16,68.09,68.06,high_C,low_O,C>O,C>M>P>O,F,F,F,T,T,T
1782430113.511,2773,68.16,68.31,68.25,68.19,high_C,low_O,C>O,C>M>P>O,F,F,F,T,T,T
1782430139.465,2774,68.31,68.37,68.36,68.36,high_C,low_O,C>O,TIE,F,F,F,T,T,TIE
1782430164.752,2775,68.37,68.35,68.39,68.39,TIE,low_C,TIE,TIE,T,F,F,F,F,TIE
1782430208.492,2776,68.35,68.18,68.26,68.24,high_O,low_C,O>C,O>M>P>C,T,T,T,F,F,T
1782430221.358,2777,68.18,68.39,68.34,68.35,high_C,low_O,C>O,C>P>M>O,F,F,F,T,T,F
1782430222.132,2778,68.39,68.49,68.51,68.5,high_M,low_O,M>O,M>P>C>O,F,F,F,F,F,T
1782430226.235,2779,68.49,68.62,68.62,68.66,high_P,low_O,P>O,TIE,F,F,F,TIE,F,F
1782430231.668,2780,68.62,68.54,68.56,68.53,high_O,low_P,O>P,O>M>C>P,T,T,T,F,T,T
1782430258.044,2781,68.54,68.67,68.67,68.55,TIE,low_O,TIE,TIE,F,F,F,TIE,T,T
1782430286.03,2782,68.67,68.68,68.76,68.77,high_P,low_O,P>O,P>M>C>O,F,F,F,F,F,F
1782430337.425,2783,68.68,68.39,68.56,68.62,high_O,low_C,O>C,O>P>M>C,T,T,T,F,F,F
1782430419.557,2784,68.39,68.24,68.38,68.38,high_O,low_C,O>C,TIE,T,T,T,F,F,TIE
1782430545.898,2785,68.24,68.31,68.26,68.27,high_C,low_O,C>O,C>P>M>O,F,F,F,T,T,F
1782430638.923,2786,68.31,68.12,68.16,68.21,high_O,low_C,O>C,O>P>M>C,T,T,T,F,F,F
1782430821.306,2787,68.12,68.0,68.12,68.11,TIE,low_C,TIE,TIE,T,TIE,T,F,F,T
1782430981.001,2788,68.0,67.87,67.99,68.0,TIE,low_C,TIE,TIE,T,T,TIE,F,F,F
1782431165.133,2789,67.87,67.81,67.83,67.83,high_O,low_C,O>C,TIE,T,T,T,F,F,TIE
1782431382.977,2790,67.81,67.78,67.81,67.82,high_P,low_C,P>C,TIE,T,TIE,F,F,F,F
1782431496.909,2791,67.78,67.68,67.68,67.68,high_O,TIE,TIE,TIE,T,T,T,TIE,TIE,TIE
1782431800.207,2792,67.68,67.59,67.65,67.67,high_O,low_C,O>C,O>P>M>C,T,T,T,F,F,F
1782432006.421,2793,67.59,67.72,67.66,67.65,high_C,low_O,C>O,C>M>P>O,F,F,F,T,T,T
1782432139.736,2794,67.72,67.65,67.7,67.7,high_O,low_C,O>C,TIE,T,T,T,F,F,TIE
1782432425.25,2795,67.65,67.73,67.7,67.74,high_P,low_O,P>O,P>C>M>O,F,F,F,T,F,F
1782432705.589,2796,67.73,67.78,67.71,67.66,high_C,low_P,C>P,C>O>M>P,F,T,T,T,T,T
1782432908.791,2797,67.78,67.85,67.72,67.65,high_C,low_P,C>P,C>O>M>P,F,T,T,T,T,T
1782433054.283,2798,67.85,68.01,67.91,67.91,high_C,low_O,C>O,TIE,F,F,F,T,T,TIE
1782433263.859,2799,68.01,68.06,67.99,67.99,high_C,TIE,TIE,TIE,F,T,T,T,T,TIE
1782433575.641,2800,68.06,67.77,67.95,67.98,high_O,low_C,O>C,O>P>M>C,T,T,T,F,F,F
1782433885.407,2801,67.77,67.84,67.8,67.8,high_C,low_O,C>O,TIE,F,F,F,T,T,TIE
1782434382.9,2802,67.84,67.85,67.83,67.85,TIE,low_M,TIE,TIE,F,T,F,T,TIE,F
1782434913.004,2803,67.85,67.92,67.92,67.87,TIE,low_O,TIE,TIE,F,F,F,TIE,T,T
1782435278.05,2804,67.92,67.72,67.81,67.75,high_O,low_C,O>C,O>M>P>C,T,T,T,F,F,T
1782435457.315,2805,67.72,67.61,67.69,67.71,high_O,low_C,O>C,O>P>M>C,T,T,T,F,F,F
1782435863.595,2806,67.61,67.65,67.73,67.71,high_M,low_O,M>O,M>P>C>O,F,F,F,F,F,T
1782435950.884,2807,67.65,67.49,67.5,67.51,high_O,low_C,O>C,O>P>M>C,T,T,T,F,F,F
1782436070.07,2808,67.49,67.5,67.49,67.49,high_C,TIE,TIE,TIE,F,TIE,TIE,T,T,TIE
1782436236.018,2809,67.5,67.54,67.5,67.52,high_C,TIE,TIE,TIE,F,TIE,F,T,T,F
1782436535.253,2810,67.54,67.61,67.58,67.57,high_C,low_O,C>O,C>M>P>O,F,F,F,T,T,T
1782436987.14,2811,67.61,67.64,67.68,67.72,high_P,low_O,P>O,P>M>C>O,F,F,F,F,F,F
1782436999.91,2812,67.64,67.41,67.48,67.46,high_O,low_C,O>C,O>M>P>C,T,T,T,F,F,T
1782437069.996,2814,67.39,67.39,67.34,67.34,TIE,TIE,TIE,TIE,TIE,T,T,T,T,TIE
1782437294.218,2815,67.39,67.34,67.36,67.35,high_O,low_C,O>C,O>M>P>C,T,T,T,F,F,T
1782437404.384,2816,67.34,67.21,67.25,67.32,high_O,low_C,O>C,O>P>M>C,T,T,T,F,F,F
1782437541.126,2817,67.21,67.15,67.19,67.24,high_P,low_C,P>C,P>O>M>C,T,T,F,F,F,F
1782437762.487,2818,67.15,67.13,67.17,67.14,high_M,low_C,M>C,M>O>P>C,T,F,T,F,F,T
1782438038.561,2819,67.13,67.28,67.24,67.24,high_C,low_O,C>O,TIE,F,F,F,T,T,TIE
1782438411.255,2821,67.24,67.24,67.28,67.3,high_P,TIE,TIE,TIE,TIE,F,F,F,F,F
1782438713.347,2822,67.24,67.39,67.36,67.41,high_P,low_O,P>O,P>C>M>O,F,F,F,T,F,F
1782439131.082,2823,67.39,67.19,67.28,67.29,high_O,low_C,O>C,O>P>M>C,T,T,T,F,F,F
1782439436.813,2824,67.19,67.26,67.22,67.21,high_C,low_O,C>O,C>M>P>O,F,F,F,T,T,T
1782439764.393,2825,67.26,67.08,67.16,67.16,high_O,low_C,O>C,TIE,T,T,T,F,F,TIE
1782439781.84,2826,67.08,66.96,66.98,67.0,high_O,low_C,O>C,O>P>M>C,T,T,T,F,F,F
1782439906.301,2827,66.96,66.87,66.95,66.96,TIE,low_C,TIE,TIE,T,T,TIE,F,F,F
1782439945.405,2828,66.87,66.67,66.74,66.77,high_O,low_C,O>C,O>P>M>C,T,T,T,F,F,F
1782439971.218,2829,66.67,66.45,66.58,66.58,high_O,low_C,O>C,TIE,T,T,T,F,F,TIE
1782439980.322,2830,66.45,66.37,66.41,66.41,high_O,low_C,O>C,TIE,T,T,T,F,F,TIE
1782440002.622,2831,66.37,66.3,66.36,66.37,TIE,low_C,TIE,TIE,T,T,TIE,F,F,F
1782440013.185,2832,66.3,66.0,66.21,66.2,high_O,low_C,O>C,O>M>P>C,T,T,T,F,F,T
1782440016.821,2833,66.0,66.04,66.08,66.05,high_M,low_O,M>O,M>P>C>O,F,F,F,F,F,T
1782440027.015,2834,66.04,66.05,66.04,66.03,high_C,low_P,C>P,TIE,F,TIE,T,T,T,T
1782440050.26,2835,66.05,66.27,66.1,66.06,high_C,low_O,C>O,C>M>P>O,F,F,F,T,T,T
1782440088.109,2836,66.27,66.08,66.15,66.15,high_O,low_C,O>C,TIE,T,T,T,F,F,TIE
1782440116.431,2837,66.08,66.34,66.24,66.24,high_C,low_O,C>O,TIE,F,F,F,T,T,TIE
1782440146.4,2838,66.34,66.36,66.38,66.36,high_M,low_O,M>O,TIE,F,F,F,F,TIE,T
1782440180.598,2839,66.36,66.1,66.32,66.33,high_O,low_C,O>C,O>P>M>C,T,T,T,F,F,F
1782440221.149,2840,66.1,66.27,66.09,66.1,high_C,low_M,C>M,TIE,F,T,TIE,T,T,F
1782440272.126,2841,66.27,66.52,66.41,66.35,high_C,low_O,C>O,C>M>P>O,F,F,F,T,T,T
1782440368.777,2842,66.52,66.21,66.37,66.54,high_P,low_C,P>C,P>O>M>C,T,T,F,F,F,F
1782440491.861,2843,66.21,66.03,66.2,66.2,high_O,low_C,O>C,TIE,T,T,T,F,F,TIE
1782440531.693,2844,66.03,66.15,66.02,65.97,high_C,low_P,C>P,C>O>M>P,F,T,T,T,T,T
1782440612.838,2845,66.15,65.96,66.04,66.14,high_O,low_C,O>C,O>P>M>C,T,T,T,F,F,F
1782440662.052,2846,65.96,65.89,65.95,65.98,high_P,low_C,P>C,P>O>M>C,T,T,F,F,F,F
1782440719.08,2847,65.89,66.11,66.03,66.06,high_C,low_O,C>O,C>P>M>O,F,F,F,T,T,F
1782440791.018,2848,66.11,66.23,66.26,66.28,high_P,low_O,P>O,P>M>C>O,F,F,F,F,F,F
1782440915.548,2849,66.23,66.51,66.42,66.22,high_C,low_P,C>P,C>M>O>P,F,F,T,T,T,T
1782440961.914,2850,66.51,66.63,66.57,66.56,high_C,low_O,C>O,C>M>P>O,F,F,F,T,T,T
1782441053.339,2851,66.63,66.68,66.69,66.74,high_P,low_O,P>O,P>M>C>O,F,F,F,F,F,F
1782441190.1,2852,66.68,66.4,66.6,66.65,high_O,low_C,O>C,O>P>M>C,T,T,T,F,F,F
1782441301.889,2853,66.4,66.71,66.45,66.56,high_C,low_O,C>O,C>P>M>O,F,F,F,T,T,F
1782441408.568,2854,66.71,66.63,66.65,66.62,high_O,low_P,O>P,O>M>C>P,T,T,T,F,T,T
1782441591.141,2855,66.63,66.54,66.46,66.42,high_O,low_P,O>P,O>C>M>P,T,T,T,T,T,T
1782441870.636,2856,66.54,66.58,66.59,66.55,high_M,low_O,M>O,M>C>P>O,F,F,F,F,T,T
1782442128.362,2857,66.58,66.33,66.47,66.47,high_O,low_C,O>C,TIE,T,T,T,F,F,TIE
1782442275.11,2858,66.33,66.43,66.41,66.44,high_P,low_O,P>O,P>C>M>O,F,F,F,T,F,F
1782442457.498,2859,66.43,66.04,66.14,66.19,high_O,low_C,O>C,O>P>M>C,T,T,T,F,F,F
1782442575.544,2860,66.04,66.02,66.07,66.02,high_M,TIE,TIE,TIE,T,F,T,F,TIE,T
1782442645.213,2861,66.02,66.1,66.01,66.0,high_C,low_P,C>P,C>O>M>P,F,T,T,T,T,T
1782442835.226,2862,66.1,66.2,66.17,66.17,high_C,low_O,C>O,TIE,F,F,F,T,T,TIE
1782442915.164,2863,66.2,65.94,66.07,66.07,high_O,low_C,O>C,TIE,T,T,T,F,F,TIE
1782442935.901,2864,65.94,65.92,65.94,65.94,TIE,low_C,TIE,TIE,T,TIE,TIE,F,F,TIE
1782442957.906,2865,65.92,66.05,65.93,65.93,high_C,low_O,C>O,TIE,F,F,F,T,T,TIE
1782443011.745,2866,66.05,66.24,66.03,66.01,high_C,low_P,C>P,C>O>M>P,F,T,T,T,T,T
1782443092.464,2867,66.24,66.39,66.25,66.25,high_C,low_O,C>O,TIE,F,F,F,T,T,TIE
1782443147.44,2868,66.39,66.56,66.41,66.37,high_C,low_P,C>P,C>M>O>P,F,F,T,T,T,T
1782443236.695,2869,66.56,66.49,66.52,66.6,high_P,low_C,P>C,P>O>M>C,T,T,F,F,F,F
1782443389.402,2870,66.49,66.64,66.56,66.62,high_C,low_O,C>O,C>P>M>O,F,F,F,T,T,F
1782443444.482,2871,66.64,66.85,66.76,66.85,TIE,low_O,TIE,TIE,F,F,F,T,TIE,F
1782443491.049,2872,66.85,66.99,66.91,66.86,high_C,low_O,C>O,C>M>P>O,F,F,F,T,T,T
1782443503.435,2873,66.99,67.01,67.0,67.0,high_C,low_O,C>O,TIE,F,F,F,T,T,TIE
1782443510.563,2874,67.01,67.0,67.0,67.0,high_O,TIE,TIE,TIE,T,T,T,TIE,TIE,TIE
1782443521.435,2875,67.0,67.05,67.0,67.0,high_C,TIE,TIE,TIE,F,TIE,TIE,T,T,TIE
1782443660.511,2876,67.05,66.92,66.97,66.99,high_O,low_C,O>C,O>P>M>C,T,T,T,F,F,F
1782443808.059,2877,66.92,66.98,66.92,66.92,high_C,TIE,TIE,TIE,F,TIE,TIE,T,T,TIE
1782444056.756,2878,66.98,66.81,66.85,66.85,high_O,low_C,O>C,TIE,T,T,T,F,F,TIE
1782444182.372,2879,66.81,66.55,66.65,66.56,high_O,low_C,O>C,O>M>P>C,T,T,T,F,F,T
1782444402.596,2880,66.55,66.53,66.53,66.52,high_O,low_P,O>P,TIE,T,T,T,TIE,T,T
1782444461.82,2881,66.53,66.89,66.74,66.74,high_C,low_O,C>O,TIE,F,F,F,T,T,TIE
1782444624.415,2882,66.89,66.63,66.91,66.89,high_M,low_C,M>C,TIE,T,F,TIE,F,F,T
1782444792.196,2883,66.63,66.85,66.86,66.89,high_P,low_O,P>O,P>M>C>O,F,F,F,F,F,F
1782444998.732,2884,66.85,66.96,66.87,66.87,high_C,low_O,C>O,TIE,F,F,F,T,T,TIE
1782445117.493,2885,66.96,67.1,67.01,67.01,high_C,low_O,C>O,TIE,F,F,F,T,T,TIE
1782445148.532,2886,67.1,67.25,67.2,67.2,high_C,low_O,C>O,TIE,F,F,F,T,T,TIE
1782445195.654,2887,67.25,67.34,67.34,67.3,TIE,low_O,TIE,TIE,F,F,F,TIE,T,T
1782445276.134,2888,67.34,67.27,67.33,67.34,TIE,low_C,TIE,TIE,T,T,TIE,F,F,F
1782445456.498,2889,67.27,67.29,67.25,67.26,high_C,low_M,C>M,C>O>P>M,F,T,T,T,T,F
1782445456.969,2890,67.29,67.45,67.4,67.4,high_C,low_O,C>O,TIE,F,F,F,T,T,TIE
1782445505.318,2891,67.45,67.51,67.5,67.5,high_C,low_O,C>O,TIE,F,F,F,T,T,TIE
1782445561.35,2892,67.51,67.62,67.61,67.65,high_P,low_O,P>O,P>C>M>O,F,F,F,T,F,F
1782445597.072,2893,67.62,67.93,67.86,67.87,high_C,low_O,C>O,C>P>M>O,F,F,F,T,T,F
1782445664.953,2894,67.93,67.89,67.87,67.9,high_O,low_M,O>M,O>P>C>M,T,T,T,T,F,F
1782445729.373,2895,67.89,67.77,67.9,67.99,high_P,low_C,P>C,P>M>O>C,T,F,F,F,F,F
1782445842.695,2896,67.77,67.9,67.82,67.82,high_C,low_O,C>O,TIE,F,F,F,T,T,TIE
1782445962.652,2897,67.9,68.03,67.96,68.0,high_C,low_O,C>O,C>P>M>O,F,F,F,T,T,F
1782446061.884,2898,68.03,68.12,68.08,68.04,high_C,low_O,C>O,C>M>P>O,F,F,F,T,T,T
1782446166.106,2899,68.12,68.35,68.14,68.15,high_C,low_O,C>O,C>P>M>O,F,F,F,T,T,F
1782446209.176,2900,68.35,68.34,68.4,68.4,TIE,low_C,TIE,TIE,T,F,F,F,F,TIE
1782446353.231,2901,68.34,68.09,68.11,68.1,high_O,low_C,O>C,O>M>P>C,T,T,T,F,F,T
1782446564.974,2903,68.05,68.05,68.05,68.05,TIE,TIE,TIE,TIE,TIE,TIE,TIE,TIE,TIE,TIE
1782446762.916,2904,68.05,68.14,68.08,68.05,high_C,TIE,TIE,TIE,F,F,TIE,T,T,T
1782447005.044,2905,68.14,68.02,68.12,68.12,high_O,low_C,O>C,TIE,T,T,T,F,F,TIE
1782447352.162,2906,68.02,67.96,67.99,67.98,high_O,low_C,O>C,O>M>P>C,T,T,T,F,F,T
1782447517.152,2907,67.96,68.1,68.24,68.32,high_P,low_O,P>O,P>M>C>O,F,F,F,F,F,F
1782447788.994,2908,68.1,68.08,67.99,67.97,high_O,low_P,O>P,O>C>M>P,T,T,T,T,T,T
1782448063.141,2909,68.08,68.07,68.05,68.1,high_P,low_M,P>M,P>O>C>M,T,T,F,T,F,F
1782448474.234,2910,68.07,68.03,68.06,68.07,TIE,low_C,TIE,TIE,T,T,TIE,F,F,F
1782448758.623,2911,68.03,68.0,68.0,68.0,high_O,TIE,TIE,TIE,T,T,T,TIE,TIE,TIE
1782449199.581,2912,68.0,68.01,68.06,68.05,high_M,low_O,M>O,M>P>C>O,F,F,F,F,F,T
1782449469.4,2913,68.01,67.97,68.0,67.98,high_O,low_C,O>C,O>M>P>C,T,T,T,F,F,T
1782449766.726,2914,67.97,68.02,68.02,68.0,TIE,low_O,TIE,TIE,F,F,F,TIE,T,T
1782450115.449,2915,68.02,68.05,68.02,68.0,high_C,low_P,C>P,TIE,F,TIE,T,T,T,T
1782450394.981,2916,68.05,68.0,67.98,67.97,high_O,low_P,O>P,O>C>M>P,T,T,T,T,T,T
1782450705.912,2917,68.0,68.15,68.08,68.1,high_C,low_O,C>O,C>P>M>O,F,F,F,T,T,F
1782450970.55,2918,68.15,68.32,68.18,68.16,high_C,low_O,C>O,C>M>P>O,F,F,F,T,T,T
1782451226.238,2919,68.32,68.3,68.28,68.24,high_O,low_P,O>P,O>C>M>P,T,T,T,T,T,T
1782451536.284,2920,68.3,68.05,68.04,68.01,high_O,low_P,O>P,O>C>M>P,T,T,T,T,T,T
1782451893.493,2921,68.05,68.27,68.22,68.28,high_P,low_O,P>O,P>C>M>O,F,F,F,T,F,F
1782452322.685,2922,68.27,68.31,68.33,68.35,high_P,low_O,P>O,P>M>C>O,F,F,F,F,F,F
1782452703.504,2923,68.31,68.24,68.26,68.28,high_O,low_C,O>C,O>P>M>C,T,T,T,F,F,F
1782452981.587,2924,68.24,68.18,68.1,68.1,high_O,TIE,TIE,TIE,T,T,T,T,T,TIE
1782453373.246,2925,68.18,68.29,68.33,68.35,high_P,low_O,P>O,P>M>C>O,F,F,F,F,F,F
1782453679.253,2927,68.15,68.15,68.15,68.15,TIE,TIE,TIE,TIE,TIE,TIE,TIE,TIE,TIE,TIE
1782453772.338,2928,68.15,68.2,68.15,68.15,high_C,TIE,TIE,TIE,F,TIE,TIE,T,T,TIE
1782453941.482,2929,68.2,68.09,68.13,68.14,high_O,low_C,O>C,O>P>M>C,T,T,T,F,F,F
1782454184.013,2930,68.09,67.99,68.04,68.11,high_P,low_C,P>C,P>O>M>C,T,T,F,F,F,F
1782454462.109,2931,67.99,68.09,68.07,68.09,TIE,low_O,TIE,TIE,F,F,F,T,TIE,F
1782454680.282,2932,68.09,68.19,68.09,68.09,high_C,TIE,TIE,TIE,F,TIE,TIE,T,T,TIE
1782454703.124,2933,68.19,68.44,68.38,68.39,high_C,low_O,C>O,C>P>M>O,F,F,F,T,T,F
1782454765.996,2934,68.44,68.55,68.55,68.58,high_P,low_O,P>O,TIE,F,F,F,TIE,F,F
1782454910.044,2935,68.55,68.72,68.63,68.65,high_C,low_O,C>O,C>P>M>O,F,F,F,T,T,F
1782454941.109,2936,68.72,68.97,68.85,68.85,high_C,low_O,C>O,TIE,F,F,F,T,T,TIE
1782454941.299,2937,68.97,69.2,69.01,69.0,high_C,low_O,C>O,C>M>P>O,F,F,F,T,T,T
1782454942.75,2938,69.2,69.31,69.29,69.31,TIE,low_O,TIE,TIE,F,F,F,T,TIE,F
1782454948.827,2939,69.31,69.3,69.3,69.3,high_O,TIE,TIE,TIE,T,T,T,TIE,TIE,TIE
1782454993.081,2940,69.3,69.24,69.28,69.29,high_O,low_C,O>C,O>P>M>C,T,T,T,F,F,F
1782455086.946,2941,69.24,69.2,69.23,69.2,high_O,TIE,TIE,TIE,T,T,T,F,TIE,T
1782455242.787,2942,69.2,69.06,69.16,69.18,high_O,low_C,O>C,O>P>M>C,T,T,T,F,F,F
1782455400.121,2943,69.06,69.17,69.02,69.02,high_C,TIE,TIE,TIE,F,T,T,T,T,TIE
1782455637.53,2944,69.17,69.04,69.06,69.02,high_O,low_P,O>P,O>M>C>P,T,T,T,F,T,T
1782455891.638,2945,69.04,69.26,69.15,69.15,high_C,low_O,C>O,TIE,F,F,F,T,T,TIE
1782455964.119,2946,69.26,69.54,69.43,69.5,high_C,low_O,C>O,C>P>M>O,F,F,F,T,T,F
1782456097.598,2947,69.54,69.38,69.4,69.4,high_O,low_C,O>C,TIE,T,T,T,F,F,TIE
1782456180.294,2948,69.38,69.58,69.47,69.5,high_C,low_O,C>O,C>P>M>O,F,F,F,T,T,F
1782456185.102,2949,69.58,69.72,69.69,69.71,high_C,low_O,C>O,C>P>M>O,F,F,F,T,T,F
1782456257.657,2950,69.72,69.74,69.72,69.73,high_C,TIE,TIE,TIE,F,TIE,F,T,T,F
1782456387.379,2951,69.74,69.69,69.69,69.69,high_O,TIE,TIE,TIE,T,T,T,TIE,TIE,TIE
1782456484.144,2952,69.69,69.74,69.76,69.76,TIE,low_O,TIE,TIE,F,F,F,F,F,TIE
1782456806.75,2953,69.74,69.54,69.6,69.57,high_O,low_C,O>C,O>M>P>C,T,T,T,F,F,T
1782457020.47,2954,69.54,69.69,69.67,69.67,high_C,low_O,C>O,TIE,F,F,F,T,T,TIE
1782457185.898,2955,69.69,69.85,69.76,69.76,high_C,low_O,C>O,TIE,F,F,F,T,T,TIE
1782457200.193,2956,69.85,69.98,69.95,69.95,high_C,low_O,C>O,TIE,F,F,F,T,T,TIE
1782457251.753,2957,69.98,69.92,69.99,70.0,high_P,low_C,P>C,P>M>O>C,T,F,F,F,F,F
1782457316.055,2958,69.92,70.05,69.95,69.92,high_C,TIE,TIE,TIE,F,F,TIE,T,T,T
1782457353.061,2959,70.05,70.29,70.2,70.29,TIE,low_O,TIE,TIE,F,F,F,T,TIE,F
1782457418.616,2960,70.29,70.34,70.28,70.28,high_C,TIE,TIE,TIE,F,T,T,T,T,TIE
1782457432.067,2961,70.34,70.46,70.39,70.38,high_C,low_O,C>O,C>M>P>O,F,F,F,T,T,T
1782457436.433,2962,70.46,70.55,70.45,70.45,high_C,TIE,TIE,TIE,F,T,T,T,T,TIE
1782457441.084,2963,70.55,70.62,70.6,70.58,high_C,low_O,C>O,C>M>P>O,F,F,F,T,T,T
1782457470.438,2964,70.62,70.39,70.43,70.38,high_O,low_P,O>P,O>M>C>P,T,T,T,F,T,T
1782457471.907,2965,70.39,70.32,70.38,70.38,high_O,low_C,O>C,TIE,T,T,T,F,F,TIE
1782457596.586,2966,70.32,70.38,70.3,70.3,high_C,TIE,TIE,TIE,F,T,T,T,T,TIE
1782457623.9,2967,70.38,70.55,70.51,70.51,high_C,low_O,C>O,TIE,F,F,F,T,T,TIE
1782457658.741,2968,70.55,70.6,70.69,70.71,high_P,low_O,P>O,P>M>C>O,F,F,F,F,F,F
1782457800.883,2969,70.6,70.4,70.35,70.33,high_O,low_P,O>P,O>C>M>P,T,T,T,T,T,T
1782458010.109,2970,70.4,70.39,70.45,70.44,high_M,low_C,M>C,M>P>O>C,T,F,F,F,F,T
1782458096.293,2971,70.39,70.58,70.53,70.62,high_P,low_O,P>O,P>C>M>O,F,F,F,T,F,F
1782458248.962,2972,70.58,70.66,70.61,70.65,high_C,low_O,C>O,C>P>M>O,F,F,F,T,T,F
1782458460.795,2973,70.66,70.48,70.59,70.5,high_O,low_C,O>C,O>M>P>C,T,T,T,F,F,T
1782458677.393,2974,70.48,70.44,70.48,70.49,high_P,low_C,P>C,TIE,T,TIE,F,F,F,F
1782458890.438,2975,70.44,70.5,70.44,70.45,high_C,TIE,TIE,TIE,F,TIE,F,T,T,F
1782459055.69,2976,70.5,70.54,70.51,70.5,high_C,TIE,TIE,TIE,F,F,TIE,T,T,T
1782459160.854,2977,70.54,70.76,70.65,70.6,high_C,low_O,C>O,C>M>P>O,F,F,F,T,T,T
1782459428.209,2978,70.76,70.56,70.65,70.63,high_O,low_C,O>C,O>M>P>C,T,T,T,F,F,T
1782459596.015,2979,70.56,70.94,70.77,70.77,high_C,low_O,C>O,TIE,F,F,F,T,T,TIE
1782459875.325,2980,70.94,70.69,70.82,70.78,high_O,low_C,O>C,O>M>P>C,T,T,T,F,F,T
1782460082.96,2981,70.69,70.62,70.61,70.61,high_O,TIE,TIE,TIE,T,T,T,T,T,TIE
1782460400.615,2982,70.62,70.64,70.63,70.6,high_C,low_P,C>P,C>M>O>P,F,F,T,T,T,T
1782460700.3,2983,70.64,70.77,70.7,70.7,high_C,low_O,C>O,TIE,F,F,F,T,T,TIE
1782460883.658,2984,70.77,70.65,70.75,70.75,high_O,low_C,O>C,TIE,T,T,T,F,F,TIE
1782461021.445,2985,70.65,70.61,70.59,70.55,high_O,low_P,O>P,O>C>M>P,T,T,T,T,T,T
1782461185.404,2986,70.61,70.43,70.61,70.63,high_P,low_C,P>C,TIE,T,TIE,F,F,F,F
1782461306.007,2987,70.43,70.41,70.45,70.45,TIE,low_C,TIE,TIE,T,F,F,F,F,TIE
1782461474.317,2988,70.41,70.2,70.28,70.25,high_O,low_C,O>C,O>M>P>C,T,T,T,F,F,T
1782461559.411,2989,70.2,70.01,70.17,70.25,high_P,low_C,P>C,P>O>M>C,T,T,F,F,F,F
1782461563.48,2990,70.01,70.13,69.98,69.93,high_C,low_P,C>P,C>O>M>P,F,T,T,T,T,T
1782461704.745,2991,70.13,70.01,69.99,69.95,high_O,low_P,O>P,O>C>M>P,T,T,T,T,T,T
1782461883.101,2992,70.01,70.06,70.04,70.05,high_C,low_O,C>O,C>P>M>O,F,F,F,T,T,F
1782462000.218,2993,70.06,69.85,69.85,69.83,high_O,low_P,O>P,TIE,T,T,T,TIE,T,T
1782462208.962,2994,69.85,69.93,69.87,69.95,high_P,low_O,P>O,P>C>M>O,F,F,F,T,F,F
1782462440.842,2995,69.93,69.9,69.92,69.93,TIE,low_C,TIE,TIE,T,T,TIE,F,F,F
1782462440.869,2996,69.9,69.92,69.9,69.9,high_C,TIE,TIE,TIE,F,TIE,TIE,T,T,TIE
1782462800.608,2997,69.92,69.76,69.86,69.86,high_O,low_C,O>C,TIE,T,T,T,F,F,TIE
1782463029.22,2998,69.76,69.84,69.76,69.77,high_C,TIE,TIE,TIE,F,TIE,F,T,T,F
1782463560.423,2999,69.84,69.85,69.81,69.8,high_C,low_P,C>P,C>O>M>P,F,T,T,T,T,T
1782464052.845,3000,69.85,69.89,69.83,69.88,high_C,low_M,C>M,C>P>O>M,F,T,F,T,T,F
1782464052.851,3001,69.89,70.16,70.05,70.14,high_C,low_O,C>O,C>P>M>O,F,F,F,T,T,F
1782464106.53,3002,70.16,69.77,70.01,70.04,high_O,low_C,O>C,O>P>M>C,T,T,T,F,F,F
1782464361.61,3003,69.77,69.89,69.77,69.77,high_C,TIE,TIE,TIE,F,TIE,TIE,T,T,TIE
1782464599.46,3004,69.89,69.84,69.87,69.88,high_O,low_C,O>C,O>P>M>C,T,T,T,F,F,F
1782464804.549,3005,69.84,69.59,69.68,69.68,high_O,low_C,O>C,TIE,T,T,T,F,F,TIE
1782465010.401,3006,69.59,69.58,69.55,69.55,high_O,TIE,TIE,TIE,T,T,T,T,T,TIE
1782465397.474,3007,69.58,69.72,69.66,69.66,high_C,low_O,C>O,TIE,F,F,F,T,T,TIE
1782465680.256,3008,69.72,69.84,69.75,69.75,high_C,low_O,C>O,TIE,F,F,F,T,T,TIE
1782466169.787,3009,69.84,69.76,69.77,69.75,high_O,low_P,O>P,O>M>C>P,T,T,T,F,T,T
1782466494.71,3010,69.76,69.7,69.69,69.75,high_O,low_M,O>M,O>P>C>M,T,T,T,T,F,F
1782466746.529,3011,69.7,69.71,69.76,69.75,high_M,low_O,M>O,M>P>C>O,F,F,F,F,F,T
1782467149.201,3012,69.71,69.58,69.63,69.55,high_O,low_P,O>P,O>M>C>P,T,T,T,F,T,T
1782467259.299,3013,69.58,69.42,69.5,69.55,high_O,low_C,O>C,O>P>M>C,T,T,T,F,F,F
1782467309.984,3014,69.42,69.26,69.33,69.27,high_O,low_C,O>C,O>M>P>C,T,T,T,F,F,T
1782467401.736,3015,69.26,69.16,69.22,69.25,high_O,low_C,O>C,O>P>M>C,T,T,T,F,F,F
1782467498.921,3016,69.16,69.01,69.18,69.21,high_P,low_C,P>C,P>M>O>C,T,F,F,F,F,F
1782467523.287,3017,69.01,68.91,68.94,68.94,high_O,low_C,O>C,TIE,T,T,T,F,F,TIE
1782467586.482,3018,68.91,68.84,68.85,68.82,high_O,low_P,O>P,O>M>C>P,T,T,T,F,T,T
1782467719.429,3019,68.84,69.19,69.02,69.22,high_P,low_O,P>O,P>C>M>O,F,F,F,T,F,F
1782467930.476,3020,69.19,68.97,69.1,69.1,high_O,low_C,O>C,TIE,T,T,T,F,F,TIE
1782468024.647,3021,68.97,68.93,68.98,69.0,high_P,low_C,P>C,P>M>O>C,T,F,F,F,F,F
1782468334.682,3022,68.93,69.04,68.99,68.91,high_C,low_P,C>P,C>M>O>P,F,F,T,T,T,T
1782468831.149,3023,69.04,69.14,69.08,69.09,high_C,low_O,C>O,C>P>M>O,F,F,F,T,T,F
1782469339.127,3024,69.14,68.97,69.06,69.05,high_O,low_C,O>C,O>M>P>C,T,T,T,F,F,T
1782469744.327,3025,68.97,69.15,69.14,69.15,TIE,low_O,TIE,TIE,F,F,F,T,TIE,F
1782470220.091,3026,69.15,69.05,69.15,69.15,TIE,low_C,TIE,TIE,T,TIE,TIE,F,F,TIE
1782470371.084,3027,69.05,68.69,68.79,68.78,high_O,low_C,O>C,O>M>P>C,T,T,T,F,F,T
1782470740.493,3028,68.69,69.0,68.81,68.7,high_C,low_O,C>O,C>M>P>O,F,F,F,T,T,T
1782470963.436,3029,69.0,68.67,68.71,68.71,high_O,low_C,O>C,TIE,T,T,T,F,F,TIE
1782471142.208,3030,68.67,68.66,68.71,68.66,high_M,TIE,TIE,TIE,T,F,T,F,TIE,T
1782471664.949,3031,68.66,68.81,68.72,68.69,high_C,low_O,C>O,C>M>P>O,F,F,F,T,T,T
1782471867.289,3032,68.81,68.95,68.94,68.84,high_C,low_O,C>O,C>M>P>O,F,F,F,T,T,T
1782472202.502,3033,68.95,68.68,68.89,68.9,high_O,low_C,O>C,O>P>M>C,T,T,T,F,F,F
1782472708.22,3034,68.68,68.6,68.68,68.66,TIE,low_C,TIE,TIE,T,TIE,T,F,F,T
1782473216.768,3035,68.6,68.63,68.65,68.63,high_M,low_O,M>O,TIE,F,F,F,F,TIE,T
1782473505.203,3036,68.63,68.6,68.57,68.51,high_O,low_P,O>P,O>C>M>P,T,T,T,T,T,T
1782474085.901,3037,68.6,68.64,68.65,68.68,high_P,low_O,P>O,P>M>C>O,F,F,F,F,F,F
1782474656.851,3038,68.64,68.48,68.6,68.58,high_O,low_C,O>C,O>M>P>C,T,T,T,F,F,T
1782474871.924,3039,68.48,68.4,68.46,68.48,TIE,low_C,TIE,TIE,T,T,TIE,F,F,F
1782475251.005,3040,68.4,68.66,68.53,68.51,high_C,low_O,C>O,C>M>P>O,F,F,F,T,T,T
1782475508.347,3041,68.66,68.72,68.67,68.66,high_C,TIE,TIE,TIE,F,F,TIE,T,T,T
1782475753.748,3042,68.72,68.8,68.82,68.83,high_P,low_O,P>O,P>M>C>O,F,F,F,F,F,F
1782476000.021,3043,68.8,68.92,68.83,68.84,high_C,low_O,C>O,C>P>M>O,F,F,F,T,T,F
1782476156.726,3044,68.92,69.03,68.87,68.88,high_C,low_M,C>M,C>O>P>M,F,T,T,T,T,F
1782476260.397,3045,69.03,69.06,69.04,69.03,high_C,TIE,TIE,TIE,F,F,TIE,T,T,T
1782476405.609,3046,69.06,69.08,69.08,69.07,TIE,low_O,TIE,TIE,F,F,F,TIE,T,T
1782476574.172,3047,69.08,68.93,68.91,68.91,high_O,TIE,TIE,TIE,T,T,T,T,T,TIE
1782476792.473,3048,68.93,69.09,69.03,69.04,high_C,low_O,C>O,C>P>M>O,F,F,F,T,T,F
1782476937.724,3049,69.09,69.15,69.14,69.16,high_P,low_O,P>O,P>C>M>O,F,F,F,T,F,F
1782477096.197,3050,69.15,69.19,69.17,69.22,high_P,low_O,P>O,P>C>M>O,F,F,F,T,F,F
1782477205.876,3051,69.19,69.35,69.3,69.35,TIE,low_O,TIE,TIE,F,F,F,T,TIE,F
1782477236.768,3052,69.35,69.61,69.59,69.59,high_C,low_O,C>O,TIE,F,F,F,T,T,TIE
1782477328.218,3053,69.61,69.31,69.49,69.43,high_O,low_C,O>C,O>M>P>C,T,T,T,F,F,T
1782477493.428,3054,69.31,69.1,69.27,69.29,high_O,low_C,O>C,O>P>M>C,T,T,T,F,F,F
1782477567.214,3055,69.1,68.95,69.02,69.02,high_O,low_C,O>C,TIE,T,T,T,F,F,TIE
1782477604.012,3056,68.95,68.66,68.78,68.76,high_O,low_C,O>C,O>M>P>C,T,T,T,F,F,T
1782477628.166,3057,68.66,68.47,68.6,68.65,high_O,low_C,O>C,O>P>M>C,T,T,T,F,F,F
1782477663.378,3058,68.47,68.68,68.47,68.44,high_C,low_P,C>P,TIE,F,TIE,T,T,T,T
1782477744.191,3059,68.68,68.49,68.56,68.55,high_O,low_C,O>C,O>M>P>C,T,T,T,F,F,T
1782477835.423,3060,68.49,68.33,68.47,68.4,high_O,low_C,O>C,O>M>P>C,T,T,T,F,F,T
1782477911.445,3061,68.33,68.5,68.51,68.5,high_M,low_O,M>O,TIE,F,F,F,F,TIE,T
1782477967.023,3062,68.5,68.99,68.84,68.86,high_C,low_O,C>O,C>P>M>O,F,F,F,T,T,F
1782477994.78,3063,68.99,69.1,69.06,69.04,high_C,low_O,C>O,C>M>P>O,F,F,F,T,T,T
1782478093.318,3064,69.1,69.03,69.02,69.0,high_O,low_P,O>P,O>C>M>P,T,T,T,T,T,T
1782478259.201,3065,69.03,68.93,68.94,68.96,high_O,low_C,O>C,O>P>M>C,T,T,T,F,F,F
1782478611.972,3066,68.93,68.96,68.96,68.97,high_P,low_O,P>O,TIE,F,F,F,TIE,F,F
1782478980.638,3067,68.96,68.8,68.85,68.83,high_O,low_C,O>C,O>M>P>C,T,T,T,F,F,T
1782479225.815,3068,68.8,68.89,68.8,68.8,high_C,TIE,TIE,TIE,F,TIE,TIE,T,T,TIE
1782479413.848,3069,68.89,68.71,68.76,68.77,high_O,low_C,O>C,O>P>M>C,T,T,T,F,F,F
1782479560.218,3070,68.71,69.03,68.71,68.64,high_C,low_P,C>P,TIE,F,TIE,T,T,T,T
1782479621.309,3071,69.03,68.96,69.12,69.02,high_M,low_C,M>C,M>O>P>C,T,F,T,F,F,T
1782479869.54,3072,68.96,68.71,68.91,68.98,high_P,low_C,P>C,P>O>M>C,T,T,F,F,F,F
1782479944.751,3073,68.71,68.51,68.53,68.49,high_O,low_P,O>P,O>M>C>P,T,T,T,F,T,T
1782479971.622,3074,68.51,68.2,68.42,68.45,high_O,low_C,O>C,O>P>M>C,T,T,T,F,F,F
1782479974.918,3075,68.2,68.33,68.27,68.28,high_C,low_O,C>O,C>P>M>O,F,F,F,T,T,F
1782480002.274,3076,68.33,68.51,68.31,68.3,high_C,low_P,C>P,C>O>M>P,F,T,T,T,T,T
1782480060.528,3077,68.51,68.66,68.65,68.66,TIE,low_O,TIE,TIE,F,F,F,T,TIE,F
1782480138.955,3078,68.66,68.73,68.69,68.74,high_P,low_O,P>O,P>C>M>O,F,F,F,T,F,F
1782480339.905,3079,68.73,68.69,68.68,68.7,high_O,low_M,O>M,O>P>C>M,T,T,T,T,F,F
1782480551.345,3080,68.69,68.7,68.69,68.66,high_C,low_P,C>P,TIE,F,TIE,T,T,T,T
1782480624.014,3081,68.7,68.9,68.8,68.75,high_C,low_O,C>O,C>M>P>O,F,F,F,T,T,T
1782480710.02,3082,68.9,68.93,68.81,68.73,high_C,low_P,C>P,C>O>M>P,F,T,T,T,T,T
1782480722.222,3083,68.93,69.0,69.0,69.0,TIE,low_O,TIE,TIE,F,F,F,TIE,TIE,TIE
1782480730.635,3084,69.0,69.12,69.0,69.0,high_C,TIE,TIE,TIE,F,TIE,TIE,T,T,TIE
1782480794.246,3085,69.12,68.95,69.06,69.08,high_O,low_C,O>C,O>P>M>C,T,T,T,F,F,F
1782480896.725,3086,68.95,68.87,68.81,68.81,high_O,TIE,TIE,TIE,T,T,T,T,T,TIE
1782480938.354,3087,68.87,69.36,69.17,69.27,high_C,low_O,C>O,C>P>M>O,F,F,F,T,T,F
1782480955.077,3088,69.36,69.26,69.3,69.28,high_O,low_C,O>C,O>M>P>C,T,T,T,F,F,T
1782481014.477,3089,69.26,69.27,69.28,69.3,high_P,low_O,P>O,P>M>C>O,F,F,F,F,F,F
1782481158.015,3090,69.27,69.22,69.21,69.23,high_O,low_M,O>M,O>P>C>M,T,T,T,T,F,F
1782481275.012,3091,69.22,69.27,69.26,69.26,high_C,low_O,C>O,TIE,F,F,F,T,T,TIE
1782481387.842,3092,69.27,69.53,69.42,69.35,high_C,low_O,C>O,C>M>P>O,F,F,F,T,T,T
1782481464.585,3093,69.53,69.61,69.55,69.54,high_C,low_O,C>O,C>M>P>O,F,F,F,T,T,T
1782481604.91,3094,69.61,69.63,69.5,69.49,high_C,low_P,C>P,C>O>M>P,F,T,T,T,T,T
1782481641.676,3095,69.63,69.92,69.8,69.93,high_P,low_O,P>O,P>C>M>O,F,F,F,T,F,F
1782481733.376,3096,69.92,69.69,69.84,69.83,high_O,low_C,O>C,O>M>P>C,T,T,T,F,F,T
1782481832.65,3097,69.69,69.61,69.59,69.6,high_O,low_M,O>M,O>C>P>M,T,T,T,T,T,F
1782481890.682,3098,69.61,69.93,69.83,69.85,high_C,low_O,C>O,C>P>M>O,F,F,F,T,T,F
1782481982.82,3099,69.93,70.0,69.89,69.89,high_C,TIE,TIE,TIE,F,T,T,T,T,TIE
1782481992.543,3100,70.0,70.09,70.06,70.1,high_P,low_O,P>O,P>C>M>O,F,F,F,T,F,F
1782482041.954,3101,70.09,70.15,70.19,70.21,high_P,low_O,P>O,P>M>C>O,F,F,F,F,F,F
1782482106.884,3102,70.15,70.44,70.28,70.28,high_C,low_O,C>O,TIE,F,F,F,T,T,TIE
1782482130.074,3103,70.44,70.62,70.57,70.62,TIE,low_O,TIE,TIE,F,F,F,T,TIE,F
1782482173.571,3104,70.62,70.44,70.64,70.71,high_P,low_C,P>C,P>M>O>C,T,F,F,F,F,F
1782482210.925,3105,70.44,70.62,70.63,70.63,TIE,low_O,TIE,TIE,F,F,F,F,F,TIE
1782482242.746,3106,70.62,70.82,70.78,70.76,high_C,low_O,C>O,C>M>P>O,F,F,F,T,T,T
1782482292.881,3107,70.82,70.57,70.71,70.69,high_O,low_C,O>C,O>M>P>C,T,T,T,F,F,T
1782482384.9,3108,70.57,70.6,70.6,70.63,high_P,low_O,P>O,TIE,F,F,F,TIE,F,F
1782482438.506,3109,70.6,70.73,70.67,70.63,high_C,low_O,C>O,C>M>P>O,F,F,F,T,T,T
1782482515.581,3110,70.73,70.41,70.6,70.5,high_O,low_C,O>C,O>M>P>C,T,T,T,F,F,T
1782482551.976,3111,70.41,70.26,70.32,70.27,high_O,low_C,O>C,O>M>P>C,T,T,T,F,F,T
1782482651.477,3112,70.26,70.45,70.27,70.27,high_C,low_O,C>O,TIE,F,F,F,T,T,TIE
1782482735.013,3113,70.45,70.58,70.54,70.54,high_C,low_O,C>O,TIE,F,F,F,T,T,TIE
1782482841.184,3114,70.58,70.43,70.41,70.38,high_O,low_P,O>P,O>C>M>P,T,T,T,T,T,T
1782482956.592,3115,70.43,70.71,70.66,70.67,high_C,low_O,C>O,C>P>M>O,F,F,F,T,T,F
1782483077.943,3116,70.71,70.7,70.73,70.75,high_P,low_C,P>C,P>M>O>C,T,F,F,F,F,F
1782483131.505,3117,70.7,70.94,70.72,70.7,high_C,TIE,TIE,TIE,F,F,TIE,T,T,T
1782483166.594,3118,70.94,71.02,71.01,70.97,high_C,low_O,C>O,C>M>P>O,F,F,F,T,T,T
1782483211.074,3119,71.02,71.08,71.12,71.08,high_M,low_O,M>O,TIE,F,F,F,F,TIE,T
1782483299.994,3120,71.08,70.96,71.08,71.21,high_P,low_C,P>C,TIE,T,TIE,F,F,F,F
1782483390.809,3121,70.96,70.99,70.87,70.83,high_C,low_P,C>P,C>O>M>P,F,T,T,T,T,T
1782483483.46,3122,70.99,70.9,71.09,71.22,high_P,low_C,P>C,P>M>O>C,T,F,F,F,F,F
1782483539.256,3123,70.9,71.31,71.06,71.06,high_C,low_O,C>O,TIE,F,F,F,T,T,TIE
1782483601.086,3124,71.31,71.02,71.15,71.39,high_P,low_C,P>C,P>O>M>C,T,T,F,F,F,F
1782483696.424,3125,71.02,71.41,71.25,71.3,high_C,low_O,C>O,C>P>M>O,F,F,F,T,T,F
1782483723.614,3126,71.41,71.49,71.54,71.55,high_P,low_O,P>O,P>M>C>O,F,F,F,F,F,F
1782483817.249,3127,71.49,71.46,71.49,71.48,TIE,low_C,TIE,TIE,T,TIE,T,F,F,T
1782483956.312,3128,71.46,71.58,71.47,71.33,high_C,low_P,C>P,C>M>O>P,F,F,T,T,T,T
1782484052.542,3129,71.58,71.57,71.53,71.56,high_O,low_M,O>M,O>C>P>M,T,T,T,T,T,F
1782484095.066,3130,71.57,71.87,71.7,71.85,high_C,low_O,C>O,C>P>M>O,F,F,F,T,T,F
1782484173.96,3131,71.87,71.8,71.81,71.82,high_O,low_C,O>C,O>P>M>C,T,T,T,F,F,F
1782484244.432,3132,71.8,71.69,71.65,71.68,high_O,low_M,O>M,O>C>P>M,T,T,T,T,T,F
1782484337.257,3133,71.69,71.78,71.7,71.68,high_C,low_P,C>P,C>M>O>P,F,F,T,T,T,T
1782484473.344,3134,71.78,71.38,71.44,71.43,high_O,low_C,O>C,O>M>P>C,T,T,T,F,F,T
1782484539.921,3135,71.38,71.21,71.21,71.2,high_O,low_P,O>P,TIE,T,T,T,TIE,T,T
1782484601.815,3136,71.21,70.82,70.97,70.96,high_O,low_C,O>C,O>M>P>C,T,T,T,F,F,T
1782484699.292,3137,70.82,71.05,70.85,70.83,high_C,low_O,C>O,C>M>P>O,F,F,F,T,T,T
1782484862.477,3138,71.05,70.86,70.87,70.77,high_O,low_P,O>P,O>M>C>P,T,T,T,F,T,T
1782485030.547,3139,70.86,70.66,70.9,71.0,high_P,low_C,P>C,P>M>O>C,T,F,F,F,F,F
1782485178.624,3140,70.66,70.73,70.63,70.55,high_C,low_P,C>P,C>O>M>P,F,T,T,T,T,T
1782485309.194,3141,70.73,70.77,70.7,70.6,high_C,low_P,C>P,C>O>M>P,F,T,T,T,T,T
1782485413.376,3142,70.77,70.95,70.95,70.94,TIE,low_O,TIE,TIE,F,F,F,TIE,T,T
1782485643.568,3143,70.95,70.8,71.0,71.0,TIE,low_C,TIE,TIE,T,F,F,F,F,TIE
1782485765.504,3144,70.8,70.41,70.58,70.41,high_O,TIE,TIE,TIE,T,T,T,F,TIE,T
1782485914.703,3145,70.41,70.51,70.46,70.45,high_C,low_O,C>O,C>M>P>O,F,F,F,T,T,T
1782486131.641,3146,70.51,70.45,70.5,70.53,high_P,low_C,P>C,P>O>M>C,T,T,F,F,F,F
1782486347.398,3147,70.45,70.38,70.38,70.3,high_O,low_P,O>P,TIE,T,T,T,TIE,T,T
1782486510.331,3148,70.38,70.7,70.68,70.77,high_P,low_O,P>O,P>C>M>O,F,F,F,T,F,F
1782486592.861,3149,70.7,71.2,71.01,71.02,high_C,low_O,C>O,C>P>M>O,F,F,F,T,T,F
1782486723.616,3150,71.2,70.85,71.12,71.37,high_P,low_C,P>C,P>O>M>C,T,T,F,F,F,F
1782487120.731,3151,70.86,70.95,70.84,70.78,high_C,low_P,C>P,C>O>M>P,F,T,T,T,T,T
1782487418.235,3152,70.95,71.29,71.16,71.2,high_C,low_O,C>O,C>P>M>O,F,F,F,T,T,F
1782487498.534,3153,71.29,71.78,71.51,71.37,high_C,low_O,C>O,C>M>P>O,F,F,F,T,T,T
1782487582.431,3154,71.78,71.8,71.72,71.8,TIE,low_M,TIE,TIE,F,T,F,T,TIE,F
1782487789.838,3155,71.8,71.38,71.54,71.51,high_O,low_C,O>C,O>M>P>C,T,T,T,F,F,T
1782488058.984,3156,71.38,71.5,71.5,71.51,high_P,low_O,P>O,TIE,F,F,F,TIE,F,F
1782488298.689,3157,71.5,71.76,71.75,71.78,high_P,low_O,P>O,P>C>M>O,F,F,F,T,F,F
1782488361.151,3158,71.76,72.0,72.0,72.02,high_P,low_O,P>O,TIE,F,F,F,TIE,F,F
1782488495.156,3159,72.0,72.1,72.09,72.06,high_C,low_O,C>O,C>M>P>O,F,F,F,T,T,T
1782488709.196,3160,72.1,72.12,72.12,72.13,high_P,low_O,P>O,TIE,F,F,F,TIE,F,F
1782488938.566,3161,72.12,71.85,71.86,71.8,high_O,low_P,O>P,O>M>C>P,T,T,T,F,T,T
1782489075.349,3162,71.85,71.68,71.89,72.0,high_P,low_C,P>C,P>M>O>C,T,F,F,F,F,F
1782489227.121,3163,71.68,71.84,71.61,71.59,high_C,low_P,C>P,C>O>M>P,F,T,T,T,T,T
1782489549.804,3164,71.84,72.0,71.94,71.99,high_C,low_O,C>O,C>P>M>O,F,F,F,T,T,F
1782489618.901,3165,72.0,72.46,72.16,72.16,high_C,low_O,C>O,TIE,F,F,F,T,T,TIE
1782489623.83,3166,72.46,72.69,72.62,72.67,high_C,low_O,C>O,C>P>M>O,F,F,F,T,T,F
1782489630.711,3167,72.69,72.84,72.88,72.89,high_P,low_O,P>O,P>M>C>O,F,F,F,F,F,F
1782489651.406,3168,72.84,73.0,72.87,72.88,high_C,low_O,C>O,C>P>M>O,F,F,F,T,T,F
1782489655.297,3169,73.0,73.25,73.28,73.0,high_M,TIE,TIE,TIE,F,F,TIE,F,T,T
1782489668.975,3170,73.25,73.0,73.26,73.27,high_P,low_C,P>C,P>M>O>C,T,F,F,F,F,F
1782489709.704,3171,73.0,72.94,73.16,73.21,high_P,low_C,P>C,P>M>O>C,T,F,F,F,F,F
1782489775.158,3172,72.94,72.73,72.75,72.75,high_O,low_C,O>C,TIE,T,T,T,F,F,TIE
1782489897.955,3173,72.73,72.77,72.71,72.74,high_C,low_M,C>M,C>P>O>M,F,T,F,T,T,F
1782490039.07,3174,72.77,72.63,72.68,72.64,high_O,low_C,O>C,O>M>P>C,T,T,T,F,F,T
1782490215.742,3175,72.63,72.51,72.5,72.53,high_O,low_M,O>M,O>P>C>M,T,T,T,T,F,F
1782490545.295,3176,72.51,72.42,72.42,72.41,high_O,low_P,O>P,TIE,T,T,T,TIE,T,T
1782490741.177,3177,72.42,72.32,72.52,72.6,high_P,low_C,P>C,P>M>O>C,T,F,F,F,F,F
1782490862.951,3178,72.32,72.04,72.22,72.22,high_O,low_C,O>C,TIE,T,T,T,F,F,TIE
1782491234.693,3179,72.04,72.27,72.17,72.07,high_C,low_O,C>O,C>M>P>O,F,F,F,T,T,T
1782491555.481,3180,72.27,72.5,72.28,72.44,high_C,low_O,C>O,C>P>M>O,F,F,F,T,T,F
1782491596.3,3181,72.5,72.83,72.74,72.81,high_C,low_O,C>O,C>P>M>O,F,F,F,T,T,F
1782491712.885,3182,72.83,73.01,72.9,73.0,high_C,low_O,C>O,C>P>M>O,F,F,F,T,T,F
1782491904.104,3183,73.01,72.75,72.93,72.75,high_O,TIE,TIE,TIE,T,T,T,F,TIE,T
1782492279.011,3184,72.75,72.64,72.77,72.78,high_P,low_C,P>C,P>M>O>C,T,F,F,F,F,F
1782492674.241,3185,72.64,72.73,72.7,72.72,high_C,low_O,C>O,C>P>M>O,F,F,F,T,T,F
1782493688.314,3187,72.55,72.55,72.5,72.49,TIE,low_P,TIE,TIE,TIE,T,T,T,T,T
1782494120.361,3188,72.55,72.67,72.69,72.69,TIE,low_O,TIE,TIE,F,F,F,F,F,TIE
1782494313.041,3189,72.67,72.34,72.39,72.55,high_O,low_C,O>C,O>P>M>C,T,T,T,F,F,F
1782494827.288,3190,72.34,72.4,72.37,72.32,high_C,low_P,C>P,C>M>O>P,F,F,T,T,T,T
1782495410.014,3191,72.4,72.41,72.59,72.6,high_P,low_O,P>O,P>M>C>O,F,F,F,F,F,F
1782495808.096,3192,72.41,72.6,72.31,72.3,high_C,low_P,C>P,C>O>M>P,F,T,T,T,T,T
1782496289.301,3193,72.6,72.56,72.63,72.65,high_P,low_C,P>C,P>M>O>C,T,F,F,F,F,F
1782497012.975,3194,72.56,72.66,72.57,72.56,high_C,TIE,TIE,TIE,F,F,TIE,T,T,T
1782497546.625,3195,72.66,73.05,72.86,72.82,high_C,low_O,C>O,C>M>P>O,F,F,F,T,T,T
1782498309.299,3196,73.05,72.71,72.75,72.67,high_O,low_P,O>P,O>M>C>P,T,T,T,F,T,T
1782498761.754,3197,72.71,72.55,72.47,72.4,high_O,low_P,O>P,O>C>M>P,T,T,T,T,T,T
1782499501.199,3198,72.55,72.65,72.58,72.63,high_C,low_O,C>O,C>P>M>O,F,F,F,T,T,F
1782499968.464,3199,72.65,72.54,72.47,72.39,high_O,low_P,O>P,O>C>M>P,T,T,T,T,T,T
1782500821.791,3200,72.54,72.83,72.54,72.54,high_C,TIE,TIE,TIE,F,TIE,TIE,T,T,TIE
1782500991.368,3201,72.83,73.27,73.02,72.92,high_C,low_O,C>O,C>M>P>O,F,F,F,T,T,T
1782501168.023,3202,73.27,73.24,73.22,73.25,high_O,low_M,O>M,O>P>C>M,T,T,T,T,F,F
1782501607.478,3203,73.24,73.19,73.17,73.1,high_O,low_P,O>P,O>C>M>P,T,T,T,T,T,T
1782501831.779,3204,73.19,73.13,73.26,73.2,high_M,low_C,M>C,M>P>O>C,T,F,F,F,F,T
1782502238.805,3205,73.13,73.45,73.27,73.26,high_C,low_O,C>O,C>M>P>O,F,F,F,T,T,T
1782502270.856,3206,73.45,73.76,73.57,73.5,high_C,low_O,C>O,C>M>P>O,F,F,F,T,T,T
1782502341.24,3207,73.76,73.79,73.66,73.69,high_C,low_M,C>M,C>O>P>M,F,T,T,T,T,F
1782502470.085,3208,73.79,73.77,73.8,73.79,high_M,low_C,M>C,TIE,T,F,TIE,F,F,T
1782502749.368,3209,73.77,73.55,73.65,73.58,high_O,low_C,O>C,O>M>P>C,T,T,T,F,F,T
1782502931.316,3210,73.55,73.74,73.74,73.9,high_P,low_O,P>O,TIE,F,F,F,TIE,F,F
1782503277.293,3211,73.74,73.5,73.72,73.71,high_O,low_C,O>C,O>M>P>C,T,T,T,F,F,T
1782503401.71,3212,73.5,73.37,73.38,73.41,high_O,low_C,O>C,O>P>M>C,T,T,T,F,F,F
1782503654.456,3213,73.37,73.18,73.31,73.33,high_O,low_C,O>C,O>P>M>C,T,T,T,F,F,F
1782503940.885,3214,73.18,73.31,73.24,73.2,high_C,low_O,C>O,C>M>P>O,F,F,F,T,T,T
1782503968.259,3215,73.31,73.45,73.43,73.42,high_C,low_O,C>O,C>M>P>O,F,F,F,T,T,T
1782504001.016,3216,73.45,73.06,73.34,73.4,high_O,low_C,O>C,O>P>M>C,T,T,T,F,F,F
1782504015.289,3217,73.06,73.34,73.05,72.98,high_C,low_P,C>P,C>O>M>P,F,T,T,T,T,T
1782504048.588,3218,73.34,73.36,73.53,73.55,high_P,low_O,P>O,P>M>C>O,F,F,F,F,F,F
1782504168.841,3219,73.36,73.27,73.3,73.27,high_O,TIE,TIE,TIE,T,T,T,F,TIE,T
1782504420.536,3220,73.27,73.2,73.3,73.27,high_M,low_C,M>C,TIE,T,F,TIE,F,F,T
1782504693.349,3221,73.2,72.87,73.02,73.26,high_P,low_C,P>C,P>O>M>C,T,T,F,F,F,F
1782504835.07,3222,72.87,72.71,72.91,72.92,high_P,low_C,P>C,P>M>O>C,T,F,F,F,F,F
1782504931.347,3223,72.71,72.89,72.8,72.71,high_C,TIE,TIE,TIE,F,F,TIE,T,T,T
1782505382.192,3224,72.89,72.73,72.81,72.8,high_O,low_C,O>C,O>M>P>C,T,T,T,F,F,T
1782505745.839,3225,72.73,72.84,72.78,72.77,high_C,low_O,C>O,C>M>P>O,F,F,F,T,T,T
1782505980.126,3226,72.84,72.61,72.84,72.99,high_P,low_C,P>C,TIE,T,TIE,F,F,F,F
1782506074.752,3228,72.37,72.37,72.33,72.33,TIE,TIE,TIE,TIE,TIE,T,T,T,T,TIE
1782506191.054,3229,72.37,72.16,72.25,72.22,high_O,low_C,O>C,O>M>P>C,T,T,T,F,F,T
1782506322.542,3230,72.16,72.36,72.23,72.26,high_C,low_O,C>O,C>P>M>O,F,F,F,T,T,F
1782506754.945,3231,72.36,72.17,72.29,72.38,high_P,low_C,P>C,P>O>M>C,T,T,F,F,F,F
1782507086.536,3232,72.17,72.32,72.24,72.24,high_C,low_O,C>O,TIE,F,F,F,T,T,TIE
1782507512.746,3233,72.32,72.13,72.21,72.21,high_O,low_C,O>C,TIE,T,T,T,F,F,TIE
1782507810.076,3234,72.13,71.91,72.08,72.16,high_P,low_C,P>C,P>O>M>C,T,T,F,F,F,F
1782507945.766,3235,71.91,71.85,71.85,71.85,high_O,TIE,TIE,TIE,T,T,T,TIE,TIE,TIE
1782508253.996,3236,71.85,72.0,71.9,71.96,high_C,low_O,C>O,C>P>M>O,F,F,F,T,T,F
1782508624.497,3237,72.0,71.84,71.92,71.9,high_O,low_C,O>C,O>M>P>C,T,T,T,F,F,T
1782508921.215,3238,71.84,72.03,71.98,72.05,high_P,low_O,P>O,P>C>M>O,F,F,F,T,F,F
1782509352.548,3239,72.03,72.14,72.08,72.08,high_C,low_O,C>O,TIE,F,F,F,T,T,TIE
1782509499.493,3240,72.14,72.23,72.24,72.24,TIE,low_O,TIE,TIE,F,F,F,F,F,TIE
1782509951.581,3241,72.23,72.13,72.26,72.27,high_P,low_C,P>C,P>M>O>C,T,F,F,F,F,F
1782510382.497,3242,72.13,72.23,72.16,72.25,high_P,low_O,P>O,P>C>M>O,F,F,F,T,F,F
1782511185.685,3243,72.23,71.99,72.05,72.06,high_O,low_C,O>C,O>P>M>C,T,T,T,F,F,F
1782511450.531,3244,71.99,71.67,71.94,71.99,TIE,low_C,TIE,TIE,T,T,TIE,F,F,F
1782511454.979,3245,71.67,71.49,71.52,71.49,high_O,TIE,TIE,TIE,T,T,T,F,TIE,T
1782511554.553,3246,71.49,71.65,71.55,71.54,high_C,low_O,C>O,C>M>P>O,F,F,F,T,T,T
1782511785.829,3247,71.65,71.6,71.63,71.63,high_O,low_C,O>C,TIE,T,T,T,F,F,TIE
1782512117.784,3248,71.6,71.72,71.73,71.73,TIE,low_O,TIE,TIE,F,F,F,F,F,TIE
1782512542.49,3249,71.72,71.73,71.77,71.72,high_M,TIE,TIE,TIE,F,F,TIE,F,T,T
1782512981.809,3250,71.73,71.6,71.71,71.74,high_P,low_C,P>C,P>O>M>C,T,T,F,F,F,F
1782513120.104,3251,71.6,71.5,71.53,71.61,high_P,low_C,P>C,P>O>M>C,T,T,F,F,F,F
1782513397.835,3252,71.5,71.72,71.6,71.69,high_C,low_O,C>O,C>P>M>O,F,F,F,T,T,F
1782513831.251,3253,71.72,71.85,71.76,71.75,high_C,low_O,C>O,C>M>P>O,F,F,F,T,T,T
1782514280.482,3254,71.85,71.87,71.77,71.74,high_C,low_P,C>P,C>O>M>P,F,T,T,T,T,T
1782514821.367,3255,71.87,71.81,71.8,71.79,high_O,low_P,O>P,O>C>M>P,T,T,T,T,T,T
1782515131.595,3256,71.81,71.89,71.89,71.89,TIE,low_O,TIE,TIE,F,F,F,TIE,TIE,TIE
1782515517.978,3257,71.89,71.85,71.82,71.8,high_O,low_P,O>P,O>C>M>P,T,T,T,T,T,T
1782516038.651,3258,71.85,71.7,71.83,71.87,high_P,low_C,P>C,P>O>M>C,T,T,F,F,F,F
1782516569.057,3259,71.7,71.67,71.73,71.73,TIE,low_C,TIE,TIE,T,F,F,F,F,TIE
1782517267.388,3260,71.67,71.87,71.82,71.86,high_C,low_O,C>O,C>P>M>O,F,F,F,T,T,F
1782517872.195,3261,71.87,71.9,71.94,71.92,high_M,low_O,M>O,M>P>C>O,F,F,F,F,F,T
1782518503.058,3262,71.9,71.91,71.9,71.91,TIE,TIE,TIE,TIE,F,TIE,F,T,TIE,F
1782518741.418,3263,71.91,71.96,71.94,72.0,high_P,low_O,P>O,P>C>M>O,F,F,F,T,F,F
1782518807.104,3264,71.96,72.23,72.11,72.11,high_C,low_O,C>O,TIE,F,F,F,T,T,TIE
1782518807.934,3265,72.23,72.44,72.38,72.45,high_P,low_O,P>O,P>C>M>O,F,F,F,T,F,F
1782518817.119,3266,72.44,72.37,72.36,72.35,high_O,low_P,O>P,O>C>M>P,T,T,T,T,T,T
1782518865.169,3267,72.37,72.39,72.39,72.39,TIE,low_O,TIE,TIE,F,F,F,TIE,TIE,TIE
1782518971.189,3268,72.39,72.42,72.39,72.4,high_C,TIE,TIE,TIE,F,TIE,F,T,T,F
1782519183.645,3269,72.42,72.34,72.34,72.34,high_O,TIE,TIE,TIE,T,T,T,TIE,TIE,TIE
1782519373.716,3270,72.34,72.3,72.37,72.39,high_P,low_C,P>C,P>M>O>C,T,F,F,F,F,F
1782519831.428,3271,72.3,72.14,72.23,72.26,high_O,low_C,O>C,O>P>M>C,T,T,T,F,F,F
1782520261.448,3272,72.14,71.99,72.06,72.0,high_O,low_C,O>C,O>M>P>C,T,T,T,F,F,T
1782520326.763,3273,71.99,71.66,71.8,71.81,high_O,low_C,O>C,O>P>M>C,T,T,T,F,F,F
1782520451.689,3274,71.66,71.59,71.67,71.69,high_P,low_C,P>C,P>M>O>C,T,F,F,F,F,F
1782520720.684,3275,71.59,71.65,71.65,71.65,TIE,low_O,TIE,TIE,F,F,F,TIE,TIE,TIE
1782521096.771,3276,71.65,71.66,71.69,71.67,high_M,low_O,M>O,M>P>C>O,F,F,F,F,F,T
1782521688.086,3277,71.66,71.84,71.81,71.85,high_P,low_O,P>O,P>C>M>O,F,F,F,T,F,F
1782522257.017,3278,71.84,71.6,71.67,71.79,high_O,low_C,O>C,O>P>M>C,T,T,T,F,F,F
1782522871.491,3279,71.6,71.66,71.66,71.66,TIE,low_O,TIE,TIE,F,F,F,TIE,TIE,TIE
1782523498.887,3280,71.66,71.71,71.67,71.67,high_C,low_O,C>O,TIE,F,F,F,T,T,TIE
1782523934.628,3281,71.71,71.55,71.67,71.7,high_O,low_C,O>C,O>P>M>C,T,T,T,F,F,F
1782523991.546,3282,71.55,71.49,71.5,71.49,high_O,TIE,TIE,TIE,T,T,T,F,TIE,T
1782524108.154,3283,71.49,71.61,71.48,71.52,high_C,low_M,C>M,C>P>O>M,F,T,F,T,T,F
1782524469.15,3284,71.61,71.54,71.55,71.54,high_O,TIE,TIE,TIE,T,T,T,F,TIE,T
1782524933.897,3285,71.54,71.55,71.54,71.56,high_P,TIE,TIE,TIE,F,TIE,F,T,F,F
1782525325.15,3286,71.55,71.45,71.47,71.45,high_O,TIE,TIE,TIE,T,T,T,F,TIE,T
1782525358.805,3287,71.45,71.34,71.37,71.36,high_O,low_C,O>C,O>M>P>C,T,T,T,F,F,T
1782525449.671,3288,71.34,71.36,71.35,71.34,high_C,TIE,TIE,TIE,F,F,TIE,T,T,T
1782525634.734,3289,71.36,71.4,71.4,71.39,TIE,low_O,TIE,TIE,F,F,F,TIE,T,T
1782525829.764,3290,71.4,71.46,71.4,71.37,high_C,low_P,C>P,TIE,F,TIE,T,T,T,T
1782526091.631,3291,71.46,71.53,71.51,71.49,high_C,low_O,C>O,C>M>P>O,F,F,F,T,T,T
1782526236.018,3292,71.53,71.6,71.64,71.65,high_P,low_O,P>O,P>M>C>O,F,F,F,F,F,F
1782526462.744,3293,71.6,71.78,71.7,71.68,high_C,low_O,C>O,C>M>P>O,F,F,F,T,T,T
1782526561.861,3294,71.78,71.92,71.9,71.81,high_C,low_O,C>O,C>M>P>O,F,F,F,T,T,T
1782526703.011,3295,71.92,71.75,71.8,71.76,high_O,low_C,O>C,O>M>P>C,T,T,T,F,F,T
1782526894.738,3296,71.75,71.95,71.85,71.75,high_C,TIE,TIE,TIE,F,F,TIE,T,T,T
1782526959.228,3297,71.95,72.15,72.0,72.0,high_C,low_O,C>O,TIE,F,F,F,T,T,TIE
1782527071.963,3298,72.15,72.08,72.06,72.0,high_O,low_P,O>P,O>C>M>P,T,T,T,T,T,T
1782527220.344,3299,72.08,72.15,72.11,72.12,high_C,low_O,C>O,C>P>M>O,F,F,F,T,T,F
1782527400.379,3300,72.15,72.08,72.14,72.2,high_P,low_C,P>C,P>O>M>C,T,T,F,F,F,F
1782527535.182,3301,72.08,72.05,71.97,71.97,high_O,TIE,TIE,TIE,T,T,T,T,T,TIE
1782527763.276,3302,72.05,72.0,72.04,72.04,high_O,low_C,O>C,TIE,T,T,T,F,F,TIE
1782528084.526,3303,72.0,72.08,72.03,71.93,high_C,low_P,C>P,C>M>O>P,F,F,T,T,T,T
1782528438.674,3304,72.08,72.13,72.07,72.08,high_C,low_M,C>M,TIE,F,T,TIE,T,T,F
1782528650.103,3305,72.13,72.06,72.04,72.04,high_O,TIE,TIE,TIE,T,T,T,T,T,TIE
1782528865.091,3306,72.06,72.23,72.17,72.11,high_C,low_O,C>O,C>M>P>O,F,F,F,T,T,T
1782529195.778,3307,72.23,72.09,72.18,72.19,high_O,low_C,O>C,O>P>M>C,T,T,T,F,F,F
1782529361.638,3308,72.09,72.13,72.01,71.98,high_C,low_P,C>P,C>O>M>P,F,T,T,T,T,T
1782529621.186,3309,72.13,71.93,71.97,71.93,high_O,TIE,TIE,TIE,T,T,T,F,TIE,T
1782529798.306,3310,71.93,71.85,71.88,71.86,high_O,low_C,O>C,O>M>P>C,T,T,T,F,F,T
1782530064.378,3311,71.85,71.84,71.84,71.84,high_O,TIE,TIE,TIE,T,T,T,TIE,TIE,TIE
1782530443.297,3312,71.84,72.11,72.0,72.01,high_C,low_O,C>O,C>P>M>O,F,F,F,T,T,F
1782530543.353,3313,72.11,72.15,72.13,72.12,high_C,low_O,C>O,C>M>P>O,F,F,F,T,T,T
1782530640.464,3314,72.15,72.29,72.15,72.14,high_C,low_P,C>P,TIE,F,TIE,T,T,T,T
1782530822.299,3315,72.29,72.2,72.27,72.33,high_P,low_C,P>C,P>O>M>C,T,T,F,F,F,F
1782531184.546,3316,72.2,72.08,72.16,72.2,TIE,low_C,TIE,TIE,T,T,TIE,F,F,F
1782531493.026,3317,72.08,72.16,72.11,72.08,high_C,TIE,TIE,TIE,F,F,TIE,T,T,T
1782531850.156,3318,72.16,72.28,72.21,72.21,high_C,low_O,C>O,TIE,F,F,F,T,T,TIE
1782532143.367,3319,72.28,72.32,72.28,72.28,high_C,TIE,TIE,TIE,F,TIE,TIE,T,T,TIE
1782532494.031,3320,72.32,72.16,72.23,72.3,high_O,low_C,O>C,O>P>M>C,T,T,T,F,F,F
1782532722.908,3321,72.16,72.22,72.26,72.24,high_M,low_O,M>O,M>P>C>O,F,F,F,F,F,T
1782533052.463,3322,72.22,72.24,72.24,72.22,TIE,TIE,TIE,TIE,F,F,TIE,TIE,T,T
1782533147.168,3323,72.24,72.45,72.34,72.34,high_C,low_O,C>O,TIE,F,F,F,T,T,TIE
1782533216.722,3324,72.45,72.37,72.42,72.4,high_O,low_C,O>C,O>M>P>C,T,T,T,F,F,T
1782533425.588,3325,72.37,72.3,72.38,72.34,high_M,low_C,M>C,M>O>P>C,T,F,T,F,F,T
1782533646.928,3326,72.3,72.35,72.34,72.36,high_P,low_O,P>O,P>C>M>O,F,F,F,T,F,F
1782534093.08,3327,72.35,72.28,72.31,72.33,high_O,low_C,O>C,O>P>M>C,T,T,T,F,F,F
1782534311.336,3328,72.28,72.42,72.38,72.4,high_C,low_O,C>O,C>P>M>O,F,F,F,T,T,F
1782534378.0,3329,72.42,72.54,72.52,72.52,high_C,low_O,C>O,TIE,F,F,F,T,T,TIE
1782534764.155,3330,72.54,72.28,72.31,72.29,high_O,low_C,O>C,O>M>P>C,T,T,T,F,F,T
1782535135.437,3331,72.28,72.23,72.28,72.25,TIE,low_C,TIE,TIE,T,TIE,T,F,F,T
1782535571.16,3332,72.23,72.09,72.18,72.18,high_O,low_C,O>C,TIE,T,T,T,F,F,TIE
1782535799.251,3333,72.09,72.03,72.09,72.09,TIE,low_C,TIE,TIE,T,TIE,TIE,F,F,TIE
1782535902.416,3334,72.03,72.0,72.02,72.02,high_O,low_C,O>C,TIE,T,T,T,F,F,TIE
1782536064.158,3335,72.0,71.99,71.99,71.99,high_O,TIE,TIE,TIE,T,T,T,TIE,TIE,TIE
1782536370.383,3336,71.99,71.86,71.91,71.9,high_O,low_C,O>C,O>M>P>C,T,T,T,F,F,T
1782536788.164,3338,71.83,71.83,71.8,71.82,TIE,low_M,TIE,TIE,TIE,T,T,T,T,F
1782537060.083,3339,71.83,71.93,71.84,71.93,TIE,low_O,TIE,TIE,F,F,F,T,TIE,F
1782537303.535,3340,71.93,71.9,71.96,71.96,TIE,low_C,TIE,TIE,T,F,F,F,F,TIE
1782537666.862,3341,71.9,71.92,71.89,71.89,high_C,TIE,TIE,TIE,F,T,T,T,T,TIE
1782538110.705,3342,71.92,71.95,71.95,71.92,TIE,TIE,TIE,TIE,F,F,TIE,TIE,T,T
1782538118.417,3343,71.95,71.7,71.73,71.71,high_O,low_C,O>C,O>M>P>C,T,T,T,F,F,T
1782538121.224,3344,71.7,71.55,71.56,71.56,high_O,low_C,O>C,TIE,T,T,T,F,F,TIE
1782538170.775,3345,71.55,71.54,71.52,71.52,high_O,TIE,TIE,TIE,T,T,T,T,T,TIE
1782538250.654,3346,71.54,71.6,71.58,71.58,high_C,low_O,C>O,TIE,F,F,F,T,T,TIE
1782538363.627,3347,71.6,71.65,71.61,71.63,high_C,low_O,C>O,C>P>M>O,F,F,F,T,T,F
1782538756.577,3348,71.65,71.72,71.7,71.7,high_C,low_O,C>O,TIE,F,F,F,T,T,TIE
1782539020.383,3349,71.72,71.7,71.71,71.69,high_O,low_P,O>P,O>M>C>P,T,T,T,F,T,T
1782539351.424,3350,71.7,71.68,71.69,71.68,high_O,TIE,TIE,TIE,T,T,T,F,TIE,T
1782539753.318,3351,71.68,71.7,71.75,71.77,high_P,low_O,P>O,P>M>C>O,F,F,F,F,F,F
1782540361.069,3353,71.77,71.77,71.75,71.77,TIE,low_M,TIE,TIE,TIE,T,TIE,T,TIE,F
1782540726.371,3354,71.77,71.63,71.76,71.79,high_P,low_C,P>C,P>O>M>C,T,T,F,F,F,F
1782541057.126,3355,71.63,71.69,71.62,71.62,high_C,TIE,TIE,TIE,F,T,T,T,T,TIE
1782541412.771,3356,71.69,71.81,71.79,71.84,high_P,low_O,P>O,P>C>M>O,F,F,F,T,F,F
1782541759.422,3357,71.81,71.89,71.86,71.86,high_C,low_O,C>O,TIE,F,F,F,T,T,TIE
1782541856.217,3358,71.89,72.04,71.94,71.9,high_C,low_O,C>O,C>M>P>O,F,F,F,T,T,T
1782541951.193,3359,72.04,72.11,72.09,72.02,high_C,low_P,C>P,C>M>O>P,F,F,T,T,T,T
1782542163.941,3360,72.11,72.01,72.07,72.06,high_O,low_C,O>C,O>M>P>C,T,T,T,F,F,T
1782542390.056,3361,72.01,72.04,72.0,71.99,high_C,low_P,C>P,C>O>M>P,F,T,T,T,T,T
1782542415.868,3362,72.04,72.24,72.14,72.14,high_C,low_O,C>O,TIE,F,F,F,T,T,TIE
1782542621.4,3363,72.24,72.19,72.22,72.18,high_O,low_P,O>P,O>M>C>P,T,T,T,F,T,T
1782542891.537,3364,72.19,72.24,72.22,72.22,high_C,low_O,C>O,TIE,F,F,F,T,T,TIE
1782543074.415,3365,72.24,72.18,72.24,72.25,high_P,low_C,P>C,TIE,T,TIE,F,F,F,F
1782543144.613,3366,72.18,72.07,72.12,72.12,high_O,low_C,O>C,TIE,T,T,T,F,F,TIE
1782543159.309,3367,72.07,72.05,72.03,72.0,high_O,low_P,O>P,O>C>M>P,T,T,T,T,T,T
1782543548.102,3368,72.05,72.07,72.1,72.11,high_P,low_O,P>O,P>M>C>O,F,F,F,F,F,F
1782544008.919,3369,72.07,72.06,72.06,72.07,TIE,TIE,TIE,TIE,T,T,TIE,TIE,F,F
1782544244.859,3370,72.06,71.99,72.0,71.99,high_O,TIE,TIE,TIE,T,T,T,F,TIE,T
1782544578.949,3371,71.99,72.05,72.03,72.05,TIE,low_O,TIE,TIE,F,F,F,T,TIE,F
1782544957.928,3372,72.05,72.12,72.06,72.03,high_C,low_P,C>P,C>M>O>P,F,F,T,T,T,T
1782545304.575,3374,72.12,72.12,72.12,72.12,TIE,TIE,TIE,TIE,TIE,TIE,TIE,TIE,TIE,TIE
1782545642.319,3375,72.12,72.02,72.1,72.12,TIE,low_C,TIE,TIE,T,T,TIE,F,F,F
1782546281.312,3376,72.02,72.09,72.02,72.02,high_C,TIE,TIE,TIE,F,TIE,TIE,T,T,TIE
1782546464.645,3377,72.09,72.14,72.12,72.15,high_P,low_O,P>O,P>C>M>O,F,F,F,T,F,F
1782546700.037,3378,72.14,72.23,72.19,72.21,high_C,low_O,C>O,C>P>M>O,F,F,F,T,T,F
1782546815.245,3379,72.23,72.18,72.18,72.18,high_O,TIE,TIE,TIE,T,T,T,TIE,TIE,TIE
1782547042.853,3380,72.18,72.27,72.29,72.3,high_P,low_O,P>O,P>M>C>O,F,F,F,F,F,F
1782547309.636,3381,72.27,72.21,72.24,72.26,high_O,low_C,O>C,O>P>M>C,T,T,T,F,F,F
1782547636.2,3382,72.21,72.27,72.19,72.2,high_C,low_M,C>M,C>O>P>M,F,T,T,T,T,F
1782547992.976,3383,72.27,72.17,72.2,72.22,high_O,low_C,O>C,O>P>M>C,T,T,T,F,F,F
1782548287.896,3384,72.17,72.16,72.21,72.21,TIE,low_C,TIE,TIE,T,F,F,F,F,TIE
1782548287.899,3385,72.16,72.08,72.12,72.13,high_O,low_C,O>C,O>P>M>C,T,T,T,F,F,F
1782548320.403,3386,72.08,72.04,72.08,72.08,TIE,low_C,TIE,TIE,T,TIE,TIE,F,F,TIE
1782548731.583,3387,72.04,72.19,72.11,72.16,high_C,low_O,C>O,C>P>M>O,F,F,F,T,T,F
1782548961.341,3388,72.19,72.18,72.2,72.21,high_P,low_C,P>C,P>M>O>C,T,F,F,F,F,F
1782548961.343,3389,72.18,72.09,72.14,72.17,high_O,low_C,O>C,O>P>M>C,T,T,T,F,F,F
1782548966.079,3390,72.09,72.13,72.13,72.16,high_P,low_O,P>O,TIE,F,F,F,TIE,F,F
1782549431.403,3391,72.13,72.0,72.14,72.13,high_M,low_C,M>C,TIE,T,F,TIE,F,F,T
1782549674.872,3392,72.0,71.98,71.98,71.98,high_O,TIE,TIE,TIE,T,T,T,TIE,TIE,TIE
1782549853.57,3393,71.98,71.86,71.86,71.85,high_O,low_P,O>P,TIE,T,T,T,TIE,T,T
1782550015.182,3394,71.86,71.89,71.87,71.87,high_C,low_O,C>O,TIE,F,F,F,T,T,TIE
1782550300.58,3395,71.89,71.95,71.92,71.92,high_C,low_O,C>O,TIE,F,F,F,T,T,TIE
1782550393.029,3396,71.95,72.07,72.06,72.09,high_P,low_O,P>O,P>C>M>O,F,F,F,T,F,F
1782550675.84,3397,72.07,72.0,72.05,72.05,high_O,low_C,O>C,TIE,T,T,T,F,F,TIE
1782550998.563,3398,72.0,71.96,71.98,72.0,TIE,low_C,TIE,TIE,T,T,TIE,F,F,F
1782551295.984,3399,71.96,72.06,72.0,72.0,high_C,low_O,C>O,TIE,F,F,F,T,T,TIE
1782551504.241,3400,72.06,71.87,71.9,71.9,high_O,low_C,O>C,TIE,T,T,T,F,F,TIE
1782551504.264,3401,71.87,71.79,71.84,71.85,high_O,low_C,O>C,O>P>M>C,T,T,T,F,F,F
1782551585.605,3402,71.79,71.8,71.78,71.79,high_C,low_M,C>M,TIE,F,T,TIE,T,T,F
1782551715.072,3403,71.8,71.7,71.76,71.76,high_O,low_C,O>C,TIE,T,T,T,F,F,TIE
1782551962.58,3405,71.71,71.71,71.73,71.73,TIE,TIE,TIE,TIE,TIE,F,F,F,F,TIE
1782552323.322,3406,71.71,71.74,71.72,71.72,high_C,low_O,C>O,TIE,F,F,F,T,T,TIE
1782552699.707,3408,71.8,71.8,71.8,71.8,TIE,TIE,TIE,TIE,TIE,TIE,TIE,TIE,TIE,TIE
1782552806.539,3409,71.8,71.86,71.81,71.8,high_C,TIE,TIE,TIE,F,F,TIE,T,T,T
1782553256.978,3410,71.86,71.74,71.77,71.75,high_O,low_C,O>C,O>M>P>C,T,T,T,F,F,T
1782553526.755,3411,71.74,71.75,71.74,71.71,high_C,low_P,C>P,TIE,F,TIE,T,T,T,T
1782553862.836,3412,71.75,71.73,71.73,71.75,TIE,TIE,TIE,TIE,T,T,TIE,TIE,F,F
1782554315.309,3413,71.73,71.84,71.76,71.76,high_C,low_O,C>O,TIE,F,F,F,T,T,TIE
1782554522.119,3414,71.84,71.82,71.85,71.85,TIE,low_C,TIE,TIE,T,F,F,F,F,TIE
1782555138.833,3415,71.81,71.86,71.85,71.85,high_C,low_O,C>O,TIE,F,F,F,T,T,TIE
1782555636.93,3416,71.86,71.91,71.87,71.84,high_C,low_P,C>P,C>M>O>P,F,F,T,T,T,T
1782555842.65,3417,71.91,72.01,71.97,72.01,TIE,low_O,TIE,TIE,F,F,F,T,TIE,F
1782556002.381,3418,72.01,72.0,72.0,72.0,high_O,TIE,TIE,TIE,T,T,T,TIE,TIE,TIE
1782556311.792,3419,72.0,71.83,71.92,71.99,high_O,low_C,O>C,O>P>M>C,T,T,T,F,F,F
1782556495.245,3420,71.83,71.89,71.86,71.86,high_C,low_O,C>O,TIE,F,F,F,T,T,TIE
1782556681.795,3421,71.89,71.98,71.93,72.0,high_P,low_O,P>O,P>C>M>O,F,F,F,T,F,F
1782557040.525,3422,71.98,71.93,71.96,71.95,high_O,low_C,O>C,O>M>P>C,T,T,T,F,F,T
1782557040.528,3423,71.93,71.85,71.9,71.92,high_O,low_C,O>C,O>P>M>C,T,T,T,F,F,F
1782557040.734,3424,71.85,71.88,71.83,71.81,high_C,low_P,C>P,C>O>M>P,F,T,T,T,T,T
1782557244.883,3425,71.88,71.93,71.89,71.89,high_C,low_O,C>O,TIE,F,F,F,T,T,TIE
1782557640.613,3426,71.93,71.94,71.93,71.91,high_C,low_P,C>P,TIE,F,TIE,T,T,T,T
1782558026.229,3427,71.94,72.01,71.98,71.99,high_C,low_O,C>O,C>P>M>O,F,F,F,T,T,F
1782558236.492,3428,72.01,72.04,72.0,71.99,high_C,low_P,C>P,C>O>M>P,F,T,T,T,T,T
1782558430.861,3429,72.04,71.88,71.88,71.85,high_O,low_P,O>P,TIE,T,T,T,TIE,T,T
1782558920.188,3430,71.88,71.8,71.85,71.84,high_O,low_C,O>C,O>M>P>C,T,T,T,F,F,T
1782558985.013,3431,71.8,71.7,71.74,71.74,high_O,low_C,O>C,TIE,T,T,T,F,F,TIE
1782559019.253,3432,71.7,71.67,71.69,71.68,high_O,low_C,O>C,O>M>P>C,T,T,T,F,F,T
1782559082.121,3433,71.67,71.65,71.67,71.67,TIE,low_C,TIE,TIE,T,TIE,TIE,F,F,TIE
1782559106.239,3434,71.65,71.59,71.61,71.61,high_O,low_C,O>C,TIE,T,T,T,F,F,TIE
1782559192.533,3435,71.59,71.64,71.63,71.65,high_P,low_O,P>O,P>C>M>O,F,F,F,T,F,F
1782559411.099,3436,71.64,71.75,71.71,71.72,high_C,low_O,C>O,C>P>M>O,F,F,F,T,T,F
1782559634.965,3437,71.75,71.67,71.72,71.73,high_O,low_C,O>C,O>P>M>C,T,T,T,F,F,F
1782559639.751,3438,71.67,71.54,71.58,71.58,high_O,low_C,O>C,TIE,T,T,T,F,F,TIE
1782559709.415,3439,71.54,71.56,71.53,71.54,high_C,low_M,C>M,TIE,F,T,TIE,T,T,F
1782559834.819,3440,71.56,71.58,71.56,71.57,high_C,TIE,TIE,TIE,F,TIE,F,T,T,F
1782560153.836,3444,71.65,71.6,71.65,71.65,TIE,low_C,TIE,TIE,T,TIE,TIE,F,F,TIE
1782560441.825,3446,71.56,71.56,71.56,71.56,TIE,TIE,TIE,TIE,TIE,TIE,TIE,TIE,TIE,TIE
1782560730.914,3447,71.56,71.72,71.64,71.61,high_C,low_O,C>O,C>M>P>O,F,F,F,T,T,T
1782560761.539,3448,71.72,71.81,71.83,71.86,high_P,low_O,P>O,P>M>C>O,F,F,F,F,F,F
1782560949.086,3449,71.81,71.83,71.83,71.83,TIE,low_O,TIE,TIE,F,F,F,TIE,TIE,TIE
1782561653.023,3451,71.78,71.78,71.78,71.78,TIE,TIE,TIE,TIE,TIE,TIE,TIE,TIE,TIE,TIE
1782561775.494,3452,71.78,71.76,71.78,71.78,TIE,low_C,TIE,TIE,T,TIE,TIE,F,F,TIE
1782562004.337,3453,71.76,71.67,71.75,71.75,high_O,low_C,O>C,TIE,T,T,T,F,F,TIE
1782562265.846,3454,71.67,71.66,71.68,71.68,TIE,low_C,TIE,TIE,T,F,F,F,F,TIE
1782562501.877,3455,71.66,71.69,71.66,71.67,high_C,TIE,TIE,TIE,F,TIE,F,T,T,F
1782562829.648,3456,71.69,71.8,71.77,71.8,TIE,low_O,TIE,TIE,F,F,F,T,TIE,F
1782563094.956,3457,71.8,71.77,71.82,71.8,high_M,low_C,M>C,TIE,T,F,TIE,F,F,T
1782563409.867,3458,71.77,71.82,71.77,71.77,high_C,TIE,TIE,TIE,F,TIE,TIE,T,T,TIE
1782563691.493,3459,71.82,71.77,71.82,71.82,TIE,low_C,TIE,TIE,T,TIE,TIE,F,F,TIE
1782563816.612,3460,71.77,71.86,71.78,71.78,high_C,low_O,C>O,TIE,F,F,F,T,T,TIE
1782564152.573,3461,71.86,71.75,71.77,71.81,high_O,low_C,O>C,O>P>M>C,T,T,T,F,F,F
1782564346.158,3462,71.75,71.77,71.78,71.78,TIE,low_O,TIE,TIE,F,F,F,F,F,TIE
1782564583.838,3463,71.77,71.85,71.85,71.85,TIE,low_O,TIE,TIE,F,F,F,TIE,TIE,TIE
1782564802.055,3464,71.85,71.96,71.93,71.94,high_C,low_O,C>O,C>P>M>O,F,F,F,T,T,F
1782564817.388,3465,71.96,72.01,72.0,72.0,high_C,low_O,C>O,TIE,F,F,F,T,T,TIE
1782564904.041,3466,72.01,72.07,72.02,72.02,high_C,low_O,C>O,TIE,F,F,F,T,T,TIE
1782564912.021,3467,72.07,72.13,72.11,72.12,high_C,low_O,C>O,C>P>M>O,F,F,F,T,T,F
1782565040.836,3468,72.13,72.09,72.12,72.14,high_P,low_C,P>C,P>O>M>C,T,T,F,F,F,F
1782565214.122,3469,72.09,72.14,72.12,72.12,high_C,low_O,C>O,TIE,F,F,F,T,T,TIE
1782565384.015,3470,72.14,72.1,72.11,72.11,high_O,low_C,O>C,TIE,T,T,T,F,F,TIE
1782565472.311,3471,72.1,72.29,72.2,72.2,high_C,low_O,C>O,TIE,F,F,F,T,T,TIE
1782565639.613,3472,72.29,72.16,72.2,72.21,high_O,low_C,O>C,O>P>M>C,T,T,T,F,F,F
1782565820.354,3473,72.16,72.23,72.16,72.14,high_C,low_P,C>P,TIE,F,TIE,T,T,T,T
1782566055.038,3474,72.23,72.2,72.2,72.2,high_O,TIE,TIE,TIE,T,T,T,TIE,TIE,TIE
1782566320.985,3475,72.2,72.23,72.18,72.16,high_C,low_P,C>P,C>O>M>P,F,T,T,T,T,T
1782566495.197,3476,72.23,72.31,72.23,72.29,high_C,TIE,TIE,TIE,F,TIE,F,T,T,F
1782566704.352,3477,72.31,72.25,72.26,72.28,high_O,low_C,O>C,O>P>M>C,T,T,T,F,F,F
1782566888.223,3478,72.25,72.31,72.31,72.32,high_P,low_O,P>O,TIE,F,F,F,TIE,F,F
1782566903.94,3479,72.31,72.43,72.39,72.39,high_C,low_O,C>O,TIE,F,F,F,T,T,TIE
1782566980.683,3480,72.43,72.37,72.39,72.37,high_O,TIE,TIE,TIE,T,T,T,F,TIE,T
1782567200.557,3481,72.37,72.3,72.32,72.32,high_O,low_C,O>C,TIE,T,T,T,F,F,TIE
1782567476.99,3482,72.3,72.41,72.32,72.32,high_C,low_O,C>O,TIE,F,F,F,T,T,TIE
1782567518.548,3483,72.41,72.53,72.52,72.53,TIE,low_O,TIE,TIE,F,F,F,T,TIE,F
1782567551.619,3484,72.53,72.49,72.51,72.49,high_O,TIE,TIE,TIE,T,T,T,F,TIE,T
1782567633.903,3485,72.49,72.44,72.48,72.51,high_P,low_C,P>C,P>O>M>C,T,T,F,F,F,F
1782567844.806,3487,72.42,72.42,72.42,72.41,TIE,low_P,TIE,TIE,TIE,TIE,T,TIE,T,T
1782567974.861,3488,72.42,72.41,72.43,72.43,TIE,low_C,TIE,TIE,T,F,F,F,F,TIE
1782568103.063,3489,72.41,72.32,72.4,72.41,TIE,low_C,TIE,TIE,T,T,TIE,F,F,F
1782568230.268,3490,72.32,72.28,72.3,72.3,high_O,low_C,O>C,TIE,T,T,T,F,F,TIE
1782568338.655,3491,72.28,72.38,72.33,72.34,high_C,low_O,C>O,C>P>M>O,F,F,F,T,T,F
1782568615.894,3492,72.38,72.32,72.35,72.35,high_O,low_C,O>C,TIE,T,T,T,F,F,TIE
1782568809.33,3493,72.32,72.3,72.29,72.28,high_O,low_P,O>P,O>C>M>P,T,T,T,T,T,T
1782568997.605,3495,72.23,72.23,72.21,72.21,TIE,TIE,TIE,TIE,TIE,T,T,T,T,TIE
1782569261.84,3496,72.23,72.35,72.24,72.21,high_C,low_P,C>P,C>M>O>P,F,F,T,T,T,T
1782569497.507,3497,72.35,72.38,72.35,72.35,high_C,TIE,TIE,TIE,F,TIE,TIE,T,T,TIE
1782569644.907,3499,72.54,72.54,72.55,72.55,TIE,TIE,TIE,TIE,TIE,F,F,F,F,TIE
1782569650.698,3500,72.54,72.66,72.61,72.61,high_C,low_O,C>O,TIE,F,F,F,T,T,TIE
1782569675.774,3501,72.66,72.68,72.65,72.65,high_C,TIE,TIE,TIE,F,T,T,T,T,TIE
1782569724.771,3502,72.68,72.51,72.57,72.57,high_O,low_C,O>C,TIE,T,T,T,F,F,TIE
1782569880.926,3503,72.51,72.56,72.52,72.52,high_C,low_O,C>O,TIE,F,F,F,T,T,TIE
1782570111.539,3504,72.56,72.53,72.55,72.55,high_O,low_C,O>C,TIE,T,T,T,F,F,TIE
1782570255.772,3505,72.53,72.63,72.58,72.58,high_C,low_O,C>O,TIE,F,F,F,T,T,TIE
1782570374.5,3506,72.63,72.64,72.65,72.7,high_P,low_O,P>O,P>M>C>O,F,F,F,F,F,F
1782570418.146,3507,72.64,72.76,72.75,72.76,TIE,low_O,TIE,TIE,F,F,F,T,TIE,F
1782570557.642,3508,72.76,72.69,72.67,72.64,high_O,low_P,O>P,O>C>M>P,T,T,T,T,T,T
1782570737.37,3509,72.69,72.74,72.71,72.71,high_C,low_O,C>O,TIE,F,F,F,T,T,TIE
1782570979.781,3510,72.74,72.66,72.72,72.74,TIE,low_C,TIE,TIE,T,T,TIE,F,F,F
1782571129.075,3511,72.66,72.64,72.59,72.59,high_O,TIE,TIE,TIE,T,T,T,T,T,TIE
1782571217.757,3512,72.64,72.74,72.72,72.74,TIE,low_O,TIE,TIE,F,F,F,T,TIE,F
1782571388.98,3514,72.8,72.8,72.8,72.81,high_P,TIE,TIE,TIE,TIE,TIE,F,TIE,F,F
1782571586.528,3515,72.8,72.85,72.81,72.83,high_C,low_O,C>O,C>P>M>O,F,F,F,T,T,F
1782571852.115,3516,72.85,72.71,72.8,72.8,high_O,low_C,O>C,TIE,T,T,T,F,F,TIE
1782572113.752,3518,72.65,72.65,72.65,72.65,TIE,TIE,TIE,TIE,TIE,TIE,TIE,TIE,TIE,TIE
1782572503.061,3519,72.65,72.66,72.66,72.66,TIE,low_O,TIE,TIE,F,F,F,TIE,TIE,TIE
1782572628.146,3520,72.66,72.67,72.65,72.65,high_C,TIE,TIE,TIE,F,T,T,T,T,TIE
1782572825.261,3521,72.67,72.77,72.66,72.6,high_C,low_P,C>P,C>O>M>P,F,T,T,T,T,T
1782572915.422,3522,72.77,72.83,72.82,72.82,high_C,low_O,C>O,TIE,F,F,F,T,T,TIE
1782573048.592,3523,72.83,72.87,72.85,72.83,high_C,TIE,TIE,TIE,F,F,TIE,T,T,T
1782573053.176,3524,72.87,73.0,72.96,73.0,TIE,low_O,TIE,TIE,F,F,F,T,TIE,F
1782573053.252,3525,73.0,72.99,73.0,73.0,TIE,low_C,TIE,TIE,T,TIE,TIE,F,F,TIE
1782573053.372,3527,73.0,73.0,73.0,73.0,TIE,TIE,TIE,TIE,TIE,TIE,TIE,TIE,TIE,TIE
1782573054.147,3528,73.0,73.01,73.0,73.0,high_C,TIE,TIE,TIE,F,TIE,TIE,T,T,TIE
1782573057.065,3529,73.01,73.13,73.07,73.01,high_C,TIE,TIE,TIE,F,F,TIE,T,T,T
1782573130.392,3531,73.06,73.06,73.06,73.03,TIE,low_P,TIE,TIE,TIE,TIE,T,TIE,T,T
1782573202.598,3532,73.06,73.07,73.1,73.12,high_P,low_O,P>O,P>M>C>O,F,F,F,F,F,F
1782573260.116,3533,73.07,73.0,73.04,73.06,high_O,low_C,O>C,O>P>M>C,T,T,T,F,F,F
1782573366.321,3534,73.0,72.91,72.94,72.93,high_O,low_C,O>C,O>M>P>C,T,T,T,F,F,T
1782573674.165,3536,72.86,72.86,72.87,72.88,high_P,TIE,TIE,TIE,TIE,F,F,F,F,F
1782573843.138,3537,72.86,72.88,72.83,72.86,high_C,low_M,C>M,TIE,F,T,TIE,T,T,F
1782574034.648,3538,72.88,72.84,72.89,72.88,high_M,low_C,M>C,TIE,T,F,TIE,F,F,T
1782574258.175,3539,72.84,72.81,72.86,72.86,TIE,low_C,TIE,TIE,T,F,F,F,F,TIE
1782574551.098,3540,72.81,72.77,72.81,72.81,TIE,low_C,TIE,TIE,T,TIE,TIE,F,F,TIE
1782574692.81,3541,72.77,72.97,72.92,72.98,high_P,low_O,P>O,P>C>M>O,F,F,F,T,F,F
1782574788.906,3542,72.97,72.96,73.0,73.0,TIE,low_C,TIE,TIE,T,F,F,F,F,TIE
1782574963.107,3543,72.96,72.99,72.99,72.99,TIE,low_O,TIE,TIE,F,F,F,TIE,TIE,TIE
1782575159.087,3544,72.99,72.84,72.98,72.99,TIE,low_C,TIE,TIE,T,T,TIE,F,F,F
1782575522.425,3545,72.84,72.83,72.86,72.84,high_M,low_C,M>C,TIE,T,F,TIE,F,F,T
1782575800.764,3547,72.75,72.75,72.75,72.75,TIE,TIE,TIE,TIE,TIE,TIE,TIE,TIE,TIE,TIE
1782576059.353,3548,72.75,72.77,72.78,72.8,high_P,low_O,P>O,P>M>C>O,F,F,F,F,F,F
1782576149.743,3549,72.77,72.65,72.74,72.73,high_O,low_C,O>C,O>M>P>C,T,T,T,F,F,T
1782576376.741,3550,72.65,72.72,72.72,72.71,TIE,low_O,TIE,TIE,F,F,F,TIE,T,T
1782576469.358,3551,72.72,72.85,72.79,72.74,high_C,low_O,C>O,C>M>P>O,F,F,F,T,T,T
1782576469.523,3552,72.85,72.91,72.9,72.9,high_C,low_O,C>O,TIE,F,F,F,T,T,TIE
1782576610.393,3553,72.91,72.9,72.94,72.94,TIE,low_C,TIE,TIE,T,F,F,F,F,TIE
1782576909.621,3554,72.9,72.7,72.8,72.8,high_O,low_C,O>C,TIE,T,T,T,F,F,TIE
1782577057.541,3555,72.7,72.68,72.67,72.67,high_O,TIE,TIE,TIE,T,T,T,T,T,TIE
1782577191.391,3556,72.68,72.6,72.64,72.64,high_O,low_C,O>C,TIE,T,T,T,F,F,TIE
1782577494.859,3557,72.6,72.62,72.66,72.64,high_M,low_O,M>O,M>P>C>O,F,F,F,F,F,T
1782577748.296,3558,72.62,72.83,72.74,72.75,high_C,low_O,C>O,C>P>M>O,F,F,F,T,T,F
1782578117.897,3559,72.83,72.74,72.76,72.78,high_O,low_C,O>C,O>P>M>C,T,T,T,F,F,F
1782578420.187,3560,72.74,72.8,72.69,72.68,high_C,low_P,C>P,C>O>M>P,F,T,T,T,T,T
1782578947.665,3561,72.8,72.76,72.75,72.75,high_O,TIE,TIE,TIE,T,T,T,T,T,TIE
1782579272.91,3562,72.76,72.72,72.76,72.79,high_P,low_C,P>C,TIE,T,TIE,F,F,F,F
1782579621.23,3563,72.72,72.59,72.64,72.67,high_O,low_C,O>C,O>P>M>C,T,T,T,F,F,F
1782579639.138,3564,72.59,72.47,72.49,72.47,high_O,TIE,TIE,TIE,T,T,T,F,TIE,T
1782579684.153,3565,72.47,72.55,72.48,72.48,high_C,low_O,C>O,TIE,F,F,F,T,T,TIE
1782579706.984,3566,72.55,72.36,72.39,72.36,high_O,TIE,TIE,TIE,T,T,T,F,TIE,T
1782579718.443,3567,72.36,72.24,72.29,72.26,high_O,low_C,O>C,O>M>P>C,T,T,T,F,F,T
1782579736.99,3568,72.24,72.25,72.27,72.3,high_P,low_O,P>O,P>M>C>O,F,F,F,F,F,F
1782579755.263,3569,72.25,72.17,72.25,72.25,TIE,low_C,TIE,TIE,T,TIE,TIE,F,F,TIE
1782579779.389,3570,72.17,72.12,72.15,72.15,high_O,low_C,O>C,TIE,T,T,T,F,F,TIE
1782579804.44,3571,72.12,72.14,72.16,72.15,high_M,low_O,M>O,M>P>C>O,F,F,F,F,F,T
1782579842.195,3572,72.14,72.15,72.15,72.15,TIE,low_O,TIE,TIE,F,F,F,TIE,TIE,TIE
1782579852.1,3573,72.15,71.99,72.01,72.0,high_O,low_C,O>C,O>M>P>C,T,T,T,F,F,T
1782579864.224,3574,71.99,72.01,71.95,71.93,high_C,low_P,C>P,C>O>M>P,F,T,T,T,T,T
1782579887.418,3575,72.01,71.96,71.96,71.96,high_O,TIE,TIE,TIE,T,T,T,TIE,TIE,TIE
1782579906.994,3576,71.96,72.0,71.9,71.91,high_C,low_M,C>M,C>O>P>M,F,T,T,T,T,F
1782579942.97,3577,72.0,72.05,72.04,72.04,high_C,low_O,C>O,TIE,F,F,F,T,T,TIE
1782580001.667,3578,72.05,72.07,72.09,72.1,high_P,low_O,P>O,P>M>C>O,F,F,F,F,F,F
1782580079.823,3579,72.07,72.08,72.07,72.06,high_C,low_P,C>P,TIE,F,TIE,T,T,T,T
1782580187.577,3580,72.08,72.01,72.1,72.1,TIE,low_C,TIE,TIE,T,F,F,F,F,TIE
1782580330.481,3581,72.01,72.21,72.13,72.13,high_C,low_O,C>O,TIE,F,F,F,T,T,TIE
1782580544.939,3582,72.21,72.09,72.18,72.19,high_O,low_C,O>C,O>P>M>C,T,T,T,F,F,F
1782580703.004,3583,72.09,72.21,72.13,72.2,high_C,low_O,C>O,C>P>M>O,F,F,F,T,T,F
1782580951.026,3584,72.21,72.18,72.23,72.24,high_P,low_C,P>C,P>M>O>C,T,F,F,F,F,F
1782581286.597,3585,72.18,72.17,72.2,72.16,high_M,low_P,M>P,M>O>C>P,T,F,T,F,T,T
1782581455.854,3586,72.17,72.21,72.22,72.22,TIE,low_O,TIE,TIE,F,F,F,F,F,TIE
1782581630.108,3587,72.21,72.25,72.18,72.15,high_C,low_P,C>P,C>O>M>P,F,T,T,T,T,T
1782581699.52,3588,72.25,72.14,72.16,72.15,high_O,low_C,O>C,O>M>P>C,T,T,T,F,F,T
1782581958.618,3589,72.14,72.31,72.26,72.26,high_C,low_O,C>O,TIE,F,F,F,T,T,TIE
1782582420.384,3590,72.31,72.2,72.2,72.19,high_O,low_P,O>P,TIE,T,T,T,TIE,T,T
1782582798.107,3591,72.2,72.18,72.17,72.17,high_O,TIE,TIE,TIE,T,T,T,T,T,TIE
1782583156.835,3592,72.18,72.1,72.18,72.19,high_P,low_C,P>C,TIE,T,TIE,F,F,F,F
1782583161.12,3593,72.1,72.11,72.11,72.11,TIE,low_O,TIE,TIE,F,F,F,TIE,TIE,TIE
1782583224.028,3594,72.11,72.0,72.01,72.0,high_O,TIE,TIE,TIE,T,T,T,F,TIE,T
1782583328.896,3595,72.0,71.99,71.99,72.0,TIE,TIE,TIE,TIE,T,T,TIE,TIE,F,F
1782583545.211,3596,71.99,71.96,71.93,71.92,high_O,low_P,O>P,O>C>M>P,T,T,T,T,T,T
1782583721.286,3597,71.96,72.09,72.02,72.02,high_C,low_O,C>O,TIE,F,F,F,T,T,TIE
1782583969.83,3598,72.09,72.04,72.1,72.1,TIE,low_C,TIE,TIE,T,F,F,F,F,TIE
1782584466.618,3599,72.04,72.0,72.05,72.05,TIE,low_C,TIE,TIE,T,F,F,F,F,TIE
1782584576.69,3600,72.0,71.85,71.86,71.85,high_O,TIE,TIE,TIE,T,T,T,F,TIE,T
1782584608.631,3601,71.85,71.8,71.8,71.8,high_O,TIE,TIE,TIE,T,T,T,TIE,TIE,TIE
1782584621.496,3602,71.8,71.82,71.8,71.8,high_C,TIE,TIE,TIE,F,TIE,TIE,T,T,TIE
1782584738.91,3603,71.82,71.73,71.82,71.82,TIE,low_C,TIE,TIE,T,TIE,TIE,F,F,TIE
1782584926.929,3604,71.73,71.77,71.74,71.73,high_C,TIE,TIE,TIE,F,F,TIE,T,T,T
1782585065.09,3605,71.77,71.9,71.85,71.84,high_C,low_O,C>O,C>M>P>O,F,F,F,T,T,T
1782585389.398,3606,71.9,71.94,71.93,71.94,TIE,low_O,TIE,TIE,F,F,F,T,TIE,F
1782585724.07,3607,71.94,71.91,71.93,71.96,high_P,low_C,P>C,P>O>M>C,T,T,F,F,F,F
1782586508.422,3608,71.92,71.94,71.89,71.89,high_C,TIE,TIE,TIE,F,T,T,T,T,TIE
1782586976.597,3609,71.94,71.96,71.92,71.96,TIE,low_M,TIE,TIE,F,T,F,T,TIE,F
1782587283.883,3610,71.96,71.86,71.95,71.96,TIE,low_C,TIE,TIE,T,T,TIE,F,F,F
1782587809.907,3611,71.86,71.83,71.88,71.89,high_P,low_C,P>C,P>M>O>C,T,F,F,F,F,F
1782587850.086,3612,71.83,71.73,71.79,71.79,high_O,low_C,O>C,TIE,T,T,T,F,F,TIE
1782587893.692,3613,71.73,71.65,71.73,71.74,high_P,low_C,P>C,TIE,T,TIE,F,F,F,F
1782587955.141,3614,71.65,71.64,71.65,71.65,TIE,low_C,TIE,TIE,T,TIE,TIE,F,F,TIE
1782588104.5,3615,71.64,71.65,71.65,71.65,TIE,low_O,TIE,TIE,F,F,F,TIE,TIE,TIE
1782588268.724,3616,71.65,71.52,71.63,71.63,high_O,low_C,O>C,TIE,T,T,T,F,F,TIE
1782588300.235,3617,71.52,71.4,71.51,71.5,high_O,low_C,O>C,O>M>P>C,T,T,T,F,F,T
1782588301.662,3618,71.4,71.21,71.3,71.3,high_O,low_C,O>C,TIE,T,T,T,F,F,TIE
1782588302.469,3619,71.21,71.0,71.07,71.02,high_O,low_C,O>C,O>M>P>C,T,T,T,F,F,T
1782588303.145,3620,71.0,71.02,71.0,71.0,high_C,TIE,TIE,TIE,F,TIE,TIE,T,T,TIE
1782588303.733,3621,71.02,71.16,71.09,71.07,high_C,low_O,C>O,C>M>P>O,F,F,F,T,T,T
1782588305.252,3623,71.12,71.12,71.14,71.16,high_P,TIE,TIE,TIE,TIE,F,F,F,F,F
1782588312.637,3624,71.12,71.18,71.16,71.16,high_C,low_O,C>O,TIE,F,F,F,T,T,TIE
1782588324.396,3625,71.18,71.11,71.15,71.16,high_O,low_C,O>C,O>P>M>C,T,T,T,F,F,F
1782588349.375,3626,71.11,71.16,71.14,71.16,TIE,low_O,TIE,TIE,F,F,F,T,TIE,F
1782588353.95,3627,71.16,71.07,71.13,71.13,high_O,low_C,O>C,TIE,T,T,T,F,F,TIE
1782588390.925,3628,71.07,71.15,71.14,71.12,high_C,low_O,C>O,C>M>P>O,F,F,F,T,T,T
1782588424.125,3629,71.15,71.09,71.13,71.12,high_O,low_C,O>C,O>M>P>C,T,T,T,F,F,T
1782588475.41,3630,71.09,71.12,71.12,71.12,TIE,low_O,TIE,TIE,F,F,F,TIE,TIE,TIE
1782588546.012,3631,71.12,71.27,71.23,71.12,high_C,TIE,TIE,TIE,F,F,TIE,T,T,T
1782588623.53,3632,71.27,71.1,71.2,71.15,high_O,low_C,O>C,O>M>P>C,T,T,T,F,F,T
1782588681.493,3633,71.1,71.07,71.09,71.08,high_O,low_C,O>C,O>M>P>C,T,T,T,F,F,T
1782588684.065,3634,71.07,70.94,71.0,70.96,high_O,low_C,O>C,O>M>P>C,T,T,T,F,F,T
1782588721.231,3636,71.0,71.0,71.0,71.0,TIE,TIE,TIE,TIE,TIE,TIE,TIE,TIE,TIE,TIE
1782588756.236,3637,71.0,70.95,71.03,71.03,TIE,low_C,TIE,TIE,T,F,F,F,F,TIE
1782588910.925,3638,70.95,71.1,71.06,71.08,high_C,low_O,C>O,C>P>M>O,F,F,F,T,T,F
1782589013.311,3639,71.1,70.98,71.07,71.06,high_O,low_C,O>C,O>M>P>C,T,T,T,F,F,T
1782589071.256,3640,70.98,70.93,70.95,70.93,high_O,TIE,TIE,TIE,T,T,T,F,TIE,T
1782589299.977,3641,70.93,71.05,71.04,71.01,high_C,low_O,C>O,C>M>P>O,F,F,F,T,T,T
1782589542.323,3642,71.05,71.11,71.11,71.11,TIE,low_O,TIE,TIE,F,F,F,TIE,TIE,TIE
1782589812.869,3643,71.11,71.17,71.15,71.18,high_P,low_O,P>O,P>C>M>O,F,F,F,T,F,F
1782590093.617,3644,71.16,71.08,71.14,71.12,high_O,low_C,O>C,O>M>P>C,T,T,T,F,F,T
1782590168.494,3645,71.08,71.1,71.06,71.06,high_C,TIE,TIE,TIE,F,T,T,T,T,TIE
1782590402.393,3647,71.05,71.05,71.04,71.04,TIE,TIE,TIE,TIE,TIE,T,T,T,T,TIE
1782590654.933,3648,71.05,71.15,71.11,71.11,high_C,low_O,C>O,TIE,F,F,F,T,T,TIE
1782590924.624,3649,71.15,71.2,71.18,71.19,high_C,low_O,C>O,C>P>M>O,F,F,F,T,T,F
1782591098.024,3650,71.2,71.21,71.21,71.2,TIE,TIE,TIE,TIE,F,F,TIE,TIE,T,T
1782591439.441,3651,71.21,71.23,71.21,71.21,high_C,TIE,TIE,TIE,F,TIE,TIE,T,T,TIE
1782592243.642,3653,71.21,71.21,71.19,71.19,TIE,TIE,TIE,TIE,TIE,T,T,T,T,TIE
1782592757.366,3654,71.21,71.17,71.21,71.21,TIE,low_C,TIE,TIE,T,TIE,TIE,F,F,TIE
1782593014.03,3655,71.17,71.13,71.18,71.18,TIE,low_C,TIE,TIE,T,F,F,F,F,TIE
1782593285.82,3656,71.13,71.28,71.25,71.28,TIE,low_O,TIE,TIE,F,F,F,T,TIE,F
1782593668.927,3657,71.28,71.17,71.21,71.18,high_O,low_C,O>C,O>M>P>C,T,T,T,F,F,T
1782594056.945,3658,71.17,71.33,71.2,71.18,high_C,low_O,C>O,C>M>P>O,F,F,F,T,T,T
1782594511.723,3660,71.43,71.43,71.44,71.43,high_M,TIE,TIE,TIE,TIE,F,TIE,F,TIE,T
1782594787.633,3661,71.43,71.33,71.43,71.44,high_P,low_C,P>C,TIE,T,TIE,F,F,F,F
1782594989.062,3662,71.33,71.48,71.46,71.46,high_C,low_O,C>O,TIE,F,F,F,T,T,TIE
1782595279.16,3663,71.48,71.5,71.44,71.44,high_C,TIE,TIE,TIE,F,T,T,T,T,TIE
1782595555.529,3664,71.5,71.43,71.49,71.48,high_O,low_C,O>C,O>M>P>C,T,T,T,F,F,T
1782595835.349,3665,71.43,71.54,71.49,71.49,high_C,low_O,C>O,TIE,F,F,F,T,T,TIE
1782596024.297,3666,71.54,71.58,71.58,71.58,TIE,low_O,TIE,TIE,F,F,F,TIE,TIE,TIE
1782596280.111,3667,71.58,71.41,71.49,71.58,TIE,low_C,TIE,TIE,T,T,TIE,F,F,F
1782596400.296,3668,71.41,71.25,71.3,71.31,high_O,low_C,O>C,O>P>M>C,T,T,T,F,F,F
1782596438.517,3669,71.25,71.11,71.2,71.19,high_O,low_C,O>C,O>M>P>C,T,T,T,F,F,T
1782596703.627,3671,71.05,71.05,71.03,71.0,TIE,low_P,TIE,TIE,TIE,T,T,T,T,T
1782597005.952,3672,71.05,71.09,71.08,71.1,high_P,low_O,P>O,P>C>M>O,F,F,F,T,F,F
1782597081.146,3673,71.09,70.82,70.93,70.99,high_O,low_C,O>C,O>P>M>C,T,T,T,F,F,F
1782597103.049,3674,70.82,70.88,70.85,70.86,high_C,low_O,C>O,C>P>M>O,F,F,F,T,T,F
1782597181.828,3675,70.88,70.95,70.87,70.9,high_C,low_M,C>M,C>P>O>M,F,T,F,T,T,F
1782597334.325,3676,70.95,70.97,70.95,70.95,high_C,TIE,TIE,TIE,F,TIE,TIE,T,T,TIE
1782597493.68,3677,70.97,70.93,70.94,70.94,high_O,low_C,O>C,TIE,T,T,T,F,F,TIE
1782597634.519,3678,70.93,70.77,70.85,70.94,high_P,low_C,P>C,P>O>M>C,T,T,F,F,F,F
1782597765.812,3679,70.77,70.64,70.8,70.81,high_P,low_C,P>C,P>M>O>C,T,F,F,F,F,F
1782597767.327,3680,70.64,70.66,70.65,70.63,high_C,low_P,C>P,C>M>O>P,F,F,T,T,T,T
1782597819.387,3681,70.66,70.74,70.69,70.71,high_C,low_O,C>O,C>P>M>O,F,F,F,T,T,F
1782597952.97,3682,70.74,70.7,70.73,70.73,high_O,low_C,O>C,TIE,T,T,T,F,F,TIE
1782598130.149,3683,70.7,70.76,70.74,70.7,high_C,TIE,TIE,TIE,F,F,TIE,T,T,T
1782598320.654,3684,70.76,70.8,70.76,70.8,TIE,TIE,TIE,TIE,F,TIE,F,T,TIE,F
1782598507.38,3685,70.8,70.67,70.76,70.79,high_O,low_C,O>C,O>P>M>C,T,T,T,F,F,F
1782598524.37,3686,70.67,70.57,70.64,70.69,high_P,low_C,P>C,P>O>M>C,T,T,F,F,F,F
1782598529.821,3688,70.52,70.52,70.51,70.52,TIE,low_M,TIE,TIE,TIE,T,TIE,T,TIE,F
1782598569.536,3689,70.52,70.48,70.5,70.49,high_O,low_C,O>C,O>M>P>C,T,T,T,F,F,T
1782598593.726,3690,70.48,70.42,70.48,70.5,high_P,low_C,P>C,TIE,T,TIE,F,F,F,F
1782598599.768,3691,70.42,70.33,70.36,70.32,high_O,low_P,O>P,O>M>C>P,T,T,T,F,T,T
1782598605.232,3692,70.33,70.21,70.27,70.29,high_O,low_C,O>C,O>P>M>C,T,T,T,F,F,F
1782598622.033,3693,70.21,70.32,70.26,70.22,high_C,low_O,C>O,C>M>P>O,F,F,F,T,T,T
1782598682.687,3694,70.32,70.46,70.37,70.36,high_C,low_O,C>O,C>M>P>O,F,F,F,T,T,T
1782598726.637,3695,70.46,70.5,70.51,70.51,TIE,low_O,TIE,TIE,F,F,F,F,F,TIE
1782598833.037,3696,70.5,70.56,70.52,70.52,high_C,low_O,C>O,TIE,F,F,F,T,T,TIE
1782598970.135,3697,70.56,70.58,70.54,70.55,high_C,low_M,C>M,C>O>P>M,F,T,T,T,T,F
1782599187.585,3698,70.58,70.56,70.54,70.53,high_O,low_P,O>P,O>C>M>P,T,T,T,T,T,T
1782599336.183,3699,70.56,70.66,70.63,70.56,high_C,TIE,TIE,TIE,F,F,TIE,T,T,T
1782599439.884,3700,70.66,70.73,70.7,70.73,TIE,low_O,TIE,TIE,F,F,F,T,TIE,F
1782599460.732,3701,70.73,70.83,70.79,70.82,high_C,low_O,C>O,C>P>M>O,F,F,F,T,T,F
1782599565.696,3702,70.83,70.84,70.85,70.86,high_P,low_O,P>O,P>M>C>O,F,F,F,F,F,F
1782599688.93,3703,70.84,70.94,70.85,70.83,high_C,low_P,C>P,C>M>O>P,F,F,T,T,T,T
1782599838.022,3704,70.94,71.01,70.9,70.94,high_C,low_M,C>M,TIE,F,T,TIE,T,T,F
1782600038.519,3705,71.01,70.98,70.98,71.0,high_O,TIE,TIE,TIE,T,T,T,TIE,F,F
1782600414.877,3706,70.98,70.83,70.89,70.87,high_O,low_C,O>C,O>M>P>C,T,T,T,F,F,T
1782600581.06,3707,70.83,70.91,70.83,70.88,high_C,TIE,TIE,TIE,F,TIE,F,T,T,F
1782600638.023,3708,70.91,70.93,70.93,70.92,TIE,low_O,TIE,TIE,F,F,F,TIE,T,T
1782601072.007,3709,70.93,71.04,70.98,70.98,high_C,low_O,C>O,TIE,F,F,F,T,T,TIE
1782601561.779,3710,71.04,71.03,71.03,71.04,TIE,TIE,TIE,TIE,T,T,TIE,TIE,F,F
1782601920.31,3711,71.03,71.01,71.01,71.0,high_O,low_P,O>P,TIE,T,T,T,TIE,T,T
1782601996.371,3712,71.01,70.87,70.95,71.0,high_O,low_C,O>C,O>P>M>C,T,T,T,F,F,F
1782602059.034,3713,70.87,70.66,70.78,70.79,high_O,low_C,O>C,O>P>M>C,T,T,T,F,F,F
1782602085.832,3714,70.66,70.61,70.65,70.65,high_O,low_C,O>C,TIE,T,T,T,F,F,TIE
1782602139.993,3715,70.61,70.65,70.6,70.59,high_C,low_P,C>P,C>O>M>P,F,T,T,T,T,T
1782602229.451,3716,70.65,70.55,70.56,70.66,high_P,low_C,P>C,P>O>M>C,T,T,F,F,F,F
1782602445.201,3717,70.55,70.62,70.6,70.61,high_C,low_O,C>O,C>P>M>O,F,F,F,T,T,F
1782602629.814,3718,70.62,70.46,70.48,70.5,high_O,low_C,O>C,O>P>M>C,T,T,T,F,F,F
1782602904.74,3719,70.46,70.45,70.49,70.48,high_M,low_C,M>C,M>P>O>C,T,F,F,F,F,T
1782603185.682,3720,70.45,70.48,70.44,70.44,high_C,TIE,TIE,TIE,F,T,T,T,T,TIE
1782603471.804,3721,70.48,70.56,70.55,70.55,high_C,low_O,C>O,TIE,F,F,F,T,T,TIE
1782603814.347,3722,70.56,70.6,70.59,70.59,high_C,low_O,C>O,TIE,F,F,F,T,T,TIE
1782604283.48,3723,70.6,70.57,70.54,70.55,high_O,low_M,O>M,O>C>P>M,T,T,T,T,T,F
1782604532.914,3724,70.57,70.49,70.52,70.52,high_O,low_C,O>C,TIE,T,T,T,F,F,TIE
1782604854.479,3725,70.49,70.47,70.46,70.46,high_O,TIE,TIE,TIE,T,T,T,T,T,TIE
1782605009.622,3726,70.47,70.45,70.48,70.45,high_M,TIE,TIE,TIE,T,F,T,F,TIE,T
1782605138.805,3727,70.45,70.47,70.46,70.45,high_C,TIE,TIE,TIE,F,F,TIE,T,T,T
1782605313.964,3728,70.47,70.58,70.56,70.56,high_C,low_O,C>O,TIE,F,F,F,T,T,TIE
1782605382.617,3729,70.58,70.6,70.59,70.59,high_C,low_O,C>O,TIE,F,F,F,T,T,TIE
1782605731.126,3730,70.6,70.63,70.57,70.57,high_C,TIE,TIE,TIE,F,T,T,T,T,TIE
1782605941.415,3731,70.63,70.71,70.67,70.68,high_C,low_O,C>O,C>P>M>O,F,F,F,T,T,F
1782606272.269,3732,70.72,70.62,70.68,70.68,high_O,low_C,O>C,TIE,T,T,T,F,F,TIE
1782606618.257,3733,70.62,70.73,70.69,70.73,TIE,low_O,TIE,TIE,F,F,F,T,TIE,F
1782606711.359,3734,70.73,70.66,70.69,70.69,high_O,low_C,O>C,TIE,T,T,T,F,F,TIE
1782607085.619,3735,70.66,70.65,70.62,70.63,high_O,low_M,O>M,O>C>P>M,T,T,T,T,T,F
1782607495.517,3736,70.65,70.69,70.68,70.68,high_C,low_O,C>O,TIE,F,F,F,T,T,TIE
1782607905.766,3737,70.69,70.56,70.69,70.68,TIE,low_C,TIE,TIE,T,TIE,T,F,F,T
1782608286.035,3738,70.56,70.71,70.64,70.62,high_C,low_O,C>O,C>M>P>O,F,F,F,T,T,T
1782608597.102,3739,70.71,70.56,70.67,70.7,high_O,low_C,O>C,O>P>M>C,T,T,T,F,F,F
1782608727.934,3740,70.56,70.45,70.5,70.51,high_O,low_C,O>C,O>P>M>C,T,T,T,F,F,F
1782608976.551,3741,70.45,70.51,70.45,70.45,high_C,TIE,TIE,TIE,F,TIE,TIE,T,T,TIE
1782609359.781,3742,70.51,70.55,70.5,70.49,high_C,low_P,C>P,C>O>M>P,F,T,T,T,T,T
1782609661.127,3743,70.55,70.64,70.61,70.65,high_P,low_O,P>O,P>C>M>O,F,F,F,T,F,F
1782609812.544,3744,70.64,70.72,70.72,70.72,TIE,low_O,TIE,TIE,F,F,F,TIE,TIE,TIE
1782610079.404,3745,70.72,70.77,70.76,70.76,high_C,low_O,C>O,TIE,F,F,F,T,T,TIE
1782610431.183,3746,70.77,70.8,70.73,70.74,high_C,low_M,C>M,C>O>P>M,F,T,T,T,T,F
1782610697.422,3747,70.8,70.78,70.8,70.79,TIE,low_C,TIE,TIE,T,TIE,T,F,F,T
1782611065.31,3748,70.78,70.83,70.8,70.81,high_C,low_O,C>O,C>P>M>O,F,F,F,T,T,F
1782611375.844,3749,70.83,70.82,70.83,70.85,high_P,low_C,P>C,TIE,T,TIE,F,F,F,F
1782611902.436,3750,70.82,70.79,70.82,70.79,TIE,TIE,TIE,TIE,T,TIE,T,F,TIE,T
1782612139.751,3751,70.79,70.93,70.9,70.9,high_C,low_O,C>O,TIE,F,F,F,T,T,TIE
1782612406.336,3752,70.93,70.9,70.94,70.94,TIE,low_C,TIE,TIE,T,F,F,F,F,TIE
1782612845.673,3753,70.9,70.95,70.9,70.87,high_C,low_P,C>P,TIE,F,TIE,T,T,T,T
1782613048.742,3754,70.95,70.89,70.94,70.95,TIE,low_C,TIE,TIE,T,T,TIE,F,F,F
1782613234.525,3755,70.89,70.77,70.86,70.84,high_O,low_C,O>C,O>M>P>C,T,T,T,F,F,T
1782613332.279,3756,70.77,70.59,70.7,70.7,high_O,low_C,O>C,TIE,T,T,T,F,F,TIE
1782613440.62,3757,70.59,70.47,70.56,70.6,high_P,low_C,P>C,P>O>M>C,T,T,F,F,F,F
1782613633.198,3758,70.47,70.49,70.48,70.47,high_C,TIE,TIE,TIE,F,F,TIE,T,T,T
1782613633.315,3759,70.49,70.57,70.54,70.55,high_C,low_O,C>O,C>P>M>O,F,F,F,T,T,F
1782613672.678,3760,70.57,70.72,70.6,70.6,high_C,low_O,C>O,TIE,F,F,F,T,T,TIE
1782614627.066,3762,70.68,70.68,70.73,70.67,high_M,low_P,M>P,TIE,TIE,F,T,F,T,T
1782615228.14,3763,70.68,70.76,70.71,70.7,high_C,low_O,C>O,C>M>P>O,F,F,F,T,T,T
1782615718.583,3764,70.76,70.78,70.74,70.76,high_C,low_M,C>M,TIE,F,T,TIE,T,T,F
1782615836.714,3765,70.78,70.89,70.85,70.88,high_C,low_O,C>O,C>P>M>O,F,F,F,T,T,F
1782616279.279,3766,70.89,70.85,70.8,70.8,high_O,TIE,TIE,TIE,T,T,T,T,T,TIE
1782616522.426,3767,70.85,70.8,70.9,70.9,TIE,low_C,TIE,TIE,T,F,F,F,F,TIE
1782616960.542,3768,70.8,70.86,70.81,70.79,high_C,low_P,C>P,C>M>O>P,F,F,T,T,T,T
1782617538.123,3769,70.86,70.77,70.8,70.86,TIE,low_C,TIE,TIE,T,T,TIE,F,F,F
1782617706.313,3771,70.8,70.8,70.8,70.8,TIE,TIE,TIE,TIE,TIE,TIE,TIE,TIE,TIE,TIE
1782618289.913,3772,70.8,70.82,70.81,70.82,TIE,low_O,TIE,TIE,F,F,F,T,TIE,F
1782618793.964,3773,70.82,70.84,70.88,70.89,high_P,low_O,P>O,P>M>C>O,F,F,F,F,F,F
1782618915.11,3776,70.8,70.77,70.8,70.8,TIE,low_C,TIE,TIE,T,TIE,TIE,F,F,TIE
1782619006.748,3777,70.77,70.79,70.76,70.75,high_C,low_P,C>P,C>O>M>P,F,T,T,T,T,T
1782619327.26,3778,70.79,70.82,70.82,70.81,TIE,low_O,TIE,TIE,F,F,F,TIE,T,T
1782619658.239,3779,70.82,70.81,70.79,70.81,high_O,low_M,O>M,TIE,T,T,T,T,TIE,F
1782620163.993,3780,70.81,70.76,70.77,70.75,high_O,low_P,O>P,O>M>C>P,T,T,T,F,T,T
1782620507.739,3781,70.76,70.77,70.71,70.69,high_C,low_P,C>P,C>O>M>P,F,T,T,T,T,T
1782621009.636,3782,70.77,70.61,70.76,70.77,TIE,low_C,TIE,TIE,T,T,TIE,F,F,F
1782621174.631,3783,70.61,70.54,70.61,70.62,high_P,low_C,P>C,TIE,T,TIE,F,F,F,F
1782621437.864,3784,70.54,70.63,70.58,70.58,high_C,low_O,C>O,TIE,F,F,F,T,T,TIE
1782621624.998,3785,70.63,70.77,70.7,70.65,high_C,low_O,C>O,C>M>P>O,F,F,F,T,T,T
1782621746.615,3786,70.77,70.79,70.8,70.8,TIE,low_O,TIE,TIE,F,F,F,F,F,TIE
1782621960.352,3787,70.79,70.86,70.84,70.84,high_C,low_O,C>O,TIE,F,F,F,T,T,TIE
1782622138.33,3788,70.86,70.9,70.9,70.84,TIE,low_P,TIE,TIE,F,F,T,TIE,T,T
1782622686.768,3789,70.9,70.73,70.84,70.87,high_O,low_C,O>C,O>P>M>C,T,T,T,F,F,F
1782623021.546,3790,70.73,70.57,70.7,70.72,high_O,low_C,O>C,O>P>M>C,T,T,T,F,F,F
1782623063.394,3791,70.57,70.51,70.52,70.51,high_O,TIE,TIE,TIE,T,T,T,F,TIE,T
1782623093.037,3792,70.51,70.42,70.44,70.41,high_O,low_P,O>P,O>M>C>P,T,T,T,F,T,T
1782623107.801,3793,70.42,70.46,70.45,70.44,high_C,low_O,C>O,C>M>P>O,F,F,F,T,T,T
1782623178.874,3794,70.46,70.47,70.46,70.47,TIE,TIE,TIE,TIE,F,TIE,F,T,TIE,F
1782623397.731,3795,70.47,70.53,70.53,70.5,TIE,low_O,TIE,TIE,F,F,F,TIE,T,T
1782623768.355,3796,70.53,70.5,70.53,70.52,TIE,low_C,TIE,TIE,T,TIE,T,F,F,T
1782623992.657,3797,70.5,70.59,70.55,70.56,high_C,low_O,C>O,C>P>M>O,F,F,F,T,T,F
1782624208.973,3798,70.59,70.48,70.56,70.57,high_O,low_C,O>C,O>P>M>C,T,T,T,F,F,F
1782624270.498,3799,70.48,70.36,70.46,70.46,high_O,low_C,O>C,TIE,T,T,T,F,F,TIE
1782624314.206,3800,70.36,70.33,70.36,70.34,TIE,low_C,TIE,TIE,T,TIE,T,F,F,T
1782624337.852,3801,70.33,70.32,70.31,70.29,high_O,low_P,O>P,O>C>M>P,T,T,T,T,T,T
1782624344.284,3802,70.32,70.21,70.29,70.29,high_O,low_C,O>C,TIE,T,T,T,F,F,TIE
1782624372.275,3803,70.21,70.3,70.25,70.25,high_C,low_O,C>O,TIE,F,F,F,T,T,TIE
1782624467.209,3804,70.3,70.29,70.31,70.31,TIE,low_C,TIE,TIE,T,F,F,F,F,TIE
1782624501.13,3805,70.29,70.17,70.18,70.18,high_O,low_C,O>C,TIE,T,T,T,F,F,TIE
1782624504.067,3806,70.17,70.11,70.14,70.18,high_P,low_C,P>C,P>O>M>C,T,T,F,F,F,F
1782624509.07,3807,70.11,70.21,70.1,70.1,high_C,TIE,TIE,TIE,F,T,T,T,T,TIE
1782624543.092,3808,70.21,70.26,70.2,70.2,high_C,TIE,TIE,TIE,F,T,T,T,T,TIE
1782624586.807,3809,70.26,70.24,70.24,70.25,high_O,TIE,TIE,TIE,T,T,T,TIE,F,F
1782624623.707,3810,70.24,70.14,70.16,70.21,high_O,low_C,O>C,O>P>M>C,T,T,T,F,F,F
1782624665.4,3811,70.14,70.2,70.13,70.12,high_C,low_P,C>P,C>O>M>P,F,T,T,T,T,T
1782624743.299,3812,70.2,70.23,70.25,70.27,high_P,low_O,P>O,P>M>C>O,F,F,F,F,F,F
1782624857.134,3813,70.23,70.35,70.31,70.31,high_C,low_O,C>O,TIE,F,F,F,T,T,TIE
1782624999.711,3814,70.35,70.41,70.38,70.38,high_C,low_O,C>O,TIE,F,F,F,T,T,TIE
1782625329.442,3816,70.39,70.39,70.4,70.4,TIE,TIE,TIE,TIE,TIE,F,F,F,F,TIE
1782625579.277,3817,70.39,70.38,70.4,70.4,TIE,low_C,TIE,TIE,T,F,F,F,F,TIE
1782625955.225,3818,70.38,70.36,70.39,70.4,high_P,low_C,P>C,P>M>O>C,T,F,F,F,F,F
1782626151.048,3819,70.36,70.51,70.41,70.41,high_C,low_O,C>O,TIE,F,F,F,T,T,TIE
1782626320.772,3820,70.51,70.47,70.5,70.5,high_O,low_C,O>C,TIE,T,T,T,F,F,TIE
1782626586.171,3821,70.47,70.53,70.51,70.53,TIE,low_O,TIE,TIE,F,F,F,T,TIE,F
1782626763.482,3822,70.53,70.42,70.42,70.42,high_O,TIE,TIE,TIE,T,T,T,TIE,TIE,TIE
1782627118.127,3823,70.42,70.35,70.41,70.38,high_O,low_C,O>C,O>M>P>C,T,T,T,F,F,T
1782627148.907,3824,70.35,70.25,70.26,70.23,high_O,low_P,O>P,O>M>C>P,T,T,T,F,T,T
1782627253.993,3825,70.25,70.2,70.23,70.24,high_O,low_C,O>C,O>P>M>C,T,T,T,F,F,F
1782627340.782,3826,70.2,70.19,70.19,70.2,TIE,TIE,TIE,TIE,T,T,TIE,TIE,F,F
1782627378.63,3827,70.19,70.21,70.26,70.27,high_P,low_O,P>O,P>M>C>O,F,F,F,F,F,F
1782627453.609,3828,70.21,70.14,70.19,70.19,high_O,low_C,O>C,TIE,T,T,T,F,F,TIE
1782627513.541,3829,70.14,70.33,70.16,70.14,high_C,TIE,TIE,TIE,F,F,TIE,T,T,T
1782627629.847,3830,70.33,70.34,70.34,70.34,TIE,low_O,TIE,TIE,F,F,F,TIE,TIE,TIE
1782627811.789,3831,70.34,70.39,70.38,70.34,high_C,TIE,TIE,TIE,F,F,TIE,T,T,T
1782628100.007,3832,70.39,70.35,70.37,70.37,high_O,low_C,O>C,TIE,T,T,T,F,F,TIE
1782628448.016,3834,70.45,70.45,70.47,70.47,TIE,TIE,TIE,TIE,TIE,F,F,F,F,TIE
1782628647.287,3835,70.45,70.43,70.45,70.46,high_P,low_C,P>C,TIE,T,TIE,F,F,F,F
1782629043.975,3836,70.43,70.45,70.45,70.45,TIE,low_O,TIE,TIE,F,F,F,TIE,TIE,TIE
1782629302.961,3837,70.45,70.43,70.41,70.41,high_O,TIE,TIE,TIE,T,T,T,T,T,TIE
1782629679.02,3838,70.43,70.49,70.48,70.49,TIE,low_O,TIE,TIE,F,F,F,T,TIE,F
1782630030.281,3839,70.49,70.42,70.42,70.42,high_O,TIE,TIE,TIE,T,T,T,TIE,TIE,TIE
1782630088.842,3840,70.42,70.62,70.56,70.59,high_C,low_O,C>O,C>P>M>O,F,F,F,T,T,F
1782630123.167,3841,70.62,70.73,70.68,70.66,high_C,low_O,C>O,C>M>P>O,F,F,F,T,T,T
1782630125.485,3842,70.73,70.83,70.8,70.8,high_C,low_O,C>O,TIE,F,F,F,T,T,TIE
1782630129.642,3843,70.83,70.79,70.81,70.82,high_O,low_C,O>C,O>P>M>C,T,T,T,F,F,F
1782630147.909,3844,70.79,70.78,70.82,70.82,TIE,low_C,TIE,TIE,T,F,F,F,F,TIE
1782630219.107,3846,70.72,70.72,70.71,70.71,TIE,TIE,TIE,TIE,TIE,T,T,T,T,TIE
1782630323.957,3847,70.72,70.64,70.68,70.68,high_O,low_C,O>C,TIE,T,T,T,F,F,TIE
1782630503.759,3848,70.64,70.7,70.65,70.65,high_C,low_O,C>O,TIE,F,F,F,T,T,TIE
1782630623.916,3849,70.7,70.69,70.66,70.63,high_O,low_P,O>P,O>C>M>P,T,T,T,T,T,T
1782630869.595,3850,70.69,70.74,70.7,70.7,high_C,low_O,C>O,TIE,F,F,F,T,T,TIE
1782631123.733,3851,70.74,70.72,70.73,70.73,high_O,low_C,O>C,TIE,T,T,T,F,F,TIE
1782631330.446,3852,70.72,70.71,70.73,70.72,high_M,low_C,M>C,TIE,T,F,TIE,F,F,T
1782631491.208,3853,70.71,70.74,70.74,70.75,high_P,low_O,P>O,TIE,F,F,F,TIE,F,F
1782631539.465,3854,70.74,70.71,70.73,70.74,TIE,low_C,TIE,TIE,T,T,TIE,F,F,F
1782631830.128,3855,70.71,70.63,70.65,70.67,high_O,low_C,O>C,O>P>M>C,T,T,T,F,F,F
1782632052.713,3856,70.63,70.69,70.66,70.65,high_C,low_O,C>O,C>M>P>O,F,F,F,T,T,T
1782632263.672,3857,70.69,70.86,70.73,70.72,high_C,low_O,C>O,C>M>P>O,F,F,F,T,T,T
1782632321.899,3858,70.86,70.9,70.89,70.9,TIE,low_O,TIE,TIE,F,F,F,T,TIE,F
1782632435.389,3859,70.9,70.85,70.86,70.86,high_O,low_C,O>C,TIE,T,T,T,F,F,TIE
1782632578.008,3860,70.85,70.82,70.84,70.82,high_O,TIE,TIE,TIE,T,T,T,F,TIE,T
1782632747.767,3861,70.82,70.84,70.82,70.81,high_C,low_P,C>P,TIE,F,TIE,T,T,T,T
1782632832.783,3862,70.84,70.92,70.88,70.88,high_C,low_O,C>O,TIE,F,F,F,T,T,TIE
1782632852.703,3863,70.92,70.94,70.93,70.92,high_C,TIE,TIE,TIE,F,F,TIE,T,T,T
1782632906.735,3864,70.94,70.95,70.95,70.94,TIE,TIE,TIE,TIE,F,F,TIE,TIE,T,T
1782633015.379,3865,70.95,70.97,70.95,70.95,high_C,TIE,TIE,TIE,F,TIE,TIE,T,T,TIE
1782633022.067,3866,70.97,71.01,71.03,71.0,high_M,low_O,M>O,M>C>P>O,F,F,F,F,T,T
1782633066.478,3867,71.01,70.95,71.03,71.04,high_P,low_C,P>C,P>M>O>C,T,F,F,F,F,F
1782633138.698,3868,70.95,70.93,70.94,70.94,high_O,low_C,O>C,TIE,T,T,T,F,F,TIE
1782633348.51,3869,70.93,70.96,70.93,70.93,high_C,TIE,TIE,TIE,F,TIE,TIE,T,T,TIE
1782633498.817,3870,70.96,71.0,70.94,70.96,high_C,low_M,C>M,TIE,F,T,TIE,T,T,F
1782633520.538,3871,71.0,71.01,71.02,71.04,high_P,low_O,P>O,P>M>C>O,F,F,F,F,F,F
1782633595.437,3872,71.01,71.03,71.03,71.04,high_P,low_O,P>O,TIE,F,F,F,TIE,F,F
1782633655.01,3873,71.03,71.06,71.05,71.04,high_C,low_O,C>O,C>M>P>O,F,F,F,T,T,T
1782633689.665,3874,71.06,71.25,71.13,71.1,high_C,low_O,C>O,C>M>P>O,F,F,F,T,T,T
1782633690.067,3875,71.25,71.23,71.26,71.26,TIE,low_C,TIE,TIE,T,F,F,F,F,TIE
1782633728.43,3877,71.27,71.27,71.24,71.24,TIE,TIE,TIE,TIE,TIE,T,T,T,T,TIE
1782633789.493,3878,71.27,71.19,71.26,71.27,TIE,low_C,TIE,TIE,T,T,TIE,F,F,F
1782633937.063,3879,71.19,71.13,71.18,71.17,high_O,low_C,O>C,O>M>P>C,T,T,T,F,F,T
1782634110.53,3880,71.13,71.12,71.12,71.13,TIE,TIE,TIE,TIE,T,T,TIE,TIE,F,F
1782634428.874,3881,71.12,71.06,71.07,71.06,high_O,TIE,TIE,TIE,T,T,T,F,TIE,T
1782634642.638,3882,71.06,71.1,71.1,71.1,TIE,low_O,TIE,TIE,F,F,F,TIE,TIE,TIE
1782634833.772,3883,71.1,71.16,71.15,71.15,high_C,low_O,C>O,TIE,F,F,F,T,T,TIE
1782634918.205,3884,71.16,71.24,71.22,71.21,high_C,low_O,C>O,C>M>P>O,F,F,F,T,T,T
1782635080.168,3885,71.24,71.18,71.22,71.25,high_P,low_C,P>C,P>O>M>C,T,T,F,F,F,F
1782635445.383,3886,71.18,71.23,71.18,71.17,high_C,low_P,C>P,TIE,F,TIE,T,T,T,T
1782635625.123,3887,71.23,71.29,71.26,71.26,high_C,low_O,C>O,TIE,F,F,F,T,T,TIE
1782635761.34,3888,71.29,71.37,71.31,71.28,high_C,low_P,C>P,C>M>O>P,F,F,T,T,T,T
1782635829.629,3889,71.37,71.38,71.37,71.37,high_C,TIE,TIE,TIE,F,TIE,TIE,T,T,TIE
1782635889.237,3890,71.38,71.5,71.44,71.43,high_C,low_O,C>O,C>M>P>O,F,F,F,T,T,T
1782635892.072,3891,71.5,71.61,71.56,71.6,high_C,low_O,C>O,C>P>M>O,F,F,F,T,T,F
1782635897.612,3892,71.61,71.64,71.66,71.63,high_M,low_O,M>O,M>C>P>O,F,F,F,F,T,T
1782635922.582,3893,71.64,71.73,71.62,71.62,high_C,TIE,TIE,TIE,F,T,T,T,T,TIE
1782635937.897,3894,71.73,71.83,71.77,71.76,high_C,low_O,C>O,C>M>P>O,F,F,F,T,T,T
1782635945.303,3895,71.83,71.72,71.78,71.76,high_O,low_C,O>C,O>M>P>C,T,T,T,F,F,T
1782635960.332,3896,71.72,71.76,71.78,71.78,TIE,low_O,TIE,TIE,F,F,F,F,F,TIE
1782635990.592,3897,71.76,71.85,71.79,71.79,high_C,low_O,C>O,TIE,F,F,F,T,T,TIE
1782635992.018,3898,71.85,71.86,71.87,71.88,high_P,low_O,P>O,P>M>C>O,F,F,F,F,F,F
1782636001.542,3899,71.86,71.94,71.9,71.92,high_C,low_O,C>O,C>P>M>O,F,F,F,T,T,F
1782636002.237,3900,71.94,72.03,72.01,72.03,TIE,low_O,TIE,TIE,F,F,F,T,TIE,F
1782636006.084,3901,72.03,72.12,72.07,72.05,high_C,low_O,C>O,C>M>P>O,F,F,F,T,T,T
1782636014.842,3902,72.12,72.03,72.06,72.06,high_O,low_C,O>C,TIE,T,T,T,F,F,TIE
1782636036.407,3903,72.03,71.88,71.96,71.97,high_O,low_C,O>C,O>P>M>C,T,T,T,F,F,F
1782636052.13,3904,71.88,71.91,71.89,71.89,high_C,low_O,C>O,TIE,F,F,F,T,T,TIE
1782636071.239,3905,71.91,72.04,72.0,72.01,high_C,low_O,C>O,C>P>M>O,F,F,F,T,T,F
1782636082.861,3906,72.04,71.97,72.05,72.06,high_P,low_C,P>C,P>M>O>C,T,F,F,F,F,F
1782636124.234,3907,71.97,71.89,71.9,71.88,high_O,low_P,O>P,O>M>C>P,T,T,T,F,T,T
1782636170.306,3908,71.89,72.01,71.95,71.94,high_C,low_O,C>O,C>M>P>O,F,F,F,T,T,T
1782636207.293,3909,72.01,72.05,72.06,72.11,high_P,low_O,P>O,P>M>C>O,F,F,F,F,F,F
1782636235.833,3910,72.05,72.14,72.12,72.14,TIE,low_O,TIE,TIE,F,F,F,T,TIE,F
1782636275.076,3911,72.14,72.05,72.11,72.11,high_O,low_C,O>C,TIE,T,T,T,F,F,TIE
1782636338.145,3912,72.05,72.1,72.08,72.06,high_C,low_O,C>O,C>M>P>O,F,F,F,T,T,T
1782636436.294,3914,71.97,71.97,71.99,71.97,high_M,TIE,TIE,TIE,TIE,F,TIE,F,TIE,T
1782636504.065,3915,71.97,71.96,71.98,71.98,TIE,low_C,TIE,TIE,T,F,F,F,F,TIE
1782636590.45,3916,71.96,71.95,71.97,71.96,high_M,low_C,M>C,TIE,T,F,TIE,F,F,T
1782636708.608,3917,71.95,71.87,71.92,71.9,high_O,low_C,O>C,O>M>P>C,T,T,T,F,F,T
1782636849.102,3918,71.87,71.89,71.88,71.88,high_C,low_O,C>O,TIE,F,F,F,T,T,TIE
1782636904.621,3919,71.89,71.9,71.87,71.89,high_C,low_M,C>M,TIE,F,T,TIE,T,T,F
1782637066.377,3920,71.9,71.89,71.89,71.88,high_O,low_P,O>P,TIE,T,T,T,TIE,T,T
1782637200.597,3921,71.89,71.87,71.9,71.9,TIE,low_C,TIE,TIE,T,F,F,F,F,TIE
1782637264.848,3922,71.87,71.81,71.86,71.87,TIE,low_C,TIE,TIE,T,T,TIE,F,F,F
1782637304.876,3923,71.81,71.67,71.76,71.8,high_O,low_C,O>C,O>P>M>C,T,T,T,F,F,F
1782637385.496,3924,71.67,71.76,71.74,71.75,high_C,low_O,C>O,C>P>M>O,F,F,F,T,T,F
1782637489.404,3925,71.76,71.67,71.68,71.69,high_O,low_C,O>C,O>P>M>C,T,T,T,F,F,F
1782637624.681,3926,71.67,71.74,71.73,71.73,high_C,low_O,C>O,TIE,F,F,F,T,T,TIE
1782637743.469,3927,71.74,71.73,71.76,71.75,high_M,low_C,M>C,M>P>O>C,T,F,F,F,F,T
1782637946.876,3928,71.73,71.78,71.78,71.78,TIE,low_O,TIE,TIE,F,F,F,TIE,TIE,TIE
1782638269.876,3929,71.78,71.76,71.73,71.77,high_O,low_M,O>M,O>P>C>M,T,T,T,T,F,F
1782638634.216,3930,71.76,71.69,71.72,71.71,high_O,low_C,O>C,O>M>P>C,T,T,T,F,F,T
1782638904.088,3931,71.69,71.75,71.72,71.74,high_C,low_O,C>O,C>P>M>O,F,F,F,T,T,F
1782639234.868,3932,71.75,71.72,71.72,71.72,high_O,TIE,TIE,TIE,T,T,T,TIE,TIE,TIE
1782639529.134,3933,71.72,71.8,71.78,71.78,high_C,low_O,C>O,TIE,F,F,F,T,T,TIE
1782639757.219,3934,71.8,71.91,71.84,71.78,high_C,low_P,C>P,C>M>O>P,F,F,T,T,T,T
1782639865.199,3935,71.91,71.96,71.95,71.9,high_C,low_P,C>P,C>M>O>P,F,F,T,T,T,T
1782640102.062,3936,71.96,71.82,71.94,71.94,high_O,low_C,O>C,TIE,T,T,T,F,F,TIE
1782640248.693,3937,71.82,71.69,71.72,71.68,high_O,low_P,O>P,O>M>C>P,T,T,T,F,T,T
1782640351.332,3938,71.69,71.56,71.66,71.67,high_O,low_C,O>C,O>P>M>C,T,T,T,F,F,F
1782640389.025,3939,71.56,71.6,71.58,71.6,TIE,low_O,TIE,TIE,F,F,F,T,TIE,F
1782640433.046,3940,71.6,71.51,71.51,71.5,high_O,low_P,O>P,TIE,T,T,T,TIE,T,T
1782640580.29,3941,71.51,71.45,71.53,71.53,TIE,low_C,TIE,TIE,T,F,F,F,F,TIE
1782640920.571,3942,71.45,71.53,71.5,71.46,high_C,low_O,C>O,C>M>P>O,F,F,F,T,T,T
1782641049.954,3943,71.53,71.38,71.49,71.51,high_O,low_C,O>C,O>P>M>C,T,T,T,F,F,F
1782641116.194,3944,71.38,71.3,71.35,71.36,high_O,low_C,O>C,O>P>M>C,T,T,T,F,F,F
1782641131.652,3945,71.3,71.25,71.27,71.28,high_O,low_C,O>C,O>P>M>C,T,T,T,F,F,F
1782641305.482,3946,71.25,71.37,71.34,71.37,TIE,low_O,TIE,TIE,F,F,F,T,TIE,F
1782641548.791,3947,71.37,71.42,71.35,71.31,high_C,low_P,C>P,C>O>M>P,F,T,T,T,T,T
1782641711.855,3948,71.42,71.43,71.49,71.48,high_M,low_O,M>O,M>P>C>O,F,F,F,F,F,T
1782641940.078,3949,71.43,71.5,71.51,71.53,high_P,low_O,P>O,P>M>C>O,F,F,F,F,F,F
1782642116.404,3950,71.5,71.33,71.35,71.31,high_O,low_P,O>P,O>M>C>P,T,T,T,F,T,T
1782642278.188,3951,71.33,71.3,71.27,71.26,high_O,low_P,O>P,O>C>M>P,T,T,T,T,T,T
1782642341.798,3952,71.3,71.18,71.18,71.16,high_O,low_P,O>P,TIE,T,T,T,TIE,T,T
1782642404.776,3953,71.18,71.14,71.11,71.11,high_O,TIE,TIE,TIE,T,T,T,T,T,TIE
1782642638.482,3954,71.14,71.24,71.17,71.15,high_C,low_O,C>O,C>M>P>O,F,F,F,T,T,T
1782642694.253,3955,71.24,71.22,71.21,71.19,high_O,low_P,O>P,O>C>M>P,T,T,T,T,T,T
1782643073.266,3956,71.22,71.29,71.25,71.25,high_C,low_O,C>O,TIE,F,F,F,T,T,TIE
1782643742.602,3958,71.35,71.35,71.37,71.35,high_M,TIE,TIE,TIE,TIE,F,TIE,F,TIE,T
1782643929.002,3959,71.35,71.43,71.41,71.41,high_C,low_O,C>O,TIE,F,F,F,T,T,TIE
1782644410.064,3960,71.43,71.51,71.41,71.42,high_C,low_M,C>M,C>O>P>M,F,T,T,T,T,F
1782644542.991,3961,71.51,71.73,71.52,71.5,high_C,low_P,C>P,C>M>O>P,F,F,T,T,T,T
1782644588.396,3962,71.73,71.74,71.72,71.71,high_C,low_P,C>P,C>O>M>P,F,T,T,T,T,T
1782644774.958,3963,71.74,71.59,71.7,71.7,high_O,low_C,O>C,TIE,T,T,T,F,F,TIE
1782644931.5,3964,71.59,71.5,71.59,71.62,high_P,low_C,P>C,TIE,T,TIE,F,F,F,F
1782645308.021,3965,71.5,71.49,71.47,71.47,high_O,TIE,TIE,TIE,T,T,T,T,T,TIE
1782645549.672,3966,71.49,71.45,71.42,71.42,high_O,TIE,TIE,TIE,T,T,T,T,T,TIE
1782645731.69,3967,71.45,71.72,71.63,71.67,high_C,low_O,C>O,C>P>M>O,F,F,F,T,T,F
1782645770.947,3968,71.72,71.81,71.8,71.73,high_C,low_O,C>O,C>M>P>O,F,F,F,T,T,T
1782645878.627,3969,71.81,71.79,71.82,71.82,TIE,low_C,TIE,TIE,T,F,F,F,F,TIE
1782646129.902,3970,71.79,71.85,71.85,71.86,high_P,low_O,P>O,TIE,F,F,F,TIE,F,F
1782646477.533,3971,71.85,71.72,71.82,71.84,high_O,low_C,O>C,O>P>M>C,T,T,T,F,F,F
1782646808.895,3972,71.72,71.82,71.69,71.72,high_C,low_M,C>M,TIE,F,T,TIE,T,T,F
1782647063.662,3973,71.82,71.88,71.85,71.87,high_C,low_O,C>O,C>P>M>O,F,F,F,T,T,F
1782647237.468,3974,71.88,71.81,71.9,71.91,high_P,low_C,P>C,P>M>O>C,T,F,F,F,F,F
1782647618.709,3975,71.81,71.91,71.83,71.83,high_C,low_O,C>O,TIE,F,F,F,T,T,TIE
1782647674.965,3976,71.91,71.92,71.96,71.97,high_P,low_O,P>O,P>M>C>O,F,F,F,F,F,F
1782647925.653,3977,71.92,71.87,71.92,71.9,TIE,low_C,TIE,TIE,T,TIE,T,F,F,T
1782648198.81,3978,71.87,71.76,71.85,71.86,high_O,low_C,O>C,O>P>M>C,T,T,T,F,F,F
1782648436.878,3979,71.76,71.87,71.87,71.91,high_P,low_O,P>O,TIE,F,F,F,TIE,F,F
1782648773.142,3980,71.87,71.73,71.83,71.81,high_O,low_C,O>C,O>M>P>C,T,T,T,F,F,T
1782649014.993,3981,71.73,71.74,71.79,71.77,high_M,low_O,M>O,M>P>C>O,F,F,F,F,F,T
1782649199.038,3982,71.74,71.62,71.66,71.65,high_O,low_C,O>C,O>M>P>C,T,T,T,F,F,T
1782649680.585,3983,71.62,71.7,71.67,71.65,high_C,low_O,C>O,C>M>P>O,F,F,F,T,T,T
1782649809.078,3985,72.05,72.05,72.04,72.04,TIE,TIE,TIE,TIE,TIE,T,T,T,T,TIE
1782649836.353,3986,72.05,72.2,72.13,72.13,high_C,low_O,C>O,TIE,F,F,F,T,T,TIE
1782649838.168,3987,72.2,72.28,72.29,72.28,high_M,low_O,M>O,TIE,F,F,F,F,TIE,T
1782649900.379,3988,72.28,72.07,72.2,72.21,high_O,low_C,O>C,O>P>M>C,T,T,T,F,F,F
1782649988.572,3989,72.07,71.97,72.02,72.0,high_O,low_C,O>C,O>M>P>C,T,T,T,F,F,T
1782650196.903,3990,71.97,71.91,71.95,71.98,high_P,low_C,P>C,P>O>M>C,T,T,F,F,F,F
1782650441.086,3991,71.91,71.86,71.84,71.8,high_O,low_P,O>P,O>C>M>P,T,T,T,T,T,T
1782650741.73,3992,71.86,71.81,71.77,71.77,high_O,TIE,TIE,TIE,T,T,T,T,T,TIE
1782650895.989,3993,71.81,71.8,71.8,71.8,high_O,TIE,TIE,TIE,T,T,T,TIE,TIE,TIE
1782651416.248,3994,71.8,71.86,71.85,71.81,high_C,low_O,C>O,C>M>P>O,F,F,F,T,T,T
1782651693.214,3995,71.86,71.61,71.75,71.61,high_O,TIE,TIE,TIE,T,T,T,F,TIE,T
1782651751.208,3996,71.61,71.59,71.54,71.51,high_O,low_P,O>P,O>C>M>P,T,T,T,T,T,T
1782651783.6,3997,71.59,71.39,71.46,71.46,high_O,low_C,O>C,TIE,T,T,T,F,F,TIE
1782651802.721,3998,71.39,71.41,71.4,71.4,high_C,low_O,C>O,TIE,F,F,F,T,T,TIE
1782651898.351,3999,71.41,71.34,71.37,71.36,high_O,low_C,O>C,O>M>P>C,T,T,T,F,F,T
1782651984.996,4000,71.34,71.38,71.34,71.34,high_C,TIE,TIE,TIE,F,TIE,TIE,T,T,TIE
1782652092.301,4001,71.38,71.4,71.43,71.4,high_M,low_O,M>O,TIE,F,F,F,F,TIE,T
1782652339.366,4002,71.4,71.45,71.38,71.39,high_C,low_M,C>M,C>O>P>M,F,T,T,T,T,F
1782652529.077,4003,71.45,71.56,71.57,71.57,TIE,low_O,TIE,TIE,F,F,F,F,F,TIE
1782652840.601,4004,71.56,71.49,71.51,71.5,high_O,low_C,O>C,O>M>P>C,T,T,T,F,F,T
1782653089.95,4005,71.49,71.62,71.62,71.56,TIE,low_O,TIE,TIE,F,F,F,TIE,T,T
1782653278.12,4006,71.62,71.59,71.65,71.65,TIE,low_C,TIE,TIE,T,F,F,F,F,TIE
1782653484.325,4007,71.59,71.85,71.73,71.79,high_C,low_O,C>O,C>P>M>O,F,F,F,T,T,F
1782653734.477,4008,71.85,71.75,71.78,71.77,high_O,low_C,O>C,O>M>P>C,T,T,T,F,F,T
1782654024.014,4009,71.75,71.76,71.83,71.76,high_M,low_O,M>O,TIE,F,F,F,F,TIE,T
1782654167.752,4010,71.76,71.94,71.87,71.88,high_C,low_O,C>O,C>P>M>O,F,F,F,T,T,F
1782654293.109,4011,71.94,72.05,72.01,72.0,high_C,low_O,C>O,C>M>P>O,F,F,F,T,T,T
1782654415.074,4012,72.05,72.0,71.99,71.99,high_O,TIE,TIE,TIE,T,T,T,T,T,TIE
1782654532.713,4013,72.0,71.96,71.99,71.97,high_O,low_C,O>C,O>M>P>C,T,T,T,F,F,T
1782654743.671,4014,71.96,71.84,71.9,71.9,high_O,low_C,O>C,TIE,T,T,T,F,F,TIE
1782654972.639,4015,71.84,71.77,71.81,71.81,high_O,low_C,O>C,TIE,T,T,T,F,F,TIE
1782655507.419,4017,71.7,71.7,71.75,71.75,TIE,TIE,TIE,TIE,TIE,F,F,F,F,TIE
1782655852.164,4018,71.7,71.91,71.84,71.91,TIE,low_O,TIE,TIE,F,F,F,T,TIE,F
1782656275.561,4019,71.91,71.83,71.89,71.9,high_O,low_C,O>C,O>P>M>C,T,T,T,F,F,F
1782656405.767,4020,71.83,72.14,72.06,72.13,high_C,low_O,C>O,C>P>M>O,F,F,F,T,T,F
1782656507.181,4021,72.14,71.99,72.07,72.0,high_O,low_C,O>C,O>M>P>C,T,T,T,F,F,T
1782656831.075,4022,71.99,71.79,71.84,71.99,TIE,low_C,TIE,TIE,T,T,TIE,F,F,F
1782657213.665,4023,71.79,71.94,71.84,71.86,high_C,low_O,C>O,C>P>M>O,F,F,F,T,T,F
1782657442.938,4024,71.94,71.81,71.82,71.81,high_O,TIE,TIE,TIE,T,T,T,F,TIE,T
1782657742.874,4025,71.81,71.79,71.81,71.81,TIE,low_C,TIE,TIE,T,TIE,TIE,F,F,TIE
1782658084.682,4026,71.79,71.95,71.78,71.76,high_C,low_P,C>P,C>O>M>P,F,T,T,T,T,T
1782658433.59,4027,71.95,71.76,71.86,71.96,high_P,low_C,P>C,P>O>M>C,T,T,F,F,F,F
1782658756.031,4028,71.76,71.67,71.68,71.67,high_O,TIE,TIE,TIE,T,T,T,F,TIE,T
1782659020.111,4029,71.67,71.83,71.67,71.67,high_C,TIE,TIE,TIE,F,TIE,TIE,T,T,TIE
1782659276.278,4030,71.83,71.81,71.82,71.82,high_O,low_C,O>C,TIE,T,T,T,F,F,TIE
1782659344.107,4031,71.81,71.53,71.74,71.8,high_O,low_C,O>C,O>P>M>C,T,T,T,F,F,F
1782659432.855,4032,71.53,71.42,71.52,71.53,TIE,low_C,TIE,TIE,T,T,TIE,F,F,F
1782659616.97,4033,71.42,71.75,71.56,71.56,high_C,low_O,C>O,TIE,F,F,F,T,T,TIE
1782659850.707,4034,71.75,71.73,71.74,71.75,TIE,low_C,TIE,TIE,T,T,TIE,F,F,F
1782659916.837,4035,71.73,71.86,71.91,71.94,high_P,low_O,P>O,P>M>C>O,F,F,F,F,F,F
1782660241.603,4036,71.86,71.77,71.79,71.78,high_O,low_C,O>C,O>M>P>C,T,T,T,F,F,T
1782660534.884,4037,71.77,71.78,71.83,71.83,TIE,low_O,TIE,TIE,F,F,F,F,F,TIE
1782660804.248,4038,71.78,71.93,71.8,71.78,high_C,TIE,TIE,TIE,F,F,TIE,T,T,T
1782660814.214,4039,71.93,72.03,72.02,72.07,high_P,low_O,P>O,P>C>M>O,F,F,F,T,F,F
1782660907.075,4040,72.03,71.94,71.98,71.94,high_O,TIE,TIE,TIE,T,T,T,F,TIE,T
1782661001.703,4041,71.94,71.78,71.89,71.99,high_P,low_C,P>C,P>O>M>C,T,T,F,F,F,F
1782661293.026,4042,71.78,71.72,71.74,71.74,high_O,low_C,O>C,TIE,T,T,T,F,F,TIE
1782661649.815,4043,71.72,71.79,71.81,71.81,TIE,low_O,TIE,TIE,F,F,F,F,F,TIE
1782661880.003,4044,71.79,71.87,71.76,71.75,high_C,low_P,C>P,C>O>M>P,F,T,T,T,T,T
1782661968.081,4045,71.87,71.98,71.94,71.91,high_C,low_O,C>O,C>M>P>O,F,F,F,T,T,T
1782662046.478,4046,71.98,71.74,71.8,71.72,high_O,low_P,O>P,O>M>C>P,T,T,T,F,T,T
1782662228.588,4047,71.74,71.87,71.77,71.69,high_C,low_P,C>P,C>M>O>P,F,F,T,T,T,T
1782662394.188,4048,71.87,72.01,71.97,71.97,high_C,low_O,C>O,TIE,F,F,F,T,T,TIE
1782662418.012,4049,72.01,71.97,72.03,72.03,TIE,low_C,TIE,TIE,T,F,F,F,F,TIE
1782662516.909,4050,71.97,71.98,72.0,72.01,high_P,low_O,P>O,P>M>C>O,F,F,F,F,F,F
1782662728.094,4051,71.98,72.05,72.0,72.02,high_C,low_O,C>O,C>P>M>O,F,F,F,T,T,F
1782662956.529,4052,72.05,71.9,72.02,72.04,high_O,low_C,O>C,O>P>M>C,T,T,T,F,F,F
1782663026.877,4053,71.9,71.83,71.86,71.87,high_O,low_C,O>C,O>P>M>C,T,T,T,F,F,F
1782663271.086,4054,71.83,71.85,71.84,71.87,high_P,low_O,P>O,P>C>M>O,F,F,F,T,F,F
1782663509.98,4055,71.85,71.95,71.83,71.78,high_C,low_P,C>P,C>O>M>P,F,T,T,T,T,T
1782663854.987,4056,71.95,71.74,71.87,71.78,high_O,low_C,O>C,O>M>P>C,T,T,T,F,F,T
1782663946.821,4057,71.74,71.51,71.68,71.73,high_O,low_C,O>C,O>P>M>C,T,T,T,F,F,F
1782663955.598,4058,71.51,71.4,71.47,71.44,high_O,low_C,O>C,O>M>P>C,T,T,T,F,F,T
1782664009.072,4059,71.4,71.44,71.42,71.4,high_C,TIE,TIE,TIE,F,F,TIE,T,T,T
1782664106.982,4060,71.44,71.45,71.42,71.38,high_C,low_P,C>P,C>O>M>P,F,T,T,T,T,T
1782664241.234,4061,71.45,71.43,71.49,71.45,high_M,low_C,M>C,TIE,T,F,TIE,F,F,T
1782664283.391,4062,71.43,71.31,71.38,71.4,high_O,low_C,O>C,O>P>M>C,T,T,T,F,F,F
1782664353.501,4063,71.31,71.27,71.3,71.31,TIE,low_C,TIE,TIE,T,T,TIE,F,F,F
1782664400.471,4064,71.27,71.18,71.23,71.23,high_O,low_C,O>C,TIE,T,T,T,F,F,TIE
1782664464.202,4065,71.18,71.16,71.19,71.17,high_M,low_C,M>C,M>O>P>C,T,F,T,F,F,T
1782664555.404,4066,71.16,71.22,71.18,71.15,high_C,low_P,C>P,C>M>O>P,F,F,T,T,T,T
1782664712.964,4067,71.22,71.24,71.22,71.22,high_C,TIE,TIE,TIE,F,TIE,TIE,T,T,TIE
1782664899.556,4068,71.24,71.32,71.22,71.23,high_C,low_M,C>M,C>O>P>M,F,T,T,T,T,F
1782664955.497,4069,71.32,71.3,71.37,71.34,high_M,low_C,M>C,M>P>O>C,T,F,F,F,F,T
1782665119.625,4070,71.3,71.15,71.21,71.2,high_O,low_C,O>C,O>M>P>C,T,T,T,F,F,T
1782665231.012,4071,71.15,71.24,71.19,71.14,high_C,low_P,C>P,C>M>O>P,F,F,T,T,T,T
1782665536.6,4073,71.46,71.46,71.39,71.37,TIE,low_P,TIE,TIE,TIE,T,T,T,T,T
1782666003.255,4074,71.46,71.54,71.49,71.55,high_P,low_O,P>O,P>C>M>O,F,F,F,T,F,F
1782666238.698,4075,71.54,71.61,71.57,71.56,high_C,low_O,C>O,C>M>P>O,F,F,F,T,T,T
1782666426.261,4076,71.61,71.81,71.69,71.8,high_C,low_O,C>O,C>P>M>O,F,F,F,T,T,F
1782666433.979,4077,71.81,71.9,71.88,71.86,high_C,low_O,C>O,C>M>P>O,F,F,F,T,T,T
1782666554.732,4078,71.9,71.75,71.82,71.8,high_O,low_C,O>C,O>M>P>C,T,T,T,F,F,T
1782666668.168,4079,71.75,71.56,71.67,71.66,high_O,low_C,O>C,O>M>P>C,T,T,T,F,F,T
1782666892.106,4080,71.56,71.6,71.53,71.52,high_C,low_P,C>P,C>O>M>P,F,T,T,T,T,T
1782667205.035,4081,71.6,71.5,71.54,71.6,TIE,low_C,TIE,TIE,T,T,TIE,F,F,F
1782667452.65,4082,71.5,71.52,71.49,71.49,high_C,TIE,TIE,TIE,F,T,T,T,T,TIE
1782667688.373,4083,71.52,71.38,71.38,71.36,high_O,low_P,O>P,TIE,T,T,T,TIE,T,T
1782667943.894,4084,71.38,71.29,71.31,71.31,high_O,low_C,O>C,TIE,T,T,T,F,F,TIE
1782668103.981,4085,71.29,71.17,71.28,71.38,high_P,low_C,P>C,P>O>M>C,T,T,F,F,F,F
1782668106.089,4086,71.17,71.07,71.08,71.06,high_O,low_P,O>P,O>M>C>P,T,T,T,F,T,T
1782668129.956,4088,71.01,71.01,70.96,70.96,TIE,TIE,TIE,TIE,TIE,T,T,T,T,TIE
1782668230.081,4089,71.01,70.96,70.98,70.98,high_O,low_C,O>C,TIE,T,T,T,F,F,TIE
1782668368.118,4090,70.96,71.05,70.99,71.01,high_C,low_O,C>O,C>P>M>O,F,F,F,T,T,F
1782668490.774,4091,71.05,71.18,71.15,71.18,TIE,low_O,TIE,TIE,F,F,F,T,TIE,F
1782668722.841,4092,71.18,71.29,71.25,71.21,high_C,low_O,C>O,C>M>P>O,F,F,F,T,T,T
1782668952.479,4093,71.29,71.36,71.35,71.38,high_P,low_O,P>O,P>C>M>O,F,F,F,T,F,F
1782669526.378,4095,71.55,71.55,71.56,71.55,high_M,TIE,TIE,TIE,TIE,F,TIE,F,TIE,T
1782669746.6,4096,71.55,71.64,71.53,71.5,high_C,low_P,C>P,C>O>M>P,F,T,T,T,T,T
1782670039.594,4097,71.64,71.53,71.62,71.63,high_O,low_C,O>C,O>P>M>C,T,T,T,F,F,F
1782670408.838,4098,71.53,71.38,71.47,71.52,high_O,low_C,O>C,O>P>M>C,T,T,T,F,F,F
1782670801.085,4099,71.38,71.32,71.32,71.33,high_O,TIE,TIE,TIE,T,T,T,TIE,F,F
1782671236.107,4100,71.32,71.1,71.28,71.29,high_O,low_C,O>C,O>P>M>C,T,T,T,F,F,F
1782671574.977,4101,71.1,71.19,71.17,71.17,high_C,low_O,C>O,TIE,F,F,F,T,T,TIE
1782671751.715,4102,71.19,71.0,71.04,71.01,high_O,low_C,O>C,O>M>P>C,T,T,T,F,F,T
1782672113.61,4103,71.0,71.13,71.03,70.97,high_C,low_P,C>P,C>M>O>P,F,F,T,T,T,T
1782672559.262,4104,71.13,70.96,71.09,71.11,high_O,low_C,O>C,O>P>M>C,T,T,T,F,F,F
1782672847.355,4105,70.96,71.12,71.03,70.96,high_C,TIE,TIE,TIE,F,F,TIE,T,T,T
1782673124.919,4106,71.12,71.16,71.15,71.23,high_P,low_O,P>O,P>C>M>O,F,F,F,T,F,F
1782673379.262,4107,71.16,70.85,70.98,70.9,high_O,low_C,O>C,O>M>P>C,T,T,T,F,F,T
1782673383.111,4108,70.85,70.8,70.83,70.84,high_O,low_C,O>C,O>P>M>C,T,T,T,F,F,F
1782673655.362,4109,70.8,70.98,70.86,70.86,high_C,low_O,C>O,TIE,F,F,F,T,T,TIE
1782674295.273,4110,70.98,70.94,71.01,71.0,high_M,low_C,M>C,M>P>O>C,T,F,F,F,F,T
1782674673.281,4111,70.94,70.93,70.94,70.91,TIE,low_P,TIE,TIE,T,TIE,T,F,T,T
1782675062.559,4112,70.93,71.05,71.01,71.07,high_P,low_O,P>O,P>C>M>O,F,F,F,T,F,F
1782675272.406,4113,71.05,71.15,71.21,71.23,high_P,low_O,P>O,P>M>C>O,F,F,F,F,F,F
1782675439.751,4114,71.15,70.9,70.99,70.93,high_O,low_C,O>C,O>M>P>C,T,T,T,F,F,T
1782675562.131,4115,70.9,70.86,70.89,70.9,TIE,low_C,TIE,TIE,T,T,TIE,F,F,F
1782675774.994,4116,70.86,70.78,70.86,70.88,high_P,low_C,P>C,TIE,T,TIE,F,F,F,F
1782675944.594,4117,70.78,70.67,70.75,70.76,high_O,low_C,O>C,O>P>M>C,T,T,T,F,F,F
1782675976.161,4118,70.67,70.58,70.63,70.61,high_O,low_C,O>C,O>M>P>C,T,T,T,F,F,T
1782676028.609,4119,70.58,70.52,70.53,70.5,high_O,low_P,O>P,O>M>C>P,T,T,T,F,T,T
1782676054.863,4120,70.52,70.44,70.48,70.49,high_O,low_C,O>C,O>P>M>C,T,T,T,F,F,F
1782676063.835,4121,70.44,70.34,70.42,70.42,high_O,low_C,O>C,TIE,T,T,T,F,F,TIE
1782676070.094,4122,70.34,70.24,70.31,70.3,high_O,low_C,O>C,O>M>P>C,T,T,T,F,F,T
1782676100.74,4123,70.24,70.38,70.25,70.21,high_C,low_P,C>P,C>M>O>P,F,F,T,T,T,T
1782676188.563,4124,70.38,70.5,70.47,70.51,high_P,low_O,P>O,P>C>M>O,F,F,F,T,F,F
1782676374.993,4125,70.5,70.47,70.49,70.49,high_O,low_C,O>C,TIE,T,T,T,F,F,TIE
1782676479.671,4126,70.47,70.62,70.43,70.41,high_C,low_P,C>P,C>O>M>P,F,T,T,T,T,T
1782676804.901,4127,70.62,70.66,70.62,70.58,high_C,low_P,C>P,TIE,F,TIE,T,T,T,T
1782677014.29,4128,70.67,70.75,70.7,70.7,high_C,low_O,C>O,TIE,F,F,F,T,T,TIE
1782677482.424,4129,70.75,70.76,70.74,70.76,TIE,low_M,TIE,TIE,F,T,F,T,TIE,F
1782677624.787,4130,70.76,70.96,70.83,70.82,high_C,low_O,C>O,C>M>P>O,F,F,F,T,T,T
1782677668.096,4131,70.96,71.04,71.0,71.0,high_C,low_O,C>O,TIE,F,F,F,T,T,TIE
1782677978.216,4133,71.07,71.07,71.08,71.07,high_M,TIE,TIE,TIE,TIE,F,TIE,F,TIE,T
1782678241.17,4134,71.07,71.11,71.05,71.0,high_C,low_P,C>P,C>O>M>P,F,T,T,T,T,T
1782678585.985,4135,71.11,71.0,71.03,71.02,high_O,low_C,O>C,O>M>P>C,T,T,T,F,F,T
1782678894.331,4136,71.0,70.93,70.94,70.96,high_O,low_C,O>C,O>P>M>C,T,T,T,F,F,F
1782678960.526,4137,70.93,70.73,70.83,70.77,high_O,low_C,O>C,O>M>P>C,T,T,T,F,F,T
1782679001.814,4138,70.73,70.83,70.79,70.8,high_C,low_O,C>O,C>P>M>O,F,F,F,T,T,F
1782679399.702,4139,70.83,70.68,70.73,70.72,high_O,low_C,O>C,O>M>P>C,T,T,T,F,F,T
1782679731.234,4140,70.68,70.84,70.71,70.71,high_C,low_O,C>O,TIE,F,F,F,T,T,TIE
1782680333.538,4141,70.84,70.91,70.81,70.89,high_C,low_M,C>M,C>P>O>M,F,T,F,T,T,F
1782681004.158,4142,70.91,70.88,70.83,70.83,high_O,TIE,TIE,TIE,T,T,T,T,T,TIE
1782681212.429,4143,70.88,70.67,70.72,70.62,high_O,low_P,O>P,O>M>C>P,T,T,T,F,T,T
1782681732.766,4144,70.67,70.65,70.71,70.7,high_M,low_C,M>C,M>P>O>C,T,F,F,F,F,T
1782682090.376,4145,70.65,70.77,70.76,70.8,high_P,low_O,P>O,P>C>M>O,F,F,F,T,F,F
1782682509.769,4146,70.77,70.95,70.88,70.93,high_C,low_O,C>O,C>P>M>O,F,F,F,T,T,F
1782682810.899,4147,70.95,70.83,70.93,70.99,high_P,low_C,P>C,P>O>M>C,T,T,F,F,F,F
1782683209.606,4148,70.83,70.5,70.72,70.71,high_O,low_C,O>C,O>M>P>C,T,T,T,F,F,T
1782683259.911,4149,70.5,70.45,70.46,70.46,high_O,low_C,O>C,TIE,T,T,T,F,F,TIE
1782683400.99,4150,70.45,70.26,70.4,70.41,high_O,low_C,O>C,O>P>M>C,T,T,T,F,F,F
1782683505.474,4151,70.26,70.32,70.38,70.37,high_M,low_O,M>O,M>P>C>O,F,F,F,F,F,T
1782683663.283,4152,70.32,70.34,70.32,70.29,high_C,low_P,C>P,TIE,F,TIE,T,T,T,T
1782683871.111,4153,70.34,70.36,70.33,70.34,high_C,low_M,C>M,TIE,F,T,TIE,T,T,F
1782684014.436,4154,70.36,70.48,70.48,70.51,high_P,low_O,P>O,TIE,F,F,F,TIE,F,F
1782684066.532,4155,70.48,70.75,70.67,70.68,high_C,low_O,C>O,C>P>M>O,F,F,F,T,T,F
1782684145.918,4156,70.75,70.95,70.79,70.83,high_C,low_O,C>O,C>P>M>O,F,F,F,T,T,F
1782684170.253,4157,70.95,71.18,70.99,70.98,high_C,low_O,C>O,C>M>P>O,F,F,F,T,T,T
1782684183.194,4158,71.18,71.21,71.19,71.21,TIE,low_O,TIE,TIE,F,F,F,T,TIE,F
1782684191.71,4159,71.21,71.43,71.32,71.49,high_P,low_O,P>O,P>C>M>O,F,F,F,T,F,F
1782684197.983,4160,71.43,71.3,71.39,71.4,high_O,low_C,O>C,O>P>M>C,T,T,T,F,F,F
1782684236.783,4161,71.3,71.38,71.28,71.28,high_C,TIE,TIE,TIE,F,T,T,T,T,TIE
1782684338.512,4163,71.25,71.25,71.29,71.25,high_M,TIE,TIE,TIE,TIE,F,TIE,F,TIE,T
1782684453.317,4164,71.25,71.32,71.26,71.26,high_C,low_O,C>O,TIE,F,F,F,T,T,TIE
1782684513.842,4165,71.32,71.15,71.35,71.27,high_M,low_C,M>C,M>O>P>C,T,F,T,F,F,T
1782684581.746,4166,71.15,71.12,71.11,71.09,high_O,low_P,O>P,O>C>M>P,T,T,T,T,T,T
1782684716.119,4167,71.12,70.94,71.05,71.06,high_O,low_C,O>C,O>P>M>C,T,T,T,F,F,F
1782684957.714,4168,70.94,70.95,71.01,71.05,high_P,low_O,P>O,P>M>C>O,F,F,F,F,F,F
1782685110.903,4169,70.95,70.77,70.95,70.95,TIE,low_C,TIE,TIE,T,TIE,TIE,F,F,TIE
1782685164.659,4170,70.77,70.52,70.62,70.65,high_O,low_C,O>C,O>P>M>C,T,T,T,F,F,F
1782685205.133,4171,70.52,70.54,70.49,70.5,high_C,low_M,C>M,C>O>P>M,F,T,T,T,T,F
1782685258.395,4172,70.54,70.42,70.54,70.54,TIE,low_C,TIE,TIE,T,TIE,TIE,F,F,TIE
1782685353.547,4173,70.42,70.76,70.65,70.7,high_C,low_O,C>O,C>P>M>O,F,F,F,T,T,F
1782685439.692,4174,70.76,70.92,70.92,70.93,high_P,low_O,P>O,TIE,F,F,F,TIE,F,F
1782685688.766,4175,70.92,70.8,70.85,70.88,high_O,low_C,O>C,O>P>M>C,T,T,T,F,F,F
1782685853.467,4176,70.8,70.9,70.85,70.83,high_C,low_O,C>O,C>M>P>O,F,F,F,T,T,T
1782686062.821,4177,70.9,70.55,70.77,70.87,high_O,low_C,O>C,O>P>M>C,T,T,T,F,F,F
1782686176.936,4178,70.55,70.73,70.59,70.56,high_C,low_O,C>O,C>M>P>O,F,F,F,T,T,T
1782686461.306,4179,70.73,70.65,70.65,70.65,high_O,TIE,TIE,TIE,T,T,T,TIE,TIE,TIE
1782686668.071,4180,70.65,70.46,70.48,70.48,high_O,low_C,O>C,TIE,T,T,T,F,F,TIE
1782686791.407,4181,70.46,70.54,70.47,70.44,high_C,low_P,C>P,C>M>O>P,F,F,T,T,T,T
1782686850.616,4182,70.54,70.55,70.58,70.61,high_P,low_O,P>O,P>M>C>O,F,F,F,F,F,F
1782686963.701,4183,70.55,70.45,70.47,70.5,high_O,low_C,O>C,O>P>M>C,T,T,T,F,F,F
1782687090.347,4184,70.45,70.27,70.33,70.29,high_O,low_C,O>C,O>M>P>C,T,T,T,F,F,T
1782687180.623,4186,70.25,70.25,70.22,70.2,TIE,low_P,TIE,TIE,TIE,T,T,T,T,T
1782687204.022,4187,70.25,70.07,70.12,70.25,TIE,low_C,TIE,TIE,T,T,TIE,F,F,F
1782687206.124,4188,70.07,70.0,70.03,70.02,high_O,low_C,O>C,O>M>P>C,T,T,T,F,F,T
1782687206.38,4189,70.0,69.86,69.91,70.0,TIE,low_C,TIE,TIE,T,T,TIE,F,F,F
1782687208.07,4191,69.88,69.88,69.88,69.9,high_P,TIE,TIE,TIE,TIE,TIE,F,TIE,F,F
1782687213.609,4192,69.88,69.81,69.9,69.91,high_P,low_C,P>C,P>M>O>C,T,F,F,F,F,F
1782687220.653,4193,69.81,69.73,69.72,69.83,high_P,low_M,P>M,P>O>C>M,T,T,F,T,F,F
1782687222.197,4194,69.73,69.71,69.75,69.76,high_P,low_C,P>C,P>M>O>C,T,F,F,F,F,F
1782687238.902,4195,69.71,69.91,69.88,69.89,high_C,low_O,C>O,C>P>M>O,F,F,F,T,T,F
1782687284.05,4196,69.91,69.84,69.87,69.84,high_O,TIE,TIE,TIE,T,T,T,F,TIE,T
1782687318.42,4197,69.84,70.06,70.01,70.0,high_C,low_O,C>O,C>M>P>O,F,F,F,T,T,T
1782687369.772,4198,70.06,70.15,70.09,70.07,high_C,low_O,C>O,C>M>P>O,F,F,F,T,T,T
1782687473.432,4199,70.15,70.16,70.15,70.12,high_C,low_P,C>P,TIE,F,TIE,T,T,T,T
1782687593.68,4200,70.16,70.23,70.13,70.11,high_C,low_P,C>P,C>O>M>P,F,T,T,T,T,T
1782687683.984,4201,70.23,70.33,70.19,70.13,high_C,low_P,C>P,C>O>M>P,F,T,T,T,T,T
1782687706.067,4202,70.33,70.58,70.41,70.56,high_C,low_O,C>O,C>P>M>O,F,F,F,T,T,F
1782687749.276,4203,70.58,70.57,70.55,70.53,high_O,low_P,O>P,O>C>M>P,T,T,T,T,T,T
1782687967.791,4204,70.57,70.39,70.49,70.5,high_O,low_C,O>C,O>P>M>C,T,T,T,F,F,F
1782688123.126,4205,70.39,70.48,70.5,70.53,high_P,low_O,P>O,P>M>C>O,F,F,F,F,F,F
1782688340.891,4206,70.48,70.69,70.58,70.68,high_C,low_O,C>O,C>P>M>O,F,F,F,T,T,F
1782688352.484,4207,70.69,70.73,70.71,70.71,high_C,low_O,C>O,TIE,F,F,F,T,T,TIE
1782688519.407,4208,70.73,70.58,70.72,70.78,high_P,low_C,P>C,P>O>M>C,T,T,F,F,F,F
1782688742.769,4209,70.58,70.78,70.57,70.54,high_C,low_P,C>P,C>O>M>P,F,T,T,T,T,T
1782688928.127,4210,70.78,70.66,70.78,70.75,TIE,low_C,TIE,TIE,T,TIE,T,F,F,T
1782689039.645,4211,70.66,70.8,70.8,70.89,high_P,low_O,P>O,TIE,F,F,F,TIE,F,F
1782689280.189,4212,70.8,70.89,70.88,70.89,TIE,low_O,TIE,TIE,F,F,F,T,TIE,F
1782689390.257,4213,70.89,71.04,71.0,71.1,high_P,low_O,P>O,P>C>M>O,F,F,F,T,F,F
1782689459.714,4214,71.04,71.1,71.05,71.05,high_C,low_O,C>O,TIE,F,F,F,T,T,TIE
1782689506.092,4215,71.1,71.2,71.16,71.16,high_C,low_O,C>O,TIE,F,F,F,T,T,TIE
1782689609.439,4216,71.2,71.28,71.28,71.29,high_P,low_O,P>O,TIE,F,F,F,TIE,F,F
1782689737.994,4217,71.28,71.35,71.27,71.27,high_C,TIE,TIE,TIE,F,T,T,T,T,TIE
1782689810.365,4218,71.35,71.47,71.42,71.46,high_C,low_O,C>O,C>P>M>O,F,F,F,T,T,F
1782689892.561,4219,71.47,71.53,71.48,71.48,high_C,low_O,C>O,TIE,F,F,F,T,T,TIE
1782689914.615,4220,71.53,71.72,71.64,71.64,high_C,low_O,C>O,TIE,F,F,F,T,T,TIE
1782689985.606,4221,71.72,71.66,71.61,71.68,high_O,low_M,O>M,O>P>C>M,T,T,T,T,F,F
1782690184.353,4224,71.62,71.55,71.61,71.61,high_O,low_C,O>C,TIE,T,T,T,F,F,TIE
1782690319.861,4225,71.55,71.59,71.48,71.46,high_C,low_P,C>P,C>O>M>P,F,T,T,T,T,T
1782690504.721,4226,71.59,71.56,71.6,71.58,high_M,low_C,M>C,M>O>P>C,T,F,T,F,F,T
1782690738.305,4227,71.56,71.4,71.51,71.5,high_O,low_C,O>C,O>M>P>C,T,T,T,F,F,T
1782691028.115,4228,71.4,71.36,71.42,71.38,high_M,low_C,M>C,M>O>P>C,T,F,T,F,F,T
1782691212.683,4229,71.36,71.18,71.33,71.35,high_O,low_C,O>C,O>P>M>C,T,T,T,F,F,F
1782691268.423,4230,71.18,71.21,71.12,71.08,high_C,low_P,C>P,C>O>M>P,F,T,T,T,T,T
1782691355.956,4231,71.21,71.03,71.06,71.0,high_O,low_P,O>P,O>M>C>P,T,T,T,F,T,T
1782691574.136,4232,71.03,71.0,71.1,71.08,high_M,low_C,M>C,M>P>O>C,T,F,F,F,F,T
1782691652.977,4233,71.0,70.89,70.94,70.91,high_O,low_C,O>C,O>M>P>C,T,T,T,F,F,T
1782691876.05,4234,70.89,71.22,71.05,71.0,high_C,low_O,C>O,C>M>P>O,F,F,F,T,T,T
1782691984.759,4235,71.22,71.52,71.28,71.22,high_C,TIE,TIE,TIE,F,F,TIE,T,T,T
1782692351.831,4237,71.31,71.31,71.27,71.26,TIE,low_P,TIE,TIE,TIE,T,T,T,T,T
1782692501.198,4238,71.31,71.04,71.17,71.13,high_O,low_C,O>C,O>M>P>C,T,T,T,F,F,T
1782692570.554,4239,71.04,71.0,70.96,71.04,TIE,low_M,TIE,TIE,T,T,TIE,T,F,F
1782692796.742,4240,71.0,70.94,70.98,71.06,high_P,low_C,P>C,P>O>M>C,T,T,F,F,F,F
1782693000.686,4241,70.94,70.64,70.82,70.9,high_O,low_C,O>C,O>P>M>C,T,T,T,F,F,F
1782693050.808,4242,70.64,70.61,70.65,70.62,high_M,low_C,M>C,M>O>P>C,T,F,T,F,F,T
1782693096.276,4243,70.61,70.37,70.49,70.48,high_O,low_C,O>C,O>M>P>C,T,T,T,F,F,T
1782693165.927,4244,70.37,70.45,70.36,70.34,high_C,low_P,C>P,C>O>M>P,F,T,T,T,T,T
1782693243.315,4245,70.45,70.56,70.58,70.58,TIE,low_O,TIE,TIE,F,F,F,F,F,TIE
1782693338.523,4246,70.56,70.71,70.8,70.82,high_P,low_O,P>O,P>M>C>O,F,F,F,F,F,F
1782693483.179,4247,70.71,70.56,70.63,70.76,high_P,low_C,P>C,P>O>M>C,T,T,F,F,F,F
1782693702.385,4248,70.56,70.9,70.74,70.97,high_P,low_O,P>O,P>C>M>O,F,F,F,T,F,F
1782693819.453,4249,70.9,71.0,71.08,71.1,high_P,low_O,P>O,P>M>C>O,F,F,F,F,F,F
1782694090.482,4250,71.0,70.81,70.99,71.0,TIE,low_C,TIE,TIE,T,T,TIE,F,F,F
1782694312.47,4251,70.81,71.17,70.99,71.0,high_C,low_O,C>O,C>P>M>O,F,F,F,T,T,F
1782694510.029,4252,71.17,71.31,71.19,71.25,high_C,low_O,C>O,C>P>M>O,F,F,F,T,T,F
1782694552.404,4253,71.31,71.44,71.4,71.4,high_C,low_O,C>O,TIE,F,F,F,T,T,TIE
1782694664.276,4254,71.44,71.51,71.49,71.5,high_C,low_O,C>O,C>P>M>O,F,F,F,T,T,F
1782694816.328,4255,71.51,71.61,71.62,71.65,high_P,low_O,P>O,P>M>C>O,F,F,F,F,F,F
1782694930.789,4256,71.61,71.44,71.56,71.6,high_O,low_C,O>C,O>P>M>C,T,T,T,F,F,F
1782695098.131,4257,71.44,71.3,71.39,71.4,high_O,low_C,O>C,O>P>M>C,T,T,T,F,F,F
1782695318.723,4258,71.3,71.49,71.45,71.32,high_C,low_O,C>O,C>M>P>O,F,F,F,T,T,T
1782695604.062,4259,71.49,71.25,71.42,71.43,high_O,low_C,O>C,O>P>M>C,T,T,T,F,F,F
1782695851.729,4260,71.25,71.08,71.25,71.18,TIE,low_C,TIE,TIE,T,TIE,T,F,F,T
1782695913.354,4261,71.08,70.95,71.06,71.1,high_P,low_C,P>C,P>O>M>C,T,T,F,F,F,F
1782696003.334,4262,70.95,71.16,71.02,71.02,high_C,low_O,C>O,TIE,F,F,F,T,T,TIE
1782696094.368,4263,71.16,71.2,71.17,71.17,high_C,low_O,C>O,TIE,F,F,F,T,T,TIE
1782696484.731,4264,71.2,71.06,71.2,71.2,TIE,low_C,TIE,TIE,T,TIE,TIE,F,F,TIE
1782696909.039,4265,71.06,71.01,71.1,71.16,high_P,low_C,P>C,P>M>O>C,T,F,F,F,F,F
1782697153.998,4266,71.01,71.39,71.29,71.28,high_C,low_O,C>O,C>M>P>O,F,F,F,T,T,T
1782697688.698,4268,71.53,71.53,71.56,71.56,TIE,TIE,TIE,TIE,TIE,F,F,F,F,TIE
1782698541.643,4270,71.5,71.5,71.45,71.45,TIE,TIE,TIE,TIE,TIE,T,T,T,T,TIE
1782698811.451,4271,71.5,71.23,71.31,71.25,high_O,low_C,O>C,O>M>P>C,T,T,T,F,F,T
1782699005.231,4272,71.23,71.14,71.17,71.2,high_O,low_C,O>C,O>P>M>C,T,T,T,F,F,F
1782699162.29,4273,71.15,70.99,71.04,71.06,high_O,low_C,O>C,O>P>M>C,T,T,T,F,F,F
1782699214.962,4274,70.99,70.69,70.85,70.69,high_O,TIE,TIE,TIE,T,T,T,F,TIE,T
1782699243.642,4275,70.69,70.59,70.56,70.5,high_O,low_P,O>P,O>C>M>P,T,T,T,T,T,T
1782699333.361,4276,70.59,70.72,70.66,70.72,TIE,low_O,TIE,TIE,F,F,F,T,TIE,F
1782699429.533,4277,70.72,71.06,70.89,70.89,high_C,low_O,C>O,TIE,F,F,F,T,T,TIE
1782699742.745,4278,71.06,71.18,71.07,71.03,high_C,low_P,C>P,C>M>O>P,F,F,T,T,T,T
1782699820.519,4279,71.18,71.34,71.41,71.48,high_P,low_O,P>O,P>M>C>O,F,F,F,F,F,F
1782700020.869,4280,71.34,71.49,71.35,71.34,high_C,TIE,TIE,TIE,F,F,TIE,T,T,T
1782700061.138,4281,71.49,71.76,71.6,71.58,high_C,low_O,C>O,C>M>P>O,F,F,F,T,T,T
1782700254.485,4283,71.67,71.67,71.73,71.75,high_P,TIE,TIE,TIE,TIE,F,F,F,F,F
1782700538.715,4284,71.67,71.79,71.66,71.66,high_C,TIE,TIE,TIE,F,T,T,T,T,TIE
1782700746.403,4285,71.79,71.93,71.81,71.75,high_C,low_P,C>P,C>M>O>P,F,F,T,T,T,T
1782700934.257,4286,71.93,71.95,71.91,71.93,high_C,low_M,C>M,TIE,F,T,TIE,T,T,F
1782700979.651,4287,71.95,72.12,72.05,72.1,high_C,low_O,C>O,C>P>M>O,F,F,F,T,T,F
1782701238.297,4288,72.12,72.11,72.07,72.05,high_O,low_P,O>P,O>C>M>P,T,T,T,T,T,T
1782701527.275,4289,72.11,72.01,72.06,72.04,high_O,low_C,O>C,O>M>P>C,T,T,T,F,F,T
1782701951.906,4290,72.01,72.05,72.01,72.0,high_C,low_P,C>P,TIE,F,TIE,T,T,T,T
1782702054.058,4291,72.05,72.3,72.19,72.2,high_C,low_O,C>O,C>P>M>O,F,F,F,T,T,F
1782702154.246,4292,72.3,72.48,72.32,72.27,high_C,low_P,C>P,C>M>O>P,F,F,T,T,T,T
1782702158.529,4293,72.48,72.62,72.51,72.5,high_C,low_O,C>O,C>M>P>O,F,F,F,T,T,T
1782702263.303,4294,72.62,72.48,72.45,72.37,high_O,low_P,O>P,O>C>M>P,T,T,T,T,T,T
1782702332.394,4295,72.48,72.95,72.68,72.68,high_C,low_O,C>O,TIE,F,F,F,T,T,TIE
1782702373.099,4296,72.95,72.8,72.84,72.87,high_O,low_C,O>C,O>P>M>C,T,T,T,F,F,F
1782702481.695,4297,72.8,72.87,72.81,72.83,high_C,low_O,C>O,C>P>M>O,F,F,F,T,T,F
1782702527.954,4298,72.87,73.0,73.0,73.0,TIE,low_O,TIE,TIE,F,F,F,TIE,TIE,TIE
1782702609.732,4299,73.0,73.04,73.05,73.05,TIE,low_O,TIE,TIE,F,F,F,F,F,TIE
1782702655.907,4300,73.04,73.22,73.21,73.26,high_P,low_O,P>O,P>C>M>O,F,F,F,T,F,F
1782702727.572,4301,73.22,72.96,73.1,73.1,high_O,low_C,O>C,TIE,T,T,T,F,F,TIE
1782702810.974,4302,72.96,73.0,72.98,72.99,high_C,low_O,C>O,C>P>M>O,F,F,F,T,T,F
1782702974.12,4303,73.0,72.86,72.97,72.98,high_O,low_C,O>C,O>P>M>C,T,T,T,F,F,F
1782703244.705,4304,72.86,72.9,72.84,72.84,high_C,TIE,TIE,TIE,F,T,T,T,T,TIE
1782703406.437,4305,72.9,72.89,73.0,73.0,TIE,low_C,TIE,TIE,T,F,F,F,F,TIE
1782703637.535,4306,72.89,73.16,73.07,73.16,TIE,low_O,TIE,TIE,F,F,F,T,TIE,F
1782703800.468,4307,73.16,73.17,73.17,73.17,TIE,low_O,TIE,TIE,F,F,F,TIE,TIE,TIE
1782703972.827,4308,73.17,72.99,73.12,73.11,high_O,low_C,O>C,O>M>P>C,T,T,T,F,F,T
1782704240.691,4309,72.99,72.87,73.0,73.03,high_P,low_C,P>C,P>M>O>C,T,F,F,F,F,F
1782704472.291,4310,72.87,72.81,72.8,72.8,high_O,TIE,TIE,TIE,T,T,T,T,T,TIE
1782704817.824,4311,72.81,72.76,72.72,72.73,high_O,low_M,O>M,O>C>P>M,T,T,T,T,T,F
1782705262.133,4312,72.76,72.7,72.77,72.79,high_P,low_C,P>C,P>M>O>C,T,F,F,F,F,F
1782705690.675,4313,72.7,72.62,72.61,72.61,high_O,TIE,TIE,TIE,T,T,T,T,T,TIE
1782706106.243,4314,72.62,72.55,72.54,72.55,high_O,low_M,O>M,TIE,T,T,T,T,TIE,F
1782706546.948,4315,72.55,72.38,72.45,72.45,high_O,low_C,O>C,TIE,T,T,T,F,F,TIE
1782706931.699,4316,72.38,72.16,72.3,72.16,high_O,TIE,TIE,TIE,T,T,T,F,TIE,T
1782707267.692,4317,72.16,72.36,72.27,72.15,high_C,low_P,C>P,C>M>O>P,F,F,T,T,T,T
1782707721.338,4318,72.36,72.17,72.28,72.24,high_O,low_C,O>C,O>M>P>C,T,T,T,F,F,T
1782708002.681,4319,72.17,71.9,72.03,72.01,high_O,low_C,O>C,O>M>P>C,T,T,T,F,F,T
1782708121.246,4320,71.9,71.83,71.81,71.82,high_O,low_M,O>M,O>C>P>M,T,T,T,T,T,F
1782708344.333,4321,71.83,71.87,71.83,71.83,high_C,TIE,TIE,TIE,F,TIE,TIE,T,T,TIE
1782708463.412,4322,71.87,71.71,71.81,71.83,high_O,low_C,O>C,O>P>M>C,T,T,T,F,F,F
1782708627.016,4323,71.71,71.69,71.66,71.66,high_O,TIE,TIE,TIE,T,T,T,T,T,TIE
1782708903.541,4324,71.69,71.8,71.77,71.69,high_C,TIE,TIE,TIE,F,F,TIE,T,T,T
1782709179.22,4325,71.8,71.67,71.64,71.65,high_O,low_M,O>M,O>C>P>M,T,T,T,T,T,F
1782709363.24,4326,71.67,71.52,71.56,71.51,high_O,low_P,O>P,O>M>C>P,T,T,T,F,T,T
1782709507.268,4327,71.52,71.23,71.38,71.19,high_O,low_P,O>P,O>M>C>P,T,T,T,F,T,T
1782709544.025,4328,71.23,71.0,71.05,71.0,high_O,TIE,TIE,TIE,T,T,T,F,TIE,T
1782709637.306,4329,71.0,71.15,71.09,71.15,TIE,low_O,TIE,TIE,F,F,F,T,TIE,F
1782709778.398,4330,71.15,71.25,71.21,71.2,high_C,low_O,C>O,C>M>P>O,F,F,F,T,T,T
1782709951.124,4331,71.25,71.07,71.19,71.07,high_O,TIE,TIE,TIE,T,T,T,F,TIE,T
1782710153.406,4332,71.07,71.33,71.17,71.05,high_C,low_P,C>P,C>M>O>P,F,F,T,T,T,T
1782710343.984,4333,71.33,71.28,71.36,71.38,high_P,low_C,P>C,P>M>O>C,T,F,F,F,F,F
1782710844.951,4334,71.28,71.39,71.42,71.45,high_P,low_O,P>O,P>M>C>O,F,F,F,F,F,F
1782711305.906,4335,71.39,71.56,71.4,71.56,TIE,low_O,TIE,TIE,F,F,F,T,TIE,F
1782711619.644,4336,71.56,71.44,71.54,71.64,high_P,low_C,P>C,P>O>M>C,T,T,F,F,F,F
1782711942.094,4337,71.44,71.77,71.64,71.78,high_P,low_O,P>O,P>C>M>O,F,F,F,T,F,F
1782712315.194,4338,71.77,71.84,71.77,71.72,high_C,low_P,C>P,TIE,F,TIE,T,T,T,T
1782712530.461,4339,71.84,71.97,71.91,71.88,high_C,low_O,C>O,C>M>P>O,F,F,F,T,T,T
1782712711.901,4340,71.97,72.27,72.12,72.12,high_C,low_O,C>O,TIE,F,F,F,T,T,TIE
1782712840.526,4341,72.27,72.37,72.29,72.3,high_C,low_O,C>O,C>P>M>O,F,F,F,T,T,F
1782712882.868,4342,72.37,72.43,72.43,72.4,TIE,low_O,TIE,TIE,F,F,F,TIE,T,T
1782712988.493,4343,72.43,72.21,72.31,72.3,high_O,low_C,O>C,O>M>P>C,T,T,T,F,F,T
1782713280.008,4344,72.21,72.37,72.25,72.2,high_C,low_P,C>P,C>M>O>P,F,F,T,T,T,T
1782713504.933,4345,72.37,72.4,72.4,72.4,TIE,low_O,TIE,TIE,F,F,F,TIE,TIE,TIE
1782713852.264,4346,72.4,72.58,72.45,72.45,high_C,low_O,C>O,TIE,F,F,F,T,T,TIE
1782713943.428,4347,72.58,72.67,72.66,72.68,high_P,low_O,P>O,P>C>M>O,F,F,F,T,F,F
1782714064.053,4348,72.67,72.78,72.7,72.68,high_C,low_O,C>O,C>M>P>O,F,F,F,T,T,T
1782714230.177,4349,72.78,72.95,72.78,72.78,high_C,TIE,TIE,TIE,F,TIE,TIE,T,T,TIE
1782714327.804,4350,72.95,73.05,72.93,72.9,high_C,low_P,C>P,C>O>M>P,F,T,T,T,T,T
1782714457.064,4351,73.05,72.76,72.97,73.0,high_O,low_C,O>C,O>P>M>C,T,T,T,F,F,F
1782714732.539,4352,72.76,72.61,72.7,72.67,high_O,low_C,O>C,O>M>P>C,T,T,T,F,F,T
1782714910.484,4353,72.61,72.51,72.56,72.52,high_O,low_C,O>C,O>M>P>C,T,T,T,F,F,T
1782715183.781,4354,72.51,72.3,72.41,72.45,high_O,low_C,O>C,O>P>M>C,T,T,T,F,F,F
1782715553.156,4355,72.3,72.36,72.36,72.41,high_P,low_O,P>O,TIE,F,F,F,TIE,F,F
1782716180.328,4356,72.36,72.29,72.35,72.38,high_P,low_C,P>C,P>O>M>C,T,T,F,F,F,F
1782716539.803,4357,72.29,72.06,72.21,72.35,high_P,low_C,P>C,P>O>M>C,T,T,F,F,F,F
1782717246.881,4358,72.06,72.2,72.21,72.26,high_P,low_O,P>O,P>M>C>O,F,F,F,F,F,F
1782717457.608,4359,72.2,72.46,72.45,72.45,high_C,low_O,C>O,TIE,F,F,F,T,T,TIE
1782718141.21,4360,72.46,72.43,72.38,72.47,high_P,low_M,P>M,P>O>C>M,T,T,F,T,F,F
1782718642.313,4361,72.43,72.49,72.39,72.37,high_C,low_P,C>P,C>O>M>P,F,T,T,T,T,T
1782719157.161,4362,72.49,72.27,72.43,72.34,high_O,low_C,O>C,O>M>P>C,T,T,T,F,F,T
1782719419.613,4363,72.27,72.74,72.5,72.49,high_C,low_O,C>O,C>M>P>O,F,F,F,T,T,T
1782719568.556,4364,72.74,72.81,72.8,72.8,high_C,low_O,C>O,TIE,F,F,F,T,T,TIE
1782719859.406,4365,72.81,72.65,72.74,72.75,high_O,low_C,O>C,O>P>M>C,T,T,T,F,F,F
1782720181.123,4366,72.65,72.8,72.7,72.64,high_C,low_P,C>P,C>M>O>P,F,F,T,T,T,T
1782720455.738,4367,72.8,72.57,72.75,72.67,high_O,low_C,O>C,O>M>P>C,T,T,T,F,F,T
1782720630.249,4368,72.57,72.69,72.57,72.51,high_C,low_P,C>P,TIE,F,TIE,T,T,T,T
1782720890.366,4369,72.69,72.7,72.63,72.6,high_C,low_P,C>P,C>O>M>P,F,T,T,T,T,T
1782721133.239,4370,72.7,72.89,72.79,72.72,high_C,low_O,C>O,C>M>P>O,F,F,F,T,T,T
1782721457.737,4371,72.89,72.69,72.7,72.71,high_O,low_C,O>C,O>P>M>C,T,T,T,F,F,F
1782721650.432,4372,72.69,72.5,72.53,72.46,high_O,low_P,O>P,O>M>C>P,T,T,T,F,T,T
1782721878.805,4373,72.5,72.54,72.44,72.37,high_C,low_P,C>P,C>O>M>P,F,T,T,T,T,T
1782722222.121,4374,72.54,72.72,72.56,72.56,high_C,low_O,C>O,TIE,F,F,F,T,T,TIE
1782722633.931,4375,72.72,72.71,72.69,72.7,high_O,low_M,O>M,O>C>P>M,T,T,T,T,T,F
1782723096.242,4376,72.71,72.79,72.8,72.79,high_M,low_O,M>O,TIE,F,F,F,F,TIE,T
1782723207.434,4377,72.79,72.8,72.94,72.95,high_P,low_O,P>O,P>M>C>O,F,F,F,F,F,F
1782723429.806,4378,72.8,72.62,72.76,72.78,high_O,low_C,O>C,O>P>M>C,T,T,T,F,F,F
1782723720.601,4379,72.62,72.73,72.7,72.7,high_C,low_O,C>O,TIE,F,F,F,T,T,TIE
1782724392.53,4380,72.73,72.64,72.71,72.72,high_O,low_C,O>C,O>P>M>C,T,T,T,F,F,F
1782724544.659,4381,72.64,73.0,72.8,72.77,high_C,low_O,C>O,C>M>P>O,F,F,F,T,T,T
1782724697.406,4382,73.0,73.09,73.03,73.03,high_C,low_O,C>O,TIE,F,F,F,T,T,TIE
1782724996.624,4383,73.09,72.86,72.91,72.86,high_O,TIE,TIE,TIE,T,T,T,F,TIE,T
1782725154.176,4384,72.86,72.6,72.66,72.65,high_O,low_C,O>C,O>M>P>C,T,T,T,F,F,T
1782725347.477,4385,72.6,72.9,72.72,72.8,high_C,low_O,C>O,C>P>M>O,F,F,F,T,T,F
1782725838.602,4386,72.9,72.78,72.87,72.87,high_O,low_C,O>C,TIE,T,T,T,F,F,TIE
1782726473.128,4387,72.78,72.86,72.78,72.77,high_C,low_P,C>P,TIE,F,TIE,T,T,T,T
1782726743.14,4388,72.86,72.71,72.72,72.84,high_O,low_C,O>C,O>P>M>C,T,T,T,F,F,F
1782727244.842,4389,72.71,72.95,72.88,72.89,high_C,low_O,C>O,C>P>M>O,F,F,F,T,T,F
1782727534.206,4390,72.95,73.04,73.0,73.03,high_C,low_O,C>O,C>P>M>O,F,F,F,T,T,F
1782727689.261,4391,73.04,73.13,73.05,73.02,high_C,low_P,C>P,C>M>O>P,F,F,T,T,T,T
1782727774.448,4392,73.13,73.21,73.17,73.2,high_C,low_O,C>O,C>P>M>O,F,F,F,T,T,F
1782727791.557,4393,73.21,73.35,73.3,73.3,high_C,low_O,C>O,TIE,F,F,F,T,T,TIE
1782727808.671,4394,73.35,73.47,73.45,73.5,high_P,low_O,P>O,P>C>M>O,F,F,F,T,F,F
1782727900.38,4395,73.47,73.26,73.34,73.47,TIE,low_C,TIE,TIE,T,T,TIE,F,F,F
1782727982.811,4396,73.26,73.35,73.34,73.35,TIE,low_O,TIE,TIE,F,F,F,T,TIE,F
1782728124.018,4397,73.35,73.4,73.36,73.41,high_P,low_O,P>O,P>C>M>O,F,F,F,T,F,F
1782728300.532,4398,73.4,73.43,73.35,73.33,high_C,low_P,C>P,C>O>M>P,F,T,T,T,T,T
1782728461.128,4400,73.57,73.57,73.57,73.57,TIE,TIE,TIE,TIE,TIE,TIE,TIE,TIE,TIE,TIE
1782728765.48,4402,73.43,73.43,73.42,73.42,TIE,TIE,TIE,TIE,TIE,T,T,T,T,TIE
1782729022.903,4403,73.43,73.29,73.37,73.37,high_O,low_C,O>C,TIE,T,T,T,F,F,TIE
1782729117.795,4404,73.29,73.17,73.22,73.25,high_O,low_C,O>C,O>P>M>C,T,T,T,F,F,F
1782729367.993,4405,73.17,73.16,73.18,73.19,high_P,low_C,P>C,P>M>O>C,T,F,F,F,F,F
1782729594.374,4406,73.16,73.29,73.28,73.28,high_C,low_O,C>O,TIE,F,F,F,T,T,TIE
1782729939.175,4407,73.29,73.25,73.21,73.21,high_O,TIE,TIE,TIE,T,T,T,T,T,TIE
1782730110.625,4408,73.25,73.27,73.27,73.28,high_P,low_O,P>O,TIE,F,F,F,TIE,F,F
1782730521.086,4409,73.27,73.17,73.24,73.26,high_O,low_C,O>C,O>P>M>C,T,T,T,F,F,F
1782730906.207,4410,73.17,73.14,73.19,73.21,high_P,low_C,P>C,P>M>O>C,T,F,F,F,F,F
1782731018.948,4411,73.14,72.96,73.04,73.0,high_O,low_C,O>C,O>M>P>C,T,T,T,F,F,T
1782731160.415,4412,72.96,72.84,72.92,72.93,high_O,low_C,O>C,O>P>M>C,T,T,T,F,F,F
1782731286.706,4413,72.84,72.85,72.82,72.85,TIE,low_M,TIE,TIE,F,T,F,T,TIE,F
1782731418.432,4414,72.85,72.71,72.83,72.89,high_P,low_C,P>C,P>O>M>C,T,T,F,F,F,F
1782731517.712,4415,72.71,72.69,72.69,72.7,high_O,TIE,TIE,TIE,T,T,T,TIE,F,F
1782731708.835,4416,72.69,72.55,72.61,72.6,high_O,low_C,O>C,O>M>P>C,T,T,T,F,F,T
1782731822.515,4417,72.55,72.5,72.54,72.55,TIE,low_C,TIE,TIE,T,T,TIE,F,F,F
1782732225.578,4419,72.49,72.49,72.49,72.49,TIE,TIE,TIE,TIE,TIE,TIE,TIE,TIE,TIE,TIE
1782732370.856,4420,72.49,72.63,72.59,72.59,high_C,low_O,C>O,TIE,F,F,F,T,T,TIE
1782732578.331,4421,72.63,72.7,72.66,72.67,high_C,low_O,C>O,C>P>M>O,F,F,F,T,T,F
1782732672.56,4422,72.7,72.92,72.69,72.7,high_C,low_M,C>M,TIE,F,T,TIE,T,T,F
1782732676.547,4423,72.92,73.03,73.02,73.04,high_P,low_O,P>O,P>C>M>O,F,F,F,T,F,F
1782732697.548,4424,73.03,73.0,73.04,73.03,high_M,low_C,M>C,TIE,T,F,TIE,F,F,T
1782732753.492,4425,73.0,72.89,72.88,72.87,high_O,low_P,O>P,O>C>M>P,T,T,T,T,T,T
1782732943.768,4426,72.89,72.68,72.74,72.74,high_O,low_C,O>C,TIE,T,T,T,F,F,TIE
1782733180.507,4427,72.68,72.4,72.56,72.64,high_O,low_C,O>C,O>P>M>C,T,T,T,F,F,F
1782733281.222,4428,72.4,72.35,72.38,72.39,high_O,low_C,O>C,O>P>M>C,T,T,T,F,F,F
1782733563.163,4429,72.35,72.34,72.4,72.4,TIE,low_C,TIE,TIE,T,F,F,F,F,TIE
1782733837.833,4430,72.34,72.39,72.37,72.35,high_C,low_O,C>O,C>M>P>O,F,F,F,T,T,T
1782734006.326,4431,72.39,72.25,72.3,72.25,high_O,TIE,TIE,TIE,T,T,T,F,TIE,T
1782734215.777,4432,72.25,72.37,72.25,72.23,high_C,low_P,C>P,TIE,F,TIE,T,T,T,T
1782734401.49,4433,72.37,72.53,72.45,72.5,high_C,low_O,C>O,C>P>M>O,F,F,F,T,T,F
1782734434.549,4434,72.53,72.6,72.58,72.63,high_P,low_O,P>O,P>C>M>O,F,F,F,T,F,F
1782734466.236,4435,72.6,72.11,72.33,72.2,high_O,low_C,O>C,O>M>P>C,T,T,T,F,F,T
1782734520.619,4436,72.11,72.38,72.17,72.13,high_C,low_O,C>O,C>M>P>O,F,F,F,T,T,T
1782734572.744,4437,72.38,72.72,72.5,72.35,high_C,low_P,C>P,C>M>O>P,F,F,T,T,T,T
1782734616.907,4438,72.72,72.78,72.69,72.69,high_C,TIE,TIE,TIE,F,T,T,T,T,TIE
1782734635.931,4439,72.78,72.96,72.89,72.9,high_C,low_O,C>O,C>P>M>O,F,F,F,T,T,F
1782734662.157,4440,72.96,72.93,72.89,72.83,high_O,low_P,O>P,O>C>M>P,T,T,T,T,T,T
1782734701.865,4441,72.93,73.01,72.92,72.92,high_C,TIE,TIE,TIE,F,T,T,T,T,TIE
1782734741.526,4442,73.01,73.07,73.05,73.09,high_P,low_O,P>O,P>C>M>O,F,F,F,T,F,F
1782734790.665,4443,73.07,73.08,73.08,73.05,TIE,low_P,TIE,TIE,F,F,T,TIE,T,T
1782734840.52,4444,73.08,73.45,73.19,73.17,high_C,low_O,C>O,C>M>P>O,F,F,F,T,T,T
1782734882.414,4445,73.45,73.36,73.38,73.37,high_O,low_C,O>C,O>M>P>C,T,T,T,F,F,T
1782734940.25,4446,73.36,73.22,73.3,73.37,high_P,low_C,P>C,P>O>M>C,T,T,F,F,F,F
1782735040.724,4447,73.22,73.33,73.28,73.24,high_C,low_O,C>O,C>M>P>O,F,F,F,T,T,T
1782735113.988,4448,73.33,73.37,73.38,73.35,high_M,low_O,M>O,M>C>P>O,F,F,F,F,T,T
1782735138.587,4449,73.37,73.71,73.54,73.39,high_C,low_O,C>O,C>M>P>O,F,F,F,T,T,T
1782735152.796,4450,73.71,73.86,73.77,73.77,high_C,low_O,C>O,TIE,F,F,F,T,T,TIE
1782735152.804,4451,73.86,74.0,73.91,73.9,high_C,low_O,C>O,C>M>P>O,F,F,F,T,T,T
1782735152.814,4452,74.0,74.09,74.04,74.0,high_C,TIE,TIE,TIE,F,F,TIE,T,T,T
1782735152.946,4453,74.09,73.95,74.11,74.11,TIE,low_C,TIE,TIE,T,F,F,F,F,TIE
1782735158.874,4454,73.95,73.99,74.0,74.0,TIE,low_O,TIE,TIE,F,F,F,F,F,TIE
1782735182.279,4455,73.99,74.04,74.01,74.0,high_C,low_O,C>O,C>M>P>O,F,F,F,T,T,T
1782735218.264,4456,74.04,73.9,73.99,74.04,TIE,low_C,TIE,TIE,T,T,TIE,F,F,F
1782735256.932,4457,73.9,73.93,73.92,73.9,high_C,TIE,TIE,TIE,F,F,TIE,T,T,T
1782735314.395,4458,73.93,74.09,73.99,74.0,high_C,low_O,C>O,C>P>M>O,F,F,F,T,T,F
1782735385.561,4459,74.09,73.96,74.01,73.99,high_O,low_C,O>C,O>M>P>C,T,T,T,F,F,T
1782735555.772,4461,73.9,73.9,73.97,73.91,high_M,TIE,TIE,TIE,TIE,F,F,F,F,T
1782735706.637,4462,73.9,73.98,73.96,73.95,high_C,low_O,C>O,C>M>P>O,F,F,F,T,T,T
1782735805.667,4463,73.98,73.76,73.89,73.89,high_O,low_C,O>C,TIE,T,T,T,F,F,TIE
1782735858.249,4464,73.76,73.72,73.72,73.71,high_O,low_P,O>P,TIE,T,T,T,TIE,T,T
1782736027.206,4465,73.72,73.8,73.75,73.75,high_C,low_O,C>O,TIE,F,F,F,T,T,TIE
1782736165.363,4466,73.8,73.97,73.86,73.86,high_C,low_O,C>O,TIE,F,F,F,T,T,TIE
1782736312.138,4467,73.97,73.77,73.93,73.96,high_O,low_C,O>C,O>P>M>C,T,T,T,F,F,F
1782736452.997,4468,73.77,73.98,73.83,73.82,high_C,low_O,C>O,C>M>P>O,F,F,F,T,T,T
1782736502.451,4469,73.98,74.35,74.11,74.08,high_C,low_O,C>O,C>M>P>O,F,F,F,T,T,T
1782736505.086,4470,74.35,74.36,74.32,74.32,high_C,TIE,TIE,TIE,F,T,T,T,T,TIE
1782736512.981,4471,74.36,74.5,74.45,74.46,high_C,low_O,C>O,C>P>M>O,F,F,F,T,T,F
1782736549.668,4472,74.5,74.29,74.44,74.5,TIE,low_C,TIE,TIE,T,T,TIE,F,F,F
1782736624.22,4473,74.29,74.17,74.22,74.22,high_O,low_C,O>C,TIE,T,T,T,F,F,TIE
1782736661.295,4474,74.17,73.92,73.98,74.09,high_O,low_C,O>C,O>P>M>C,T,T,T,F,F,F
1782736694.025,4475,73.92,73.71,73.85,73.91,high_O,low_C,O>C,O>P>M>C,T,T,T,F,F,F
1782736717.904,4476,73.71,73.52,73.59,73.51,high_O,low_P,O>P,O>M>C>P,T,T,T,F,T,T
1782736745.708,4477,73.52,73.32,73.41,73.4,high_O,low_C,O>C,O>M>P>C,T,T,T,F,F,T
1782736764.494,4478,73.32,73.42,73.41,73.41,high_C,low_O,C>O,TIE,F,F,F,T,T,TIE
1782736825.021,4479,73.42,73.28,73.36,73.37,high_O,low_C,O>C,O>P>M>C,T,T,T,F,F,F
1782736880.523,4480,73.28,73.34,73.23,73.22,high_C,low_P,C>P,C>O>M>P,F,T,T,T,T,T
1782736985.857,4481,73.34,73.33,73.32,73.35,high_P,low_M,P>M,P>O>C>M,T,T,F,T,F,F
1782737152.612,4482,73.33,73.41,73.35,73.35,high_C,low_O,C>O,TIE,F,F,F,T,T,TIE
1782737263.097,4483,73.41,73.55,73.52,73.54,high_C,low_O,C>O,C>P>M>O,F,F,F,T,T,F
1782737353.558,4484,73.55,73.38,73.5,73.53,high_O,low_C,O>C,O>P>M>C,T,T,T,F,F,F
1782737501.654,4485,73.38,73.16,73.33,73.32,high_O,low_C,O>C,O>M>P>C,T,T,T,F,F,T
1782737603.965,4486,73.16,73.2,73.12,73.08,high_C,low_P,C>P,C>O>M>P,F,T,T,T,T,T
1782737862.503,4487,73.2,73.4,73.38,73.4,TIE,low_O,TIE,TIE,F,F,F,T,TIE,F
1782738039.438,4488,73.4,73.68,73.54,73.45,high_C,low_O,C>O,C>M>P>O,F,F,F,T,T,T
1782738138.183,4489,73.68,73.77,73.79,73.78,high_M,low_O,M>O,M>P>C>O,F,F,F,F,F,T
1782738270.225,4490,73.77,73.8,73.89,73.9,high_P,low_O,P>O,P>M>C>O,F,F,F,F,F,F
1782738440.584,4491,73.8,73.77,73.84,73.8,high_M,low_C,M>C,TIE,T,F,TIE,F,F,T
1782738605.925,4492,73.77,73.72,73.74,73.73,high_O,low_C,O>C,O>M>P>C,T,T,T,F,F,T
1782738745.822,4493,73.72,74.16,73.98,73.98,high_C,low_O,C>O,TIE,F,F,F,T,T,TIE
1782738831.184,4494,74.16,74.13,74.22,74.22,TIE,low_C,TIE,TIE,T,F,F,F,F,TIE
1782739036.439,4495,74.13,74.12,74.13,74.11,TIE,low_P,TIE,TIE,T,TIE,T,F,T,T
1782739203.622,4496,74.12,74.18,74.25,74.28,high_P,low_O,P>O,P>M>C>O,F,F,F,F,F,F
1782739374.066,4497,74.18,73.99,74.1,74.07,high_O,low_C,O>C,O>M>P>C,T,T,T,F,F,T
1782739479.431,4498,73.99,73.85,73.82,73.8,high_O,low_P,O>P,O>C>M>P,T,T,T,T,T,T
1782739699.975,4499,73.85,73.62,73.71,73.74,high_O,low_C,O>C,O>P>M>C,T,T,T,F,F,F
1782739814.425,4500,73.62,73.27,73.56,73.57,high_O,low_C,O>C,O>P>M>C,T,T,T,F,F,F
1782739858.84,4501,73.27,73.65,73.27,73.22,high_C,low_P,C>P,TIE,F,TIE,T,T,T,T
1782739914.601,4502,73.65,73.85,73.84,73.81,high_C,low_O,C>O,C>M>P>O,F,F,F,T,T,T
1782740040.249,4503,73.85,73.8,73.94,73.94,TIE,low_C,TIE,TIE,T,F,F,F,F,TIE
1782740170.81,4504,73.8,73.6,73.81,73.99,high_P,low_C,P>C,P>M>O>C,T,F,F,F,F,F
1782740241.409,4505,73.6,73.46,73.58,73.56,high_O,low_C,O>C,O>M>P>C,T,T,T,F,F,T
1782740323.702,4506,73.46,73.22,73.38,73.38,high_O,low_C,O>C,TIE,T,T,T,F,F,TIE
1782740404.82,4507,73.22,73.13,73.34,73.35,high_P,low_C,P>C,P>M>O>C,T,F,F,F,F,F
1782740495.105,4508,73.13,73.06,73.15,73.13,high_M,low_C,M>C,TIE,T,F,TIE,F,F,T
1782740551.561,4509,73.06,73.22,73.08,73.0,high_C,low_P,C>P,C>M>O>P,F,F,T,T,T,T
1782740626.102,4510,73.22,72.96,73.01,73.0,high_O,low_C,O>C,O>M>P>C,T,T,T,F,F,T
1782740718.194,4511,72.96,72.83,72.92,72.87,high_O,low_C,O>C,O>M>P>C,T,T,T,F,F,T
1782740769.982,4512,72.83,73.02,72.95,72.92,high_C,low_O,C>O,C>M>P>O,F,F,F,T,T,T
1782740834.982,4513,73.02,73.13,72.92,73.04,high_C,low_M,C>M,C>P>O>M,F,T,F,T,T,F
1782740915.173,4514,73.13,73.04,73.08,73.0,high_O,low_P,O>P,O>M>C>P,T,T,T,F,T,T
1782741018.798,4515,73.04,72.76,72.84,72.83,high_O,low_C,O>C,O>M>P>C,T,T,T,F,F,T
1782741146.605,4516,72.76,73.15,72.95,72.96,high_C,low_O,C>O,C>P>M>O,F,F,F,T,T,F
1782741275.216,4517,73.15,73.17,73.23,73.3,high_P,low_O,P>O,P>M>C>O,F,F,F,F,F,F
1782741517.293,4518,73.17,73.21,73.1,73.1,high_C,TIE,TIE,TIE,F,T,T,T,T,TIE
1782741580.451,4519,73.21,73.63,73.46,73.47,high_C,low_O,C>O,C>P>M>O,F,F,F,T,T,F
1782741666.759,4520,73.63,73.62,73.55,73.55,high_O,TIE,TIE,TIE,T,T,T,T,T,TIE
1782741861.532,4521,73.62,73.75,73.57,73.49,high_C,low_P,C>P,C>O>M>P,F,T,T,T,T,T
1782741941.082,4522,73.75,73.25,73.74,73.8,high_P,low_C,P>C,P>O>M>C,T,T,F,F,F,F
1782742096.852,4523,73.25,73.16,73.34,73.17,high_M,low_C,M>C,M>O>P>C,T,F,T,F,F,T
1782742223.248,4524,73.16,73.05,73.14,73.14,high_O,low_C,O>C,TIE,T,T,T,F,F,TIE
1782742308.059,4525,73.05,72.73,72.75,72.73,high_O,TIE,TIE,TIE,T,T,T,F,TIE,T
1782742398.975,4526,72.73,72.66,72.68,72.68,high_O,low_C,O>C,TIE,T,T,T,F,F,TIE
1782742488.758,4527,72.66,72.5,72.55,72.5,high_O,TIE,TIE,TIE,T,T,T,F,TIE,T
1782742548.499,4528,72.5,72.65,72.46,72.37,high_C,low_P,C>P,C>O>M>P,F,T,T,T,T,T
1782742603.352,4529,72.65,72.75,72.69,72.69,high_C,low_O,C>O,TIE,F,F,F,T,T,TIE
1782742709.488,4530,72.75,72.32,72.52,72.6,high_O,low_C,O>C,O>P>M>C,T,T,T,F,F,F
1782742827.3,4531,72.32,72.6,72.61,72.6,high_M,low_O,M>O,TIE,F,F,F,F,TIE,T
1782743095.798,4532,72.6,72.82,72.75,72.78,high_C,low_O,C>O,C>P>M>O,F,F,F,T,T,F
1782743247.61,4533,72.82,73.12,72.95,72.95,high_C,low_O,C>O,TIE,F,F,F,T,T,TIE
1782743550.686,4534,73.12,72.97,73.16,73.12,high_M,low_C,M>C,TIE,T,F,TIE,F,F,T
1782743667.446,4535,72.97,73.46,73.36,73.45,high_C,low_O,C>O,C>P>M>O,F,F,F,T,T,F
1782744089.935,4536,73.46,73.33,73.33,73.3,high_O,low_P,O>P,TIE,T,T,T,TIE,T,T
1782744587.059,4537,73.33,73.03,73.05,73.0,high_O,low_P,O>P,O>M>C>P,T,T,T,F,T,T
1782744855.967,4538,73.03,73.75,73.42,73.5,high_C,low_O,C>O,C>P>M>O,F,F,F,T,T,F
1782744930.748,4539,73.75,73.73,73.77,73.8,high_P,low_C,P>C,P>M>O>C,T,F,F,F,F,F
1782745213.91,4540,73.73,73.62,73.66,73.69,high_O,low_C,O>C,O>P>M>C,T,T,T,F,F,F
1782745531.844,4541,73.62,72.93,73.24,73.41,high_O,low_C,O>C,O>P>M>C,T,T,T,F,F,F
1782745696.788,4542,72.93,72.99,72.91,72.9,high_C,low_P,C>P,C>O>M>P,F,T,T,T,T,T
1782745936.562,4543,72.99,72.78,73.03,73.0,high_M,low_C,M>C,M>P>O>C,T,F,F,F,F,T
1782746342.97,4544,72.78,73.46,73.23,72.78,high_C,TIE,TIE,TIE,F,F,TIE,T,T,T
1782746635.575,4545,73.46,73.33,73.46,73.44,TIE,low_C,TIE,TIE,T,TIE,T,F,F,T
1782746906.995,4546,73.33,73.66,73.51,73.48,high_C,low_O,C>O,C>M>P>O,F,F,F,T,T,T
1782747006.33,4547,73.66,73.99,73.84,73.87,high_C,low_O,C>O,C>P>M>O,F,F,F,T,T,F
1782747043.518,4548,73.99,74.16,74.1,74.0,high_C,low_O,C>O,C>M>P>O,F,F,F,T,T,T
1782747122.579,4549,74.16,74.21,74.24,74.25,high_P,low_O,P>O,P>M>C>O,F,F,F,F,F,F
1782747295.243,4550,74.21,74.07,74.21,74.19,TIE,low_C,TIE,TIE,T,TIE,T,F,F,T
1782747521.726,4551,74.07,74.31,74.24,74.23,high_C,low_O,C>O,C>M>P>O,F,F,F,T,T,T
1782747769.982,4552,74.31,73.89,73.91,73.89,high_O,TIE,TIE,TIE,T,T,T,F,TIE,T
1782748095.678,4553,73.89,73.95,73.91,73.92,high_C,low_O,C>O,C>P>M>O,F,F,F,T,T,F
1782748423.605,4554,73.95,74.1,74.02,74.07,high_C,low_O,C>O,C>P>M>O,F,F,F,T,T,F
1782748868.242,4555,74.1,73.78,73.9,73.87,high_O,low_C,O>C,O>M>P>C,T,T,T,F,F,T
1782749331.966,4556,73.78,73.75,73.84,73.8,high_M,low_C,M>C,M>P>O>C,T,F,F,F,F,T
1782749646.66,4557,73.75,73.52,73.66,73.65,high_O,low_C,O>C,O>M>P>C,T,T,T,F,F,T
1782750108.729,4558,73.52,73.32,73.55,73.47,high_M,low_C,M>C,M>O>P>C,T,F,T,F,F,T
1782750383.996,4559,73.32,73.12,73.18,73.05,high_O,low_P,O>P,O>M>C>P,T,T,T,F,T,T
1782750575.869,4560,73.12,72.89,72.96,72.9,high_O,low_C,O>C,O>M>P>C,T,T,T,F,F,T
1782750823.464,4561,72.89,73.11,73.07,73.1,high_C,low_O,C>O,C>P>M>O,F,F,F,T,T,F
1782751146.807,4562,73.11,73.4,73.21,73.31,high_C,low_O,C>O,C>P>M>O,F,F,F,T,T,F
1782751531.296,4563,73.4,73.72,73.61,73.66,high_C,low_O,C>O,C>P>M>O,F,F,F,T,T,F
1782751735.711,4564,73.72,74.05,73.89,73.7,high_C,low_P,C>P,C>M>O>P,F,F,T,T,T,T
1782751911.044,4565,74.05,74.04,74.05,74.04,TIE,TIE,TIE,TIE,T,TIE,T,F,TIE,T
1782752314.743,4566,74.04,73.97,73.9,73.9,high_O,TIE,TIE,TIE,T,T,T,T,T,TIE
1782752581.828,4567,73.97,74.29,74.08,74.0,high_C,low_O,C>O,C>M>P>O,F,F,F,T,T,T
1782752719.903,4568,74.29,74.54,74.35,74.32,high_C,low_O,C>O,C>M>P>O,F,F,F,T,T,T
1782752722.729,4569,74.54,74.75,74.69,74.75,TIE,low_O,TIE,TIE,F,F,F,T,TIE,F
1782752795.251,4570,74.75,74.71,74.76,74.76,TIE,low_C,TIE,TIE,T,F,F,F,F,TIE
1782753038.689,4571,74.71,74.61,74.59,74.61,high_O,low_M,O>M,TIE,T,T,T,T,TIE,F
1782753070.032,4572,74.61,74.75,74.78,74.78,TIE,low_O,TIE,TIE,F,F,F,F,F,TIE
1782753165.568,4573,74.75,74.96,74.9,75.0,high_P,low_O,P>O,P>C>M>O,F,F,F,T,F,F
1782753192.068,4574,74.96,75.16,75.02,75.0,high_C,low_O,C>O,C>M>P>O,F,F,F,T,T,T
1782753211.78,4575,75.16,75.29,75.39,75.39,TIE,low_O,TIE,TIE,F,F,F,F,F,TIE
1782753282.941,4576,75.29,75.24,75.25,75.24,high_O,TIE,TIE,TIE,T,T,T,F,TIE,T
1782753322.759,4577,75.24,75.59,75.39,75.5,high_C,low_O,C>O,C>P>M>O,F,F,F,T,T,F
1782753328.118,4578,75.59,75.89,75.71,75.85,high_C,low_O,C>O,C>P>M>O,F,F,F,T,T,F
1782753332.546,4579,75.89,75.86,75.9,76.0,high_P,low_C,P>C,P>M>O>C,T,F,F,F,F,F
1782753338.242,4580,75.86,76.23,76.15,76.26,high_P,low_O,P>O,P>C>M>O,F,F,F,T,F,F
1782753349.237,4581,76.23,76.08,76.28,76.28,TIE,low_C,TIE,TIE,T,F,F,F,F,TIE
1782753374.648,4582,76.08,75.9,76.03,76.04,high_O,low_C,O>C,O>P>M>C,T,T,T,F,F,F
1782753434.742,4583,75.9,75.85,75.92,75.9,high_M,low_C,M>C,TIE,T,F,TIE,F,F,T
1782753517.745,4584,75.85,75.89,75.96,75.9,high_M,low_O,M>O,M>P>C>O,F,F,F,F,F,T
1782753660.086,4585,75.89,75.85,75.93,75.94,high_P,low_C,P>C,P>M>O>C,T,F,F,F,F,F
1782753702.784,4586,75.85,75.33,75.52,75.7,high_O,low_C,O>C,O>P>M>C,T,T,T,F,F,F
1782753718.425,4587,75.33,75.42,75.26,75.3,high_C,low_M,C>M,C>O>P>M,F,T,T,T,T,F
1782753892.211,4588,75.42,75.38,75.48,75.5,high_P,low_C,P>C,P>M>O>C,T,F,F,F,F,F
1782754039.169,4589,75.38,75.55,75.46,75.42,high_C,low_O,C>O,C>M>P>O,F,F,F,T,T,T
1782754174.714,4590,75.55,75.96,75.87,75.66,high_C,low_O,C>O,C>M>P>O,F,F,F,T,T,T
1782754349.369,4591,75.96,75.75,75.99,75.96,high_M,low_C,M>C,TIE,T,F,TIE,F,F,T
1782754564.75,4592,75.75,75.57,75.68,75.69,high_O,low_C,O>C,O>P>M>C,T,T,T,F,F,F
1782754901.813,4593,75.56,75.67,75.59,75.7,high_P,low_O,P>O,P>C>M>O,F,F,F,T,F,F
1782755269.209,4594,75.67,75.57,75.69,75.74,high_P,low_C,P>C,P>M>O>C,T,F,F,F,F,F
1782755536.853,4595,75.57,75.39,75.5,75.5,high_O,low_C,O>C,TIE,T,T,T,F,F,TIE
1782756004.635,4596,75.39,75.26,75.32,75.26,high_O,TIE,TIE,TIE,T,T,T,F,TIE,T
1782756267.044,4597,75.26,75.25,75.23,75.26,TIE,low_M,TIE,TIE,T,T,TIE,T,F,F
1782756537.038,4598,75.25,75.72,75.52,75.41,high_C,low_O,C>O,C>M>P>O,F,F,F,T,T,T
1782756994.364,4599,75.72,75.39,75.66,75.63,high_O,low_C,O>C,O>M>P>C,T,T,T,F,F,T
1782757601.588,4600,75.39,75.4,75.44,75.5,high_P,low_O,P>O,P>M>C>O,F,F,F,F,F,F
1782758070.724,4601,75.4,75.39,75.25,75.2,high_O,low_P,O>P,O>C>M>P,T,T,T,T,T,T
1782758504.342,4602,75.39,75.62,75.5,75.4,high_C,low_O,C>O,C>M>P>O,F,F,F,T,T,T
1782759205.702,4603,75.62,75.51,75.5,75.45,high_O,low_P,O>P,O>C>M>P,T,T,T,T,T,T
1782760035.45,4604,75.51,75.52,75.49,75.5,high_C,low_M,C>M,C>O>P>M,F,T,T,T,T,F
1782760512.998,4605,75.52,75.45,75.59,75.56,high_M,low_C,M>C,M>P>O>C,T,F,F,F,F,T
1782760818.669,4606,75.45,75.93,75.78,75.8,high_C,low_O,C>O,C>P>M>O,F,F,F,T,T,F
1782761171.148,4607,75.93,75.86,75.9,75.9,high_O,low_C,O>C,TIE,T,T,T,F,F,TIE
1782761401.178,4608,75.86,76.02,76.0,76.0,high_C,low_O,C>O,TIE,F,F,F,T,T,TIE
1782761671.956,4609,76.02,75.68,75.87,76.02,TIE,low_C,TIE,TIE,T,T,TIE,F,F,F
1782762241.189,4610,75.68,75.87,75.83,75.85,high_C,low_O,C>O,C>P>M>O,F,F,F,T,T,F
1782762601.138,4611,75.87,75.94,75.97,75.95,high_M,low_O,M>O,M>P>C>O,F,F,F,F,F,T
1782762833.947,4612,75.94,76.01,76.09,76.13,high_P,low_O,P>O,P>M>C>O,F,F,F,F,F,F
1782763676.144,4614,75.78,75.78,75.83,75.79,high_M,TIE,TIE,TIE,TIE,F,F,F,F,T
1782764017.757,4615,75.78,75.7,75.69,75.7,high_O,low_M,O>M,TIE,T,T,T,T,TIE,F
1782764761.203,4616,75.7,75.59,75.63,75.62,high_O,low_C,O>C,O>M>P>C,T,T,T,F,F,T
1782765330.35,4617,75.59,75.66,75.54,75.53,high_C,low_P,C>P,C>O>M>P,F,T,T,T,T,T
1782765757.286,4618,75.66,75.34,75.46,75.45,high_O,low_C,O>C,O>M>P>C,T,T,T,F,F,T
1782766165.308,4619,75.34,75.45,75.36,75.36,high_C,low_O,C>O,TIE,F,F,F,T,T,TIE
1782766712.557,4620,75.45,75.37,75.39,75.47,high_P,low_C,P>C,P>O>M>C,T,T,F,F,F,F
1782767096.805,4621,75.37,75.28,75.39,75.43,high_P,low_C,P>C,P>M>O>C,T,F,F,F,F,F
1782767407.456,4622,75.28,75.34,75.27,75.22,high_C,low_P,C>P,C>O>M>P,F,T,T,T,T,T
1782767769.116,4623,75.33,75.55,75.5,75.47,high_C,low_O,C>O,C>M>P>O,F,F,F,T,T,T
1782768551.464,4624,75.55,75.44,75.49,75.49,high_O,low_C,O>C,TIE,T,T,T,F,F,TIE
1782769180.022,4625,75.44,75.76,75.6,75.6,high_C,low_O,C>O,TIE,F,F,F,T,T,TIE
1782769559.073,4626,75.76,75.58,75.65,75.77,high_P,low_C,P>C,P>O>M>C,T,T,F,F,F,F
1782770519.592,4627,75.58,75.45,75.58,75.6,high_P,low_C,P>C,TIE,T,TIE,F,F,F,F
1782770894.307,4628,75.45,75.5,75.51,75.55,high_P,low_O,P>O,P>M>C>O,F,F,F,F,F,F
1782771486.174,4629,75.5,75.44,75.53,75.56,high_P,low_C,P>C,P>M>O>C,T,F,F,F,F,F
1782771732.407,4630,75.44,75.38,75.33,75.27,high_O,low_P,O>P,O>C>M>P,T,T,T,T,T,T
1782772296.417,4631,75.38,75.36,75.33,75.31,high_O,low_P,O>P,O>C>M>P,T,T,T,T,T,T
1782772660.176,4632,75.36,75.24,75.22,75.2,high_O,low_P,O>P,O>C>M>P,T,T,T,T,T,T
1782773101.259,4633,75.24,75.3,75.22,75.24,high_C,low_M,C>M,TIE,F,T,TIE,T,T,F
1782773508.715,4634,75.3,75.03,75.18,75.18,high_O,low_C,O>C,TIE,T,T,T,F,F,TIE
1782773522.052,4635,75.03,75.07,75.06,75.07,TIE,low_O,TIE,TIE,F,F,F,T,TIE,F
1782773699.567,4636,75.07,75.45,75.26,75.25,high_C,low_O,C>O,C>M>P>O,F,F,F,T,T,T
1782774155.099,4637,75.45,75.27,75.27,75.32,high_O,TIE,TIE,TIE,T,T,T,TIE,F,F
1782774652.293,4638,75.27,75.28,75.32,75.32,TIE,low_O,TIE,TIE,F,F,F,F,F,TIE
1782775210.591,4639,75.28,75.18,75.33,75.33,TIE,low_C,TIE,TIE,T,F,F,F,F,TIE
1782775420.524,4640,75.18,75.04,75.15,75.15,high_O,low_C,O>C,TIE,T,T,T,F,F,TIE
1782775805.787,4641,75.04,75.13,75.18,75.2,high_P,low_O,P>O,P>M>C>O,F,F,F,F,F,F
1782775817.2,4642,75.13,75.02,75.07,75.05,high_O,low_C,O>C,O>M>P>C,T,T,T,F,F,T
1782775830.191,4643,75.02,74.92,74.96,74.95,high_O,low_C,O>C,O>M>P>C,T,T,T,F,F,T
1782775840.052,4644,74.92,74.91,74.93,74.92,high_M,low_C,M>C,TIE,T,F,TIE,F,F,T
1782775916.348,4645,74.91,74.96,74.92,74.91,high_C,TIE,TIE,TIE,F,F,TIE,T,T,T
1782776077.49,4646,74.96,74.98,74.99,74.98,high_M,low_O,M>O,TIE,F,F,F,F,TIE,T
1782776359.823,4647,74.98,75.02,74.99,74.98,high_C,TIE,TIE,TIE,F,F,TIE,T,T,T
1782776721.84,4648,75.02,75.03,75.0,75.0,high_C,TIE,TIE,TIE,F,T,T,T,T,TIE
1782776893.406,4649,75.03,75.1,75.05,75.05,high_C,low_O,C>O,TIE,F,F,F,T,T,TIE
1782777017.2,4650,75.1,75.19,75.14,75.22,high_P,low_O,P>O,P>C>M>O,F,F,F,T,F,F
1782777251.488,4651,75.19,75.0,75.04,75.01,high_O,low_C,O>C,O>M>P>C,T,T,T,F,F,T
1782777475.789,4652,75.0,75.04,75.01,75.01,high_C,low_O,C>O,TIE,F,F,F,T,T,TIE
1782777623.255,4653,75.04,75.12,75.07,75.07,high_C,low_O,C>O,TIE,F,F,F,T,T,TIE
1782777745.373,4654,75.12,75.16,75.11,75.09,high_C,low_P,C>P,C>O>M>P,F,T,T,T,T,T
1782777960.947,4655,75.16,75.12,75.11,75.1,high_O,low_P,O>P,O>C>M>P,T,T,T,T,T,T
1782778192.526,4656,75.12,74.96,75.0,75.0,high_O,low_C,O>C,TIE,T,T,T,F,F,TIE
1782778422.625,4657,74.96,74.98,74.97,75.03,high_P,low_O,P>O,P>C>M>O,F,F,F,T,F,F
1782778789.334,4658,74.98,74.85,74.96,74.98,TIE,low_C,TIE,TIE,T,T,TIE,F,F,F
1782778903.742,4659,74.85,74.77,74.82,74.84,high_O,low_C,O>C,O>P>M>C,T,T,T,F,F,F
1782779152.249,4660,74.77,74.83,74.79,74.79,high_C,low_O,C>O,TIE,F,F,F,T,T,TIE
1782779296.583,4661,74.83,74.68,74.7,74.68,high_O,TIE,TIE,TIE,T,T,T,F,TIE,T
1782779344.451,4662,74.68,74.61,74.66,74.7,high_P,low_C,P>C,P>O>M>C,T,T,F,F,F,F
1782779406.909,4663,74.61,74.54,74.59,74.59,high_O,low_C,O>C,TIE,T,T,T,F,F,TIE
1782779472.46,4664,74.54,74.48,74.52,74.54,TIE,low_C,TIE,TIE,T,T,TIE,F,F,F
1782779516.651,4665,74.48,74.4,74.46,74.47,high_O,low_C,O>C,O>P>M>C,T,T,T,F,F,F
1782779522.846,4666,74.4,74.32,74.33,74.32,high_O,TIE,TIE,TIE,T,T,T,F,TIE,T
1782779529.685,4667,74.32,74.29,74.29,74.27,high_O,low_P,O>P,TIE,T,T,T,TIE,T,T
1782779572.56,4668,74.29,74.59,74.41,74.29,high_C,TIE,TIE,TIE,F,F,TIE,T,T,T
1782779624.034,4669,74.59,74.54,74.57,74.5,high_O,low_P,O>P,O>M>C>P,T,T,T,F,T,T
1782779720.571,4670,74.54,74.45,74.49,74.5,high_O,low_C,O>C,O>P>M>C,T,T,T,F,F,F
1782779805.052,4671,74.45,74.29,74.42,74.46,high_P,low_C,P>C,P>O>M>C,T,T,F,F,F,F
1782779827.376,4672,74.29,74.25,74.27,74.3,high_P,low_C,P>C,P>O>M>C,T,T,F,F,F,F
1782779941.302,4673,74.25,74.31,74.28,74.28,high_C,low_O,C>O,TIE,F,F,F,T,T,TIE
1782780112.395,4675,74.25,74.25,74.19,74.2,TIE,low_M,TIE,TIE,TIE,T,T,T,T,F
1782780247.916,4676,74.25,74.29,74.26,74.29,TIE,low_O,TIE,TIE,F,F,F,T,TIE,F
1782780346.07,4677,74.29,74.39,74.37,74.35,high_C,low_O,C>O,C>M>P>O,F,F,F,T,T,T
1782780453.416,4678,74.39,74.36,74.4,74.38,high_M,low_C,M>C,M>O>P>C,T,F,T,F,F,T
1782780593.957,4679,74.36,74.41,74.41,74.41,TIE,low_O,TIE,TIE,F,F,F,TIE,TIE,TIE
1782780612.067,4680,74.41,74.62,74.53,74.55,high_C,low_O,C>O,C>P>M>O,F,F,F,T,T,F
1782780682.748,4681,74.62,74.42,74.35,74.33,high_O,low_P,O>P,O>C>M>P,T,T,T,T,T,T
1782780842.883,4682,74.42,74.48,74.47,74.47,high_C,low_O,C>O,TIE,F,F,F,T,T,TIE
1782781024.169,4683,74.47,74.37,74.45,74.45,high_O,low_C,O>C,TIE,T,T,T,F,F,TIE
1782781314.839,4684,74.37,74.29,74.4,74.41,high_P,low_C,P>C,P>M>O>C,T,F,F,F,F,F
1782781390.22,4685,74.29,74.23,74.32,74.32,TIE,low_C,TIE,TIE,T,F,F,F,F,TIE
1782781577.82,4686,74.23,74.27,74.27,74.23,TIE,TIE,TIE,TIE,F,F,TIE,TIE,T,T
1782781708.83,4687,74.27,74.21,74.29,74.31,high_P,low_C,P>C,P>M>O>C,T,F,F,F,F,F
1782781896.182,4688,74.21,74.1,74.14,74.14,high_O,low_C,O>C,TIE,T,T,T,F,F,TIE
1782781906.513,4689,74.1,74.02,74.06,74.05,high_O,low_C,O>C,O>M>P>C,T,T,T,F,F,T
1782781995.208,4690,74.02,74.04,74.05,74.02,high_M,TIE,TIE,TIE,F,F,TIE,F,T,T
1782782141.477,4691,74.04,74.17,74.08,74.06,high_C,low_O,C>O,C>M>P>O,F,F,F,T,T,T
1782782336.866,4692,74.17,74.33,74.26,74.21,high_C,low_O,C>O,C>M>P>O,F,F,F,T,T,T
1782782474.014,4693,74.33,74.3,74.36,74.36,TIE,low_C,TIE,TIE,T,F,F,F,F,TIE
1782782714.014,4694,74.3,74.34,74.29,74.25,high_C,low_P,C>P,C>O>M>P,F,T,T,T,T,T
1782782761.655,4695,74.34,74.42,74.36,74.34,high_C,TIE,TIE,TIE,F,F,TIE,T,T,T
1782782803.31,4696,74.42,74.55,74.53,74.5,high_C,low_O,C>O,C>M>P>O,F,F,F,T,T,T
1782782901.151,4697,74.55,74.6,74.59,74.61,high_P,low_O,P>O,P>C>M>O,F,F,F,T,F,F
1782783119.61,4698,74.6,74.59,74.6,74.62,high_P,low_C,P>C,TIE,T,TIE,F,F,F,F
1782783451.364,4699,74.59,74.41,74.52,74.47,high_O,low_C,O>C,O>M>P>C,T,T,T,F,F,T
1782783655.148,4700,74.41,74.26,74.32,74.32,high_O,low_C,O>C,TIE,T,T,T,F,F,TIE
1782783854.306,4701,74.26,74.3,74.23,74.28,high_C,low_M,C>M,C>P>O>M,F,T,F,T,T,F
1782784306.958,4702,74.3,74.36,74.31,74.34,high_C,low_O,C>O,C>P>M>O,F,F,F,T,T,F
1782784720.18,4703,74.36,74.4,74.35,74.34,high_C,low_P,C>P,C>O>M>P,F,T,T,T,T,T
1782785060.076,4704,74.4,74.21,74.29,74.28,high_O,low_C,O>C,O>M>P>C,T,T,T,F,F,T
1782785465.314,4705,74.21,74.17,74.22,74.22,TIE,low_C,TIE,TIE,T,F,F,F,F,TIE
1782785520.119,4706,74.17,74.12,74.15,74.17,TIE,low_C,TIE,TIE,T,T,TIE,F,F,F
1782785684.358,4707,74.12,74.07,74.08,74.1,high_O,low_C,O>C,O>P>M>C,T,T,T,F,F,F
1782786022.336,4708,74.07,74.15,74.08,74.07,high_C,TIE,TIE,TIE,F,F,TIE,T,T,T
1782786322.21,4709,74.15,74.26,74.21,74.12,high_C,low_P,C>P,C>M>O>P,F,F,T,T,T,T
1782786726.882,4710,74.26,74.27,74.29,74.3,high_P,low_O,P>O,P>M>C>O,F,F,F,F,F,F
1782786894.02,4711,74.27,74.22,74.21,74.2,high_O,low_P,O>P,O>C>M>P,T,T,T,T,T,T
1782787213.93,4712,74.22,74.46,74.32,74.23,high_C,low_O,C>O,C>M>P>O,F,F,F,T,T,T
1782787512.819,4713,74.46,74.58,74.48,74.47,high_C,low_O,C>O,C>M>P>O,F,F,F,T,T,T
1782787682.417,4714,74.58,74.71,74.61,74.59,high_C,low_O,C>O,C>M>P>O,F,F,F,T,T,T
1782787860.757,4715,74.71,74.73,74.73,74.73,TIE,low_O,TIE,TIE,F,F,F,TIE,TIE,TIE
1782788299.843,4716,74.73,74.61,74.7,74.73,TIE,low_C,TIE,TIE,T,T,TIE,F,F,F
1782788681.583,4717,74.61,74.62,74.58,74.56,high_C,low_P,C>P,C>O>M>P,F,T,T,T,T,T
1782789034.754,4718,74.62,74.63,74.64,74.61,high_M,low_P,M>P,M>C>O>P,F,F,T,F,T,T
1782789492.383,4719,74.63,74.75,74.66,74.65,high_C,low_O,C>O,C>M>P>O,F,F,F,T,T,T
1782789651.707,4720,74.75,74.84,74.84,74.85,high_P,low_O,P>O,TIE,F,F,F,TIE,F,F
1782789901.988,4721,74.84,74.49,74.77,74.81,high_O,low_C,O>C,O>P>M>C,T,T,T,F,F,F
1782790384.285,4722,74.49,74.52,74.54,74.54,TIE,low_O,TIE,TIE,F,F,F,F,F,TIE
1782790489.112,4723,74.52,74.34,74.34,74.32,high_O,low_P,O>P,TIE,T,T,T,TIE,T,T
1782790739.798,4724,74.34,74.48,74.35,74.35,high_C,low_O,C>O,TIE,F,F,F,T,T,TIE
1782791163.832,4725,74.48,74.39,74.43,74.4,high_O,low_C,O>C,O>M>P>C,T,T,T,F,F,T
1782791586.405,4726,74.39,74.3,74.32,74.33,high_O,low_C,O>C,O>P>M>C,T,T,T,F,F,F
1782791743.08,4727,74.3,74.11,74.17,74.21,high_O,low_C,O>C,O>P>M>C,T,T,T,F,F,F
1782792045.808,4728,74.11,74.15,74.16,74.19,high_P,low_O,P>O,P>M>C>O,F,F,F,F,F,F
1782792195.982,4729,74.15,74.13,74.16,74.16,TIE,low_C,TIE,TIE,T,F,F,F,F,TIE
1782792288.229,4730,74.13,74.07,74.11,74.1,high_O,low_C,O>C,O>M>P>C,T,T,T,F,F,T
1782792313.078,4731,74.07,73.99,74.0,74.0,high_O,low_C,O>C,TIE,T,T,T,F,F,TIE
1782792448.978,4732,73.99,74.04,74.0,74.0,high_C,low_O,C>O,TIE,F,F,F,T,T,TIE
1782792512.204,4733,74.04,74.0,74.03,74.03,high_O,low_C,O>C,TIE,T,T,T,F,F,TIE
1782792559.04,4734,74.0,73.93,73.92,73.9,high_O,low_P,O>P,O>C>M>P,T,T,T,T,T,T
1782792620.802,4735,73.93,73.79,73.89,73.9,high_O,low_C,O>C,O>P>M>C,T,T,T,F,F,F
1782792636.103,4736,73.79,73.77,73.76,73.77,high_O,low_M,O>M,TIE,T,T,T,T,TIE,F
1782792766.101,4737,73.77,74.03,73.87,73.81,high_C,low_O,C>O,C>M>P>O,F,F,F,T,T,T
1782792818.986,4738,74.03,74.14,74.11,74.11,high_C,low_O,C>O,TIE,F,F,F,T,T,TIE
1782792887.477,4739,74.14,74.11,74.11,74.11,high_O,TIE,TIE,TIE,T,T,T,TIE,TIE,TIE
1782793015.177,4740,74.11,73.87,74.06,74.01,high_O,low_C,O>C,O>M>P>C,T,T,T,F,F,T
1782793091.235,4741,73.87,73.77,73.82,73.8,high_O,low_C,O>C,O>M>P>C,T,T,T,F,F,T
1782793171.068,4742,73.77,73.71,73.73,73.73,high_O,low_C,O>C,TIE,T,T,T,F,F,TIE
1782793208.487,4743,73.71,73.7,73.73,73.73,TIE,low_C,TIE,TIE,T,F,F,F,F,TIE
1782793272.527,4744,73.7,73.78,73.7,73.68,high_C,low_P,C>P,TIE,F,TIE,T,T,T,T
1782793343.484,4745,73.78,73.81,73.79,73.78,high_C,TIE,TIE,TIE,F,F,TIE,T,T,T
1782793438.49,4746,73.81,73.9,73.84,73.84,high_C,low_O,C>O,TIE,F,F,F,T,T,TIE
1782793473.066,4747,73.9,73.67,73.78,73.86,high_O,low_C,O>C,O>P>M>C,T,T,T,F,F,F
1782793723.75,4748,73.67,73.89,73.8,73.68,high_C,low_O,C>O,C>M>P>O,F,F,F,T,T,T
1782794020.095,4749,73.89,74.02,73.97,74.0,high_C,low_O,C>O,C>P>M>O,F,F,F,T,T,F
1782794234.526,4750,74.02,74.08,74.08,74.11,high_P,low_O,P>O,TIE,F,F,F,TIE,F,F
1782794561.117,4751,74.08,73.96,74.03,74.08,TIE,low_C,TIE,TIE,T,T,TIE,F,F,F
1782794845.478,4752,73.96,73.97,73.98,73.97,high_M,low_O,M>O,TIE,F,F,F,F,TIE,T
1782795279.427,4753,73.97,73.98,74.0,74.0,TIE,low_O,TIE,TIE,F,F,F,F,F,TIE
1782795769.881,4754,73.98,74.12,74.02,74.0,high_C,low_O,C>O,C>M>P>O,F,F,F,T,T,T
1782796061.217,4755,74.12,74.05,74.03,74.01,high_O,low_P,O>P,O>C>M>P,T,T,T,T,T,T
1782796414.181,4756,74.05,73.93,74.01,73.95,high_O,low_C,O>C,O>M>P>C,T,T,T,F,F,T
1782796719.917,4757,73.93,73.87,73.94,73.89,high_M,low_C,M>C,M>O>P>C,T,F,T,F,F,T
1782797057.096,4758,73.87,74.0,73.91,73.86,high_C,low_P,C>P,C>M>O>P,F,F,T,T,T,T
1782797343.641,4759,74.0,73.93,73.98,74.03,high_P,low_C,P>C,P>O>M>C,T,T,F,F,F,F
1782797585.232,4760,73.93,73.91,73.92,73.91,high_O,TIE,TIE,TIE,T,T,T,F,TIE,T
1782797908.462,4761,73.91,73.96,73.89,73.89,high_C,TIE,TIE,TIE,F,T,T,T,T,TIE
1782798067.632,4762,73.96,74.12,74.04,74.03,high_C,low_O,C>O,C>M>P>O,F,F,F,T,T,T
1782798245.009,4763,74.12,74.11,74.13,74.13,TIE,low_C,TIE,TIE,T,F,F,F,F,TIE
1782798555.894,4764,74.11,74.12,74.12,74.13,high_P,low_O,P>O,TIE,F,F,F,TIE,F,F
1782798930.556,4765,74.12,74.15,74.12,74.12,high_C,TIE,TIE,TIE,F,TIE,TIE,T,T,TIE
1782799094.776,4766,74.15,74.17,74.16,74.16,high_C,low_O,C>O,TIE,F,F,F,T,T,TIE
1782799389.177,4767,74.17,74.12,74.17,74.17,TIE,low_C,TIE,TIE,T,TIE,TIE,F,F,TIE
1782799733.651,4768,74.12,74.04,74.09,74.1,high_O,low_C,O>C,O>P>M>C,T,T,T,F,F,F
1782799958.599,4769,74.04,73.97,74.0,74.0,high_O,low_C,O>C,TIE,T,T,T,F,F,TIE
1782800347.209,4770,73.97,73.94,73.96,73.94,high_O,TIE,TIE,TIE,T,T,T,F,TIE,T
1782800484.831,4771,73.94,73.92,73.89,73.89,high_O,TIE,TIE,TIE,T,T,T,T,T,TIE
1782800813.385,4772,73.92,73.99,73.98,73.98,high_C,low_O,C>O,TIE,F,F,F,T,T,TIE
1782801003.891,4773,73.99,74.2,74.17,74.19,high_C,low_O,C>O,C>P>M>O,F,F,F,T,T,F
1782801174.328,4774,74.2,74.19,74.16,74.14,high_O,low_P,O>P,O>C>M>P,T,T,T,T,T,T
1782801384.468,4775,74.19,74.09,74.08,74.13,high_O,low_M,O>M,O>P>C>M,T,T,T,T,F,F
1782801575.968,4776,74.09,74.1,74.1,74.1,TIE,low_O,TIE,TIE,F,F,F,TIE,TIE,TIE
1782802089.357,4777,74.1,74.14,74.08,74.09,high_C,low_M,C>M,C>O>P>M,F,T,T,T,T,F
1782802668.769,4778,74.14,74.1,74.12,74.1,high_O,TIE,TIE,TIE,T,T,T,F,TIE,T
1782802916.487,4779,74.1,74.15,74.11,74.12,high_C,low_O,C>O,C>P>M>O,F,F,F,T,T,F
1782803016.512,4780,74.15,74.19,74.18,74.19,TIE,low_O,TIE,TIE,F,F,F,T,TIE,F
1782803283.568,4781,74.19,74.01,74.11,74.19,TIE,low_C,TIE,TIE,T,T,TIE,F,F,F
1782803432.583,4782,74.01,73.87,73.9,73.89,high_O,low_C,O>C,O>M>P>C,T,T,T,F,F,T
1782803492.324,4783,73.87,73.86,73.82,73.82,high_O,TIE,TIE,TIE,T,T,T,T,T,TIE
1782803732.276,4784,73.86,73.94,73.89,73.85,high_C,low_P,C>P,C>M>O>P,F,F,T,T,T,T
1782804022.131,4785,73.94,73.88,73.96,73.99,high_P,low_C,P>C,P>M>O>C,T,F,F,F,F,F
1782804443.601,4786,73.88,73.98,73.91,73.88,high_C,TIE,TIE,TIE,F,F,TIE,T,T,T
1782804803.831,4787,73.98,73.91,73.92,73.89,high_O,low_P,O>P,O>M>C>P,T,T,T,F,T,T
1782805166.775,4788,73.91,74.02,74.0,74.0,high_C,low_O,C>O,TIE,F,F,F,T,T,TIE
1782805408.798,4789,74.02,74.05,74.03,74.03,high_C,low_O,C>O,TIE,F,F,F,T,T,TIE
1782805686.846,4790,74.05,74.13,74.04,74.06,high_C,low_M,C>M,C>P>O>M,F,T,F,T,T,F
1782806097.429,4792,74.08,74.08,74.06,74.06,TIE,TIE,TIE,TIE,TIE,T,T,T,T,TIE
1782806481.384,4793,74.08,74.1,74.13,74.13,TIE,low_O,TIE,TIE,F,F,F,F,F,TIE
1782806661.818,4794,74.1,74.06,74.07,74.07,high_O,low_C,O>C,TIE,T,T,T,F,F,TIE
1782807225.287,4796,74.01,74.01,74.01,74.0,TIE,low_P,TIE,TIE,TIE,TIE,T,TIE,T,T
1782807291.619,4797,74.01,73.89,73.9,73.89,high_O,TIE,TIE,TIE,T,T,T,F,TIE,T
1782807403.708,4798,73.89,73.91,73.86,73.86,high_C,TIE,TIE,TIE,F,T,T,T,T,TIE
1782807718.726,4799,73.91,73.95,73.9,73.9,high_C,TIE,TIE,TIE,F,T,T,T,T,TIE
1782808257.393,4800,73.95,74.0,73.96,73.95,high_C,TIE,TIE,TIE,F,F,TIE,T,T,T
1782808451.998,4801,74.0,73.83,73.88,73.86,high_O,low_C,O>C,O>M>P>C,T,T,T,F,F,T
1782808552.23,4802,73.83,73.71,73.82,73.85,high_P,low_C,P>C,P>O>M>C,T,T,F,F,F,F
1782808566.411,4803,73.71,73.7,73.68,73.67,high_O,low_P,O>P,O>C>M>P,T,T,T,T,T,T
1782808575.875,4804,73.7,73.57,73.6,73.6,high_O,low_C,O>C,TIE,T,T,T,F,F,TIE
1782808577.081,4805,73.57,73.56,73.51,73.5,high_O,low_P,O>P,O>C>M>P,T,T,T,T,T,T
1782808578.559,4806,73.56,73.5,73.5,73.51,high_O,TIE,TIE,TIE,T,T,T,TIE,F,F
1782808582.369,4807,73.5,73.52,73.47,73.46,high_C,low_P,C>P,C>O>M>P,F,T,T,T,T,T
1782808606.222,4808,73.52,73.56,73.54,73.54,high_C,low_O,C>O,TIE,F,F,F,T,T,TIE
1782808613.94,4809,73.56,73.4,73.51,73.4,high_O,TIE,TIE,TIE,T,T,T,F,TIE,T
1782808617.709,4810,73.4,73.41,73.4,73.4,high_C,TIE,TIE,TIE,F,TIE,TIE,T,T,TIE
1782808628.388,4811,73.41,73.5,73.46,73.46,high_C,low_O,C>O,TIE,F,F,F,T,T,TIE
1782808653.992,4812,73.5,73.54,73.49,73.5,high_C,low_M,C>M,TIE,F,T,TIE,T,T,F
1782808697.255,4813,73.54,73.48,73.5,73.5,high_O,low_C,O>C,TIE,T,T,T,F,F,TIE
1782808739.551,4814,73.48,73.54,73.48,73.47,high_C,low_P,C>P,TIE,F,TIE,T,T,T,T
1782808801.053,4815,73.54,73.46,73.47,73.47,high_O,low_C,O>C,TIE,T,T,T,F,F,TIE
1782808871.423,4816,73.46,73.55,73.48,73.45,high_C,low_P,C>P,C>M>O>P,F,F,T,T,T,T
1782808900.992,4817,73.55,73.52,73.51,73.51,high_O,TIE,TIE,TIE,T,T,T,T,T,TIE
1782808989.492,4818,73.52,73.53,73.5,73.5,high_C,TIE,TIE,TIE,F,T,T,T,T,TIE
1782809018.947,4819,73.53,73.54,73.55,73.55,TIE,low_O,TIE,TIE,F,F,F,F,F,TIE
1782809137.307,4820,73.54,73.4,73.54,73.58,high_P,low_C,P>C,TIE,T,TIE,F,F,F,F
1782809142.171,4821,73.4,73.35,73.35,73.36,high_O,TIE,TIE,TIE,T,T,T,TIE,F,F
1782809175.015,4822,73.35,73.37,73.35,73.36,high_C,TIE,TIE,TIE,F,TIE,F,T,T,F
1782809229.436,4823,73.37,73.33,73.34,73.36,high_O,low_C,O>C,O>P>M>C,T,T,T,F,F,F
1782809298.268,4824,73.33,73.35,73.31,73.3,high_C,low_P,C>P,C>O>M>P,F,T,T,T,T,T
1782809370.226,4825,73.35,73.3,73.33,73.3,high_O,TIE,TIE,TIE,T,T,T,F,TIE,T
1782809398.971,4826,73.3,73.4,73.33,73.3,high_C,TIE,TIE,TIE,F,F,TIE,T,T,T
1782809399.311,4827,73.4,73.44,73.48,73.51,high_P,low_O,P>O,P>M>C>O,F,F,F,F,F,F
1782809401.166,4828,73.44,73.43,73.4,73.41,high_O,low_M,O>M,O>C>P>M,T,T,T,T,T,F
1782809454.724,4829,73.43,73.37,73.38,73.39,high_O,low_C,O>C,O>P>M>C,T,T,T,F,F,F
1782809520.353,4830,73.37,73.33,73.31,73.31,high_O,TIE,TIE,TIE,T,T,T,T,T,TIE
1782809640.25,4831,73.33,73.43,73.43,73.45,high_P,low_O,P>O,TIE,F,F,F,TIE,F,F
1782809729.836,4832,73.43,73.54,73.54,73.55,high_P,low_O,P>O,TIE,F,F,F,TIE,F,F
1782809944.812,4833,73.54,73.63,73.52,73.52,high_C,TIE,TIE,TIE,F,T,T,T,T,TIE
1782810062.774,4834,73.63,73.65,73.6,73.6,high_C,TIE,TIE,TIE,F,T,T,T,T,TIE
1782810179.072,4835,73.65,73.72,73.65,73.56,high_C,low_P,C>P,TIE,F,TIE,T,T,T,T
1782810240.419,4836,73.72,73.7,73.72,73.72,TIE,low_C,TIE,TIE,T,TIE,TIE,F,F,TIE
1782810364.409,4837,73.7,73.68,73.71,73.72,high_P,low_C,P>C,P>M>O>C,T,F,F,F,F,F
1782810505.45,4838,73.68,73.57,73.64,73.65,high_O,low_C,O>C,O>P>M>C,T,T,T,F,F,F
1782810678.515,4839,73.57,73.67,73.6,73.62,high_C,low_O,C>O,C>P>M>O,F,F,F,T,T,F
1782810879.217,4840,73.67,73.76,73.74,73.75,high_C,low_O,C>O,C>P>M>O,F,F,F,T,T,F
1782811028.228,4841,73.76,73.64,73.77,73.79,high_P,low_C,P>C,P>M>O>C,T,F,F,F,F,F
1782811280.355,4842,73.64,73.72,73.64,73.64,high_C,TIE,TIE,TIE,F,TIE,TIE,T,T,TIE
1782811280.357,4843,73.72,73.62,73.66,73.69,high_O,low_C,O>C,O>P>M>C,T,T,T,F,F,F
1782811316.964,4844,73.62,73.63,73.59,73.57,high_C,low_P,C>P,C>O>M>P,F,T,T,T,T,T
1782811529.026,4845,73.63,73.67,73.63,73.63,high_C,TIE,TIE,TIE,F,TIE,TIE,T,T,TIE
1782811847.012,4846,73.67,73.58,73.62,73.66,high_O,low_C,O>C,O>P>M>C,T,T,T,F,F,F
1782812106.15,4847,73.58,73.6,73.54,73.54,high_C,TIE,TIE,TIE,F,T,T,T,T,TIE
1782812453.545,4848,73.6,73.68,73.68,73.68,TIE,low_O,TIE,TIE,F,F,F,TIE,TIE,TIE
1782812969.953,4850,73.73,73.73,73.72,73.73,TIE,low_M,TIE,TIE,TIE,T,TIE,T,TIE,F
1782813042.237,4851,73.73,73.8,73.8,73.8,TIE,low_O,TIE,TIE,F,F,F,TIE,TIE,TIE
1782813408.808,4852,73.8,73.73,73.8,73.8,TIE,low_C,TIE,TIE,T,TIE,TIE,F,F,TIE
1782813756.871,4853,73.73,73.81,73.78,73.76,high_C,low_O,C>O,C>M>P>O,F,F,F,T,T,T
1782814117.487,4854,73.81,73.84,73.78,73.73,high_C,low_P,C>P,C>O>M>P,F,T,T,T,T,T
1782814330.788,4855,73.84,73.69,73.67,73.65,high_O,low_P,O>P,O>C>M>P,T,T,T,T,T,T
1782814860.374,4856,73.69,73.67,73.74,73.75,high_P,low_C,P>C,P>M>O>C,T,F,F,F,F,F
1782815118.167,4857,73.67,73.71,73.68,73.71,TIE,low_O,TIE,TIE,F,F,F,T,TIE,F
1782815446.429,4858,73.71,73.56,73.66,73.65,high_O,low_C,O>C,O>M>P>C,T,T,T,F,F,T
1782815724.499,4859,73.56,73.59,73.57,73.57,high_C,low_O,C>O,TIE,F,F,F,T,T,TIE
1782815904.417,4860,73.59,73.5,73.5,73.51,high_O,TIE,TIE,TIE,T,T,T,TIE,F,F
1782816162.85,4861,73.5,73.59,73.56,73.56,high_C,low_O,C>O,TIE,F,F,F,T,T,TIE
1782816502.332,4862,73.59,73.65,73.59,73.59,high_C,TIE,TIE,TIE,F,TIE,TIE,T,T,TIE
1782816802.028,4863,73.65,73.66,73.66,73.65,TIE,TIE,TIE,TIE,F,F,TIE,TIE,T,T
1782817149.166,4864,73.66,73.73,73.74,73.75,high_P,low_O,P>O,P>M>C>O,F,F,F,F,F,F
1782817586.351,4865,73.73,73.7,73.66,73.62,high_O,low_P,O>P,O>C>M>P,T,T,T,T,T,T
1782818100.097,4866,73.7,73.67,73.66,73.66,high_O,TIE,TIE,TIE,T,T,T,T,T,TIE
1782818314.494,4867,73.67,73.44,73.56,73.53,high_O,low_C,O>C,O>M>P>C,T,T,T,F,F,T
1782818431.118,4868,73.44,73.43,73.42,73.42,high_O,TIE,TIE,TIE,T,T,T,T,T,TIE
1782818602.443,4869,73.43,73.42,73.4,73.38,high_O,low_P,O>P,O>C>M>P,T,T,T,T,T,T
1782818811.59,4870,73.42,73.4,73.39,73.38,high_O,low_P,O>P,O>C>M>P,T,T,T,T,T,T
1782818906.326,4871,73.4,73.42,73.4,73.4,high_C,TIE,TIE,TIE,F,TIE,TIE,T,T,TIE
1782819068.892,4872,73.42,73.39,73.41,73.41,high_O,low_C,O>C,TIE,T,T,T,F,F,TIE
1782819221.14,4873,73.39,73.34,73.36,73.39,TIE,low_C,TIE,TIE,T,T,TIE,F,F,F
1782819325.572,4874,73.34,73.45,73.35,73.44,high_C,low_O,C>O,C>P>M>O,F,F,F,T,T,F
1782819475.236,4875,73.45,73.5,73.49,73.49,high_C,low_O,C>O,TIE,F,F,F,T,T,TIE
1782819678.34,4876,73.5,73.47,73.44,73.43,high_O,low_P,O>P,O>C>M>P,T,T,T,T,T,T
1782819983.582,4877,73.47,73.59,73.53,73.52,high_C,low_O,C>O,C>M>P>O,F,F,F,T,T,T
1782820303.762,4878,73.59,73.66,73.59,73.58,high_C,low_P,C>P,TIE,F,TIE,T,T,T,T
1782820464.892,4879,73.66,73.4,73.59,73.63,high_O,low_C,O>C,O>P>M>C,T,T,T,F,F,F
1782820658.177,4880,73.4,73.32,73.33,73.33,high_O,low_C,O>C,TIE,T,T,T,F,F,TIE
1782820830.985,4881,73.32,73.34,73.35,73.35,TIE,low_O,TIE,TIE,F,F,F,F,F,TIE
1782820891.065,4882,73.34,73.27,73.3,73.3,high_O,low_C,O>C,TIE,T,T,T,F,F,TIE
1782820961.444,4883,73.27,73.21,73.23,73.22,high_O,low_C,O>C,O>M>P>C,T,T,T,F,F,T
1782821031.321,4884,73.21,73.17,73.2,73.18,high_O,low_C,O>C,O>M>P>C,T,T,T,F,F,T
1782821107.012,4885,73.17,73.13,73.16,73.17,TIE,low_C,TIE,TIE,T,T,TIE,F,F,F
1782821160.162,4886,73.13,73.16,73.12,73.12,high_C,TIE,TIE,TIE,F,T,T,T,T,TIE
1782821195.289,4887,73.16,73.04,73.08,73.05,high_O,low_C,O>C,O>M>P>C,T,T,T,F,F,T
1782821227.153,4888,73.04,73.13,73.05,73.05,high_C,low_O,C>O,TIE,F,F,F,T,T,TIE
1782821349.917,4889,73.13,73.07,73.05,73.04,high_O,low_P,O>P,O>C>M>P,T,T,T,T,T,T
1782821410.21,4890,73.07,73.02,73.02,73.0,high_O,low_P,O>P,TIE,T,T,T,TIE,T,T
1782821505.674,4891,73.02,73.08,73.07,73.11,high_P,low_O,P>O,P>C>M>O,F,F,F,T,F,F
1782821620.222,4892,73.08,72.98,73.08,73.1,high_P,low_C,P>C,TIE,T,TIE,F,F,F,F
1782821695.355,4893,72.98,72.93,72.95,72.94,high_O,low_C,O>C,O>M>P>C,T,T,T,F,F,T
1782821752.431,4894,72.93,72.96,72.94,72.93,high_C,TIE,TIE,TIE,F,F,TIE,T,T,T
1782821901.942,4895,72.96,72.99,72.95,72.95,high_C,TIE,TIE,TIE,F,T,T,T,T,TIE
1782822012.622,4896,72.99,72.87,72.94,72.89,high_O,low_C,O>C,O>M>P>C,T,T,T,F,F,T
1782822048.309,4897,72.87,72.84,72.85,72.85,high_O,low_C,O>C,TIE,T,T,T,F,F,TIE
1782822076.831,4898,72.84,72.77,72.82,72.77,high_O,TIE,TIE,TIE,T,T,T,F,TIE,T
1782822122.158,4899,72.77,72.81,72.8,72.81,TIE,low_O,TIE,TIE,F,F,F,T,TIE,F
1782822171.209,4900,72.81,72.78,72.76,72.76,high_O,TIE,TIE,TIE,T,T,T,T,T,TIE
1782822213.031,4901,72.78,72.69,72.71,72.7,high_O,low_C,O>C,O>M>P>C,T,T,T,F,F,T
1782822231.589,4902,72.69,72.6,72.65,72.65,high_O,low_C,O>C,TIE,T,T,T,F,F,TIE
1782822252.853,4903,72.6,72.57,72.59,72.59,high_O,low_C,O>C,TIE,T,T,T,F,F,TIE
1782822306.575,4904,72.57,72.58,72.59,72.6,high_P,low_O,P>O,P>M>C>O,F,F,F,F,F,F
1782822343.209,4905,72.58,72.57,72.6,72.62,high_P,low_C,P>C,P>M>O>C,T,F,F,F,F,F
1782822401.872,4906,72.57,72.6,72.59,72.59,high_C,low_O,C>O,TIE,F,F,F,T,T,TIE
1782822470.413,4907,72.6,72.75,72.67,72.67,high_C,low_O,C>O,TIE,F,F,F,T,T,TIE
1782822602.605,4908,72.75,72.62,72.67,72.67,high_O,low_C,O>C,TIE,T,T,T,F,F,TIE
1782822698.242,4909,72.62,72.68,72.65,72.63,high_C,low_O,C>O,C>M>P>O,F,F,F,T,T,T
1782822817.48,4910,72.68,72.5,72.62,72.55,high_O,low_C,O>C,O>M>P>C,T,T,T,F,F,T
1782822823.175,4911,72.5,72.51,72.51,72.47,TIE,low_P,TIE,TIE,F,F,T,TIE,T,T
1782822860.478,4912,72.51,72.48,72.47,72.47,high_O,TIE,TIE,TIE,T,T,T,T,T,TIE
1782822942.623,4913,72.48,72.51,72.47,72.48,high_C,low_M,C>M,TIE,F,T,TIE,T,T,F
1782823074.938,4914,72.51,72.42,72.49,72.48,high_O,low_C,O>C,O>M>P>C,T,T,T,F,F,T
1782823184.939,4915,72.42,72.41,72.42,72.41,TIE,TIE,TIE,TIE,T,TIE,T,F,TIE,T
1782823238.995,4916,72.41,72.51,72.43,72.37,high_C,low_P,C>P,C>M>O>P,F,F,T,T,T,T
1782823430.607,4917,72.51,72.55,72.51,72.51,high_C,TIE,TIE,TIE,F,TIE,TIE,T,T,TIE
1782823588.244,4918,72.55,72.35,72.45,72.37,high_O,low_C,O>C,O>M>P>C,T,T,T,F,F,T
1782823639.545,4919,72.35,72.28,72.32,72.3,high_O,low_C,O>C,O>M>P>C,T,T,T,F,F,T
1782823695.233,4920,72.28,72.27,72.27,72.27,high_O,TIE,TIE,TIE,T,T,T,TIE,TIE,TIE
1782823784.735,4921,72.27,72.24,72.25,72.25,high_O,low_C,O>C,TIE,T,T,T,F,F,TIE
1782823860.174,4922,72.24,72.3,72.25,72.25,high_C,low_O,C>O,TIE,F,F,F,T,T,TIE
1782823963.092,4923,72.3,72.27,72.27,72.25,high_O,low_P,O>P,TIE,T,T,T,TIE,T,T
1782824125.002,4924,72.27,72.3,72.29,72.29,high_C,low_O,C>O,TIE,F,F,F,T,T,TIE
1782824182.931,4925,72.3,72.19,72.22,72.3,TIE,low_C,TIE,TIE,T,T,TIE,F,F,F
1782824258.753,4926,72.19,72.21,72.19,72.17,high_C,low_P,C>P,TIE,F,TIE,T,T,T,T
1782824310.489,4927,72.21,72.13,72.15,72.14,high_O,low_C,O>C,O>M>P>C,T,T,T,F,F,T
1782824363.846,4928,72.13,72.15,72.13,72.13,high_C,TIE,TIE,TIE,F,TIE,TIE,T,T,TIE
1782824396.713,4929,72.15,72.04,72.09,72.06,high_O,low_C,O>C,O>M>P>C,T,T,T,F,F,T
1782824435.4,4930,72.04,72.16,72.08,72.08,high_C,low_O,C>O,TIE,F,F,F,T,T,TIE
1782824480.896,4931,72.16,72.08,72.2,72.24,high_P,low_C,P>C,P>M>O>C,T,F,F,F,F,F
1782824521.546,4932,72.08,72.22,72.17,72.05,high_C,low_P,C>P,C>M>O>P,F,F,T,T,T,T
1782824574.009,4933,72.22,72.0,72.14,72.0,high_O,TIE,TIE,TIE,T,T,T,F,TIE,T
1782824580.96,4934,72.0,71.97,71.97,71.96,high_O,low_P,O>P,TIE,T,T,T,TIE,T,T
1782824620.507,4935,71.97,72.0,71.91,71.86,high_C,low_P,C>P,C>O>M>P,F,T,T,T,T,T
1782824697.822,4936,72.0,72.15,72.08,72.12,high_C,low_O,C>O,C>P>M>O,F,F,F,T,T,F
1782824790.872,4937,72.15,72.3,72.16,72.16,high_C,low_O,C>O,TIE,F,F,F,T,T,TIE
1782824907.544,4939,72.32,72.32,72.32,72.31,TIE,low_P,TIE,TIE,TIE,TIE,T,TIE,T,T
1782824980.004,4940,72.32,72.44,72.37,72.44,TIE,low_O,TIE,TIE,F,F,F,T,TIE,F
1782825101.546,4941,72.44,72.37,72.4,72.38,high_O,low_C,O>C,O>M>P>C,T,T,T,F,F,T
1782825167.195,4942,72.37,72.26,72.36,72.37,TIE,low_C,TIE,TIE,T,T,TIE,F,F,F
1782825316.636,4943,72.26,72.39,72.29,72.27,high_C,low_O,C>O,C>M>P>O,F,F,F,T,T,T
1782825384.933,4944,72.39,72.52,72.45,72.42,high_C,low_O,C>O,C>M>P>O,F,F,F,T,T,T
1782825540.139,4945,72.52,72.54,72.52,72.53,high_C,TIE,TIE,TIE,F,TIE,F,T,T,F
1782825750.368,4946,72.54,72.5,72.51,72.52,high_O,low_C,O>C,O>P>M>C,T,T,T,F,F,F
1782825939.633,4947,72.5,72.53,72.48,72.5,high_C,low_M,C>M,TIE,F,T,TIE,T,T,F
1782826205.137,4948,72.53,72.6,72.52,72.53,high_C,low_M,C>M,TIE,F,T,TIE,T,T,F
1782826249.456,4949,72.6,72.74,72.68,72.69,high_C,low_O,C>O,C>P>M>O,F,F,F,T,T,F
1782826258.096,4950,72.74,72.54,72.63,72.64,high_O,low_C,O>C,O>P>M>C,T,T,T,F,F,F
1782826319.148,4951,72.54,72.53,72.71,72.7,high_M,low_C,M>C,M>P>O>C,T,F,F,F,F,T
1782826341.635,4952,72.53,72.27,72.35,72.33,high_O,low_C,O>C,O>M>P>C,T,T,T,F,F,T
1782826348.529,4953,72.27,72.09,72.17,72.2,high_O,low_C,O>C,O>P>M>C,T,T,T,F,F,F
1782826364.037,4954,72.09,72.18,72.18,72.2,high_P,low_O,P>O,TIE,F,F,F,TIE,F,F
1782826426.411,4955,72.18,72.15,72.17,72.18,TIE,low_C,TIE,TIE,T,T,TIE,F,F,F
1782826484.593,4956,72.15,72.01,72.07,72.02,high_O,low_C,O>C,O>M>P>C,T,T,T,F,F,T
1782826537.645,4957,72.01,72.06,72.07,72.0,high_M,low_P,M>P,M>C>O>P,F,F,T,F,T,T
1782826633.119,4958,72.06,72.03,72.1,72.12,high_P,low_C,P>C,P>M>O>C,T,F,F,F,F,F
1782826788.12,4959,72.03,72.11,72.06,72.0,high_C,low_P,C>P,C>M>O>P,F,F,T,T,T,T
1782826839.203,4960,72.11,72.49,72.34,72.12,high_C,low_O,C>O,C>M>P>O,F,F,F,T,T,T
1782826928.822,4961,72.49,72.36,72.41,72.41,high_O,low_C,O>C,TIE,T,T,T,F,F,TIE
1782827118.497,4962,72.36,72.42,72.35,72.34,high_C,low_P,C>P,C>O>M>P,F,T,T,T,T,T
1782827294.54,4963,72.42,72.33,72.4,72.47,high_P,low_C,P>C,P>O>M>C,T,T,F,F,F,F
1782827473.022,4964,72.33,72.61,72.46,72.48,high_C,low_O,C>O,C>P>M>O,F,F,F,T,T,F
1782827483.885,4965,72.61,72.71,72.78,72.81,high_P,low_O,P>O,P>M>C>O,F,F,F,F,F,F
1782827541.705,4966,72.71,72.74,72.66,72.64,high_C,low_P,C>P,C>O>M>P,F,T,T,T,T,T
1782827597.225,4967,72.74,72.77,72.72,72.73,high_C,low_M,C>M,C>O>P>M,F,T,T,T,T,F
1782827649.988,4968,72.77,72.69,72.72,72.71,high_O,low_C,O>C,O>M>P>C,T,T,T,F,F,T
1782827751.831,4969,72.69,72.77,72.71,72.7,high_C,low_O,C>O,C>M>P>O,F,F,F,T,T,T
1782827950.705,4970,72.77,72.85,72.73,72.73,high_C,TIE,TIE,TIE,F,T,T,T,T,TIE
1782828021.279,4971,72.85,72.8,72.85,72.88,high_P,low_C,P>C,TIE,T,TIE,F,F,F,F
1782828103.288,4972,72.8,73.02,72.87,72.85,high_C,low_O,C>O,C>M>P>O,F,F,F,T,T,T
1782828114.854,4973,73.02,73.24,73.14,73.17,high_C,low_O,C>O,C>P>M>O,F,F,F,T,T,F
1782828121.633,4974,73.24,73.38,73.41,73.45,high_P,low_O,P>O,P>M>C>O,F,F,F,F,F,F
1782828138.276,4975,73.38,73.39,73.41,73.45,high_P,low_O,P>O,P>M>C>O,F,F,F,F,F,F
1782828156.512,4976,73.39,73.43,73.43,73.43,TIE,low_O,TIE,TIE,F,F,F,TIE,TIE,TIE
1782828187.487,4977,73.43,73.5,73.53,73.55,high_P,low_O,P>O,P>M>C>O,F,F,F,F,F,F
1782828211.968,4978,73.5,73.29,73.38,73.27,high_O,low_P,O>P,O>M>C>P,T,T,T,F,T,T
1782828266.628,4979,73.29,73.4,73.41,73.31,high_M,low_O,M>O,M>C>P>O,F,F,F,F,T,T
1782828326.11,4980,73.4,73.29,73.33,73.4,TIE,low_C,TIE,TIE,T,T,TIE,F,F,F
1782828396.05,4981,73.29,73.32,73.27,73.33,high_P,low_M,P>M,P>C>O>M,F,T,F,T,F,F
1782828497.584,4982,73.32,73.38,73.34,73.32,high_C,TIE,TIE,TIE,F,F,TIE,T,T,T
1782828624.452,4983,73.38,73.34,73.37,73.37,high_O,low_C,O>C,TIE,T,T,T,F,F,TIE
1782828751.448,4984,73.34,73.28,73.3,73.22,high_O,low_P,O>P,O>M>C>P,T,T,T,F,T,T
1782828908.657,4985,73.28,73.39,73.36,73.39,TIE,low_O,TIE,TIE,F,F,F,T,TIE,F
1782829052.577,4986,73.39,73.3,73.31,73.3,high_O,TIE,TIE,TIE,T,T,T,F,TIE,T
1782829307.364,4987,73.3,73.4,73.3,73.3,high_C,TIE,TIE,TIE,F,TIE,TIE,T,T,TIE
1782829394.874,4988,73.4,73.58,73.49,73.49,high_C,low_O,C>O,TIE,F,F,F,T,T,TIE
1782829439.612,4989,73.58,73.65,73.64,73.63,high_C,low_O,C>O,C>M>P>O,F,F,F,T,T,T
1782829592.879,4990,73.65,73.55,73.57,73.55,high_O,TIE,TIE,TIE,T,T,T,F,TIE,T
1782829707.843,4991,73.55,73.7,73.7,73.6,TIE,low_O,TIE,TIE,F,F,F,TIE,T,T
1782829850.872,4992,73.7,73.78,73.76,73.7,high_C,TIE,TIE,TIE,F,F,TIE,T,T,T
1782829954.843,4993,73.78,73.57,73.63,73.62,high_O,low_C,O>C,O>M>P>C,T,T,T,F,F,T
1782830104.965,4994,73.57,73.76,73.69,73.66,high_C,low_O,C>O,C>M>P>O,F,F,F,T,T,T
1782830231.075,4995,73.76,73.42,73.55,73.54,high_O,low_C,O>C,O>M>P>C,T,T,T,F,F,T
1782830312.083,4996,73.42,73.35,73.41,73.4,high_O,low_C,O>C,O>M>P>C,T,T,T,F,F,T
1782830347.011,4997,73.35,73.16,73.24,73.25,high_O,low_C,O>C,O>P>M>C,T,T,T,F,F,F
1782830508.401,4998,73.16,73.26,73.24,73.26,TIE,low_O,TIE,TIE,F,F,F,T,TIE,F
1782830677.919,4999,73.26,73.51,73.42,73.45,high_C,low_O,C>O,C>P>M>O,F,F,F,T,T,F
1782830846.068,5000,73.51,73.28,73.39,73.28,high_O,TIE,TIE,TIE,T,T,T,F,TIE,T
1782830995.125,5001,73.28,73.05,73.12,73.08,high_O,low_C,O>C,O>M>P>C,T,T,T,F,F,T
1782831064.402,5002,73.05,72.93,73.0,73.0,high_O,low_C,O>C,TIE,T,T,T,F,F,TIE
1782831258.065,5003,72.93,72.87,72.97,72.95,high_M,low_C,M>C,M>P>O>C,T,F,F,F,F,T
1782831294.788,5004,72.87,72.81,72.77,72.77,high_O,TIE,TIE,TIE,T,T,T,T,T,TIE
1782831527.554,5005,72.81,72.86,72.79,72.79,high_C,TIE,TIE,TIE,F,T,T,T,T,TIE
1782831747.216,5006,72.86,73.15,73.01,72.93,high_C,low_O,C>O,C>M>P>O,F,F,F,T,T,T
1782831901.525,5007,73.15,72.7,72.77,72.77,high_O,low_C,O>C,TIE,T,T,T,F,F,TIE
1782832023.389,5008,72.7,72.72,72.64,72.64,high_C,TIE,TIE,TIE,F,T,T,T,T,TIE
1782832228.376,5009,72.72,72.83,72.82,72.81,high_C,low_O,C>O,C>M>P>O,F,F,F,T,T,T
1782832559.791,5010,72.83,72.76,72.96,73.0,high_P,low_C,P>C,P>M>O>C,T,F,F,F,F,F
1782832599.925,5011,72.76,72.86,72.75,72.66,high_C,low_P,C>P,C>O>M>P,F,T,T,T,T,T
1782832617.033,5012,72.86,72.9,72.9,72.9,TIE,low_O,TIE,TIE,F,F,F,TIE,TIE,TIE
1782832716.245,5013,72.9,72.86,72.86,72.9,TIE,TIE,TIE,TIE,T,T,TIE,TIE,F,F
1782832791.444,5014,72.86,73.04,72.84,72.87,high_C,low_M,C>M,C>P>O>M,F,T,F,T,T,F
1782832859.185,5015,73.04,73.3,73.21,73.21,high_C,low_O,C>O,TIE,F,F,F,T,T,TIE
1782832925.545,5016,73.3,73.23,73.23,73.23,high_O,TIE,TIE,TIE,T,T,T,TIE,TIE,TIE
1782833104.079,5017,73.23,73.35,73.22,73.34,high_C,low_M,C>M,C>P>O>M,F,T,F,T,T,F
1782833249.763,5018,73.35,73.33,73.34,73.34,high_O,low_C,O>C,TIE,T,T,T,F,F,TIE
1782833683.752,5019,73.33,73.44,73.25,73.31,high_C,low_M,C>M,C>O>P>M,F,T,T,T,T,F
1782834049.885,5020,73.44,73.1,73.24,73.47,high_P,low_C,P>C,P>O>M>C,T,T,F,F,F,F
1782834320.679,5021,73.1,73.34,73.28,73.33,high_C,low_O,C>O,C>P>M>O,F,F,F,T,T,F
1782834359.123,5022,73.34,73.65,73.5,73.5,high_C,low_O,C>O,TIE,F,F,F,T,T,TIE
1782834370.314,5023,73.65,73.91,73.79,73.7,high_C,low_O,C>O,C>M>P>O,F,F,F,T,T,T
1782834392.673,5024,73.91,73.81,73.99,74.0,high_P,low_C,P>C,P>M>O>C,T,F,F,F,F,F
1782834519.407,5025,73.81,73.78,73.9,73.92,high_P,low_C,P>C,P>M>O>C,T,F,F,F,F,F
1782834745.245,5026,73.78,73.55,73.67,73.55,high_O,TIE,TIE,TIE,T,T,T,F,TIE,T
1782835096.555,5027,73.55,73.28,73.46,73.47,high_O,low_C,O>C,O>P>M>C,T,T,T,F,F,F
1782835208.455,5028,73.28,73.06,73.12,73.08,high_O,low_C,O>C,O>M>P>C,T,T,T,F,F,T
1782835315.35,5029,73.06,73.2,73.11,73.06,high_C,TIE,TIE,TIE,F,F,TIE,T,T,T
1782835621.762,5030,73.2,73.56,73.27,73.11,high_C,low_P,C>P,C>M>O>P,F,F,T,T,T,T
1782835962.671,5031,73.56,73.26,73.42,73.46,high_O,low_C,O>C,O>P>M>C,T,T,T,F,F,F
1782836092.944,5032,73.26,72.91,73.06,73.06,high_O,low_C,O>C,TIE,T,T,T,F,F,TIE
1782836351.767,5033,72.91,72.94,72.9,72.99,high_P,low_M,P>M,P>C>O>M,F,T,F,T,F,F
1782836780.804,5034,72.94,72.73,72.85,72.91,high_O,low_C,O>C,O>P>M>C,T,T,T,F,F,F
1782837246.083,5035,72.73,72.8,72.8,72.8,TIE,low_O,TIE,TIE,F,F,F,TIE,TIE,TIE
1782837628.763,5036,72.8,73.21,72.96,72.93,high_C,low_O,C>O,C>M>P>O,F,F,F,T,T,T
1782838240.549,5037,73.21,73.34,73.17,73.28,high_C,low_M,C>M,C>P>O>M,F,T,F,T,T,F
1782838451.583,5038,73.34,73.5,73.45,73.5,TIE,low_O,TIE,TIE,F,F,F,T,TIE,F
1782838570.793,5039,73.5,73.66,73.6,73.61,high_C,low_O,C>O,C>P>M>O,F,F,F,T,T,F
1782839005.958,5040,73.66,73.67,73.54,73.5,high_C,low_P,C>P,C>O>M>P,F,T,T,T,T,T
1782839316.277,5041,73.67,73.8,73.68,73.65,high_C,low_P,C>P,C>M>O>P,F,F,T,T,T,T
1782839582.346,5042,73.8,73.5,73.77,73.8,TIE,low_C,TIE,TIE,T,T,TIE,F,F,F
1782839915.893,5043,73.5,73.45,73.46,73.45,high_O,TIE,TIE,TIE,T,T,T,F,TIE,T
1782841298.559,5045,73.37,73.37,73.4,73.37,high_M,TIE,TIE,TIE,TIE,F,TIE,F,TIE,T
1782841928.326,5046,73.37,73.38,73.3,73.3,high_C,TIE,TIE,TIE,F,T,T,T,T,TIE
1782842417.497,5047,73.38,73.2,73.35,73.16,high_O,low_P,O>P,O>M>C>P,T,T,T,F,T,T
1782843061.418,5048,73.2,73.24,73.2,73.2,high_C,TIE,TIE,TIE,F,TIE,TIE,T,T,TIE
1782843583.138,5049,73.24,73.69,73.45,73.45,high_C,low_O,C>O,TIE,F,F,F,T,T,TIE
1782844139.08,5050,73.69,73.38,73.45,73.32,high_O,low_P,O>P,O>M>C>P,T,T,T,F,T,T
1782844690.515,5051,73.38,73.15,73.19,73.15,high_O,TIE,TIE,TIE,T,T,T,F,TIE,T
1782844814.567,5052,73.15,73.05,72.97,72.94,high_O,low_P,O>P,O>C>M>P,T,T,T,T,T,T
1782845292.755,5053,73.05,73.56,73.34,73.5,high_C,low_O,C>O,C>P>M>O,F,F,F,T,T,F
1782845562.82,5054,73.56,73.59,73.56,73.6,high_P,TIE,TIE,TIE,F,TIE,F,T,F,F
1782846071.909,5055,73.59,73.5,73.56,73.55,high_O,low_C,O>C,O>M>P>C,T,T,T,F,F,T
1782846428.876,5056,73.5,73.55,73.52,73.45,high_C,low_P,C>P,C>M>O>P,F,F,T,T,T,T
1782847319.947,5057,73.55,73.35,73.5,73.47,high_O,low_C,O>C,O>M>P>C,T,T,T,F,F,T
1782847895.733,5058,73.35,73.65,73.41,73.38,high_C,low_O,C>O,C>M>P>O,F,F,F,T,T,T
1782848058.304,5059,73.65,73.76,73.71,73.72,high_C,low_O,C>O,C>P>M>O,F,F,F,T,T,F
1782848184.49,5060,73.76,73.81,73.89,73.92,high_P,low_O,P>O,P>M>C>O,F,F,F,F,F,F
1782848607.009,5061,73.81,73.76,73.77,73.78,high_O,low_C,O>C,O>P>M>C,T,T,T,F,F,F
1782849014.485,5062,73.76,73.55,73.66,73.8,high_P,low_C,P>C,P>O>M>C,T,T,F,F,F,F
1782849315.414,5063,73.55,73.58,73.56,73.55,high_C,TIE,TIE,TIE,F,F,TIE,T,T,T
1782849595.574,5064,73.58,73.69,73.73,73.73,TIE,low_O,TIE,TIE,F,F,F,F,F,TIE
1782849797.989,5065,73.69,73.88,73.71,73.67,high_C,low_P,C>P,C>M>O>P,F,F,T,T,T,T
1782850262.019,5066,73.88,73.86,73.79,73.78,high_O,low_P,O>P,O>C>M>P,T,T,T,T,T,T
1782850598.176,5067,73.86,73.75,73.83,73.85,high_O,low_C,O>C,O>P>M>C,T,T,T,F,F,F
1782850847.888,5068,73.75,73.55,73.69,73.66,high_O,low_C,O>C,O>M>P>C,T,T,T,F,F,T
1782851154.734,5069,73.55,73.61,73.62,73.62,TIE,low_O,TIE,TIE,F,F,F,F,F,TIE
1782851580.127,5070,73.61,73.55,73.55,73.54,high_O,low_P,O>P,TIE,T,T,T,TIE,T,T
1782852136.88,5071,73.55,73.61,73.62,73.6,high_M,low_O,M>O,M>C>P>O,F,F,F,F,T,T
1782852509.759,5072,73.61,73.79,73.77,73.85,high_P,low_O,P>O,P>C>M>O,F,F,F,T,F,F
1782852553.076,5073,73.79,73.83,73.84,73.85,high_P,low_O,P>O,P>M>C>O,F,F,F,F,F,F
1782853015.858,5074,73.83,73.67,73.64,73.6,high_O,low_P,O>P,O>C>M>P,T,T,T,T,T,T
1782853487.376,5075,73.67,73.63,73.69,73.68,high_M,low_C,M>C,M>P>O>C,T,F,F,F,F,T
1782853811.991,5076,73.63,73.55,73.61,73.54,high_O,low_P,O>P,O>M>C>P,T,T,T,F,T,T
1782853851.489,5077,73.55,73.42,73.51,73.52,high_O,low_C,O>C,O>P>M>C,T,T,T,F,F,F
1782853855.3,5078,73.42,73.37,73.4,73.38,high_O,low_C,O>C,O>M>P>C,T,T,T,F,F,T
1782853866.4,5079,73.37,73.26,73.32,73.33,high_O,low_C,O>C,O>P>M>C,T,T,T,F,F,F
1782853870.362,5080,73.26,73.15,73.2,73.25,high_O,low_C,O>C,O>P>M>C,T,T,T,F,F,F
1782853914.161,5081,73.15,73.26,73.27,73.26,high_M,low_O,M>O,TIE,F,F,F,F,TIE,T
1782854121.029,5082,73.26,73.31,73.26,73.25,high_C,low_P,C>P,TIE,F,TIE,T,T,T,T
1782854745.405,5084,73.34,73.34,73.28,73.28,TIE,TIE,TIE,TIE,TIE,T,T,T,T,TIE
1782855099.632,5085,73.34,73.44,73.3,73.29,high_C,low_P,C>P,C>O>M>P,F,T,T,T,T,T
1782855604.079,5086,73.44,73.45,73.42,73.43,high_C,low_M,C>M,C>O>P>M,F,T,T,T,T,F
1782856152.86,5087,73.45,73.27,73.39,73.44,high_O,low_C,O>C,O>P>M>C,T,T,T,F,F,F
1782856826.741,5088,73.27,73.5,73.36,73.3,high_C,low_O,C>O,C>M>P>O,F,F,F,T,T,T
1782856900.388,5089,73.5,73.56,73.54,73.56,TIE,low_O,TIE,TIE,F,F,F,T,TIE,F
1782857291.256,5090,73.56,73.64,73.62,73.6,high_C,low_O,C>O,C>M>P>O,F,F,F,T,T,T
1782857728.469,5091,73.64,73.66,73.57,73.5,high_C,low_P,C>P,C>O>M>P,F,T,T,T,T,T
1782857991.329,5092,73.66,73.68,73.66,73.7,high_P,TIE,TIE,TIE,F,TIE,F,T,F,F
1782858391.075,5093,73.68,73.56,73.67,73.59,high_O,low_C,O>C,O>M>P>C,T,T,T,F,F,T
1782858641.154,5094,73.56,73.36,73.51,73.53,high_O,low_C,O>C,O>P>M>C,T,T,T,F,F,F
1782858688.585,5095,73.36,73.28,73.37,73.36,high_M,low_C,M>C,TIE,T,F,TIE,F,F,T
1782858730.519,5096,73.28,73.25,73.29,73.27,high_M,low_C,M>C,M>O>P>C,T,F,T,F,F,T
1782858776.886,5097,73.25,73.35,73.26,73.25,high_C,TIE,TIE,TIE,F,F,TIE,T,T,T
1782858989.627,5098,73.35,73.31,73.3,73.28,high_O,low_P,O>P,O>C>M>P,T,T,T,T,T,T
1782859309.259,5099,73.31,73.43,73.41,73.41,high_C,low_O,C>O,TIE,F,F,F,T,T,TIE
1782859824.655,5100,73.43,73.39,73.39,73.37,high_O,low_P,O>P,TIE,T,T,T,TIE,T,T
1782860410.519,5101,73.39,73.42,73.36,73.35,high_C,low_P,C>P,C>O>M>P,F,T,T,T,T,T
1782860903.191,5102,73.42,73.4,73.36,73.35,high_O,low_P,O>P,O>C>M>P,T,T,T,T,T,T
1782861442.205,5103,73.4,73.44,73.38,73.4,high_C,low_M,C>M,TIE,F,T,TIE,T,T,F
1782861793.48,5104,73.44,73.52,73.47,73.5,high_C,low_O,C>O,C>P>M>O,F,F,F,T,T,F
1782862065.111,5105,73.52,73.63,73.55,73.63,TIE,low_O,TIE,TIE,F,F,F,T,TIE,F
1782862480.538,5106,73.63,73.58,73.57,73.57,high_O,TIE,TIE,TIE,T,T,T,T,T,TIE
1782862837.809,5107,73.58,73.53,73.58,73.57,TIE,low_C,TIE,TIE,T,TIE,T,F,F,T
1782863626.254,5109,73.6,73.6,73.64,73.63,high_M,TIE,TIE,TIE,TIE,F,F,F,F,T
1782864053.268,5111,73.65,73.65,73.65,73.65,TIE,TIE,TIE,TIE,TIE,TIE,TIE,TIE,TIE,TIE
1782864163.618,5112,73.65,73.64,73.66,73.66,TIE,low_C,TIE,TIE,T,F,F,F,F,TIE
1782864292.123,5113,73.64,73.63,73.59,73.59,high_O,TIE,TIE,TIE,T,T,T,T,T,TIE
1782864540.21,5114,73.63,73.69,73.68,73.69,TIE,low_O,TIE,TIE,F,F,F,T,TIE,F
1782864758.671,5115,73.69,73.63,73.65,73.65,high_O,low_C,O>C,TIE,T,T,T,F,F,TIE
1782864907.733,5116,73.63,73.73,73.71,73.73,TIE,low_O,TIE,TIE,F,F,F,T,TIE,F
1782865053.772,5117,73.73,73.67,73.71,73.8,high_P,low_C,P>C,P>O>M>C,T,T,F,F,F,F
1782865156.559,5118,73.67,73.54,73.54,73.51,high_O,low_P,O>P,TIE,T,T,T,TIE,T,T
1782865303.708,5119,73.54,73.48,73.53,73.53,high_O,low_C,O>C,TIE,T,T,T,F,F,TIE
1782865331.863,5120,73.48,73.42,73.45,73.45,high_O,low_C,O>C,TIE,T,T,T,F,F,TIE
1782865441.716,5121,73.42,73.45,73.42,73.42,high_C,TIE,TIE,TIE,F,TIE,TIE,T,T,TIE
1782865540.986,5122,73.45,73.38,73.41,73.4,high_O,low_C,O>C,O>M>P>C,T,T,T,F,F,T
1782865606.955,5123,73.38,73.35,73.37,73.39,high_P,low_C,P>C,P>O>M>C,T,T,F,F,F,F
1782865732.693,5124,73.35,73.5,73.4,73.4,high_C,low_O,C>O,TIE,F,F,F,T,T,TIE
1782865866.554,5125,73.5,73.71,73.52,73.52,high_C,low_O,C>O,TIE,F,F,F,T,T,TIE
1782865912.578,5126,73.71,73.72,73.8,73.84,high_P,low_O,P>O,P>M>C>O,F,F,F,F,F,F
1782866023.091,5127,73.72,73.74,73.71,73.73,high_C,low_M,C>M,C>P>O>M,F,T,F,T,T,F
1782866315.915,5128,73.74,73.64,73.67,73.72,high_O,low_C,O>C,O>P>M>C,T,T,T,F,F,F
1782866632.966,5129,73.64,73.56,73.59,73.6,high_O,low_C,O>C,O>P>M>C,T,T,T,F,F,F
1782867047.681,5130,73.56,73.59,73.59,73.58,TIE,low_O,TIE,TIE,F,F,F,TIE,T,T
1782867195.389,5131,73.59,73.74,73.71,73.58,high_C,low_P,C>P,C>M>O>P,F,F,T,T,T,T
1782867465.032,5132,73.74,73.65,73.66,73.66,high_O,low_C,O>C,TIE,T,T,T,F,F,TIE
1782867694.706,5133,73.65,73.57,73.63,73.63,high_O,low_C,O>C,TIE,T,T,T,F,F,TIE
1782867858.076,5134,73.57,73.38,73.49,73.49,high_O,low_C,O>C,TIE,T,T,T,F,F,TIE
1782867925.404,5135,73.38,73.22,73.34,73.36,high_O,low_C,O>C,O>P>M>C,T,T,T,F,F,F
1782867997.477,5136,73.22,73.2,73.24,73.2,high_M,TIE,TIE,TIE,T,F,T,F,TIE,T
1782868061.692,5137,73.2,73.22,73.2,73.2,high_C,TIE,TIE,TIE,F,TIE,TIE,T,T,TIE
1782868121.747,5138,73.22,73.1,73.12,73.1,high_O,TIE,TIE,TIE,T,T,T,F,TIE,T
1782868132.079,5139,73.1,73.05,73.03,73.03,high_O,TIE,TIE,TIE,T,T,T,T,T,TIE
1782868155.376,5140,73.05,73.04,73.04,73.04,high_O,TIE,TIE,TIE,T,T,T,TIE,TIE,TIE
1782868177.069,5141,73.04,72.98,73.01,73.01,high_O,low_C,O>C,TIE,T,T,T,F,F,TIE
1782868201.854,5142,72.98,72.95,72.96,72.96,high_O,low_C,O>C,TIE,T,T,T,F,F,TIE
1782868217.097,5143,72.95,72.88,72.93,72.94,high_O,low_C,O>C,O>P>M>C,T,T,T,F,F,F
1782868228.491,5144,72.88,72.85,72.88,72.88,TIE,low_C,TIE,TIE,T,TIE,TIE,F,F,TIE
1782868240.716,5145,72.85,72.8,72.82,72.84,high_O,low_C,O>C,O>P>M>C,T,T,T,F,F,F
1782868271.372,5146,72.8,72.77,72.75,72.75,high_O,TIE,TIE,TIE,T,T,T,T,T,TIE
1782868311.759,5147,72.77,72.74,72.77,72.78,high_P,low_C,P>C,TIE,T,TIE,F,F,F,F
1782868355.357,5148,72.74,72.7,72.79,72.76,high_M,low_C,M>C,M>P>O>C,T,F,F,F,F,T
1782868365.802,5149,72.7,72.48,72.65,72.65,high_O,low_C,O>C,TIE,T,T,T,F,F,TIE
1782868366.756,5150,72.48,72.42,72.42,72.41,high_O,low_P,O>P,TIE,T,T,T,TIE,T,T
1782868367.476,5151,72.42,72.41,72.41,72.43,high_P,TIE,TIE,TIE,T,T,F,TIE,F,F
1782868368.651,5152,72.41,72.46,72.45,72.45,high_C,low_O,C>O,TIE,F,F,F,T,T,TIE
1782868370.459,5153,72.46,72.45,72.44,72.44,high_O,TIE,TIE,TIE,T,T,T,T,T,TIE
1782868372.798,5154,72.45,72.4,72.42,72.47,high_P,low_C,P>C,P>O>M>C,T,T,F,F,F,F
1782868378.159,5155,72.4,72.35,72.4,72.4,TIE,low_C,TIE,TIE,T,TIE,TIE,F,F,TIE
1782868393.318,5157,72.37,72.37,72.36,72.34,TIE,low_P,TIE,TIE,TIE,T,T,T,T,T
1782868398.463,5158,72.37,72.27,72.31,72.3,high_O,low_C,O>C,O>M>P>C,T,T,T,F,F,T
1782868405.535,5159,72.27,72.23,72.27,72.27,TIE,low_C,TIE,TIE,T,TIE,TIE,F,F,TIE
1782868417.57,5160,72.23,72.32,72.28,72.3,high_C,low_O,C>O,C>P>M>O,F,F,F,T,T,F
1782868431.812,5161,72.32,72.55,72.43,72.34,high_C,low_O,C>O,C>M>P>O,F,F,F,T,T,T
1782868438.515,5162,72.55,72.74,72.66,72.67,high_C,low_O,C>O,C>P>M>O,F,F,F,T,T,F
1782868449.742,5163,72.74,72.8,72.83,72.85,high_P,low_O,P>O,P>M>C>O,F,F,F,F,F,F
1782868480.134,5164,72.8,72.78,72.78,72.77,high_O,low_P,O>P,TIE,T,T,T,TIE,T,T
1782868501.128,5165,72.78,72.9,72.8,72.84,high_C,low_O,C>O,C>P>M>O,F,F,F,T,T,F
1782868508.343,5166,72.9,73.01,72.93,72.93,high_C,low_O,C>O,TIE,F,F,F,T,T,TIE
1782868519.476,5167,73.01,73.06,73.06,73.06,TIE,low_O,TIE,TIE,F,F,F,TIE,TIE,TIE
1782868530.159,5168,73.06,73.16,73.14,73.15,high_C,low_O,C>O,C>P>M>O,F,F,F,T,T,F
1782868552.431,5169,73.16,73.07,73.12,73.12,high_O,low_C,O>C,TIE,T,T,T,F,F,TIE
1782868582.408,5170,73.07,72.86,72.94,72.87,high_O,low_C,O>C,O>M>P>C,T,T,T,F,F,T
1782868601.808,5171,72.86,72.76,72.79,72.75,high_O,low_P,O>P,O>M>C>P,T,T,T,F,T,T
1782868636.248,5172,72.76,72.79,72.74,72.74,high_C,TIE,TIE,TIE,F,T,T,T,T,TIE
1782868683.728,5173,72.79,72.86,72.86,72.88,high_P,low_O,P>O,TIE,F,F,F,TIE,F,F
1782868720.695,5174,72.86,72.95,72.87,72.85,high_C,low_P,C>P,C>M>O>P,F,F,T,T,T,T
1782868760.774,5175,72.95,73.01,72.99,73.0,high_C,low_O,C>O,C>P>M>O,F,F,F,T,T,F
1782868794.501,5176,73.01,73.09,73.08,73.1,high_P,low_O,P>O,P>C>M>O,F,F,F,T,F,F
1782868832.86,5177,73.09,73.06,73.08,73.08,high_O,low_C,O>C,TIE,T,T,T,F,F,TIE
1782868903.803,5179,73.19,73.19,73.23,73.22,high_M,TIE,TIE,TIE,TIE,F,F,F,F,T
1782868951.111,5180,73.19,73.3,73.21,73.18,high_C,low_P,C>P,C>M>O>P,F,F,T,T,T,T
1782868970.847,5181,73.3,73.42,73.35,73.39,high_C,low_O,C>O,C>P>M>O,F,F,F,T,T,F
1782869012.142,5182,73.42,73.29,73.35,73.34,high_O,low_C,O>C,O>M>P>C,T,T,T,F,F,T
1782869130.317,5183,73.29,73.18,73.23,73.24,high_O,low_C,O>C,O>P>M>C,T,T,T,F,F,F
1782869163.519,5184,73.18,73.1,73.1,73.1,high_O,TIE,TIE,TIE,T,T,T,TIE,TIE,TIE
1782869273.298,5185,73.1,73.24,73.18,73.1,high_C,TIE,TIE,TIE,F,F,TIE,T,T,T
1782869310.64,5186,73.24,73.3,73.25,73.25,high_C,low_O,C>O,TIE,F,F,F,T,T,TIE
1782869327.543,5187,73.3,73.24,73.26,73.33,high_P,low_C,P>C,P>O>M>C,T,T,F,F,F,F
1782869410.945,5188,73.24,73.31,73.27,73.28,high_C,low_O,C>O,C>P>M>O,F,F,F,T,T,F
1782869464.155,5189,73.31,73.4,73.37,73.4,TIE,low_O,TIE,TIE,F,F,F,T,TIE,F
1782869518.693,5190,73.4,73.3,73.4,73.4,TIE,low_C,TIE,TIE,T,TIE,TIE,F,F,TIE
1782869624.694,5191,73.3,73.29,73.36,73.28,high_M,low_P,M>P,M>O>C>P,T,F,T,F,T,T
1782869772.172,5192,73.29,73.37,73.3,73.3,high_C,low_O,C>O,TIE,F,F,F,T,T,TIE
1782869883.17,5193,73.37,73.39,73.38,73.4,high_P,low_O,P>O,P>C>M>O,F,F,F,T,F,F
1782869926.143,5194,73.39,73.6,73.5,73.48,high_C,low_O,C>O,C>M>P>O,F,F,F,T,T,T
1782869936.082,5195,73.6,73.73,73.66,73.65,high_C,low_O,C>O,C>M>P>O,F,F,F,T,T,T
1782869946.419,5196,73.73,73.83,73.73,73.71,high_C,low_P,C>P,TIE,F,TIE,T,T,T,T
1782869949.797,5197,73.83,73.95,73.92,73.95,TIE,low_O,TIE,TIE,F,F,F,T,TIE,F
1782869959.075,5198,73.95,73.92,73.94,73.95,TIE,low_C,TIE,TIE,T,T,TIE,F,F,F
1782869967.645,5199,73.92,74.0,74.0,74.0,TIE,low_O,TIE,TIE,F,F,F,TIE,TIE,TIE
1782869969.376,5200,74.0,74.12,74.0,74.0,high_C,TIE,TIE,TIE,F,TIE,TIE,T,T,TIE
1782869971.539,5201,74.12,74.11,74.12,74.14,high_P,low_C,P>C,TIE,T,TIE,F,F,F,F
1782869979.707,5202,74.11,73.94,74.08,74.08,high_O,low_C,O>C,TIE,T,T,T,F,F,TIE
1782869995.142,5203,73.94,74.03,74.05,74.07,high_P,low_O,P>O,P>M>C>O,F,F,F,F,F,F
1782870019.884,5204,74.03,73.91,73.94,74.03,TIE,low_C,TIE,TIE,T,T,TIE,F,F,F
1782870050.833,5205,73.91,74.0,73.94,73.94,high_C,low_O,C>O,TIE,F,F,F,T,T,TIE
1782870068.189,5206,74.0,74.22,74.11,74.06,high_C,low_O,C>O,C>M>P>O,F,F,F,T,T,T
1782870069.355,5207,74.22,74.3,74.28,74.22,high_C,TIE,TIE,TIE,F,F,TIE,T,T,T
1782870072.36,5208,74.3,74.37,74.3,74.29,high_C,low_P,C>P,TIE,F,TIE,T,T,T,T
1782870081.522,5209,74.37,74.23,74.3,74.32,high_O,low_C,O>C,O>P>M>C,T,T,T,F,F,F
1782870107.983,5210,74.23,74.08,74.23,74.24,high_P,low_C,P>C,TIE,T,TIE,F,F,F,F
1782870148.772,5211,74.08,74.01,74.04,74.02,high_O,low_C,O>C,O>M>P>C,T,T,T,F,F,T
1782870193.789,5212,74.01,74.14,74.08,74.09,high_C,low_O,C>O,C>P>M>O,F,F,F,T,T,F
1782870226.405,5213,74.14,74.19,74.16,74.19,TIE,low_O,TIE,TIE,F,F,F,T,TIE,F
1782870336.378,5215,74.2,74.2,74.15,74.2,TIE,low_M,TIE,TIE,TIE,T,TIE,T,TIE,F
1782870386.262,5216,74.2,74.07,74.11,74.09,high_O,low_C,O>C,O>M>P>C,T,T,T,F,F,T
1782870404.474,5217,74.07,73.94,73.98,73.94,high_O,TIE,TIE,TIE,T,T,T,F,TIE,T
1782870465.865,5218,73.94,73.99,73.97,73.98,high_C,low_O,C>O,C>P>M>O,F,F,F,T,T,F
1782870553.748,5219,73.99,73.9,73.95,74.0,high_P,low_C,P>C,P>O>M>C,T,T,F,F,F,F
1782870606.744,5220,73.9,73.85,73.89,73.89,high_O,low_C,O>C,TIE,T,T,T,F,F,TIE
1782870717.338,5221,73.85,73.8,73.81,73.82,high_O,low_C,O>C,O>P>M>C,T,T,T,F,F,F
1782870832.888,5222,73.8,73.92,73.87,73.9,high_C,low_O,C>O,C>P>M>O,F,F,F,T,T,F
1782870940.491,5223,73.92,74.03,73.98,73.98,high_C,low_O,C>O,TIE,F,F,F,T,T,TIE
1782871074.065,5224,74.03,73.97,74.03,73.97,TIE,TIE,TIE,TIE,T,TIE,T,F,TIE,T
1782871229.044,5225,73.97,73.99,73.95,73.99,TIE,low_M,TIE,TIE,F,T,F,T,TIE,F
1782871415.931,5226,73.99,74.02,74.0,74.02,TIE,low_O,TIE,TIE,F,F,F,T,TIE,F
1782871556.854,5227,74.02,73.88,73.96,73.87,high_O,low_P,O>P,O>M>C>P,T,T,T,F,T,T
1782871680.363,5228,73.88,73.86,73.8,73.82,high_O,low_M,O>M,O>C>P>M,T,T,T,T,T,F
1782871858.544,5229,73.86,73.99,73.92,73.93,high_C,low_O,C>O,C>P>M>O,F,F,F,T,T,F
1782872058.458,5231,74.12,74.12,74.19,74.19,TIE,TIE,TIE,TIE,TIE,F,F,F,F,TIE
1782872192.045,5232,74.12,74.27,74.15,74.22,high_C,low_O,C>O,C>P>M>O,F,F,F,T,T,F
1782872229.286,5233,74.27,74.23,74.29,74.29,TIE,low_C,TIE,TIE,T,F,F,F,F,TIE
1782872294.145,5234,74.23,74.28,74.28,74.28,TIE,low_O,TIE,TIE,F,F,F,TIE,TIE,TIE
1782872466.613,5235,74.28,74.2,74.18,74.11,high_O,low_P,O>P,O>C>M>P,T,T,T,T,T,T
1782872513.528,5236,74.2,74.36,74.32,74.33,high_C,low_O,C>O,C>P>M>O,F,F,F,T,T,F
1782872528.164,5237,74.36,74.43,74.41,74.42,high_C,low_O,C>O,C>P>M>O,F,F,F,T,T,F
1782872605.955,5238,74.43,74.38,74.41,74.33,high_O,low_P,O>P,O>M>C>P,T,T,T,F,T,T
1782872655.596,5239,74.38,74.43,74.43,74.41,TIE,low_O,TIE,TIE,F,F,F,TIE,T,T
1782872707.544,5240,74.43,74.38,74.44,74.44,TIE,low_C,TIE,TIE,T,F,F,F,F,TIE
1782872790.847,5241,74.38,74.46,74.38,74.38,high_C,TIE,TIE,TIE,F,TIE,TIE,T,T,TIE
1782872816.979,5242,74.46,74.53,74.5,74.5,high_C,low_O,C>O,TIE,F,F,F,T,T,TIE
1782872914.581,5243,74.53,74.57,74.51,74.55,high_C,low_M,C>M,C>P>O>M,F,T,F,T,T,F
1782873014.288,5244,74.57,74.44,74.49,74.5,high_O,low_C,O>C,O>P>M>C,T,T,T,F,F,F
1782873050.114,5245,74.44,74.52,74.45,74.43,high_C,low_P,C>P,C>M>O>P,F,F,T,T,T,T
1782873083.311,5246,74.52,74.7,74.59,74.59,high_C,low_O,C>O,TIE,F,F,F,T,T,TIE
1782873091.109,5247,74.7,74.69,74.74,74.74,TIE,low_C,TIE,TIE,T,F,F,F,F,TIE
1782873248.256,5249,74.6,74.6,74.53,74.56,TIE,low_M,TIE,TIE,TIE,T,T,T,T,F
1782873321.795,5250,74.6,74.67,74.64,74.64,high_C,low_O,C>O,TIE,F,F,F,T,T,TIE
1782873368.011,5251,74.67,74.71,74.7,74.7,high_C,low_O,C>O,TIE,F,F,F,T,T,TIE
1782873462.949,5252,74.71,74.7,74.71,74.7,TIE,TIE,TIE,TIE,T,TIE,T,F,TIE,T
1782873490.876,5253,74.7,74.87,74.74,74.8,high_C,low_O,C>O,C>P>M>O,F,F,F,T,T,F
1782873493.855,5254,74.87,74.88,74.87,74.87,high_C,TIE,TIE,TIE,F,TIE,TIE,T,T,TIE
1782873549.765,5256,74.94,74.94,74.94,74.93,TIE,low_P,TIE,TIE,TIE,TIE,T,TIE,T,T
1782873612.385,5257,74.94,74.75,74.88,74.87,high_O,low_C,O>C,O>M>P>C,T,T,T,F,F,T
1782873662.539,5258,74.75,74.74,74.77,74.8,high_P,low_C,P>C,P>M>O>C,T,F,F,F,F,F
1782873752.667,5259,74.74,74.85,74.84,74.85,TIE,low_O,TIE,TIE,F,F,F,T,TIE,F
1782873828.89,5260,74.85,74.89,74.88,74.9,high_P,low_O,P>O,P>C>M>O,F,F,F,T,F,F
1782873872.804,5261,74.89,75.0,74.98,75.0,TIE,low_O,TIE,TIE,F,F,F,T,TIE,F
1782873906.374,5262,75.0,74.93,74.99,74.98,high_O,low_C,O>C,O>M>P>C,T,T,T,F,F,T
1782873934.043,5263,74.93,75.01,74.94,74.94,high_C,low_O,C>O,TIE,F,F,F,T,T,TIE
1782874027.716,5264,75.01,74.76,74.87,74.99,high_O,low_C,O>C,O>P>M>C,T,T,T,F,F,F
1782874094.693,5265,74.76,74.82,74.72,74.7,high_C,low_P,C>P,C>O>M>P,F,T,T,T,T,T
1782874251.507,5266,74.82,74.73,74.76,74.72,high_O,low_P,O>P,O>M>C>P,T,T,T,F,T,T
1782874326.196,5267,74.73,74.79,74.77,74.74,high_C,low_O,C>O,C>M>P>O,F,F,F,T,T,T
1782874456.387,5268,74.79,74.85,74.77,74.78,high_C,low_M,C>M,C>O>P>M,F,T,T,T,T,F
1782874709.988,5269,74.85,74.79,74.85,74.85,TIE,low_C,TIE,TIE,T,TIE,TIE,F,F,TIE
1782874897.055,5270,74.79,74.7,74.76,74.75,high_O,low_C,O>C,O>M>P>C,T,T,T,F,F,T
1782874911.789,5271,74.7,74.62,74.69,74.7,TIE,low_C,TIE,TIE,T,T,TIE,F,F,F
1782874911.901,5272,74.62,74.65,74.58,74.55,high_C,low_P,C>P,C>O>M>P,F,T,T,T,T,T
1782875002.745,5273,74.65,74.6,74.63,74.62,high_O,low_C,O>C,O>M>P>C,T,T,T,F,F,T
1782875206.446,5274,74.6,74.8,74.61,74.58,high_C,low_P,C>P,C>M>O>P,F,F,T,T,T,T
1782875327.997,5275,74.8,74.72,74.81,74.79,high_M,low_C,M>C,M>O>P>C,T,F,T,F,F,T
1782875604.567,5276,74.72,74.65,74.66,74.65,high_O,TIE,TIE,TIE,T,T,T,F,TIE,T
1782875842.775,5277,74.65,74.54,74.53,74.52,high_O,low_P,O>P,O>C>M>P,T,T,T,T,T,T
1782875996.968,5278,74.54,74.4,74.45,74.44,high_O,low_C,O>C,O>M>P>C,T,T,T,F,F,T
1782876335.138,5279,74.4,74.47,74.43,74.46,high_C,low_O,C>O,C>P>M>O,F,F,F,T,T,F
1782876422.666,5280,74.47,74.38,74.42,74.4,high_O,low_C,O>C,O>M>P>C,T,T,T,F,F,T
1782876690.432,5281,74.38,74.48,74.48,74.5,high_P,low_O,P>O,TIE,F,F,F,TIE,F,F
1782876990.594,5282,74.48,74.72,74.56,74.56,high_C,low_O,C>O,TIE,F,F,F,T,T,TIE
1782877028.574,5283,74.72,75.0,74.85,75.0,TIE,low_O,TIE,TIE,F,F,F,T,TIE,F
1782877032.066,5284,75.0,75.18,75.12,75.14,high_C,low_O,C>O,C>P>M>O,F,F,F,T,T,F
1782877045.764,5285,75.18,75.16,75.14,75.15,high_O,low_M,O>M,O>C>P>M,T,T,T,T,T,F
1782877119.315,5286,75.16,74.98,75.12,75.16,TIE,low_C,TIE,TIE,T,T,TIE,F,F,F
1782877169.802,5287,74.98,75.0,75.0,75.0,TIE,low_O,TIE,TIE,F,F,F,TIE,TIE,TIE
1782877369.411,5288,75.0,74.82,74.96,75.0,TIE,low_C,TIE,TIE,T,T,TIE,F,F,F
1782877544.304,5289,74.82,74.87,74.8,74.8,high_C,TIE,TIE,TIE,F,T,T,T,T,TIE
1782877616.424,5290,74.87,75.13,75.04,75.08,high_C,low_O,C>O,C>P>M>O,F,F,F,T,T,F
1782877635.427,5291,75.13,75.3,75.24,75.27,high_C,low_O,C>O,C>P>M>O,F,F,F,T,T,F
1782877641.064,5292,75.3,75.47,75.38,75.38,high_C,low_O,C>O,TIE,F,F,F,T,T,TIE
1782877670.125,5293,75.47,75.34,75.42,75.4,high_O,low_C,O>C,O>M>P>C,T,T,T,F,F,T
1782877894.609,5295,75.24,75.24,75.28,75.26,high_M,TIE,TIE,TIE,TIE,F,F,F,F,T
1782877934.659,5296,75.24,75.35,75.35,75.35,TIE,low_O,TIE,TIE,F,F,F,TIE,TIE,TIE
1782877968.977,5297,75.35,75.47,75.49,75.5,high_P,low_O,P>O,P>M>C>O,F,F,F,F,F,F
1782878060.648,5298,75.47,75.43,75.44,75.43,high_O,TIE,TIE,TIE,T,T,T,F,TIE,T
1782878113.888,5299,75.43,75.56,75.55,75.55,high_C,low_O,C>O,TIE,F,F,F,T,T,TIE
1782878202.485,5300,75.56,75.51,75.54,75.5,high_O,low_P,O>P,O>M>C>P,T,T,T,F,T,T
1782878352.954,5301,75.51,75.43,75.48,75.49,high_O,low_C,O>C,O>P>M>C,T,T,T,F,F,F
1782878432.063,5302,75.43,75.5,75.49,75.5,TIE,low_O,TIE,TIE,F,F,F,T,TIE,F
1782878474.997,5303,75.5,75.39,75.43,75.44,high_O,low_C,O>C,O>P>M>C,T,T,T,F,F,F
1782878550.14,5304,75.39,75.44,75.39,75.37,high_C,low_P,C>P,TIE,F,TIE,T,T,T,T
1782878675.543,5305,75.44,75.49,75.44,75.5,high_P,TIE,TIE,TIE,F,TIE,F,T,F,F
1782878862.635,5306,75.49,75.55,75.55,75.59,high_P,low_O,P>O,TIE,F,F,F,TIE,F,F
1782879135.072,5307,75.55,75.42,75.47,75.47,high_O,low_C,O>C,TIE,T,T,T,F,F,TIE
1782879416.464,5308,75.42,75.4,75.39,75.35,high_O,low_P,O>P,O>C>M>P,T,T,T,T,T,T
1782879777.234,5309,75.4,75.29,75.31,75.3,high_O,low_C,O>C,O>M>P>C,T,T,T,F,F,T
1782880087.538,5310,75.29,75.43,75.32,75.31,high_C,low_O,C>O,C>M>P>O,F,F,F,T,T,T
1782880277.857,5311,75.43,75.49,75.43,75.39,high_C,low_P,C>P,TIE,F,TIE,T,T,T,T
1782880286.677,5312,75.49,75.77,75.62,75.65,high_C,low_O,C>O,C>P>M>O,F,F,F,T,T,F
1782880355.058,5313,75.77,75.59,75.63,75.63,high_O,low_C,O>C,TIE,T,T,T,F,F,TIE
1782880583.57,5314,75.59,75.36,75.48,75.61,high_P,low_C,P>C,P>O>M>C,T,T,F,F,F,F
1782880968.767,5315,75.36,75.59,75.44,75.43,high_C,low_O,C>O,C>M>P>O,F,F,F,T,T,T
1782881167.44,5316,75.59,75.74,75.65,75.75,high_P,low_O,P>O,P>C>M>O,F,F,F,T,F,F
1782881330.682,5317,75.74,75.72,75.72,75.72,high_O,TIE,TIE,TIE,T,T,T,TIE,TIE,TIE
1782881585.792,5318,75.72,75.61,75.69,75.69,high_O,low_C,O>C,TIE,T,T,T,F,F,TIE
1782881845.515,5319,75.61,75.58,75.6,75.6,high_O,low_C,O>C,TIE,T,T,T,F,F,TIE
1782882285.16,5320,75.58,75.59,75.54,75.52,high_C,low_P,C>P,C>O>M>P,F,T,T,T,T,T
1782882561.808,5321,75.59,75.56,75.67,75.64,high_M,low_C,M>C,M>P>O>C,T,F,F,F,F,T
1782882736.069,5322,75.56,75.39,75.41,75.42,high_O,low_C,O>C,O>P>M>C,T,T,T,F,F,F
1782883181.374,5323,75.39,75.52,75.51,75.52,TIE,low_O,TIE,TIE,F,F,F,T,TIE,F
1782883323.967,5324,75.52,75.27,75.28,75.26,high_O,low_P,O>P,O>M>C>P,T,T,T,F,T,T
1782883596.455,5325,75.27,75.16,75.27,75.23,TIE,low_C,TIE,TIE,T,TIE,T,F,F,T
1782883735.577,5326,75.16,75.19,75.19,75.19,TIE,low_O,TIE,TIE,F,F,F,TIE,TIE,TIE
1782884042.379,5327,75.19,75.15,75.2,75.22,high_P,low_C,P>C,P>M>O>C,T,F,F,F,F,F
1782884467.565,5328,75.15,75.31,75.2,75.19,high_C,low_O,C>O,C>M>P>O,F,F,F,T,T,T
1782884827.035,5329,75.31,75.28,75.31,75.36,high_P,low_C,P>C,TIE,T,TIE,F,F,F,F
1782885141.889,5330,75.28,75.22,75.2,75.2,high_O,TIE,TIE,TIE,T,T,T,T,T,TIE
1782885691.472,5331,75.22,75.12,75.18,75.22,TIE,low_C,TIE,TIE,T,T,TIE,F,F,F
1782885967.577,5332,75.12,75.06,75.08,75.07,high_O,low_C,O>C,O>M>P>C,T,T,T,F,F,T
1782886159.238,5333,75.06,74.98,75.02,75.02,high_O,low_C,O>C,TIE,T,T,T,F,F,TIE
1782886450.066,5334,74.98,74.94,74.98,74.92,TIE,low_P,TIE,TIE,T,TIE,T,F,T,T
1782886742.27,5335,74.94,74.87,74.99,74.99,TIE,low_C,TIE,TIE,T,F,F,F,F,TIE
1782886833.473,5336,74.87,74.71,74.79,74.84,high_O,low_C,O>C,O>P>M>C,T,T,T,F,F,F
1782886932.842,5337,74.71,74.54,74.69,74.71,TIE,low_C,TIE,TIE,T,T,TIE,F,F,F
1782887091.552,5338,74.54,74.68,74.61,74.62,high_C,low_O,C>O,C>P>M>O,F,F,F,T,T,F
1782887391.661,5339,74.68,74.72,74.68,74.7,high_C,TIE,TIE,TIE,F,TIE,F,T,T,F
1782887601.934,5340,74.72,74.62,74.72,74.72,TIE,low_C,TIE,TIE,T,TIE,TIE,F,F,TIE
1782887691.163,5341,74.62,74.44,74.5,74.5,high_O,low_C,O>C,TIE,T,T,T,F,F,TIE
1782887738.348,5342,74.44,74.32,74.4,74.42,high_O,low_C,O>C,O>P>M>C,T,T,T,F,F,F
1782887751.254,5343,74.32,74.26,74.32,74.3,TIE,low_C,TIE,TIE,T,TIE,T,F,F,T
1782887756.068,5344,74.26,74.3,74.3,74.3,TIE,low_O,TIE,TIE,F,F,F,TIE,TIE,TIE
1782887804.196,5346,74.2,74.2,74.2,74.2,TIE,TIE,TIE,TIE,TIE,TIE,TIE,TIE,TIE,TIE
1782887833.681,5347,74.2,74.09,74.15,74.2,TIE,low_C,TIE,TIE,T,T,TIE,F,F,F
1782887887.632,5348,74.09,74.01,74.1,74.11,high_P,low_C,P>C,P>M>O>C,T,F,F,F,F,F
1782887920.474,5349,74.01,73.92,73.98,73.96,high_O,low_C,O>C,O>M>P>C,T,T,T,F,F,T
1782887982.707,5350,73.92,74.12,74.0,73.97,high_C,low_O,C>O,C>M>P>O,F,F,F,T,T,T
1782888104.565,5351,74.12,74.07,74.12,74.14,high_P,low_C,P>C,TIE,T,TIE,F,F,F,F
1782888274.345,5352,74.07,74.16,74.14,74.1,high_C,low_O,C>O,C>M>P>O,F,F,F,T,T,T
1782888404.823,5353,74.16,74.03,74.15,74.18,high_P,low_C,P>C,P>O>M>C,T,T,F,F,F,F
1782888645.219,5354,74.03,74.17,74.05,74.05,high_C,low_O,C>O,TIE,F,F,F,T,T,TIE
1782889121.103,5356,74.28,74.28,74.27,74.27,TIE,TIE,TIE,TIE,TIE,T,T,T,T,TIE
1782889386.585,5357,74.28,74.2,74.26,74.27,high_O,low_C,O>C,O>P>M>C,T,T,T,F,F,F
1782889646.525,5358,74.2,74.09,74.19,74.19,high_O,low_C,O>C,TIE,T,T,T,F,F,TIE
1782889980.671,5359,74.09,74.35,74.21,74.24,high_C,low_O,C>O,C>P>M>O,F,F,F,T,T,F
1782890266.607,5360,74.35,74.49,74.38,74.33,high_C,low_P,C>P,C>M>O>P,F,F,T,T,T,T
1782890409.747,5361,74.49,74.42,74.43,74.43,high_O,low_C,O>C,TIE,T,T,T,F,F,TIE
1782890469.898,5362,74.42,74.2,74.25,74.25,high_O,low_C,O>C,TIE,T,T,T,F,F,TIE
1782890622.178,5363,74.2,74.71,74.6,74.71,TIE,low_O,TIE,TIE,F,F,F,T,TIE,F
1782890806.301,5364,74.71,74.58,74.64,74.65,high_O,low_C,O>C,O>P>M>C,T,T,T,F,F,F
1782891054.574,5365,74.58,74.39,74.55,74.59,high_P,low_C,P>C,P>O>M>C,T,T,F,F,F,F
1782891325.53,5366,74.39,74.67,74.56,74.57,high_C,low_O,C>O,C>P>M>O,F,F,F,T,T,F
1782891714.873,5367,74.67,74.75,74.61,74.61,high_C,TIE,TIE,TIE,F,T,T,T,T,TIE
1782892062.421,5368,74.75,74.65,74.73,74.8,high_P,low_C,P>C,P>O>M>C,T,T,F,F,F,F
1782892212.151,5369,74.65,74.88,74.87,74.88,TIE,low_O,TIE,TIE,F,F,F,T,TIE,F
1782892667.148,5370,74.88,74.86,74.76,74.74,high_O,low_P,O>P,O>C>M>P,T,T,T,T,T,T
1782892977.114,5371,74.86,74.77,74.77,74.83,high_O,TIE,TIE,TIE,T,T,T,TIE,F,F
1782893230.811,5372,74.77,74.92,74.88,74.92,TIE,low_O,TIE,TIE,F,F,F,T,TIE,F
1782893385.387,5373,74.92,74.97,74.99,75.0,high_P,low_O,P>O,P>M>C>O,F,F,F,F,F,F
1782893665.592,5374,74.97,74.88,74.89,74.88,high_O,TIE,TIE,TIE,T,T,T,F,TIE,T
1782893750.19,5375,74.88,74.85,74.85,74.85,high_O,TIE,TIE,TIE,T,T,T,TIE,TIE,TIE
1782893925.955,5376,74.85,74.72,74.8,74.8,high_O,low_C,O>C,TIE,T,T,T,F,F,TIE
1782894119.519,5377,74.72,74.58,74.71,74.7,high_O,low_C,O>C,O>M>P>C,T,T,T,F,F,T
1782894305.044,5378,74.58,74.55,74.54,74.5,high_O,low_P,O>P,O>C>M>P,T,T,T,T,T,T
1782894662.361,5379,74.55,74.68,74.66,74.66,high_C,low_O,C>O,TIE,F,F,F,T,T,TIE
1782894854.688,5380,74.68,74.55,74.52,74.5,high_O,low_P,O>P,O>C>M>P,T,T,T,T,T,T
1782895254.103,5381,74.55,74.67,74.62,74.61,high_C,low_O,C>O,C>M>P>O,F,F,F,T,T,T
1782895488.71,5382,74.67,74.84,74.74,74.67,high_C,TIE,TIE,TIE,F,F,TIE,T,T,T
1782895927.919,5383,74.84,74.82,74.78,74.79,high_O,low_M,O>M,O>C>P>M,T,T,T,T,T,F
1782896190.345,5384,74.82,74.95,74.84,74.81,high_C,low_P,C>P,C>M>O>P,F,F,T,T,T,T
1782896264.452,5385,74.95,75.15,75.08,75.08,high_C,low_O,C>O,TIE,F,F,F,T,T,TIE
1782896288.851,5386,75.15,75.3,75.21,75.17,high_C,low_O,C>O,C>M>P>O,F,F,F,T,T,T
1782896339.366,5387,75.3,75.39,75.4,75.33,high_M,low_O,M>O,M>C>P>O,F,F,F,F,T,T
1782896425.417,5388,75.39,75.22,75.4,75.4,TIE,low_C,TIE,TIE,T,F,F,F,F,TIE
1782896525.357,5389,75.22,75.2,75.15,75.13,high_O,low_P,O>P,O>C>M>P,T,T,T,T,T,T
1782896708.023,5390,75.2,75.24,75.22,75.22,high_C,low_O,C>O,TIE,F,F,F,T,T,TIE
1782896928.246,5391,75.23,75.27,75.3,75.3,TIE,low_O,TIE,TIE,F,F,F,F,F,TIE
1782897145.018,5392,75.27,75.24,75.24,75.24,high_O,TIE,TIE,TIE,T,T,T,TIE,TIE,TIE
1782897329.688,5393,75.24,75.13,75.22,75.22,high_O,low_C,O>C,TIE,T,T,T,F,F,TIE
1782897493.829,5394,75.13,75.28,75.28,75.33,high_P,low_O,P>O,TIE,F,F,F,TIE,F,F
1782897871.624,5395,75.28,75.15,75.13,75.12,high_O,low_P,O>P,O>C>M>P,T,T,T,T,T,T
1782898237.513,5396,75.15,75.07,75.09,75.12,high_O,low_C,O>C,O>P>M>C,T,T,T,F,F,F
1782898571.705,5397,75.07,75.25,75.23,75.26,high_P,low_O,P>O,P>C>M>O,F,F,F,T,F,F
1782898863.985,5398,75.25,75.13,75.21,75.22,high_O,low_C,O>C,O>P>M>C,T,T,T,F,F,F
1782899201.79,5399,75.13,75.19,75.2,75.2,TIE,low_O,TIE,TIE,F,F,F,F,F,TIE
1782899343.976,5400,75.19,75.08,75.12,75.16,high_O,low_C,O>C,O>P>M>C,T,T,T,F,F,F
1782899528.34,5401,75.08,75.24,75.17,75.13,high_C,low_O,C>O,C>M>P>O,F,F,F,T,T,T
1782899742.448,5402,75.24,75.39,75.36,75.37,high_C,low_O,C>O,C>P>M>O,F,F,F,T,T,F
1782899742.607,5403,75.39,75.47,75.47,75.48,high_P,low_O,P>O,TIE,F,F,F,TIE,F,F
1782899804.008,5404,75.47,75.41,75.5,75.5,TIE,low_C,TIE,TIE,T,F,F,F,F,TIE
1782900061.916,5405,75.41,75.26,75.39,75.47,high_P,low_C,P>C,P>O>M>C,T,T,F,F,F,F
1782900234.082,5406,75.26,75.4,75.31,75.3,high_C,low_O,C>O,C>M>P>O,F,F,F,T,T,T
1782900506.891,5407,75.4,75.35,75.42,75.4,high_M,low_C,M>C,TIE,T,F,TIE,F,F,T
1782900557.327,5408,75.35,75.49,75.44,75.48,high_C,low_O,C>O,C>P>M>O,F,F,F,T,T,F
1782900712.641,5409,75.49,75.32,75.32,75.45,high_O,TIE,TIE,TIE,T,T,T,TIE,F,F
1782900921.935,5410,75.32,75.19,75.29,75.32,TIE,low_C,TIE,TIE,T,T,TIE,F,F,F
1782901195.057,5411,75.19,75.43,75.35,75.32,high_C,low_O,C>O,C>M>P>O,F,F,F,T,T,T
1782901549.213,5412,75.43,75.18,75.38,75.38,high_O,low_C,O>C,TIE,T,T,T,F,F,TIE
1782901880.613,5413,75.18,75.25,75.17,75.16,high_C,low_P,C>P,C>O>M>P,F,T,T,T,T,T
1782902092.669,5414,75.25,75.22,75.25,75.24,TIE,low_C,TIE,TIE,T,TIE,T,F,F,T
1782902402.127,5415,75.22,75.09,75.15,75.14,high_O,low_C,O>C,O>M>P>C,T,T,T,F,F,T
1782902597.342,5416,75.09,74.99,75.04,75.04,high_O,low_C,O>C,TIE,T,T,T,F,F,TIE
1782903085.822,5417,74.99,75.12,75.08,75.1,high_C,low_O,C>O,C>P>M>O,F,F,F,T,T,F
1782903584.75,5418,75.12,74.93,75.05,75.05,high_O,low_C,O>C,TIE,T,T,T,F,F,TIE
1782903651.69,5419,74.93,74.78,74.93,74.84,TIE,low_C,TIE,TIE,T,TIE,T,F,F,T
1782903698.417,5420,74.78,74.69,74.76,74.69,high_O,TIE,TIE,TIE,T,T,T,F,TIE,T
1782903760.482,5421,74.69,74.79,74.67,74.65,high_C,low_P,C>P,C>O>M>P,F,T,T,T,T,T
1782903995.156,5422,74.79,74.89,74.86,74.86,high_C,low_O,C>O,TIE,F,F,F,T,T,TIE
1782904215.539,5423,74.89,74.78,74.86,74.82,high_O,low_C,O>C,O>M>P>C,T,T,T,F,F,T
1782904356.695,5424,74.78,74.96,74.96,74.97,high_P,low_O,P>O,TIE,F,F,F,TIE,F,F
1782904797.052,5426,75.15,75.15,75.14,75.1,TIE,low_P,TIE,TIE,TIE,T,T,T,T,T
1782905138.929,5427,75.15,75.08,75.1,75.1,high_O,low_C,O>C,TIE,T,T,T,F,F,TIE
1782905591.342,5428,75.08,74.94,75.0,74.94,high_O,TIE,TIE,TIE,T,T,T,F,TIE,T
1782905672.293,5429,74.94,74.82,74.83,74.83,high_O,low_C,O>C,TIE,T,T,T,F,F,TIE
1782905867.449,5430,74.82,74.93,74.86,74.82,high_C,TIE,TIE,TIE,F,F,TIE,T,T,T
1782906277.868,5431,74.93,74.9,74.89,74.83,high_O,low_P,O>P,O>C>M>P,T,T,T,T,T,T
1782906599.97,5432,74.9,74.77,74.82,74.82,high_O,low_C,O>C,TIE,T,T,T,F,F,TIE
1782906798.878,5433,74.77,74.78,74.78,74.78,TIE,low_O,TIE,TIE,F,F,F,TIE,TIE,TIE
1782906984.384,5434,74.78,74.61,74.75,74.77,high_O,low_C,O>C,O>P>M>C,T,T,T,F,F,F
1782907227.87,5435,74.61,74.92,74.8,74.63,high_C,low_O,C>O,C>M>P>O,F,F,F,T,T,T
1782907620.606,5436,74.92,74.68,74.71,74.71,high_O,low_C,O>C,TIE,T,T,T,F,F,TIE
1782907701.935,5437,74.68,74.6,74.55,74.55,high_O,TIE,TIE,TIE,T,T,T,T,T,TIE
1782907846.941,5438,74.6,74.8,74.75,74.76,high_C,low_O,C>O,C>P>M>O,F,F,F,T,T,F
1782907922.337,5439,74.8,74.51,74.63,74.75,high_O,low_C,O>C,O>P>M>C,T,T,T,F,F,F
1782908058.461,5440,74.51,74.39,74.5,74.51,TIE,low_C,TIE,TIE,T,T,TIE,F,F,F
1782908283.577,5442,74.48,74.48,74.55,74.55,TIE,TIE,TIE,TIE,TIE,F,F,F,F,TIE
1782908660.005,5443,74.48,74.58,74.55,74.57,high_C,low_O,C>O,C>P>M>O,F,F,F,T,T,F
1782908943.002,5444,74.58,74.61,74.58,74.63,high_P,TIE,TIE,TIE,F,TIE,F,T,F,F
1782909244.442,5445,74.61,74.63,74.54,74.56,high_C,low_M,C>M,C>O>P>M,F,T,T,T,T,F
1782909297.026,5446,74.63,74.35,74.45,74.4,high_O,low_C,O>C,O>M>P>C,T,T,T,F,F,T
1782909339.661,5447,74.35,74.4,74.4,74.4,TIE,low_O,TIE,TIE,F,F,F,TIE,TIE,TIE
1782909578.402,5448,74.4,74.46,74.4,74.37,high_C,low_P,C>P,TIE,F,TIE,T,T,T,T
1782910089.444,5449,74.46,74.37,74.44,74.47,high_P,low_C,P>C,P>O>M>C,T,T,F,F,F,F
1782910380.502,5450,74.37,74.4,74.43,74.5,high_P,low_O,P>O,P>M>C>O,F,F,F,F,F,F
1782910446.671,5451,74.4,74.28,74.28,74.28,high_O,TIE,TIE,TIE,T,T,T,TIE,TIE,TIE
1782910685.338,5452,74.28,74.52,74.45,74.47,high_C,low_O,C>O,C>P>M>O,F,F,F,T,T,F
1782910824.658,5453,74.52,74.59,74.54,74.52,high_C,TIE,TIE,TIE,F,F,TIE,T,T,T
1782910922.587,5454,74.59,74.82,74.71,74.61,high_C,low_O,C>O,C>M>P>O,F,F,F,T,T,T
1782910986.075,5455,74.82,74.91,74.85,74.85,high_C,low_O,C>O,TIE,F,F,F,T,T,TIE
1782911161.977,5456,74.91,74.86,74.85,74.83,high_O,low_P,O>P,O>C>M>P,T,T,T,T,T,T
1782911401.407,5457,74.86,74.81,74.84,74.84,high_O,low_C,O>C,TIE,T,T,T,F,F,TIE
1782911553.205,5458,74.81,74.99,74.94,74.99,TIE,low_O,TIE,TIE,F,F,F,T,TIE,F
1782911584.4,5459,74.99,74.89,74.94,74.97,high_O,low_C,O>C,O>P>M>C,T,T,T,F,F,F
1782911730.463,5460,74.89,74.99,74.94,74.9,high_C,low_O,C>O,C>M>P>O,F,F,F,T,T,T
1782911855.13,5461,74.99,75.03,75.03,75.03,TIE,low_O,TIE,TIE,F,F,F,TIE,TIE,TIE
1782911961.421,5462,75.03,74.84,75.03,75.03,TIE,low_C,TIE,TIE,T,TIE,TIE,F,F,TIE
1782912105.835,5463,74.84,75.18,75.02,74.93,high_C,low_O,C>O,C>M>P>O,F,F,F,T,T,T
1782912210.874,5465,75.21,75.21,75.23,75.22,high_M,TIE,TIE,TIE,TIE,F,F,F,F,T
1782912379.897,5466,75.21,75.03,75.11,75.01,high_O,low_P,O>P,O>M>C>P,T,T,T,F,T,T
1782912591.772,5467,75.03,75.25,75.2,75.2,high_C,low_O,C>O,TIE,F,F,F,T,T,TIE
1782912607.243,5468,75.25,75.08,75.21,75.21,high_O,low_C,O>C,TIE,T,T,T,F,F,TIE
1782912629.194,5469,75.08,74.65,74.86,74.87,high_O,low_C,O>C,O>P>M>C,T,T,T,F,F,F
1782912655.229,5470,74.65,74.99,74.7,74.71,high_C,low_O,C>O,C>P>M>O,F,F,F,T,T,F
1782912664.099,5471,74.99,74.98,74.99,74.99,TIE,low_C,TIE,TIE,T,TIE,TIE,F,F,TIE
1782912732.409,5472,74.98,75.25,75.02,74.99,high_C,low_O,C>O,C>M>P>O,F,F,F,T,T,T
1782912743.136,5473,75.25,75.35,75.3,75.3,high_C,low_O,C>O,TIE,F,F,F,T,T,TIE
1782912771.249,5474,75.35,75.31,75.27,75.25,high_O,low_P,O>P,O>C>M>P,T,T,T,T,T,T
1782912789.474,5475,75.31,75.05,75.25,75.25,high_O,low_C,O>C,TIE,T,T,T,F,F,TIE
1782912882.283,5476,75.05,75.25,75.09,75.04,high_C,low_P,C>P,C>M>O>P,F,F,T,T,T,T
1782913022.29,5477,75.25,75.26,75.22,75.2,high_C,low_P,C>P,C>O>M>P,F,T,T,T,T,T
1782913039.208,5478,75.26,75.44,75.5,75.5,TIE,low_O,TIE,TIE,F,F,F,F,F,TIE
1782913144.172,5479,75.44,75.34,75.37,75.47,high_P,low_C,P>C,P>O>M>C,T,T,F,F,F,F
1782913223.7,5480,75.34,75.42,75.37,75.34,high_C,TIE,TIE,TIE,F,F,TIE,T,T,T
1782913286.423,5481,75.42,75.5,75.49,75.5,TIE,low_O,TIE,TIE,F,F,F,T,TIE,F
1782913298.339,5482,75.5,75.65,75.58,75.6,high_C,low_O,C>O,C>P>M>O,F,F,F,T,T,F
1782913367.523,5483,75.65,75.45,75.5,75.47,high_O,low_C,O>C,O>M>P>C,T,T,T,F,F,T
1782913481.881,5484,75.45,75.42,75.45,75.44,TIE,low_C,TIE,TIE,T,TIE,T,F,F,T
1782913567.784,5485,75.42,75.65,75.5,75.65,TIE,low_O,TIE,TIE,F,F,F,T,TIE,F
1782913602.387,5486,75.65,75.58,75.65,75.65,TIE,low_C,TIE,TIE,T,TIE,TIE,F,F,TIE
1782913674.938,5487,75.58,75.51,75.59,75.6,high_P,low_C,P>C,P>M>O>C,T,F,F,F,F,F
1782913771.655,5488,75.51,75.65,75.57,75.55,high_C,low_O,C>O,C>M>P>O,F,F,F,T,T,T
1782913775.57,5489,75.65,75.7,75.65,75.65,high_C,TIE,TIE,TIE,F,TIE,TIE,T,T,TIE
1782913889.262,5490,75.7,75.66,75.59,75.59,high_O,TIE,TIE,TIE,T,T,T,T,T,TIE
1782913982.885,5491,75.66,75.82,75.7,75.7,high_C,low_O,C>O,TIE,F,F,F,T,T,TIE
1782913987.556,5492,75.82,75.97,75.89,75.88,high_C,low_O,C>O,C>M>P>O,F,F,F,T,T,T
1782913990.213,5493,75.97,76.02,76.0,76.0,high_C,low_O,C>O,TIE,F,F,F,T,T,TIE
1782914028.422,5494,76.02,76.01,76.0,76.0,high_O,TIE,TIE,TIE,T,T,T,T,T,TIE
1782914082.06,5495,76.01,75.88,75.9,75.87,high_O,low_P,O>P,O>M>C>P,T,T,T,F,T,T
1782914149.191,5496,75.88,76.09,75.99,76.0,high_C,low_O,C>O,C>P>M>O,F,F,F,T,T,F
1782914239.084,5497,76.09,75.92,75.93,75.89,high_O,low_P,O>P,O>M>C>P,T,T,T,F,T,T
1782914387.543,5498,75.92,75.97,75.96,76.0,high_P,low_O,P>O,P>C>M>O,F,F,F,T,F,F
1782914444.107,5499,75.97,75.85,75.93,75.95,high_O,low_C,O>C,O>P>M>C,T,T,T,F,F,F
1782914500.151,5500,75.85,75.65,75.8,75.8,high_O,low_C,O>C,TIE,T,T,T,F,F,TIE
1782914650.905,5501,75.65,75.81,75.73,75.72,high_C,low_O,C>O,C>M>P>O,F,F,F,T,T,T
1782914692.273,5502,75.81,75.95,75.9,75.93,high_C,low_O,C>O,C>P>M>O,F,F,F,T,T,F
1782914869.834,5503,75.95,75.81,75.81,75.8,high_O,low_P,O>P,TIE,T,T,T,TIE,T,T
1782915024.31,5504,75.81,76.05,75.91,75.9,high_C,low_O,C>O,C>M>P>O,F,F,F,T,T,T
1782915054.958,5505,76.05,76.24,76.14,76.2,high_C,low_O,C>O,C>P>M>O,F,F,F,T,T,F
1782915094.241,5506,76.24,76.16,76.19,76.19,high_O,low_C,O>C,TIE,T,T,T,F,F,TIE
1782915267.73,5508,76.15,76.15,76.21,76.19,high_M,TIE,TIE,TIE,TIE,F,F,F,F,T
1782915349.997,5509,76.15,76.27,76.26,76.26,high_C,low_O,C>O,TIE,F,F,F,T,T,TIE
1782915412.235,5510,76.27,76.5,76.34,76.4,high_C,low_O,C>O,C>P>M>O,F,F,F,T,T,F
1782915412.7,5511,76.5,76.7,76.66,76.5,high_C,TIE,TIE,TIE,F,F,TIE,T,T,T
1782915413.689,5512,76.7,76.88,76.75,76.8,high_C,low_O,C>O,C>P>M>O,F,F,F,T,T,F
1782915415.7,5513,76.88,76.92,76.9,76.91,high_C,low_O,C>O,C>P>M>O,F,F,F,T,T,F
1782915432.058,5514,76.92,76.91,76.86,76.85,high_O,low_P,O>P,O>C>M>P,T,T,T,T,T,T
1782915432.628,5515,76.91,77.09,77.08,77.0,high_C,low_O,C>O,C>M>P>O,F,F,F,T,T,T
1782915444.272,5516,77.09,77.0,77.04,77.04,high_O,low_C,O>C,TIE,T,T,T,F,F,TIE
1782915463.741,5517,77.0,77.23,77.09,77.06,high_C,low_O,C>O,C>M>P>O,F,F,F,T,T,T
1782915490.738,5518,77.23,77.02,77.15,77.16,high_O,low_C,O>C,O>P>M>C,T,T,T,F,F,F
1782915519.241,5519,77.02,77.03,77.06,77.08,high_P,low_O,P>O,P>M>C>O,F,F,F,F,F,F
1782915569.008,5520,77.03,76.92,76.94,76.9,high_O,low_P,O>P,O>M>C>P,T,T,T,F,T,T
1782915646.787,5521,76.92,76.99,76.95,77.0,high_P,low_O,P>O,P>C>M>O,F,F,F,T,F,F
1782915724.024,5522,76.99,76.88,76.89,76.9,high_O,low_C,O>C,O>P>M>C,T,T,T,F,F,F
1782915826.228,5523,76.88,76.98,76.94,76.94,high_C,low_O,C>O,TIE,F,F,F,T,T,TIE
1782915946.122,5524,76.98,76.77,76.85,76.86,high_O,low_C,O>C,O>P>M>C,T,T,T,F,F,F
1782916064.177,5525,76.77,76.56,76.68,76.7,high_O,low_C,O>C,O>P>M>C,T,T,T,F,F,F
1782916207.662,5526,76.56,76.67,76.63,76.63,high_C,low_O,C>O,TIE,F,F,F,T,T,TIE
1782916222.346,5527,76.67,76.9,76.86,76.87,high_C,low_O,C>O,C>P>M>O,F,F,F,T,T,F
1782916262.125,5528,76.9,76.71,76.84,76.86,high_O,low_C,O>C,O>P>M>C,T,T,T,F,F,F
1782916401.416,5529,76.71,76.54,76.65,76.54,high_O,TIE,TIE,TIE,T,T,T,F,TIE,T
1782916442.396,5530,76.54,76.36,76.41,76.4,high_O,low_C,O>C,O>M>P>C,T,T,T,F,F,T
1782916526.136,5531,76.36,76.62,76.5,76.51,high_C,low_O,C>O,C>P>M>O,F,F,F,T,T,F
1782916710.53,5532,76.62,76.58,76.5,76.48,high_O,low_P,O>P,O>C>M>P,T,T,T,T,T,T
1782916864.26,5533,76.58,76.8,76.75,76.75,high_C,low_O,C>O,TIE,F,F,F,T,T,TIE
1782916963.147,5534,76.8,76.87,76.83,76.82,high_C,low_O,C>O,C>M>P>O,F,F,F,T,T,T
1782917112.191,5535,76.87,76.74,76.88,76.93,high_P,low_C,P>C,P>M>O>C,T,F,F,F,F,F
1782917228.523,5536,76.74,76.64,76.56,76.66,high_O,low_M,O>M,O>P>C>M,T,T,T,T,F,F
1782917347.146,5537,76.64,77.01,76.84,76.83,high_C,low_O,C>O,C>M>P>O,F,F,F,T,T,T
1782917516.879,5538,77.01,77.04,77.0,77.0,high_C,TIE,TIE,TIE,F,T,T,T,T,TIE
1782917691.119,5539,77.04,76.88,77.02,77.02,high_O,low_C,O>C,TIE,T,T,T,F,F,TIE
1782917923.022,5540,76.88,76.83,76.84,76.86,high_O,low_C,O>C,O>P>M>C,T,T,T,F,F,F
1782918179.993,5541,76.83,77.04,76.92,76.93,high_C,low_O,C>O,C>P>M>O,F,F,F,T,T,F
1782918384.068,5542,77.04,77.18,77.08,77.1,high_C,low_O,C>O,C>P>M>O,F,F,F,T,T,F
1782918425.551,5543,77.18,77.31,77.33,77.33,TIE,low_O,TIE,TIE,F,F,F,F,F,TIE
1782918498.008,5544,77.31,77.12,77.36,77.36,TIE,low_C,TIE,TIE,T,F,F,F,F,TIE
1782918779.339,5545,77.12,77.01,77.03,77.02,high_O,low_C,O>C,O>M>P>C,T,T,T,F,F,T
1782919136.166,5546,77.01,76.86,76.91,76.99,high_O,low_C,O>C,O>P>M>C,T,T,T,F,F,F
1782919367.189,5547,76.86,77.13,76.98,77.01,high_C,low_O,C>O,C>P>M>O,F,F,F,T,T,F
1782919388.282,5548,77.13,77.48,77.45,77.45,high_C,low_O,C>O,TIE,F,F,F,T,T,TIE
1782919393.379,5549,77.48,77.71,77.64,77.69,high_C,low_O,C>O,C>P>M>O,F,F,F,T,T,F
1782919410.016,5550,77.71,77.61,77.68,77.64,high_O,low_C,O>C,O>M>P>C,T,T,T,F,F,T
1782919496.007,5551,77.61,77.47,77.6,77.64,high_P,low_C,P>C,P>O>M>C,T,T,F,F,F,F
1782919597.173,5552,77.47,77.5,77.51,77.55,high_P,low_O,P>O,P>M>C>O,F,F,F,F,F,F
1782919800.579,5553,77.5,77.53,77.57,77.6,high_P,low_O,P>O,P>M>C>O,F,F,F,F,F,F
1782920054.659,5554,77.53,77.24,77.41,77.36,high_O,low_C,O>C,O>M>P>C,T,T,T,F,F,T
1782920285.844,5555,77.24,77.3,77.24,77.24,high_C,TIE,TIE,TIE,F,TIE,TIE,T,T,TIE
1782920680.186,5556,77.3,77.44,77.3,77.27,high_C,low_P,C>P,TIE,F,TIE,T,T,T,T
1782921058.84,5557,77.44,77.13,77.23,77.18,high_O,low_C,O>C,O>M>P>C,T,T,T,F,F,T
1782921502.578,5558,77.13,77.4,77.18,77.16,high_C,low_O,C>O,C>M>P>O,F,F,F,T,T,T
1782921728.63,5559,77.4,77.26,77.35,77.39,high_O,low_C,O>C,O>P>M>C,T,T,T,F,F,F
1782922066.593,5560,77.26,77.35,77.28,77.31,high_C,low_O,C>O,C>P>M>O,F,F,F,T,T,F
1782922388.659,5561,77.35,77.41,77.4,77.34,high_C,low_P,C>P,C>M>O>P,F,F,T,T,T,T
1782922766.601,5562,77.41,77.59,77.43,77.41,high_C,TIE,TIE,TIE,F,F,TIE,T,T,T
1782923160.247,5563,77.59,77.46,77.36,77.31,high_O,low_P,O>P,O>C>M>P,T,T,T,T,T,T
1782923246.072,5564,77.46,77.82,77.73,77.73,high_C,low_O,C>O,TIE,F,F,F,T,T,TIE
1782923255.892,5565,77.82,78.12,78.13,78.0,high_M,low_O,M>O,M>C>P>O,F,F,F,F,T,T
1782923304.071,5566,78.12,77.89,78.03,78.13,high_P,low_C,P>C,P>O>M>C,T,T,F,F,F,F
1782923518.015,5567,77.89,77.7,77.75,77.77,high_O,low_C,O>C,O>P>M>C,T,T,T,F,F,F
1782923992.81,5568,77.7,77.46,77.58,77.58,high_O,low_C,O>C,TIE,T,T,T,F,F,TIE
1782924565.094,5569,77.46,77.36,77.53,77.57,high_P,low_C,P>C,P>M>O>C,T,F,F,F,F,F
1782924859.948,5570,77.36,77.18,77.27,77.3,high_O,low_C,O>C,O>P>M>C,T,T,T,F,F,F
1782924933.5,5571,77.18,76.98,77.12,77.12,high_O,low_C,O>C,TIE,T,T,T,F,F,TIE
1782925093.753,5572,76.98,77.08,76.95,76.92,high_C,low_P,C>P,C>O>M>P,F,T,T,T,T,T
1782925450.888,5573,77.08,76.87,77.03,77.1,high_P,low_C,P>C,P>O>M>C,T,T,F,F,F,F
1782925861.661,5574,76.87,77.1,76.99,77.0,high_C,low_O,C>O,C>P>M>O,F,F,F,T,T,F
1782926353.728,5575,77.1,77.35,77.21,77.18,high_C,low_O,C>O,C>M>P>O,F,F,F,T,T,T
1782926461.253,5576,77.35,77.55,77.5,77.45,high_C,low_O,C>O,C>M>P>O,F,F,F,T,T,T
1782926669.222,5577,77.55,77.8,77.67,77.79,high_C,low_O,C>O,C>P>M>O,F,F,F,T,T,F
1782927021.782,5578,77.8,77.67,77.78,77.79,high_O,low_C,O>C,O>P>M>C,T,T,T,F,F,F
1782927310.444,5579,77.67,77.62,77.66,77.66,high_O,low_C,O>C,TIE,T,T,T,F,F,TIE
1782927698.656,5580,77.62,77.63,77.72,77.72,TIE,low_O,TIE,TIE,F,F,F,F,F,TIE
1782928388.906,5581,77.63,77.78,77.74,77.7,high_C,low_O,C>O,C>M>P>O,F,F,F,T,T,T
1782928886.35,5582,77.78,77.72,77.73,77.72,high_O,TIE,TIE,TIE,T,T,T,F,TIE,T
1782929280.703,5583,77.72,77.67,77.8,77.82,high_P,low_C,P>C,P>M>O>C,T,F,F,F,F,F
1782929552.409,5584,77.67,77.64,77.61,77.64,high_O,low_M,O>M,TIE,T,T,T,T,TIE,F
1782930468.328,5585,77.64,77.55,77.62,77.6,high_O,low_C,O>C,O>M>P>C,T,T,T,F,F,T
1782930918.458,5586,77.55,77.64,77.55,77.55,high_C,TIE,TIE,TIE,F,TIE,TIE,T,T,TIE
1782931421.102,5587,77.64,77.66,77.67,77.63,high_M,low_P,M>P,M>C>O>P,F,F,T,F,T,T
1782931902.039,5588,77.66,77.52,77.5,77.39,high_O,low_P,O>P,O>C>M>P,T,T,T,T,T,T
1782932272.631,5589,77.52,77.29,77.35,77.38,high_O,low_C,O>C,O>P>M>C,T,T,T,F,F,F
1782932664.051,5590,77.29,77.55,77.36,77.32,high_C,low_O,C>O,C>M>P>O,F,F,F,T,T,T
1782933406.806,5591,77.55,77.52,77.51,77.51,high_O,TIE,TIE,TIE,T,T,T,T,T,TIE
1782933942.921,5592,77.52,77.24,77.48,77.51,high_O,low_C,O>C,O>P>M>C,T,T,T,F,F,F
1782934104.315,5593,77.24,77.19,77.16,77.16,high_O,TIE,TIE,TIE,T,T,T,T,T,TIE
1782934293.066,5594,77.19,77.26,77.24,77.19,high_C,TIE,TIE,TIE,F,F,TIE,T,T,T
1782934629.839,5595,77.26,77.29,77.26,77.33,high_P,TIE,TIE,TIE,F,TIE,F,T,F,F
1782935178.003,5596,77.29,77.16,77.24,77.26,high_O,low_C,O>C,O>P>M>C,T,T,T,F,F,F
1782935499.534,5597,77.16,77.02,77.12,77.07,high_O,low_C,O>C,O>M>P>C,T,T,T,F,F,T
1782935700.554,5598,77.02,76.97,77.0,76.99,high_O,low_C,O>C,O>M>P>C,T,T,T,F,F,T
1782935838.264,5599,76.97,76.86,76.93,76.96,high_O,low_C,O>C,O>P>M>C,T,T,T,F,F,F
1782935960.107,5600,76.86,76.91,76.84,76.83,high_C,low_P,C>P,C>O>M>P,F,T,T,T,T,T
1782936040.276,5601,76.91,76.84,76.92,76.92,TIE,low_C,TIE,TIE,T,F,F,F,F,TIE
1782936523.269,5603,76.8,76.8,76.82,76.82,TIE,TIE,TIE,TIE,TIE,F,F,F,F,TIE
1782936787.928,5604,76.8,76.72,76.7,76.7,high_O,TIE,TIE,TIE,T,T,T,T,T,TIE
1782937022.414,5605,76.72,76.66,76.69,76.65,high_O,low_P,O>P,O>M>C>P,T,T,T,F,T,T
1782937123.183,5606,76.66,76.57,76.6,76.61,high_O,low_C,O>C,O>P>M>C,T,T,T,F,F,F
1782937432.647,5607,76.57,76.63,76.61,76.63,TIE,low_O,TIE,TIE,F,F,F,T,TIE,F
1782937620.678,5608,76.63,76.73,76.73,76.73,TIE,low_O,TIE,TIE,F,F,F,TIE,TIE,TIE
1782937757.861,5609,76.73,76.81,76.79,76.77,high_C,low_O,C>O,C>M>P>O,F,F,F,T,T,T
1782937979.006,5610,76.81,76.9,76.85,76.82,high_C,low_O,C>O,C>M>P>O,F,F,F,T,T,T
1782938142.801,5611,76.9,76.89,76.9,76.9,TIE,low_C,TIE,TIE,T,TIE,TIE,F,F,TIE
1782938405.763,5612,76.89,76.99,76.9,76.9,high_C,low_O,C>O,TIE,F,F,F,T,T,TIE
1782938408.304,5613,76.99,77.19,77.19,77.19,TIE,low_O,TIE,TIE,F,F,F,TIE,TIE,TIE
1782938437.051,5614,77.19,77.27,77.25,77.33,high_P,low_O,P>O,P>C>M>O,F,F,F,T,F,F
1782938485.877,5615,77.27,77.04,77.07,76.99,high_O,low_P,O>P,O>M>C>P,T,T,T,F,T,T
1782938954.409,5616,77.04,77.32,77.19,77.08,high_C,low_O,C>O,C>M>P>O,F,F,F,T,T,T
1782939181.048,5617,77.32,77.26,77.34,77.34,TIE,low_C,TIE,TIE,T,F,F,F,F,TIE
1782939500.453,5618,77.26,77.42,77.33,77.38,high_C,low_O,C>O,C>P>M>O,F,F,F,T,T,F
1782939723.591,5619,77.42,77.59,77.42,77.42,high_C,TIE,TIE,TIE,F,TIE,TIE,T,T,TIE
1782939862.44,5620,77.59,77.63,77.57,77.58,high_C,low_M,C>M,C>O>P>M,F,T,T,T,T,F
1782939924.174,5621,77.63,77.76,77.7,77.7,high_C,low_O,C>O,TIE,F,F,F,T,T,TIE
1782940083.896,5622,77.76,77.74,77.72,77.72,high_O,TIE,TIE,TIE,T,T,T,T,T,TIE
1782940134.823,5623,77.74,77.85,77.81,77.77,high_C,low_O,C>O,C>M>P>O,F,F,F,T,T,T
1782940288.562,5624,77.85,77.93,77.86,77.83,high_C,low_P,C>P,C>M>O>P,F,F,T,T,T,T
1782940371.321,5625,77.93,77.83,77.97,78.0,high_P,low_C,P>C,P>M>O>C,T,F,F,F,F,F
1782940641.866,5626,77.83,77.84,77.75,77.72,high_C,low_P,C>P,C>O>M>P,F,T,T,T,T,T
1782941026.044,5627,77.84,77.71,77.79,77.75,high_O,low_C,O>C,O>M>P>C,T,T,T,F,F,T
1782941369.149,5628,77.71,77.81,77.77,77.74,high_C,low_O,C>O,C>M>P>O,F,F,F,T,T,T
1782941613.939,5629,77.81,78.09,77.97,77.97,high_C,low_O,C>O,TIE,F,F,F,T,T,TIE
1782941675.848,5630,78.09,78.17,78.13,78.15,high_C,low_O,C>O,C>P>M>O,F,F,F,T,T,F
1782941677.429,5631,78.17,78.28,78.24,78.2,high_C,low_O,C>O,C>M>P>O,F,F,F,T,T,T
1782941678.524,5632,78.28,78.61,78.5,78.5,high_C,low_O,C>O,TIE,F,F,F,T,T,TIE
1782941717.036,5633,78.61,78.26,78.43,78.52,high_O,low_C,O>C,O>P>M>C,T,T,T,F,F,F
1782941813.949,5634,78.26,78.3,78.29,78.29,high_C,low_O,C>O,TIE,F,F,F,T,T,TIE
1782941967.831,5635,78.3,78.35,78.26,78.3,high_C,low_M,C>M,TIE,F,T,TIE,T,T,F
1782942622.933,5637,78.22,78.22,78.19,78.2,TIE,low_M,TIE,TIE,TIE,T,T,T,T,F
1782942779.397,5638,78.22,78.61,78.46,78.47,high_C,low_O,C>O,C>P>M>O,F,F,F,T,T,F
1782942854.045,5639,78.61,78.47,78.62,78.66,high_P,low_C,P>C,P>M>O>C,T,F,F,F,F,F
1782942995.494,5640,78.47,78.5,78.49,78.5,TIE,low_O,TIE,TIE,F,F,F,T,TIE,F
1782943319.538,5641,78.5,78.27,78.41,78.5,TIE,low_C,TIE,TIE,T,T,TIE,F,F,F
1782943648.013,5642,78.27,78.22,78.25,78.22,high_O,TIE,TIE,TIE,T,T,T,F,TIE,T
1782944106.153,5643,78.22,78.26,78.27,78.29,high_P,low_O,P>O,P>M>C>O,F,F,F,F,F,F
1782944547.232,5644,78.26,78.59,78.35,78.35,high_C,low_O,C>O,TIE,F,F,F,T,T,TIE
1782944646.531,5645,78.59,78.56,78.72,78.79,high_P,low_C,P>C,P>M>O>C,T,F,F,F,F,F
1782944882.26,5646,78.56,78.4,78.52,78.43,high_O,low_C,O>C,O>M>P>C,T,T,T,F,F,T
1782945013.175,5647,78.4,78.24,78.31,78.28,high_O,low_C,O>C,O>M>P>C,T,T,T,F,F,T
1782945201.694,5648,78.24,78.14,78.26,78.27,high_P,low_C,P>C,P>M>O>C,T,F,F,F,F,F
1782945371.146,5649,78.14,78.21,78.17,78.13,high_C,low_P,C>P,C>M>O>P,F,F,T,T,T,T
1782945681.918,5650,78.21,78.16,78.05,78.04,high_O,low_P,O>P,O>C>M>P,T,T,T,T,T,T
1782945921.832,5651,78.16,77.92,78.04,77.95,high_O,low_C,O>C,O>M>P>C,T,T,T,F,F,T
1782945952.476,5652,77.92,77.9,77.9,77.9,high_O,TIE,TIE,TIE,T,T,T,TIE,TIE,TIE
1782946012.467,5653,77.9,77.86,77.87,77.88,high_O,low_C,O>C,O>P>M>C,T,T,T,F,F,F
1782946130.778,5654,77.86,77.92,77.91,77.89,high_C,low_O,C>O,C>M>P>O,F,F,F,T,T,T
1782946311.211,5655,77.92,77.86,77.84,77.9,high_O,low_M,O>M,O>P>C>M,T,T,T,T,F,F
1782946551.919,5656,77.86,77.77,77.86,77.87,high_P,low_C,P>C,TIE,T,TIE,F,F,F,F
1782946719.77,5657,77.77,77.89,77.78,77.79,high_C,low_O,C>O,C>P>M>O,F,F,F,T,T,F
1782946854.334,5658,77.89,77.63,77.8,77.82,high_O,low_C,O>C,O>P>M>C,T,T,T,F,F,F
1782947042.119,5659,77.63,77.7,77.64,77.64,high_C,low_O,C>O,TIE,F,F,F,T,T,TIE
1782947379.367,5660,77.7,77.68,77.61,77.6,high_O,low_P,O>P,O>C>M>P,T,T,T,T,T,T
1782947588.803,5661,77.68,77.5,77.55,77.5,high_O,TIE,TIE,TIE,T,T,T,F,TIE,T
1782947722.288,5662,77.5,77.38,77.45,77.45,high_O,low_C,O>C,TIE,T,T,T,F,F,TIE
1782947783.579,5663,77.38,77.48,77.38,77.39,high_C,TIE,TIE,TIE,F,TIE,F,T,T,F
1782947922.495,5664,77.48,77.55,77.53,77.53,high_C,low_O,C>O,TIE,F,F,F,T,T,TIE
1782948197.824,5665,77.55,77.68,77.59,77.54,high_C,low_P,C>P,C>M>O>P,F,F,T,T,T,T
1782948452.993,5666,77.68,77.56,77.64,77.59,high_O,low_C,O>C,O>M>P>C,T,T,T,F,F,T
1782948787.656,5667,77.56,77.6,77.67,77.7,high_P,low_O,P>O,P>M>C>O,F,F,F,F,F,F
1782948921.871,5668,77.6,77.54,77.62,77.59,high_M,low_C,M>C,M>O>P>C,T,F,T,F,F,T
1782949029.326,5669,77.54,77.49,77.51,77.51,high_O,low_C,O>C,TIE,T,T,T,F,F,TIE
1782949090.065,5670,77.49,77.55,77.55,77.54,TIE,low_O,TIE,TIE,F,F,F,TIE,T,T
1782949140.274,5671,77.55,77.54,77.54,77.54,high_O,TIE,TIE,TIE,T,T,T,TIE,TIE,TIE
1782949187.4,5672,77.54,77.49,77.5,77.5,high_O,low_C,O>C,TIE,T,T,T,F,F,TIE
1782949317.155,5673,77.49,77.43,77.47,77.49,TIE,low_C,TIE,TIE,T,T,TIE,F,F,F
1782949569.51,5674,77.43,77.44,77.49,77.45,high_M,low_O,M>O,M>P>C>O,F,F,F,F,F,T
1782949709.901,5675,77.45,77.4,77.44,77.42,high_O,low_C,O>C,O>M>P>C,T,T,T,F,F,T
1782949744.446,5676,77.4,77.25,77.39,77.4,TIE,low_C,TIE,TIE,T,T,TIE,F,F,F
1782949782.341,5677,77.25,77.32,77.28,77.26,high_C,low_O,C>O,C>M>P>O,F,F,F,T,T,T
1782950085.614,5678,77.32,77.46,77.4,77.4,high_C,low_O,C>O,TIE,F,F,F,T,T,TIE
1782950467.149,5679,77.46,77.26,77.4,77.39,high_O,low_C,O>C,O>M>P>C,T,T,T,F,F,T
1782950593.264,5680,77.26,77.17,77.24,77.19,high_O,low_C,O>C,O>M>P>C,T,T,T,F,F,T
1782950614.02,5681,77.17,77.27,77.17,77.15,high_C,low_P,C>P,TIE,F,TIE,T,T,T,T
1782950717.146,5682,77.27,77.35,77.3,77.31,high_C,low_O,C>O,C>P>M>O,F,F,F,T,T,F
1782950802.896,5683,77.35,77.33,77.33,77.33,high_O,TIE,TIE,TIE,T,T,T,TIE,TIE,TIE
1782951301.515,5684,77.33,77.29,77.34,77.35,high_P,low_C,P>C,P>M>O>C,T,F,F,F,F,F
1782951616.966,5685,77.29,77.05,77.12,77.11,high_O,low_C,O>C,O>M>P>C,T,T,T,F,F,T
1782952160.06,5686,77.05,77.16,77.24,77.16,high_M,low_O,M>O,TIE,F,F,F,F,TIE,T
1782952941.063,5688,76.97,76.97,76.97,76.97,TIE,TIE,TIE,TIE,TIE,TIE,TIE,TIE,TIE,TIE
1782953296.48,5689,76.97,77.05,76.98,77.0,high_C,low_O,C>O,C>P>M>O,F,F,F,T,T,F
1782953404.905,5690,77.05,77.27,77.13,77.11,high_C,low_O,C>O,C>M>P>O,F,F,F,T,T,T
1782953583.242,5691,77.27,77.26,77.28,77.26,high_M,TIE,TIE,TIE,T,F,T,F,TIE,T
1782954058.8,5692,77.26,77.2,77.2,77.2,high_O,TIE,TIE,TIE,T,T,T,TIE,TIE,TIE
1782954262.436,5693,77.2,77.28,77.35,77.37,high_P,low_O,P>O,P>M>C>O,F,F,F,F,F,F
1782954566.036,5694,77.28,77.39,77.26,77.27,high_C,low_M,C>M,C>O>P>M,F,T,T,T,T,F
1782954741.037,5695,77.39,77.55,77.4,77.4,high_C,low_O,C>O,TIE,F,F,F,T,T,TIE
1782954905.361,5696,77.55,77.62,77.58,77.59,high_C,low_O,C>O,C>P>M>O,F,F,F,T,T,F
1782955129.91,5697,77.62,77.72,77.62,77.62,high_C,TIE,TIE,TIE,F,TIE,TIE,T,T,TIE
1782955398.607,5698,77.72,77.65,77.73,77.74,high_P,low_C,P>C,P>M>O>C,T,F,F,F,F,F
1782955788.932,5699,77.65,77.88,77.8,77.73,high_C,low_O,C>O,C>M>P>O,F,F,F,T,T,T
1782955901.871,5700,77.88,78.1,78.04,77.99,high_C,low_O,C>O,C>M>P>O,F,F,F,T,T,T
1782955992.16,5701,78.1,78.32,78.2,78.15,high_C,low_O,C>O,C>M>P>O,F,F,F,T,T,T
1782956075.866,5702,78.32,78.26,78.25,78.26,high_O,low_M,O>M,TIE,T,T,T,T,TIE,F
1782956285.587,5703,78.26,78.33,78.29,78.26,high_C,TIE,TIE,TIE,F,F,TIE,T,T,T
1782956426.741,5704,78.33,78.6,78.42,78.34,high_C,low_O,C>O,C>M>P>O,F,F,F,T,T,T
1782956474.107,5705,78.6,78.44,78.58,78.62,high_P,low_C,P>C,P>O>M>C,T,T,F,F,F,F
1782956646.929,5706,78.44,78.25,78.3,78.28,high_O,low_C,O>C,O>M>P>C,T,T,T,F,F,T
1782956974.196,5707,78.25,78.18,78.28,78.28,TIE,low_C,TIE,TIE,T,F,F,F,F,TIE
1782957124.047,5708,78.18,78.0,78.13,78.18,TIE,low_C,TIE,TIE,T,T,TIE,F,F,F
1782957443.448,5709,78.0,78.06,78.01,78.0,high_C,TIE,TIE,TIE,F,F,TIE,T,T,T
1782957727.208,5710,78.06,77.99,78.05,78.0,high_O,low_C,O>C,O>M>P>C,T,T,T,F,F,T
1782958129.913,5711,77.99,77.91,77.98,77.96,high_O,low_C,O>C,O>M>P>C,T,T,T,F,F,T
1782958381.436,5712,77.91,77.98,77.88,77.9,high_C,low_M,C>M,C>O>P>M,F,T,T,T,T,F
1782958688.733,5713,77.98,78.09,78.09,78.1,high_P,low_O,P>O,TIE,F,F,F,TIE,F,F
1782959131.767,5714,78.09,78.18,78.12,78.14,high_C,low_O,C>O,C>P>M>O,F,F,F,T,T,F
1782959503.538,5715,78.18,78.15,78.17,78.15,high_O,TIE,TIE,TIE,T,T,T,F,TIE,T
1782959926.684,5716,78.15,78.46,78.32,78.45,high_C,low_O,C>O,C>P>M>O,F,F,F,T,T,F
1782960185.369,5717,78.46,78.47,78.42,78.46,high_C,low_M,C>M,TIE,F,T,TIE,T,T,F
1782960446.647,5718,78.47,78.49,78.45,78.44,high_C,low_P,C>P,C>O>M>P,F,T,T,T,T,T
1782960608.11,5719,78.49,78.31,78.44,78.5,high_P,low_C,P>C,P>O>M>C,T,T,F,F,F,F
1782961079.487,5720,78.31,78.41,78.35,78.35,high_C,low_O,C>O,TIE,F,F,F,T,T,TIE
1782962005.447,5722,78.4,78.4,78.39,78.37,TIE,low_P,TIE,TIE,TIE,T,T,T,T,T
1782962321.798,5723,78.4,78.18,78.32,78.39,high_O,low_C,O>C,O>P>M>C,T,T,T,F,F,F
1782962399.848,5724,78.18,78.12,78.12,78.11,high_O,low_P,O>P,TIE,T,T,T,TIE,T,T
1782962506.843,5725,78.12,77.95,78.0,77.95,high_O,TIE,TIE,TIE,T,T,T,F,TIE,T
1782962614.251,5726,77.95,78.02,77.94,77.95,high_C,low_M,C>M,TIE,F,T,TIE,T,T,F
1782962870.799,5727,78.02,78.04,77.95,77.94,high_C,low_P,C>P,C>O>M>P,F,T,T,T,T,T
1782962874.151,5728,78.04,78.47,78.28,78.47,TIE,low_O,TIE,TIE,F,F,F,T,TIE,F
1782962882.82,5729,78.47,78.62,78.59,78.58,high_C,low_O,C>O,C>M>P>O,F,F,F,T,T,T
1782962945.727,5730,78.62,78.46,78.57,78.61,high_O,low_C,O>C,O>P>M>C,T,T,T,F,F,F
1782963116.829,5731,78.46,78.39,78.35,78.35,high_O,TIE,TIE,TIE,T,T,T,T,T,TIE
1782963229.327,5732,78.39,78.33,78.32,78.38,high_O,low_M,O>M,O>P>C>M,T,T,T,T,F,F
1782963531.636,5733,78.33,78.54,78.38,78.35,high_C,low_O,C>O,C>M>P>O,F,F,F,T,T,T
1782963740.226,5734,78.54,78.51,78.51,78.5,high_O,low_P,O>P,TIE,T,T,T,TIE,T,T
1782963953.081,5735,78.51,78.46,78.51,78.52,high_P,low_C,P>C,TIE,T,TIE,F,F,F,F
1782964204.459,5736,78.46,78.67,78.41,78.4,high_C,low_P,C>P,C>O>M>P,F,T,T,T,T,T
1782964251.185,5737,78.67,78.8,78.75,78.75,high_C,low_O,C>O,TIE,F,F,F,T,T,TIE
1782964284.042,5738,78.8,78.66,78.8,78.8,TIE,low_C,TIE,TIE,T,TIE,TIE,F,F,TIE
1782964338.738,5739,78.66,78.9,78.66,78.62,high_C,low_P,C>P,TIE,F,TIE,T,T,T,T
1782964379.118,5740,78.9,78.85,78.9,78.9,TIE,low_C,TIE,TIE,T,TIE,TIE,F,F,TIE
1782964602.228,5741,78.85,78.71,78.74,78.74,high_O,low_C,O>C,TIE,T,T,T,F,F,TIE
1782964797.185,5742,78.71,78.67,78.69,78.71,TIE,low_C,TIE,TIE,T,T,TIE,F,F,F
1782964943.072,5743,78.67,78.59,78.57,78.64,high_O,low_M,O>M,O>P>C>M,T,T,T,T,F,F
1782965162.487,5744,78.59,78.54,78.61,78.63,high_P,low_C,P>C,P>M>O>C,T,F,F,F,F,F
1782965305.619,5745,78.54,78.4,78.51,78.52,high_O,low_C,O>C,O>P>M>C,T,T,T,F,F,F
1782965525.85,5746,78.4,78.43,78.4,78.38,high_C,low_P,C>P,TIE,F,TIE,T,T,T,T
1782965953.805,5747,78.43,78.34,78.39,78.37,high_O,low_C,O>C,O>M>P>C,T,T,T,F,F,T
1782966139.885,5748,78.34,78.37,78.39,78.39,TIE,low_O,TIE,TIE,F,F,F,F,F,TIE
1782966438.56,5749,78.37,78.24,78.27,78.27,high_O,low_C,O>C,TIE,T,T,T,F,F,TIE
1782966709.014,5750,78.24,78.1,78.21,78.22,high_O,low_C,O>C,O>P>M>C,T,T,T,F,F,F
1782967117.593,5751,78.1,78.11,78.11,78.1,TIE,TIE,TIE,TIE,F,F,TIE,TIE,T,T
1782967435.507,5752,78.11,78.07,78.06,78.05,high_O,low_P,O>P,O>C>M>P,T,T,T,T,T,T
1782967641.537,5753,78.07,78.25,78.17,78.16,high_C,low_O,C>O,C>M>P>O,F,F,F,T,T,T
1782967908.216,5754,78.25,78.35,78.26,78.21,high_C,low_P,C>P,C>M>O>P,F,F,T,T,T,T
1782968254.242,5755,78.35,78.24,78.32,78.29,high_O,low_C,O>C,O>M>P>C,T,T,T,F,F,T
1782968600.786,5756,78.24,78.08,78.12,78.11,high_O,low_C,O>C,O>M>P>C,T,T,T,F,F,T
1782969053.112,5757,78.08,78.24,78.2,78.2,high_C,low_O,C>O,TIE,F,F,F,T,T,TIE
1782969708.855,5758,78.24,78.2,78.25,78.24,high_M,low_C,M>C,TIE,T,F,TIE,F,F,T
1782970186.601,5759,78.2,78.0,78.06,78.05,high_O,low_C,O>C,O>M>P>C,T,T,T,F,F,T
1782970442.457,5760,78.0,77.97,78.0,78.01,high_P,low_C,P>C,TIE,T,TIE,F,F,F,F
1782970710.108,5761,77.97,77.83,78.04,78.06,high_P,low_C,P>C,P>M>O>C,T,F,F,F,F,F
1782970846.913,5762,77.83,77.85,77.82,77.82,high_C,TIE,TIE,TIE,F,T,T,T,T,TIE
1782971031.607,5763,77.85,77.83,77.81,77.75,high_O,low_P,O>P,O>C>M>P,T,T,T,T,T,T
1782971247.776,5764,77.83,77.81,77.83,77.83,TIE,low_C,TIE,TIE,T,TIE,TIE,F,F,TIE
1782971529.481,5765,77.81,78.0,77.89,77.9,high_C,low_O,C>O,C>P>M>O,F,F,F,T,T,F
1782972066.046,5766,78.0,78.07,78.05,78.07,TIE,low_O,TIE,TIE,F,F,F,T,TIE,F
1782972294.616,5767,78.07,77.97,78.06,78.06,high_O,low_C,O>C,TIE,T,T,T,F,F,TIE
1782972477.946,5768,77.97,77.94,77.99,78.02,high_P,low_C,P>C,P>M>O>C,T,F,F,F,F,F
1782972551.579,5769,77.94,77.99,77.93,77.93,high_C,TIE,TIE,TIE,F,T,T,T,T,TIE
1782972741.243,5770,77.99,78.01,77.99,77.98,high_C,low_P,C>P,TIE,F,TIE,T,T,T,T
1782972930.532,5771,78.01,78.07,77.98,77.98,high_C,TIE,TIE,TIE,F,T,T,T,T,TIE
1782973152.819,5772,78.07,78.1,78.08,78.07,high_C,TIE,TIE,TIE,F,F,TIE,T,T,T
1782973335.045,5773,78.11,78.34,78.23,78.2,high_C,low_O,C>O,C>M>P>O,F,F,F,T,T,T
1782973597.084,5774,78.34,78.26,78.27,78.27,high_O,low_C,O>C,TIE,T,T,T,F,F,TIE
1782973888.936,5775,78.26,78.37,78.25,78.22,high_C,low_P,C>P,C>O>M>P,F,T,T,T,T,T
1782973988.635,5776,78.37,78.5,78.46,78.5,TIE,low_O,TIE,TIE,F,F,F,T,TIE,F
1782974305.927,5777,78.5,78.34,78.49,78.55,high_P,low_C,P>C,P>O>M>C,T,T,F,F,F,F
1782974644.71,5778,78.34,78.07,78.2,78.16,high_O,low_C,O>C,O>M>P>C,T,T,T,F,F,T
1782974818.655,5779,78.07,78.0,78.01,78.01,high_O,low_C,O>C,TIE,T,T,T,F,F,TIE
1782974871.041,5780,78.0,77.92,77.91,77.9,high_O,low_P,O>P,O>C>M>P,T,T,T,T,T,T
1782974982.842,5781,77.92,77.84,77.91,77.91,high_O,low_C,O>C,TIE,T,T,T,F,F,TIE
1782975055.934,5782,77.84,77.74,77.74,77.74,high_O,TIE,TIE,TIE,T,T,T,TIE,TIE,TIE
1782975296.267,5783,77.74,77.85,77.78,77.84,high_C,low_O,C>O,C>P>M>O,F,F,F,T,T,F
1782975546.346,5784,77.85,77.87,77.9,77.9,TIE,low_O,TIE,TIE,F,F,F,F,F,TIE
1782975754.791,5785,77.87,77.9,77.88,77.89,high_C,low_O,C>O,C>P>M>O,F,F,F,T,T,F
1782975930.053,5786,77.9,77.67,77.78,77.77,high_O,low_C,O>C,O>M>P>C,T,T,T,F,F,T
1782976077.86,5787,77.67,77.78,77.69,77.66,high_C,low_P,C>P,C>M>O>P,F,F,T,T,T,T
1782976421.256,5788,77.78,77.73,77.78,77.78,TIE,low_C,TIE,TIE,T,TIE,TIE,F,F,TIE
1782976636.058,5789,77.73,77.81,77.83,77.83,TIE,low_O,TIE,TIE,F,F,F,F,F,TIE
1782976716.01,5790,77.81,77.64,77.69,77.68,high_O,low_C,O>C,O>M>P>C,T,T,T,F,F,T
1782976779.366,5791,77.64,77.61,77.6,77.58,high_O,low_P,O>P,O>C>M>P,T,T,T,T,T,T
1782977267.745,5792,77.61,77.62,77.7,77.69,high_M,low_O,M>O,M>P>C>O,F,F,F,F,F,T
1782977627.706,5793,77.62,77.66,77.7,77.71,high_P,low_O,P>O,P>M>C>O,F,F,F,F,F,F
1782977887.273,5794,77.66,77.72,77.75,77.75,TIE,low_O,TIE,TIE,F,F,F,F,F,TIE
1782978154.678,5795,77.72,77.82,77.83,77.82,high_M,low_O,M>O,TIE,F,F,F,F,TIE,T
1782978240.203,5796,77.82,77.87,77.88,77.9,high_P,low_O,P>O,P>M>C>O,F,F,F,F,F,F
1782978433.828,5797,77.87,77.93,77.9,77.9,high_C,low_O,C>O,TIE,F,F,F,T,T,TIE
1782978598.054,5798,77.93,78.08,77.93,77.89,high_C,low_P,C>P,TIE,F,TIE,T,T,T,T
1782978974.061,5799,78.08,77.95,78.02,77.95,high_O,TIE,TIE,TIE,T,T,T,F,TIE,T
1782979356.883,5800,77.95,77.98,77.94,77.89,high_C,low_P,C>P,C>O>M>P,F,T,T,T,T,T
1782979639.376,5801,77.98,78.03,78.09,78.09,TIE,low_O,TIE,TIE,F,F,F,F,F,TIE
1782979694.821,5802,78.03,78.18,78.16,78.17,high_C,low_O,C>O,C>P>M>O,F,F,F,T,T,F
1782979810.082,5803,78.18,78.1,78.13,78.1,high_O,TIE,TIE,TIE,T,T,T,F,TIE,T
1782980075.951,5804,78.1,78.05,78.09,78.1,TIE,low_C,TIE,TIE,T,T,TIE,F,F,F
1782980541.07,5805,78.05,78.22,78.18,78.18,high_C,low_O,C>O,TIE,F,F,F,T,T,TIE
1782980925.394,5806,78.22,78.18,78.18,78.16,high_O,low_P,O>P,TIE,T,T,T,TIE,T,T
1782981222.933,5807,78.18,78.22,78.18,78.18,high_C,TIE,TIE,TIE,F,TIE,TIE,T,T,TIE
1782981333.079,5808,78.22,78.4,78.34,78.34,high_C,low_O,C>O,TIE,F,F,F,T,T,TIE
1782981597.243,5809,78.4,78.35,78.34,78.26,high_O,low_P,O>P,O>C>M>P,T,T,T,T,T,T
1782982016.803,5810,78.35,78.44,78.32,78.3,high_C,low_P,C>P,C>O>M>P,F,T,T,T,T,T
1782982648.363,5811,78.44,78.37,78.38,78.38,high_O,low_C,O>C,TIE,T,T,T,F,F,TIE
1782982842.288,5812,78.37,78.35,78.39,78.39,TIE,low_C,TIE,TIE,T,F,F,F,F,TIE
1782983115.441,5813,78.35,78.33,78.41,78.37,high_M,low_C,M>C,M>P>O>C,T,F,F,F,F,T
1782983395.94,5814,78.33,78.3,78.29,78.28,high_O,low_P,O>P,O>C>M>P,T,T,T,T,T,T
1782983428.622,5815,78.3,78.49,78.43,78.43,high_C,low_O,C>O,TIE,F,F,F,T,T,TIE
1782983629.131,5816,78.49,78.52,78.53,78.55,high_P,low_O,P>O,P>M>C>O,F,F,F,F,F,F
1782983823.65,5817,78.52,78.38,78.4,78.4,high_O,low_C,O>C,TIE,T,T,T,F,F,TIE
1782984180.976,5818,78.38,78.54,78.41,78.4,high_C,low_O,C>O,C>M>P>O,F,F,F,T,T,T
1782984283.825,5819,78.54,78.57,78.57,78.57,TIE,low_O,TIE,TIE,F,F,F,TIE,TIE,TIE
1782984485.043,5820,78.57,78.69,78.59,78.54,high_C,low_P,C>P,C>M>O>P,F,F,T,T,T,T
1782984557.047,5821,78.69,78.83,78.81,78.83,TIE,low_O,TIE,TIE,F,F,F,T,TIE,F
1782984670.592,5822,78.83,78.87,78.79,78.77,high_C,low_P,C>P,C>O>M>P,F,T,T,T,T,T
1782984700.219,5823,78.87,79.0,78.93,78.94,high_C,low_O,C>O,C>P>M>O,F,F,F,T,T,F
1782984700.677,5824,79.0,79.14,79.04,79.0,high_C,TIE,TIE,TIE,F,F,TIE,T,T,T
1782984701.64,5825,79.14,79.28,79.19,79.17,high_C,low_O,C>O,C>M>P>O,F,F,F,T,T,T
1782984703.292,5826,79.28,79.25,79.3,79.3,TIE,low_C,TIE,TIE,T,F,F,F,F,TIE
1782984706.825,5827,79.25,79.12,79.23,79.26,high_P,low_C,P>C,P>O>M>C,T,T,F,F,F,F
1782984725.43,5828,79.12,79.16,79.12,79.13,high_C,TIE,TIE,TIE,F,TIE,F,T,T,F
1782984778.353,5829,79.16,79.09,79.09,79.08,high_O,low_P,O>P,TIE,T,T,T,TIE,T,T
1782984845.024,5830,79.09,79.26,79.16,79.1,high_C,low_O,C>O,C>M>P>O,F,F,F,T,T,T
1782984845.073,5831,79.26,79.4,79.38,79.4,TIE,low_O,TIE,TIE,F,F,F,T,TIE,F
1782984847.487,5832,79.4,79.41,79.4,79.4,high_C,TIE,TIE,TIE,F,TIE,TIE,T,T,TIE
1782984862.055,5833,79.41,79.36,79.39,79.4,high_O,low_C,O>C,O>P>M>C,T,T,T,F,F,F
1782984885.864,5834,79.36,79.39,79.41,79.41,TIE,low_O,TIE,TIE,F,F,F,F,F,TIE
1782984952.219,5835,79.39,79.42,79.36,79.36,high_C,TIE,TIE,TIE,F,T,T,T,T,TIE
1782984995.205,5836,79.42,79.5,79.42,79.4,high_C,low_P,C>P,TIE,F,TIE,T,T,T,T
1782985006.624,5837,79.5,79.53,79.5,79.5,high_C,TIE,TIE,TIE,F,TIE,TIE,T,T,TIE
1782985019.623,5838,79.53,79.51,79.62,79.63,high_P,low_C,P>C,P>M>O>C,T,F,F,F,F,F
1782985047.86,5839,79.51,79.5,79.53,79.52,high_M,low_C,M>C,M>P>O>C,T,F,F,F,F,T
1782985088.192,5840,79.5,79.59,79.51,79.5,high_C,TIE,TIE,TIE,F,F,TIE,T,T,T
1782985132.371,5841,79.59,79.55,79.59,79.57,TIE,low_C,TIE,TIE,T,TIE,T,F,F,T
1782985171.506,5842,79.55,79.56,79.52,79.48,high_C,low_P,C>P,C>O>M>P,F,T,T,T,T,T
1782985222.5,5843,79.56,79.49,79.59,79.62,high_P,low_C,P>C,P>M>O>C,T,F,F,F,F,F
1782985265.275,5844,79.49,79.47,79.48,79.49,TIE,low_C,TIE,TIE,T,T,TIE,F,F,F
1782985320.189,5845,79.47,79.5,79.47,79.47,high_C,TIE,TIE,TIE,F,TIE,TIE,T,T,TIE
1782985361.279,5846,79.5,79.63,79.57,79.57,high_C,low_O,C>O,TIE,F,F,F,T,T,TIE
1782985405.546,5847,79.63,79.5,79.68,79.74,high_P,low_C,P>C,P>M>O>C,T,F,F,F,F,F
1782985443.219,5848,79.5,79.49,79.49,79.5,TIE,TIE,TIE,TIE,T,T,TIE,TIE,F,F
1782985461.128,5849,79.49,79.45,79.45,79.45,high_O,TIE,TIE,TIE,T,T,T,TIE,TIE,TIE
1782985518.028,5850,79.45,79.33,79.47,79.49,high_P,low_C,P>C,P>M>O>C,T,F,F,F,F,F
1782985582.629,5851,79.33,79.24,79.28,79.3,high_O,low_C,O>C,O>P>M>C,T,T,T,F,F,F
1782985682.882,5852,79.24,79.37,79.33,79.38,high_P,low_O,P>O,P>C>M>O,F,F,F,T,F,F
1782985770.603,5853,79.37,79.44,79.4,79.4,high_C,low_O,C>O,TIE,F,F,F,T,T,TIE
1782985862.438,5854,79.44,79.31,79.41,79.41,high_O,low_C,O>C,TIE,T,T,T,F,F,TIE
1782985987.422,5855,79.31,79.43,79.41,79.41,high_C,low_O,C>O,TIE,F,F,F,T,T,TIE
1782986016.081,5856,79.43,79.48,79.48,79.48,TIE,low_O,TIE,TIE,F,F,F,TIE,TIE,TIE
1782986091.071,5857,79.48,79.55,79.56,79.5,high_M,low_O,M>O,M>C>P>O,F,F,F,F,T,T
1782986148.106,5858,79.55,79.57,79.61,79.67,high_P,low_O,P>O,P>M>C>O,F,F,F,F,F,F
1782986231.713,5859,79.57,79.48,79.52,79.46,high_O,low_P,O>P,O>M>C>P,T,T,T,F,T,T
1782986465.613,5861,79.47,79.47,79.44,79.4,TIE,low_P,TIE,TIE,TIE,T,T,T,T,T
1782986708.968,5862,79.47,79.48,79.49,79.5,high_P,low_O,P>O,P>M>C>O,F,F,F,F,F,F
1782986775.235,5863,79.48,79.8,79.66,79.6,high_C,low_O,C>O,C>M>P>O,F,F,F,T,T,T
1782986874.245,5864,79.8,79.7,79.74,79.72,high_O,low_C,O>C,O>M>P>C,T,T,T,F,F,T
1782987080.549,5865,79.7,79.64,79.57,79.52,high_O,low_P,O>P,O>C>M>P,T,T,T,T,T,T
1782987360.517,5866,79.64,79.6,79.65,79.65,TIE,low_C,TIE,TIE,T,F,F,F,F,TIE
1782987546.876,5867,79.6,79.5,79.48,79.48,high_O,TIE,TIE,TIE,T,T,T,T,T,TIE
1782987595.79,5868,79.5,79.73,79.62,79.69,high_C,low_O,C>O,C>P>M>O,F,F,F,T,T,F
1782987629.193,5869,79.73,79.82,79.76,79.74,high_C,low_O,C>O,C>M>P>O,F,F,F,T,T,T
1782987662.052,5870,79.82,79.78,79.78,79.77,high_O,low_P,O>P,TIE,T,T,T,TIE,T,T
1782987682.688,5871,79.78,79.86,79.8,79.81,high_C,low_O,C>O,C>P>M>O,F,F,F,T,T,F
1782987690.858,5872,79.86,79.87,79.86,79.86,high_C,TIE,TIE,TIE,F,TIE,TIE,T,T,TIE
1782987706.969,5873,79.87,80.0,79.95,79.95,high_C,low_O,C>O,TIE,F,F,F,T,T,TIE
1782987712.087,5874,80.0,79.95,79.98,80.0,TIE,low_C,TIE,TIE,T,T,TIE,F,F,F
1782987734.901,5875,79.95,80.01,79.9,79.9,high_C,TIE,TIE,TIE,F,T,T,T,T,TIE
1782987736.409,5876,80.01,80.02,80.05,80.05,TIE,low_O,TIE,TIE,F,F,F,F,F,TIE
1782987747.538,5877,80.02,80.06,80.02,80.01,high_C,low_P,C>P,TIE,F,TIE,T,T,T,T
1782987804.958,5878,80.06,79.83,79.93,79.81,high_O,low_P,O>P,O>M>C>P,T,T,T,F,T,T
1782987835.631,5879,79.83,79.98,79.91,79.82,high_C,low_P,C>P,C>M>O>P,F,F,T,T,T,T
1782987850.375,5880,79.98,80.15,80.05,80.09,high_C,low_O,C>O,C>P>M>O,F,F,F,T,T,F
1782987874.171,5881,80.15,80.24,80.14,80.14,high_C,TIE,TIE,TIE,F,T,T,T,T,TIE
1782987961.552,5883,80.19,80.19,80.2,80.21,high_P,TIE,TIE,TIE,TIE,F,F,F,F,F
1782987979.556,5884,80.19,80.48,80.26,80.17,high_C,low_P,C>P,C>M>O>P,F,F,T,T,T,T
1782987979.865,5885,80.48,80.52,80.53,80.5,high_M,low_O,M>O,M>C>P>O,F,F,F,F,T,T
1782987983.404,5886,80.52,80.49,80.52,80.51,TIE,low_C,TIE,TIE,T,TIE,T,F,F,T
1782988014.731,5887,80.49,80.41,80.44,80.5,high_P,low_C,P>C,P>O>M>C,T,T,F,F,F,F
1782988042.011,5888,80.41,80.48,80.5,80.5,TIE,low_O,TIE,TIE,F,F,F,F,F,TIE
1782988090.374,5889,80.48,80.2,80.31,80.48,TIE,low_C,TIE,TIE,T,T,TIE,F,F,F
1782988187.049,5890,80.2,80.23,80.2,80.22,high_C,TIE,TIE,TIE,F,TIE,F,T,T,F
1782988271.978,5891,80.23,80.26,80.23,80.23,high_C,TIE,TIE,TIE,F,TIE,TIE,T,T,TIE
1782988335.29,5892,80.26,80.22,80.33,80.37,high_P,low_C,P>C,P>M>O>C,T,F,F,F,F,F
1782988395.439,5893,80.22,80.37,80.21,80.2,high_C,low_P,C>P,C>O>M>P,F,T,T,T,T,T
1782988492.182,5894,80.37,80.5,80.42,80.41,high_C,low_O,C>O,C>M>P>O,F,F,F,T,T,T
1782988500.087,5895,80.5,80.72,80.57,80.55,high_C,low_O,C>O,C>M>P>O,F,F,F,T,T,T
1782988526.816,5896,80.72,80.68,80.67,80.67,high_O,TIE,TIE,TIE,T,T,T,T,T,TIE
1782988583.378,5898,80.64,80.64,80.73,80.75,high_P,TIE,TIE,TIE,TIE,F,F,F,F,F
1782988636.671,5899,80.64,80.7,80.61,80.6,high_C,low_P,C>P,C>O>M>P,F,T,T,T,T,T
1782988684.912,5900,80.7,80.68,80.71,80.74,high_P,low_C,P>C,P>M>O>C,T,F,F,F,F,F
1782988701.041,5901,80.68,80.83,80.76,80.8,high_C,low_O,C>O,C>P>M>O,F,F,F,T,T,F
1782988740.457,5902,80.83,80.72,80.8,80.83,TIE,low_C,TIE,TIE,T,T,TIE,F,F,F
1782988771.84,5903,80.72,80.87,80.85,80.9,high_P,low_O,P>O,P>C>M>O,F,F,F,T,F,F
1782988838.991,5904,80.87,80.71,80.8,80.8,high_O,low_C,O>C,TIE,T,T,T,F,F,TIE
1782988887.336,5905,80.71,80.87,80.84,80.87,TIE,low_O,TIE,TIE,F,F,F,T,TIE,F
1782988920.747,5906,80.87,81.0,80.95,80.95,high_C,low_O,C>O,TIE,F,F,F,T,T,TIE
1782988921.911,5907,81.0,81.19,81.11,81.0,high_C,TIE,TIE,TIE,F,F,TIE,T,T,T
1782988929.932,5908,81.19,81.1,81.15,81.15,high_O,low_C,O>C,TIE,T,T,T,F,F,TIE
1782988945.634,5909,81.1,81.16,81.15,81.1,high_C,TIE,TIE,TIE,F,F,TIE,T,T,T
1782988985.812,5910,81.16,81.13,81.18,81.2,high_P,low_C,P>C,P>M>O>C,T,F,F,F,F,F
1782988998.107,5911,81.13,81.33,81.23,81.25,high_C,low_O,C>O,C>P>M>O,F,F,F,T,T,F
1782989044.242,5912,81.33,81.14,81.15,81.1,high_O,low_P,O>P,O>M>C>P,T,T,T,F,T,T
1782989078.773,5913,81.14,81.1,81.05,81.05,high_O,TIE,TIE,TIE,T,T,T,T,T,TIE
1782989102.174,5914,81.1,81.16,81.06,81.08,high_C,low_M,C>M,C>O>P>M,F,T,T,T,T,F
1782989119.505,5915,81.16,81.13,81.14,81.15,high_O,low_C,O>C,O>P>M>C,T,T,T,F,F,F
1782989135.115,5916,81.13,81.14,81.2,81.2,TIE,low_O,TIE,TIE,F,F,F,F,F,TIE
1782989177.244,5917,81.14,81.13,81.08,81.11,high_O,low_M,O>M,O>C>P>M,T,T,T,T,T,F
1782989251.24,5918,81.13,80.92,81.05,81.08,high_O,low_C,O>C,O>P>M>C,T,T,T,F,F,F
1782989262.281,5919,80.92,81.04,80.92,80.88,high_C,low_P,C>P,TIE,F,TIE,T,T,T,T
1782989290.835,5920,81.04,81.24,81.14,81.16,high_C,low_O,C>O,C>P>M>O,F,F,F,T,T,F
1782989308.111,5921,81.24,81.31,81.28,81.34,high_P,low_O,P>O,P>C>M>O,F,F,F,T,F,F
1782989355.037,5922,81.31,81.2,81.24,81.33,high_P,low_C,P>C,P>O>M>C,T,T,F,F,F,F
1782989386.75,5923,81.2,81.35,81.3,81.33,high_C,low_O,C>O,C>P>M>O,F,F,F,T,T,F
1782989409.648,5924,81.35,81.41,81.4,81.35,high_C,TIE,TIE,TIE,F,F,TIE,T,T,T
1782989535.363,5926,81.39,81.39,81.4,81.39,high_M,TIE,TIE,TIE,TIE,F,TIE,F,TIE,T
1782989540.441,5927,81.39,81.76,81.57,81.5,high_C,low_O,C>O,C>M>P>O,F,F,F,T,T,T
1782989542.075,5928,81.76,81.74,81.72,81.7,high_O,low_P,O>P,O>C>M>P,T,T,T,T,T,T
1782989546.523,5929,81.74,81.86,81.82,81.83,high_C,low_O,C>O,C>P>M>O,F,F,F,T,T,F
1782989578.879,5930,81.86,81.67,81.74,81.75,high_O,low_C,O>C,O>P>M>C,T,T,T,F,F,F
1782989638.677,5931,81.67,81.7,81.61,81.6,high_C,low_P,C>P,C>O>M>P,F,T,T,T,T,T
1782989651.936,5932,81.7,81.75,81.75,81.8,high_P,low_O,P>O,TIE,F,F,F,TIE,F,F
1782989660.881,5933,81.75,81.96,81.83,81.8,high_C,low_O,C>O,C>M>P>O,F,F,F,T,T,T
1782989724.949,5934,81.96,81.53,81.73,81.73,high_O,low_C,O>C,TIE,T,T,T,F,F,TIE
1782989774.104,5935,81.53,81.57,81.51,81.46,high_C,low_P,C>P,C>O>M>P,F,T,T,T,T,T
1782989844.239,5936,81.57,81.68,81.56,81.56,high_C,TIE,TIE,TIE,F,T,T,T,T,TIE
1782989865.579,5937,81.68,81.78,81.72,81.71,high_C,low_O,C>O,C>M>P>O,F,F,F,T,T,T
1782989934.175,5938,81.78,81.9,81.85,81.85,high_C,low_O,C>O,TIE,F,F,F,T,T,TIE
1782989957.536,5939,81.9,81.93,81.9,81.9,high_C,TIE,TIE,TIE,F,TIE,TIE,T,T,TIE
1782989976.256,5940,81.93,82.04,81.98,82.0,high_C,low_O,C>O,C>P>M>O,F,F,F,T,T,F
1782989979.138,5941,82.04,82.05,82.05,82.04,TIE,TIE,TIE,TIE,F,F,TIE,TIE,T,T
1782989998.462,5942,82.05,82.06,82.09,82.01,high_M,low_P,M>P,M>C>O>P,F,F,T,F,T,T
1782990028.227,5943,82.06,81.92,82.02,81.95,high_O,low_C,O>C,O>M>P>C,T,T,T,F,F,T
1782990052.266,5944,81.92,81.82,81.84,81.84,high_O,low_C,O>C,TIE,T,T,T,F,F,TIE
1782990151.24,5945,81.82,81.63,81.74,81.72,high_O,low_C,O>C,O>M>P>C,T,T,T,F,F,T
1782990207.565,5946,81.63,81.53,81.56,81.58,high_O,low_C,O>C,O>P>M>C,T,T,T,F,F,F
1782990322.799,5947,81.53,81.55,81.58,81.6,high_P,low_O,P>O,P>M>C>O,F,F,F,F,F,F
1782990435.784,5948,81.55,81.8,81.67,81.67,high_C,low_O,C>O,TIE,F,F,F,T,T,TIE
1782990491.153,5949,81.8,81.88,81.86,81.84,high_C,low_O,C>O,C>M>P>O,F,F,F,T,T,T
1782990617.499,5950,81.88,81.72,81.74,81.9,high_P,low_C,P>C,P>O>M>C,T,T,F,F,F,F
1782990633.623,5951,81.72,82.06,81.94,82.0,high_C,low_O,C>O,C>P>M>O,F,F,F,T,T,F
1782990672.404,5952,82.06,82.07,82.08,82.09,high_P,low_O,P>O,P>M>C>O,F,F,F,F,F,F
1782990680.01,5953,82.07,82.4,82.3,82.34,high_C,low_O,C>O,C>P>M>O,F,F,F,T,T,F
1782990686.773,5954,82.4,82.42,82.4,82.4,high_C,TIE,TIE,TIE,F,TIE,TIE,T,T,TIE
1782990737.256,5956,82.47,82.47,82.48,82.5,high_P,TIE,TIE,TIE,TIE,F,F,F,F,F
1782990776.301,5957,82.47,82.45,82.54,82.6,high_P,low_C,P>C,P>M>O>C,T,F,F,F,F,F
1782990812.609,5958,82.45,82.55,82.54,82.48,high_C,low_O,C>O,C>M>P>O,F,F,F,T,T,T
1782990857.62,5959,82.55,82.4,82.48,82.48,high_O,low_C,O>C,TIE,T,T,T,F,F,TIE
1782990882.22,5960,82.4,82.33,82.28,82.32,high_O,low_M,O>M,O>C>P>M,T,T,T,T,T,F
